frame,sx,sy,gx,gy
0,0,0,-70,-70
1,1,0,-70,-71
2,2,0,-70,-71
3,3,0,-69,-71
4,4,0,-69,-71
5,5,0,-68,-71
6,6,0,-68,-72
7,7,0,-68,-72
8,8,0,-67,-72
9,9,0,-66,-72
10,10,0,-66,-72
11,11,0,0,0
12,12,0,-65,-73
13,13,0,-65,-73
14,14,0,-64,-73
15,15,0,-64,-73
16,16,0,-64,-73
17,17,0,-62,-74
18,18,0,-62,-74
19,19,0,-61,-74
20,20,0,-61,-74
21,21,0,-61,-74
22,22,0,-60,-75
23,23,0,-60,-75
24,24,0,-59,-75
25,25,0,-59,-75
26,26,0,-58,-76
27,27,0,-57,-76
28,28,0,-57,-76
29,29,0,-56,-76
30,30,0,-56,-76
31,31,0,-55,-77
32,32,0,-55,-77
33,33,0,-54,-77
34,34,0,-54,-77
35,35,0,-53,-78
36,36,0,-53,-78
37,37,0,-52,-78
38,38,0,-52,-78
39,39,0,-51,-79
40,40,0,-51,-79
41,41,0,-50,-79
42,42,0,-50,-79
43,43,0,-48,-80
44,44,0,-48,-80
45,45,0,-48,-80
46,46,0,-47,-80
47,47,0,-46,-80
48,48,0,-46,-81
49,49,0,-45,-81
50,50,0,-45,-81
51,51,0,-45,-81
52,52,0,-44,-81
53,53,0,-43,-82
54,54,0,-43,-82
55,55,0,-42,-82
56,56,0,-41,-82
57,57,0,-41,-83
58,58,0,-40,-83
59,59,0,-39,-83
60,60,0,-39,-83
61,61,0,-38,-84
62,62,0,-38,-84
63,63,0,-37,-84
64,64,0,-36,-85
65,65,0,-36,-85
66,66,0,-35,-85
67,67,0,-34,-85
68,68,0,-33,-86
69,69,0,-33,-86
70,70,0,-32,-86
71,71,0,-31,-87
72,72,0,-31,-87
73,73,0,-30,-87
74,74,0,-29,-87
75,75,0,-29,-88
76,76,0,-28,-88
77,77,0,-27,-88
78,78,0,-27,-88
79,79,0,-26,-89
80,80,0,-26,-89
81,81,0,-25,-89
82,82,0,-24,-90
83,83,0,-23,-90
84,84,0,-22,-90
85,85,0,-22,-90
86,86,0,-21,-91
87,87,0,-20,-91
88,88,0,-19,-91
89,89,0,-19,-92
90,90,0,-18,-92
91,91,0,-17,-92
92,92,0,-17,-93
93,93,0,-16,-93
94,94,0,-15,-93
95,95,0,-14,-94
96,96,0,-13,-94
97,97,0,-13,-94
98,98,0,-12,-94
99,99,0,-11,-95
100,100,0,-10,-95
101,101,0,-9,-96
102,102,0,-8,-96
103,103,0,-7,-96
104,104,0,-6,-97
105,105,0,-6,-97
106,106,0,-5,-97
107,107,0,-4,-97
108,108,0,-3,-98
109,109,0,-2,-98
110,110,0,-2,-99
111,111,0,-1,-99
112,112,0,0,-99
113,113,0,0,-100
114,114,0,0,-100
115,115,0,0,-100
116,116,0,0,-100
117,117,0,0,-100
118,118,0,0,-100
119,119,0,0,-100
120,120,0,0,-100
121,121,0,0,-100
122,122,0,0,-100
123,123,0,0,-100
124,124,0,0,-100
125,125,0,0,-100
126,126,0,0,-100
127,127,0,0,-100
128,128,0,0,-100
129,129,0,0,-100
130,130,0,0,-100
131,131,0,0,-100
132,132,0,0,-100
133,133,0,0,-100
134,134,0,0,-100
135,135,0,0,-100
136,136,0,0,-100
137,137,0,0,-100
138,138,0,0,-100
139,139,0,0,-100
140,140,0,0,-100
141,141,0,0,-100
142,142,0,0,-100
143,143,0,0,-100
144,144,0,0,-99
145,145,0,1,-99
146,146,0,2,-99
147,147,0,2,-98
148,148,0,3,-98
149,149,0,4,-97
150,150,0,5,-97
151,151,0,6,-97
152,152,0,6,-97
153,153,0,7,-96
154,154,0,8,-96
155,155,0,9,-96
156,156,0,10,-95
157,157,0,11,-95
158,158,0,12,-94
159,159,0,13,-94
160,160,0,13,-94
161,161,0,14,-94
162,162,0,15,-93
163,163,0,16,-93
164,164,0,17,-93
165,165,0,17,-92
166,166,0,18,-92
167,167,0,19,-92
168,168,0,19,-91
169,169,0,20,-91
170,170,0,21,-91
171,171,0,22,-90
172,172,0,22,-90
173,173,0,23,-90
174,174,0,24,-90
175,175,0,25,-89
176,176,0,26,-89
177,177,0,26,-89
178,178,0,27,-88
179,179,0,27,-88
180,180,0,28,-88
181,181,0,29,-88
182,182,0,29,-87
183,183,0,30,-87
184,184,0,31,-87
185,185,0,31,-87
186,186,0,32,-86
187,187,0,33,-86
188,188,0,33,-86
189,189,0,34,-85
190,190,0,35,-85
191,191,0,36,-85
192,192,0,36,-85
193,193,0,37,-84
194,194,0,38,-84
195,195,0,38,-84
196,196,0,39,-83
197,197,0,39,-83
198,198,0,40,-83
199,199,0,41,-83
200,200,0,41,-82
201,201,0,42,-82
202,202,0,43,-82
203,203,0,43,-82
204,204,0,44,-81
205,205,0,45,-81
206,206,0,45,-81
207,207,0,45,-81
208,208,0,46,-81
209,209,0,46,-80
210,210,0,47,-80
211,211,0,48,-80
212,212,0,48,-80
213,213,0,48,-80
214,214,0,50,-79
215,215,0,50,-79
216,216,0,51,-79
217,217,0,51,-79
218,218,0,52,-78
219,219,0,52,-78
220,220,0,53,-78
221,221,0,53,-78
222,222,0,54,-77
223,223,0,54,-77
224,224,0,55,-77
225,225,0,55,-77
226,226,0,56,-76
227,227,0,56,-76
228,228,0,57,-76
229,229,0,57,-76
230,230,0,58,-76
231,231,0,59,-75
232,232,0,59,-75
233,233,0,60,-75
234,234,0,60,-75
235,235,0,61,-74
236,236,0,61,-74
237,237,0,61,-74
238,238,0,62,-74
239,239,0,62,-74
240,240,0,64,-73
241,241,0,64,-73
242,242,0,64,-73
243,243,0,65,-73
244,244,0,65,-73
245,245,0,66,-73
246,246,0,66,-72
247,247,0,66,-72
248,248,0,67,-72
249,249,0,68,-72
250,250,0,68,-72
251,251,0,68,-71
252,252,0,69,-71
253,253,0,69,-71
254,254,0,70,-71
255,255,0,70,-71
256,0,1,-71,-70
257,1,1,-70,-70
258,2,1,-70,-71
259,3,1,-70,-71
260,4,1,-69,-71
261,5,1,-69,-71
262,6,1,-68,-71
263,7,1,-68,-72
264,8,1,-68,-72
265,9,1,-67,-72
266,10,1,-66,-72
267,11,1,-66,-72
268,12,1,-65,-73
269,13,1,-65,-73
270,14,1,-65,-73
271,15,1,-64,-73
272,16,1,-64,-73
273,17,1,-64,-73
274,18,1,-62,-74
275,19,1,-62,-74
276,20,1,-61,-74
277,21,1,-61,-74
278,22,1,-61,-74
279,23,1,-60,-75
280,24,1,-60,-75
281,25,1,-59,-75
282,26,1,-59,-75
283,27,1,-57,-76
284,28,1,-57,-76
285,29,1,-57,-76
286,30,1,-56,-76
287,31,1,-56,-76
288,32,1,-55,-77
289,33,1,-55,-77
290,34,1,-54,-77
291,35,1,-54,-77
292,36,1,-53,-78
293,37,1,-53,-78
294,38,1,-52,-78
295,39,1,-52,-78
296,40,1,-51,-79
297,41,1,-50,-79
298,42,1,-50,-79
299,43,1,-50,-79
300,44,1,-48,-80
301,45,1,-48,-80
302,46,1,-48,-80
303,47,1,-46,-80
304,48,1,-46,-80
305,49,1,-46,-81
306,50,1,-45,-81
307,51,1,-45,-81
308,52,1,-44,-81
309,53,1,-43,-82
310,54,1,-43,-82
311,55,1,-42,-82
312,56,1,-41,-82
313,57,1,-41,-83
314,58,1,-41,-83
315,59,1,-39,-83
316,60,1,-39,-83
317,61,1,-39,-83
318,62,1,-38,-84
319,63,1,-37,-84
320,64,1,-37,-84
321,65,1,-36,-85
322,66,1,-35,-85
323,67,1,-34,-85
324,68,1,-34,-85
325,69,1,-33,-86
326,70,1,-32,-86
327,71,1,-32,-86
328,72,1,-31,-87
329,73,1,-30,-87
330,74,1,-29,-87
331,75,1,-29,-87
332,76,1,-29,-88
333,77,1,-27,-88
334,78,1,-27,-88
335,79,1,-27,-88
336,80,1,-26,-89
337,81,1,-25,-89
338,82,1,-24,-90
339,83,1,-23,-90
340,84,1,-23,-90
341,85,1,-22,-90
342,86,1,-21,-91
343,87,1,-20,-91
344,88,1,-19,-91
345,89,1,-19,-92
346,90,1,-19,-92
347,91,1,-17,-92
348,92,1,-17,-93
349,93,1,-16,-93
350,94,1,-15,-93
351,95,1,-14,-94
352,96,1,-14,-94
353,97,1,-13,-94
354,98,1,-12,-94
355,99,1,-11,-95
356,100,1,-10,-95
357,101,1,-9,-96
358,102,1,-8,-96
359,103,1,-7,-96
360,104,1,-7,-96
361,105,1,-6,-97
362,106,1,-5,-97
363,107,1,-4,-97
364,108,1,-3,-98
365,109,1,-2,-98
366,110,1,-2,-99
367,111,1,-1,-99
368,112,1,0,-99
369,113,1,0,-100
370,114,1,0,-100
371,115,1,0,-100
372,116,1,0,-100
373,117,1,0,-100
374,118,1,0,-100
375,119,1,0,-100
376,120,1,0,-100
377,121,1,0,-100
378,122,1,0,-100
379,123,1,0,-100
380,124,1,0,-100
381,125,1,0,-100
382,126,1,0,-100
383,127,1,0,-100
384,128,1,0,-100
385,129,1,0,-100
386,130,1,0,-100
387,131,1,0,-100
388,132,1,0,-100
389,133,1,0,-100
390,134,1,0,-100
391,135,1,0,-100
392,136,1,0,-100
393,137,1,0,-100
394,138,1,0,-100
395,139,1,0,-100
396,140,1,0,-100
397,141,1,0,-100
398,142,1,0,-100
399,143,1,0,-100
400,144,1,0,-99
401,145,1,1,-99
402,146,1,2,-99
403,147,1,2,-98
404,148,1,3,-98
405,149,1,4,-97
406,150,1,5,-97
407,151,1,6,-97
408,152,1,7,-96
409,153,1,7,-96
410,154,1,8,-96
411,155,1,9,-96
412,156,1,10,-95
413,157,1,11,-95
414,158,1,12,-94
415,159,1,13,-94
416,160,1,14,-94
417,161,1,14,-94
418,162,1,15,-93
419,163,1,16,-93
420,164,1,17,-93
421,165,1,17,-92
422,166,1,19,-92
423,167,1,19,-92
424,168,1,19,-91
425,169,1,20,-91
426,170,1,21,-91
427,171,1,22,-90
428,172,1,23,-90
429,173,1,23,-90
430,174,1,24,-90
431,175,1,25,-89
432,176,1,26,-89
433,177,1,27,-88
434,178,1,27,-88
435,179,1,27,-88
436,180,1,29,-88
437,181,1,29,-87
438,182,1,29,-87
439,183,1,30,-87
440,184,1,31,-87
441,185,1,32,-86
442,186,1,32,-86
443,187,1,33,-86
444,188,1,34,-85
445,189,1,34,-85
446,190,1,35,-85
447,191,1,36,-85
448,192,1,37,-84
449,193,1,37,-84
450,194,1,38,-84
451,195,1,39,-83
452,196,1,39,-83
453,197,1,39,-83
454,198,1,41,-83
455,199,1,41,-83
456,200,1,41,-82
457,201,1,42,-82
458,202,1,43,-82
459,203,1,43,-82
460,204,1,44,-81
461,205,1,45,-81
462,206,1,45,-81
463,207,1,46,-81
464,208,1,46,-80
465,209,1,46,-80
466,210,1,48,-80
467,211,1,48,-80
468,212,1,48,-80
469,213,1,50,-79
470,214,1,50,-79
471,215,1,50,-79
472,216,1,51,-79
473,217,1,52,-78
474,218,1,52,-78
475,219,1,53,-78
476,220,1,53,-78
477,221,1,54,-77
478,222,1,54,-77
479,223,1,55,-77
480,224,1,55,-77
481,225,1,56,-76
482,226,1,56,-76
483,227,1,57,-76
484,228,1,57,-76
485,229,1,57,-76
486,230,1,59,-75
487,231,1,59,-75
488,232,1,60,-75
489,233,1,60,-75
490,234,1,61,-74
491,235,1,61,-74
492,236,1,61,-74
493,237,1,62,-74
494,238,1,62,-74
495,239,1,64,-73
496,240,1,64,-73
497,241,1,64,-73
498,242,1,65,-73
499,243,1,65,-73
500,244,1,65,-73
501,245,1,66,-72
502,246,1,66,-72
503,247,1,67,-72
504,248,1,68,-72
505,249,1,68,-72
506,250,1,68,-71
507,251,1,69,-71
508,252,1,69,-71
509,253,1,70,-71
510,254,1,70,-71
511,255,1,70,-70
512,0,2,-71,-70
513,1,2,-71,-70
514,2,2,-70,-70
515,3,2,-70,-71
516,4,2,-70,-71
517,5,2,-69,-71
518,6,2,-69,-71
519,7,2,-68,-71
520,8,2,-68,-72
521,9,2,-68,-72
522,10,2,-67,-72
523,11,2,-66,-72
524,12,2,-66,-72
525,13,2,-65,-73
526,14,2,-65,-73
527,15,2,-65,-73
528,16,2,-64,-73
529,17,2,-64,-73
530,18,2,-64,-73
531,19,2,-62,-74
532,20,2,-62,-74
533,21,2,-61,-74
534,22,2,-61,-74
535,23,2,-60,-75
536,24,2,-60,-75
537,25,2,-60,-75
538,26,2,-59,-75
539,27,2,-58,-76
540,28,2,-57,-76
541,29,2,-57,-76
542,30,2,-56,-76
543,31,2,-56,-76
544,32,2,-55,-77
545,33,2,-55,-77
546,34,2,-54,-77
547,35,2,-54,-77
548,36,2,-53,-78
549,37,2,-53,-78
550,38,2,-52,-78
551,39,2,-52,-78
552,40,2,-51,-79
553,41,2,-51,-79
554,42,2,-50,-79
555,43,2,-50,-79
556,44,2,-49,-79
557,45,2,-48,-80
558,46,2,-48,-80
559,47,2,-48,-80
560,48,2,-46,-80
561,49,2,-46,-81
562,50,2,-46,-81
563,51,2,-45,-81
564,52,2,-45,-81
565,53,2,-44,-81
566,54,2,-43,-82
567,55,2,-43,-82
568,56,2,-42,-82
569,57,2,-41,-82
570,58,2,-41,-83
571,59,2,-40,-83
572,60,2,-39,-83
573,61,2,-39,-83
574,62,2,-38,-84
575,63,2,-38,-84
576,64,2,-37,-84
577,65,2,-36,-85
578,66,2,-35,-85
579,67,2,-35,-85
580,68,2,-34,-85
581,69,2,-33,-86
582,70,2,-33,-86
583,71,2,-32,-86
584,72,2,-31,-87
585,73,2,-30,-87
586,74,2,-30,-87
587,75,2,-29,-87
588,76,2,-29,-88
589,77,2,-27,-88
590,78,2,-27,-88
591,79,2,-27,-88
592,80,2,-26,-89
593,81,2,-25,-89
594,82,2,-24,-90
595,83,2,-24,-90
596,84,2,-23,-90
597,85,2,-22,-90
598,86,2,-21,-91
599,87,2,-20,-91
600,88,2,-19,-91
601,89,2,-19,-91
602,90,2,-19,-92
603,91,2,-17,-92
604,92,2,-17,-93
605,93,2,-16,-93
606,94,2,-15,-93
607,95,2,-15,-93
608,96,2,-14,-94
609,97,2,-13,-94
610,98,2,-12,-94
611,99,2,-11,-95
612,100,2,-10,-95
613,101,2,-9,-96
614,102,2,-8,-96
615,103,2,-7,-96
616,104,2,-7,-96
617,105,2,-6,-97
618,106,2,-5,-97
619,107,2,-4,-97
620,108,2,-3,-98
621,109,2,-2,-98
622,110,2,-2,-99
623,111,2,-1,-99
624,112,2,0,-99
625,113,2,0,-100
626,114,2,0,-100
627,115,2,0,-100
628,116,2,0,-100
629,117,2,0,-100
630,118,2,0,-100
631,119,2,0,-100
632,120,2,0,-100
633,121,2,0,-100
634,122,2,0,-100
635,123,2,0,-100
636,124,2,0,-100
637,125,2,0,-100
638,126,2,0,-100
639,127,2,0,-100
640,128,2,0,-100
641,129,2,0,-100
642,130,2,0,-100
643,131,2,0,-100
644,132,2,0,-100
645,133,2,0,-100
646,134,2,0,-100
647,135,2,0,-100
648,136,2,0,-100
649,137,2,0,-100
650,138,2,0,-100
651,139,2,0,-100
652,140,2,0,-100
653,141,2,0,-100
654,142,2,0,-100
655,143,2,0,-100
656,144,2,0,-99
657,145,2,1,-99
658,146,2,2,-99
659,147,2,2,-98
660,148,2,3,-98
661,149,2,4,-97
662,150,2,5,-97
663,151,2,6,-97
664,152,2,7,-96
665,153,2,7,-96
666,154,2,8,-96
667,155,2,9,-96
668,156,2,10,-95
669,157,2,11,-95
670,158,2,12,-94
671,159,2,13,-94
672,160,2,14,-94
673,161,2,15,-93
674,162,2,15,-93
675,163,2,16,-93
676,164,2,17,-93
677,165,2,17,-92
678,166,2,19,-92
679,167,2,19,-91
680,168,2,19,-91
681,169,2,20,-91
682,170,2,21,-91
683,171,2,22,-90
684,172,2,23,-90
685,173,2,24,-90
686,174,2,24,-90
687,175,2,25,-89
688,176,2,26,-89
689,177,2,27,-88
690,178,2,27,-88
691,179,2,27,-88
692,180,2,29,-88
693,181,2,29,-87
694,182,2,30,-87
695,183,2,30,-87
696,184,2,31,-87
697,185,2,32,-86
698,186,2,33,-86
699,187,2,33,-86
700,188,2,34,-85
701,189,2,35,-85
702,190,2,35,-85
703,191,2,36,-85
704,192,2,37,-84
705,193,2,38,-84
706,194,2,38,-84
707,195,2,39,-83
708,196,2,39,-83
709,197,2,40,-83
710,198,2,41,-83
711,199,2,41,-82
712,200,2,42,-82
713,201,2,43,-82
714,202,2,43,-82
715,203,2,44,-81
716,204,2,45,-81
717,205,2,45,-81
718,206,2,46,-81
719,207,2,46,-81
720,208,2,46,-80
721,209,2,48,-80
722,210,2,48,-80
723,211,2,48,-80
724,212,2,49,-79
725,213,2,50,-79
726,214,2,50,-79
727,215,2,51,-79
728,216,2,51,-79
729,217,2,52,-78
730,218,2,52,-78
731,219,2,53,-78
732,220,2,53,-78
733,221,2,54,-77
734,222,2,54,-77
735,223,2,55,-77
736,224,2,55,-77
737,225,2,56,-76
738,226,2,56,-76
739,227,2,57,-76
740,228,2,57,-76
741,229,2,58,-76
742,230,2,59,-75
743,231,2,60,-75
744,232,2,60,-75
745,233,2,60,-75
746,234,2,61,-74
747,235,2,61,-74
748,236,2,62,-74
749,237,2,62,-74
750,238,2,64,-73
751,239,2,64,-73
752,240,2,64,-73
753,241,2,65,-73
754,242,2,65,-73
755,243,2,65,-73
756,244,2,66,-72
757,245,2,66,-72
758,246,2,67,-72
759,247,2,68,-72
760,248,2,68,-72
761,249,2,68,-71
762,250,2,69,-71
763,251,2,69,-71
764,252,2,70,-71
765,253,2,70,-71
766,254,2,70,-70
767,255,2,71,-70
768,0,3,-71,-69
769,1,3,-71,-70
770,2,3,-71,-70
771,3,3,-70,-70
772,4,3,-70,-71
773,5,3,-70,-71
774,6,3,-69,-71
775,7,3,-68,-71
776,8,3,-68,-71
777,9,3,-68,-72
778,10,3,-68,-72
779,11,3,-66,-72
780,12,3,-66,-72
781,13,3,-66,-72
782,14,3,-65,-73
783,15,3,-65,-73
784,16,3,-64,-73
785,17,3,-64,-73
786,18,3,-64,-73
787,19,3,-62,-74
788,20,3,-62,-74
789,21,3,-62,-74
790,22,3,-61,-74
791,23,3,-61,-74
792,24,3,-60,-75
793,25,3,-60,-75
794,26,3,-60,-75
795,27,3,-59,-75
796,28,3,-58,-76
797,29,3,-57,-76
798,30,3,-57,-76
799,31,3,-56,-76
800,32,3,-56,-76
801,33,3,-55,-77
802,34,3,-55,-77
803,35,3,-54,-77
804,36,3,-54,-77
805,37,3,-53,-78
806,38,3,-53,-78
807,39,3,-52,-78
808,40,3,-52,-78
809,41,3,-51,-79
810,42,3,-50,-79
811,43,3,-50,-79
812,44,3,-50,-79
813,45,3,-48,-80
814,46,3,-48,-80
815,47,3,-48,-80
816,48,3,-46,-80
817,49,3,-46,-80
818,50,3,-46,-81
819,51,3,-45,-81
820,52,3,-45,-81
821,53,3,-44,-81
822,54,3,-43,-82
823,55,3,-43,-82
824,56,3,-43,-82
825,57,3,-41,-82
826,58,3,-41,-83
827,59,3,-41,-83
828,60,3,-39,-83
829,61,3,-39,-83
830,62,3,-39,-83
831,63,3,-38,-84
832,64,3,-37,-84
833,65,3,-36,-85
834,66,3,-36,-85
835,67,3,-35,-85
836,68,3,-34,-85
837,69,3,-34,-85
838,70,3,-33,-86
839,71,3,-32,-86
840,72,3,-31,-87
841,73,3,-31,-87
842,74,3,-30,-87
843,75,3,-29,-87
844,76,3,-29,-88
845,77,3,-28,-88
846,78,3,-27,-88
847,79,3,-27,-88
848,80,3,-26,-89
849,81,3,-25,-89
850,82,3,-25,-89
851,83,3,-24,-90
852,84,3,-23,-90
853,85,3,-22,-90
854,86,3,-21,-91
855,87,3,-21,-91
856,88,3,-20,-91
857,89,3,-19,-91
858,90,3,-19,-92
859,91,3,-17,-92
860,92,3,-17,-93
861,93,3,-16,-93
862,94,3,-16,-93
863,95,3,-15,-93
864,96,3,-14,-94
865,97,3,-13,-94
866,98,3,-12,-94
867,99,3,-11,-95
868,100,3,-10,-95
869,101,3,-9,-96
870,102,3,-8,-96
871,103,3,-8,-96
872,104,3,-7,-96
873,105,3,-6,-97
874,106,3,-5,-97
875,107,3,-4,-97
876,108,3,-3,-98
877,109,3,-2,-98
878,110,3,-2,-99
879,111,3,-1,-99
880,112,3,0,-99
881,113,3,0,-100
882,114,3,0,-100
883,115,3,0,-100
884,116,3,0,-100
885,117,3,0,-100
886,118,3,0,-100
887,119,3,0,-100
888,120,3,0,-100
889,121,3,0,-100
890,122,3,0,-100
891,123,3,0,-100
892,124,3,0,-100
893,125,3,0,-100
894,126,3,0,-100
895,127,3,0,-100
896,128,3,0,-100
897,129,3,0,-100
898,130,3,0,-100
899,131,3,0,-100
900,132,3,0,-100
901,133,3,0,-100
902,134,3,0,-100
903,135,3,0,-100
904,136,3,0,-100
905,137,3,0,-100
906,138,3,0,-100
907,139,3,0,-100
908,140,3,0,-100
909,141,3,0,-100
910,142,3,0,-100
911,143,3,0,-100
912,144,3,0,-99
913,145,3,1,-99
914,146,3,2,-99
915,147,3,2,-98
916,148,3,3,-98
917,149,3,4,-97
918,150,3,5,-97
919,151,3,6,-97
920,152,3,7,-96
921,153,3,8,-96
922,154,3,8,-96
923,155,3,9,-96
924,156,3,10,-95
925,157,3,11,-95
926,158,3,12,-94
927,159,3,13,-94
928,160,3,14,-94
929,161,3,15,-93
930,162,3,16,-93
931,163,3,16,-93
932,164,3,17,-93
933,165,3,17,-92
934,166,3,19,-92
935,167,3,19,-91
936,168,3,20,-91
937,169,3,21,-91
938,170,3,21,-91
939,171,3,22,-90
940,172,3,23,-90
941,173,3,24,-90
942,174,3,25,-89
943,175,3,25,-89
944,176,3,26,-89
945,177,3,27,-88
946,178,3,27,-88
947,179,3,28,-88
948,180,3,29,-88
949,181,3,29,-87
950,182,3,30,-87
951,183,3,31,-87
952,184,3,31,-87
953,185,3,32,-86
954,186,3,33,-86
955,187,3,34,-85
956,188,3,34,-85
957,189,3,35,-85
958,190,3,36,-85
959,191,3,36,-85
960,192,3,37,-84
961,193,3,38,-84
962,194,3,39,-83
963,195,3,39,-83
964,196,3,39,-83
965,197,3,41,-83
966,198,3,41,-83
967,199,3,41,-82
968,200,3,43,-82
969,201,3,43,-82
970,202,3,43,-82
971,203,3,44,-81
972,204,3,45,-81
973,205,3,45,-81
974,206,3,46,-81
975,207,3,46,-80
976,208,3,46,-80
977,209,3,48,-80
978,210,3,48,-80
979,211,3,48,-80
980,212,3,50,-79
981,213,3,50,-79
982,214,3,50,-79
983,215,3,51,-79
984,216,3,52,-78
985,217,3,52,-78
986,218,3,53,-78
987,219,3,53,-78
988,220,3,54,-77
989,221,3,54,-77
990,222,3,55,-77
991,223,3,55,-77
992,224,3,56,-76
993,225,3,56,-76
994,226,3,57,-76
995,227,3,57,-76
996,228,3,58,-76
997,229,3,59,-75
998,230,3,60,-75
999,231,3,60,-75
1000,232,3,60,-75
1001,233,3,61,-74
1002,234,3,61,-74
1003,235,3,62,-74
1004,236,3,62,-74
1005,237,3,62,-74
1006,238,3,64,-73
1007,239,3,64,-73
1008,240,3,64,-73
1009,241,3,65,-73
1010,242,3,65,-73
1011,243,3,66,-72
1012,244,3,66,-72
1013,245,3,66,-72
1014,246,3,68,-72
1015,247,3,68,-72
1016,248,3,68,-71
1017,249,3,68,-71
1018,250,3,69,-71
1019,251,3,70,-71
1020,252,3,70,-71
1021,253,3,70,-70
1022,254,3,71,-70
1023,255,3,71,-70
1024,0,4,-71,-69
1025,1,4,-71,-69
1026,2,4,-71,-70
1027,3,4,-71,-70
1028,4,4,-70,-70
1029,5,4,-70,-71
1030,6,4,-70,-71
1031,7,4,-69,-71
1032,8,4,-68,-71
1033,9,4,-68,-71
1034,10,4,-68,-72
1035,11,4,-67,-72
1036,12,4,-66,-72
1037,13,4,-66,-72
1038,14,4,-66,-73
1039,15,4,-65,-73
1040,16,4,-65,-73
1041,17,4,-64,-73
1042,18,4,-64,-73
1043,19,4,-64,-73
1044,20,4,-62,-74
1045,21,4,-62,-74
1046,22,4,-62,-74
1047,23,4,-61,-74
1048,24,4,-61,-74
1049,25,4,-60,-75
1050,26,4,-60,-75
1051,27,4,-59,-75
1052,28,4,-59,-75
1053,29,4,-58,-76
1054,30,4,-57,-76
1055,31,4,-57,-76
1056,32,4,-56,-76
1057,33,4,-56,-76
1058,34,4,-55,-77
1059,35,4,-55,-77
1060,36,4,-54,-77
1061,37,4,-54,-77
1062,38,4,-53,-78
1063,39,4,-53,-78
1064,40,4,-52,-78
1065,41,4,-52,-78
1066,42,4,-51,-79
1067,43,4,-50,-79
1068,44,4,-50,-79
1069,45,4,-49,-79
1070,46,4,-48,-80
1071,47,4,-48,-80
1072,48,4,-48,-80
1073,49,4,-46,-80
1074,50,4,-46,-80
1075,51,4,-46,-81
1076,52,4,-45,-81
1077,53,4,-45,-81
1078,54,4,-44,-81
1079,55,4,-43,-82
1080,56,4,-43,-82
1081,57,4,-42,-82
1082,58,4,-41,-82
1083,59,4,-41,-83
1084,60,4,-40,-83
1085,61,4,-39,-83
1086,62,4,-39,-83
1087,63,4,-38,-84
1088,64,4,-38,-84
1089,65,4,-37,-84
1090,66,4,-36,-85
1091,67,4,-35,-85
1092,68,4,-35,-85
1093,69,4,-34,-85
1094,70,4,-33,-86
1095,71,4,-32,-86
1096,72,4,-32,-86
1097,73,4,-31,-87
1098,74,4,-30,-87
1099,75,4,-29,-87
1100,76,4,-29,-87
1101,77,4,-29,-88
1102,78,4,-27,-88
1103,79,4,-27,-88
1104,80,4,-26,-89
1105,81,4,-26,-89
1106,82,4,-25,-89
1107,83,4,-24,-90
1108,84,4,-23,-90
1109,85,4,-22,-90
1110,86,4,-22,-90
1111,87,4,-21,-91
1112,88,4,-20,-91
1113,89,4,-19,-91
1114,90,4,-19,-92
1115,91,4,-17,-92
1116,92,4,-17,-93
1117,93,4,-17,-93
1118,94,4,-16,-93
1119,95,4,-15,-93
1120,96,4,-14,-94
1121,97,4,-13,-94
1122,98,4,-12,-94
1123,99,4,-11,-95
1124,100,4,-10,-95
1125,101,4,-9,-96
1126,102,4,-9,-96
1127,103,4,-8,-96
1128,104,4,-7,-96
1129,105,4,-6,-97
1130,106,4,-5,-97
1131,107,4,-4,-97
1132,108,4,-3,-98
1133,109,4,-2,-98
1134,110,4,-2,-99
1135,111,4,-1,-99
1136,112,4,0,-99
1137,113,4,0,-100
1138,114,4,0,-100
1139,115,4,0,-100
1140,116,4,0,-100
1141,117,4,0,-100
1142,118,4,0,-100
1143,119,4,0,-100
1144,120,4,0,-100
1145,121,4,0,-100
1146,122,4,0,-100
1147,123,4,0,-100
1148,124,4,0,-100
1149,125,4,0,-100
1150,126,4,0,-100
1151,127,4,0,-100
1152,128,4,0,-100
1153,129,4,0,-100
1154,130,4,0,-100
1155,131,4,0,-100
1156,132,4,0,-100
1157,133,4,0,-100
1158,134,4,0,-100
1159,135,4,0,-100
1160,136,4,0,-100
1161,137,4,0,-100
1162,138,4,0,-100
1163,139,4,0,-100
1164,140,4,0,-100
1165,141,4,0,-100
1166,142,4,0,-100
1167,143,4,0,-100
1168,144,4,0,-99
1169,145,4,1,-99
1170,146,4,2,-99
1171,147,4,2,-98
1172,148,4,3,-98
1173,149,4,4,-97
1174,150,4,5,-97
1175,151,4,6,-97
1176,152,4,7,-96
1177,153,4,8,-96
1178,154,4,9,-96
1179,155,4,9,-96
1180,156,4,10,-95
1181,157,4,11,-95
1182,158,4,12,-94
1183,159,4,13,-94
1184,160,4,14,-94
1185,161,4,15,-93
1186,162,4,16,-93
1187,163,4,17,-93
1188,164,4,17,-93
1189,165,4,17,-92
1190,166,4,19,-92
1191,167,4,19,-91
1192,168,4,20,-91
1193,169,4,21,-91
1194,170,4,22,-90
1195,171,4,22,-90
1196,172,4,23,-90
1197,173,4,24,-90
1198,174,4,25,-89
1199,175,4,26,-89
1200,176,4,26,-89
1201,177,4,27,-88
1202,178,4,27,-88
1203,179,4,29,-88
1204,180,4,29,-87
1205,181,4,29,-87
1206,182,4,30,-87
1207,183,4,31,-87
1208,184,4,32,-86
1209,185,4,32,-86
1210,186,4,33,-86
1211,187,4,34,-85
1212,188,4,35,-85
1213,189,4,35,-85
1214,190,4,36,-85
1215,191,4,37,-84
1216,192,4,38,-84
1217,193,4,38,-84
1218,194,4,39,-83
1219,195,4,39,-83
1220,196,4,40,-83
1221,197,4,41,-83
1222,198,4,41,-82
1223,199,4,42,-82
1224,200,4,43,-82
1225,201,4,43,-82
1226,202,4,44,-81
1227,203,4,45,-81
1228,204,4,45,-81
1229,205,4,46,-81
1230,206,4,46,-80
1231,207,4,46,-80
1232,208,4,48,-80
1233,209,4,48,-80
1234,210,4,48,-80
1235,211,4,49,-79
1236,212,4,50,-79
1237,213,4,50,-79
1238,214,4,51,-79
1239,215,4,52,-78
1240,216,4,52,-78
1241,217,4,53,-78
1242,218,4,53,-78
1243,219,4,54,-77
1244,220,4,54,-77
1245,221,4,55,-77
1246,222,4,55,-77
1247,223,4,56,-76
1248,224,4,56,-76
1249,225,4,57,-76
1250,226,4,57,-76
1251,227,4,58,-76
1252,228,4,59,-75
1253,229,4,59,-75
1254,230,4,60,-75
1255,231,4,60,-75
1256,232,4,61,-74
1257,233,4,61,-74
1258,234,4,62,-74
1259,235,4,62,-74
1260,236,4,62,-74
1261,237,4,64,-73
1262,238,4,64,-73
1263,239,4,64,-73
1264,240,4,65,-73
1265,241,4,65,-73
1266,242,4,66,-73
1267,243,4,66,-72
1268,244,4,66,-72
1269,245,4,67,-72
1270,246,4,68,-72
1271,247,4,68,-71
1272,248,4,68,-71
1273,249,4,69,-71
1274,250,4,70,-71
1275,251,4,70,-71
1276,252,4,70,-70
1277,253,4,71,-70
1278,254,4,71,-70
1279,255,4,71,-69
1280,0,5,-71,-68
1281,1,5,-71,-69
1282,2,5,-71,-69
1283,3,5,-71,-70
1284,4,5,-71,-70
1285,5,5,-70,-70
1286,6,5,-70,-71
1287,7,5,-70,-71
1288,8,5,-69,-71
1289,9,5,-68,-71
1290,10,5,-68,-71
1291,11,5,-68,-72
1292,12,5,-67,-72
1293,13,5,-66,-72
1294,14,5,-66,-72
1295,15,5,-66,-73
1296,16,5,-65,-73
1297,17,5,-65,-73
1298,18,5,-64,-73
1299,19,5,-64,-73
1300,20,5,-64,-73
1301,21,5,-62,-74
1302,22,5,-62,-74
1303,23,5,-62,-74
1304,24,5,-61,-74
1305,25,5,-61,-74
1306,26,5,-60,-75
1307,27,5,-60,-75
1308,28,5,-59,-75
1309,29,5,-59,-75
1310,30,5,-57,-76
1311,31,5,-57,-76
1312,32,5,-57,-76
1313,33,5,-56,-76
1314,34,5,-56,-76
1315,35,5,-55,-77
1316,36,5,-55,-77
1317,37,5,-54,-77
1318,38,5,-54,-77
1319,39,5,-53,-78
1320,40,5,-52,-78
1321,41,5,-52,-78
1322,42,5,-51,-79
1323,43,5,-51,-79
1324,44,5,-50,-79
1325,45,5,-50,-79
1326,46,5,-49,-79
1327,47,5,-48,-80
1328,48,5,-48,-80
1329,49,5,-46,-80
1330,50,5,-46,-80
1331,51,5,-46,-81
1332,52,5,-45,-81
1333,53,5,-45,-81
1334,54,5,-44,-81
1335,55,5,-43,-82
1336,56,5,-43,-82
1337,57,5,-43,-82
1338,58,5,-41,-82
1339,59,5,-41,-83
1340,60,5,-41,-83
1341,61,5,-39,-83
1342,62,5,-39,-83
1343,63,5,-39,-83
1344,64,5,-38,-84
1345,65,5,-37,-84
1346,66,5,-36,-85
1347,67,5,-36,-85
1348,68,5,-35,-85
1349,69,5,-34,-85
1350,70,5,-33,-86
1351,71,5,-33,-86
1352,72,5,-32,-86
1353,73,5,-31,-87
1354,74,5,-30,-87
1355,75,5,-30,-87
1356,76,5,-29,-87
1357,77,5,-29,-88
1358,78,5,-27,-88
1359,79,5,-27,-88
1360,80,5,-27,-88
1361,81,5,-26,-89
1362,82,5,-25,-89
1363,83,5,-24,-90
1364,84,5,-23,-90
1365,85,5,-23,-90
1366,86,5,-22,-90
1367,87,5,-21,-91
1368,88,5,-20,-91
1369,89,5,-19,-91
1370,90,5,-19,-92
1371,91,5,-18,-92
1372,92,5,-17,-92
1373,93,5,-17,-93
1374,94,5,-16,-93
1375,95,5,-15,-93
1376,96,5,-14,-94
1377,97,5,-13,-94
1378,98,5,-12,-94
1379,99,5,-11,-95
1380,100,5,-10,-95
1381,101,5,-10,-95
1382,102,5,-9,-96
1383,103,5,-8,-96
1384,104,5,-7,-96
1385,105,5,-6,-97
1386,106,5,-5,-97
1387,107,5,-4,-97
1388,108,5,-3,-98
1389,109,5,-2,-98
1390,110,5,-2,-99
1391,111,5,-1,-99
1392,112,5,0,-99
1393,113,5,0,-100
1394,114,5,0,-100
1395,115,5,0,-100
1396,116,5,0,-100
1397,117,5,0,-100
1398,118,5,0,-100
1399,119,5,0,-100
1400,120,5,0,-100
1401,121,5,0,-100
1402,122,5,0,-100
1403,123,5,0,-100
1404,124,5,0,-100
1405,125,5,0,-100
1406,126,5,0,-100
1407,127,5,0,-100
1408,128,5,0,-100
1409,129,5,0,-100
1410,130,5,0,-100
1411,131,5,0,-100
1412,132,5,0,-100
1413,133,5,0,-100
1414,134,5,0,-100
1415,135,5,0,-100
1416,136,5,0,-100
1417,137,5,0,-100
1418,138,5,0,-100
1419,139,5,0,-100
1420,140,5,0,-100
1421,141,5,0,-100
1422,142,5,0,-100
1423,143,5,0,-100
1424,144,5,0,-99
1425,145,5,1,-99
1426,146,5,2,-99
1427,147,5,2,-98
1428,148,5,3,-98
1429,149,5,4,-97
1430,150,5,5,-97
1431,151,5,6,-97
1432,152,5,7,-96
1433,153,5,8,-96
1434,154,5,9,-96
1435,155,5,10,-95
1436,156,5,10,-95
1437,157,5,11,-95
1438,158,5,12,-94
1439,159,5,13,-94
1440,160,5,14,-94
1441,161,5,15,-93
1442,162,5,16,-93
1443,163,5,17,-93
1444,164,5,17,-92
1445,165,5,18,-92
1446,166,5,19,-92
1447,167,5,19,-91
1448,168,5,20,-91
1449,169,5,21,-91
1450,170,5,22,-90
1451,171,5,23,-90
1452,172,5,23,-90
1453,173,5,24,-90
1454,174,5,25,-89
1455,175,5,26,-89
1456,176,5,27,-88
1457,177,5,27,-88
1458,178,5,27,-88
1459,179,5,29,-88
1460,180,5,29,-87
1461,181,5,30,-87
1462,182,5,30,-87
1463,183,5,31,-87
1464,184,5,32,-86
1465,185,5,33,-86
1466,186,5,33,-86
1467,187,5,34,-85
1468,188,5,35,-85
1469,189,5,36,-85
1470,190,5,36,-85
1471,191,5,37,-84
1472,192,5,38,-84
1473,193,5,39,-83
1474,194,5,39,-83
1475,195,5,39,-83
1476,196,5,41,-83
1477,197,5,41,-83
1478,198,5,41,-82
1479,199,5,43,-82
1480,200,5,43,-82
1481,201,5,43,-82
1482,202,5,44,-81
1483,203,5,45,-81
1484,204,5,45,-81
1485,205,5,46,-81
1486,206,5,46,-80
1487,207,5,46,-80
1488,208,5,48,-80
1489,209,5,48,-80
1490,210,5,49,-79
1491,211,5,50,-79
1492,212,5,50,-79
1493,213,5,51,-79
1494,214,5,51,-79
1495,215,5,52,-78
1496,216,5,52,-78
1497,217,5,53,-78
1498,218,5,54,-77
1499,219,5,54,-77
1500,220,5,55,-77
1501,221,5,55,-77
1502,222,5,56,-76
1503,223,5,56,-76
1504,224,5,57,-76
1505,225,5,57,-76
1506,226,5,57,-76
1507,227,5,59,-75
1508,228,5,59,-75
1509,229,5,60,-75
1510,230,5,60,-75
1511,231,5,61,-74
1512,232,5,61,-74
1513,233,5,62,-74
1514,234,5,62,-74
1515,235,5,62,-74
1516,236,5,64,-73
1517,237,5,64,-73
1518,238,5,64,-73
1519,239,5,65,-73
1520,240,5,65,-73
1521,241,5,66,-73
1522,242,5,66,-72
1523,243,5,66,-72
1524,244,5,67,-72
1525,245,5,68,-72
1526,246,5,68,-71
1527,247,5,68,-71
1528,248,5,69,-71
1529,249,5,70,-71
1530,250,5,70,-71
1531,251,5,70,-70
1532,252,5,71,-70
1533,253,5,71,-70
1534,254,5,71,-69
1535,255,5,71,-69
1536,0,6,-72,-68
1537,1,6,-71,-68
1538,2,6,-71,-69
1539,3,6,-71,-69
1540,4,6,-71,-70
1541,5,6,-71,-70
1542,6,6,-70,-70
1543,7,6,-70,-71
1544,8,6,-70,-71
1545,9,6,-69,-71
1546,10,6,-68,-71
1547,11,6,-68,-72
1548,12,6,-68,-72
1549,13,6,-67,-72
1550,14,6,-66,-72
1551,15,6,-66,-72
1552,16,6,-66,-73
1553,17,6,-65,-73
1554,18,6,-65,-73
1555,19,6,-64,-73
1556,20,6,-64,-73
1557,21,6,-64,-73
1558,22,6,-62,-74
1559,23,6,-62,-74
1560,24,6,-61,-74
1561,25,6,-61,-74
1562,26,6,-61,-74
1563,27,6,-60,-75
1564,28,6,-60,-75
1565,29,6,-59,-75
1566,30,6,-58,-76
1567,31,6,-57,-76
1568,32,6,-57,-76
1569,33,6,-56,-76
1570,34,6,-56,-76
1571,35,6,-55,-77
1572,36,6,-55,-77
1573,37,6,-54,-77
1574,38,6,-54,-77
1575,39,6,-53,-78
1576,40,6,-53,-78
1577,41,6,-52,-78
1578,42,6,-52,-78
1579,43,6,-51,-79
1580,44,6,-50,-79
1581,45,6,-50,-79
1582,46,6,-50,-79
1583,47,6,-48,-80
1584,48,6,-48,-80
1585,49,6,-48,-80
1586,50,6,-46,-80
1587,51,6,-46,-80
1588,52,6,-46,-81
1589,53,6,-45,-81
1590,54,6,-45,-81
1591,55,6,-44,-81
1592,56,6,-43,-82
1593,57,6,-43,-82
1594,58,6,-42,-82
1595,59,6,-41,-82
1596,60,6,-41,-83
1597,61,6,-40,-83
1598,62,6,-39,-83
1599,63,6,-39,-83
1600,64,6,-38,-84
1601,65,6,-37,-84
1602,66,6,-37,-84
1603,67,6,-36,-85
1604,68,6,-35,-85
1605,69,6,-35,-85
1606,70,6,-34,-85
1607,71,6,-33,-86
1608,72,6,-32,-86
1609,73,6,-32,-86
1610,74,6,-31,-87
1611,75,6,-30,-87
1612,76,6,-29,-87
1613,77,6,-29,-88
1614,78,6,-28,-88
1615,79,6,-27,-88
1616,80,6,-27,-88
1617,81,6,-26,-89
1618,82,6,-25,-89
1619,83,6,-24,-90
1620,84,6,-24,-90
1621,85,6,-23,-90
1622,86,6,-22,-90
1623,87,6,-21,-91
1624,88,6,-20,-91
1625,89,6,-19,-91
1626,90,6,-19,-91
1627,91,6,-19,-92
1628,92,6,-17,-92
1629,93,6,-17,-93
1630,94,6,-16,-93
1631,95,6,-15,-93
1632,96,6,-14,-94
1633,97,6,-13,-94
1634,98,6,-12,-94
1635,99,6,-11,-95
1636,100,6,-11,-95
1637,101,6,-10,-95
1638,102,6,-9,-96
1639,103,6,-8,-96
1640,104,6,-7,-96
1641,105,6,-6,-97
1642,106,6,-5,-97
1643,107,6,-4,-97
1644,108,6,-3,-98
1645,109,6,-2,-98
1646,110,6,-2,-99
1647,111,6,-1,-99
1648,112,6,0,-99
1649,113,6,0,-100
1650,114,6,0,-100
1651,115,6,0,-100
1652,116,6,0,-100
1653,117,6,0,-100
1654,118,6,0,-100
1655,119,6,0,-100
1656,120,6,0,-100
1657,121,6,0,-100
1658,122,6,0,-100
1659,123,6,0,-100
1660,124,6,0,-100
1661,125,6,0,-100
1662,126,6,0,-100
1663,127,6,0,-100
1664,128,6,0,-100
1665,129,6,0,-100
1666,130,6,0,-100
1667,131,6,0,-100
1668,132,6,0,-100
1669,133,6,0,-100
1670,134,6,0,-100
1671,135,6,0,-100
1672,136,6,0,-100
1673,137,6,0,-100
1674,138,6,0,-100
1675,139,6,0,-100
1676,140,6,0,-100
1677,141,6,0,-100
1678,142,6,0,-100
1679,143,6,0,-100
1680,144,6,0,-99
1681,145,6,1,-99
1682,146,6,2,-99
1683,147,6,2,-98
1684,148,6,3,-98
1685,149,6,4,-97
1686,150,6,5,-97
1687,151,6,6,-97
1688,152,6,7,-96
1689,153,6,8,-96
1690,154,6,9,-96
1691,155,6,10,-95
1692,156,6,11,-95
1693,157,6,11,-95
1694,158,6,12,-94
1695,159,6,13,-94
1696,160,6,14,-94
1697,161,6,15,-93
1698,162,6,16,-93
1699,163,6,17,-93
1700,164,6,17,-92
1701,165,6,19,-92
1702,166,6,19,-91
1703,167,6,19,-91
1704,168,6,20,-91
1705,169,6,21,-91
1706,170,6,22,-90
1707,171,6,23,-90
1708,172,6,24,-90
1709,173,6,24,-90
1710,174,6,25,-89
1711,175,6,26,-89
1712,176,6,27,-88
1713,177,6,27,-88
1714,178,6,28,-88
1715,179,6,29,-88
1716,180,6,29,-87
1717,181,6,30,-87
1718,182,6,31,-87
1719,183,6,32,-86
1720,184,6,32,-86
1721,185,6,33,-86
1722,186,6,34,-85
1723,187,6,35,-85
1724,188,6,35,-85
1725,189,6,36,-85
1726,190,6,37,-84
1727,191,6,37,-84
1728,192,6,38,-84
1729,193,6,39,-83
1730,194,6,39,-83
1731,195,6,40,-83
1732,196,6,41,-83
1733,197,6,41,-82
1734,198,6,42,-82
1735,199,6,43,-82
1736,200,6,43,-82
1737,201,6,44,-81
1738,202,6,45,-81
1739,203,6,45,-81
1740,204,6,46,-81
1741,205,6,46,-80
1742,206,6,46,-80
1743,207,6,48,-80
1744,208,6,48,-80
1745,209,6,48,-80
1746,210,6,50,-79
1747,211,6,50,-79
1748,212,6,50,-79
1749,213,6,51,-79
1750,214,6,52,-78
1751,215,6,52,-78
1752,216,6,53,-78
1753,217,6,53,-78
1754,218,6,54,-77
1755,219,6,54,-77
1756,220,6,55,-77
1757,221,6,55,-77
1758,222,6,56,-76
1759,223,6,56,-76
1760,224,6,57,-76
1761,225,6,57,-76
1762,226,6,58,-76
1763,227,6,59,-75
1764,228,6,60,-75
1765,229,6,60,-75
1766,230,6,61,-74
1767,231,6,61,-74
1768,232,6,61,-74
1769,233,6,62,-74
1770,234,6,62,-74
1771,235,6,64,-73
1772,236,6,64,-73
1773,237,6,64,-73
1774,238,6,65,-73
1775,239,6,65,-73
1776,240,6,66,-73
1777,241,6,66,-72
1778,242,6,66,-72
1779,243,6,67,-72
1780,244,6,68,-72
1781,245,6,68,-72
1782,246,6,68,-71
1783,247,6,69,-71
1784,248,6,70,-71
1785,249,6,70,-71
1786,250,6,70,-70
1787,251,6,71,-70
1788,252,6,71,-70
1789,253,6,71,-69
1790,254,6,71,-69
1791,255,6,71,-68
1792,0,7,-72,-68
1793,1,7,-72,-68
1794,2,7,-71,-68
1795,3,7,-71,-68
1796,4,7,-71,-69
1797,5,7,-71,-70
1798,6,7,-71,-70
1799,7,7,-70,-70
1800,8,7,-70,-71
1801,9,7,-70,-71
1802,10,7,-69,-71
1803,11,7,-68,-71
1804,12,7,-68,-72
1805,13,7,-68,-72
1806,14,7,-67,-72
1807,15,7,-66,-72
1808,16,7,-66,-72
1809,17,7,-66,-73
1810,18,7,-65,-73
1811,19,7,-65,-73
1812,20,7,-64,-73
1813,21,7,-64,-73
1814,22,7,-64,-73
1815,23,7,-62,-74
1816,24,7,-62,-74
1817,25,7,-61,-74
1818,26,7,-61,-74
1819,27,7,-61,-74
1820,28,7,-60,-75
1821,29,7,-60,-75
1822,30,7,-59,-75
1823,31,7,-58,-76
1824,32,7,-57,-76
1825,33,7,-57,-76
1826,34,7,-56,-76
1827,35,7,-56,-76
1828,36,7,-55,-77
1829,37,7,-55,-77
1830,38,7,-54,-77
1831,39,7,-54,-77
1832,40,7,-53,-78
1833,41,7,-53,-78
1834,42,7,-52,-78
1835,43,7,-52,-78
1836,44,7,-51,-79
1837,45,7,-50,-79
1838,46,7,-50,-79
1839,47,7,-49,-79
1840,48,7,-48,-80
1841,49,7,-48,-80
1842,50,7,-48,-80
1843,51,7,-46,-80
1844,52,7,-46,-81
1845,53,7,-45,-81
1846,54,7,-45,-81
1847,55,7,-44,-81
1848,56,7,-43,-82
1849,57,7,-43,-82
1850,58,7,-43,-82
1851,59,7,-41,-82
1852,60,7,-41,-83
1853,61,7,-41,-83
1854,62,7,-39,-83
1855,63,7,-39,-83
1856,64,7,-38,-84
1857,65,7,-38,-84
1858,66,7,-37,-84
1859,67,7,-36,-85
1860,68,7,-36,-85
1861,69,7,-35,-85
1862,70,7,-34,-85
1863,71,7,-33,-86
1864,72,7,-33,-86
1865,73,7,-32,-86
1866,74,7,-31,-87
1867,75,7,-30,-87
1868,76,7,-29,-87
1869,77,7,-29,-87
1870,78,7,-29,-88
1871,79,7,-27,-88
1872,80,7,-27,-88
1873,81,7,-26,-89
1874,82,7,-26,-89
1875,83,7,-25,-89
1876,84,7,-24,-90
1877,85,7,-23,-90
1878,86,7,-22,-90
1879,87,7,-21,-91
1880,88,7,-20,-91
1881,89,7,-20,-91
1882,90,7,-19,-91
1883,91,7,-19,-92
1884,92,7,-17,-92
1885,93,7,-17,-93
1886,94,7,-16,-93
1887,95,7,-15,-93
1888,96,7,-14,-94
1889,97,7,-13,-94
1890,98,7,-13,-94
1891,99,7,-12,-94
1892,100,7,-11,-95
1893,101,7,-10,-95
1894,102,7,-9,-96
1895,103,7,-8,-96
1896,104,7,-7,-96
1897,105,7,-6,-97
1898,106,7,-5,-97
1899,107,7,-4,-97
1900,108,7,-3,-98
1901,109,7,-2,-98
1902,110,7,-2,-99
1903,111,7,-1,-99
1904,112,7,0,-99
1905,113,7,0,-100
1906,114,7,0,-100
1907,115,7,0,-100
1908,116,7,0,-100
1909,117,7,0,-100
1910,118,7,0,-100
1911,119,7,0,-100
1912,120,7,0,-100
1913,121,7,0,-100
1914,122,7,0,-100
1915,123,7,0,-100
1916,124,7,0,-100
1917,125,7,0,-100
1918,126,7,0,-100
1919,127,7,0,-100
1920,128,7,0,-100
1921,129,7,0,-100
1922,130,7,0,-100
1923,131,7,0,-100
1924,132,7,0,-100
1925,133,7,0,-100
1926,134,7,0,-100
1927,135,7,0,-100
1928,136,7,0,-100
1929,137,7,0,-100
1930,138,7,0,-100
1931,139,7,0,-100
1932,140,7,0,-100
1933,141,7,0,-100
1934,142,7,0,-100
1935,143,7,0,-100
1936,144,7,0,-99
1937,145,7,1,-99
1938,146,7,2,-99
1939,147,7,2,-98
1940,148,7,3,-98
1941,149,7,4,-97
1942,150,7,5,-97
1943,151,7,6,-97
1944,152,7,7,-96
1945,153,7,8,-96
1946,154,7,9,-96
1947,155,7,10,-95
1948,156,7,11,-95
1949,157,7,12,-94
1950,158,7,13,-94
1951,159,7,13,-94
1952,160,7,14,-94
1953,161,7,15,-93
1954,162,7,16,-93
1955,163,7,17,-93
1956,164,7,17,-92
1957,165,7,19,-92
1958,166,7,19,-91
1959,167,7,20,-91
1960,168,7,20,-91
1961,169,7,21,-91
1962,170,7,22,-90
1963,171,7,23,-90
1964,172,7,24,-90
1965,173,7,25,-89
1966,174,7,26,-89
1967,175,7,26,-89
1968,176,7,27,-88
1969,177,7,27,-88
1970,178,7,29,-88
1971,179,7,29,-87
1972,180,7,29,-87
1973,181,7,30,-87
1974,182,7,31,-87
1975,183,7,32,-86
1976,184,7,33,-86
1977,185,7,33,-86
1978,186,7,34,-85
1979,187,7,35,-85
1980,188,7,36,-85
1981,189,7,36,-85
1982,190,7,37,-84
1983,191,7,38,-84
1984,192,7,38,-84
1985,193,7,39,-83
1986,194,7,39,-83
1987,195,7,41,-83
1988,196,7,41,-83
1989,197,7,41,-82
1990,198,7,43,-82
1991,199,7,43,-82
1992,200,7,43,-82
1993,201,7,44,-81
1994,202,7,45,-81
1995,203,7,45,-81
1996,204,7,46,-81
1997,205,7,46,-80
1998,206,7,48,-80
1999,207,7,48,-80
2000,208,7,48,-80
2001,209,7,49,-79
2002,210,7,50,-79
2003,211,7,50,-79
2004,212,7,51,-79
2005,213,7,52,-78
2006,214,7,52,-78
2007,215,7,53,-78
2008,216,7,53,-78
2009,217,7,54,-77
2010,218,7,54,-77
2011,219,7,55,-77
2012,220,7,55,-77
2013,221,7,56,-76
2014,222,7,56,-76
2015,223,7,57,-76
2016,224,7,57,-76
2017,225,7,58,-76
2018,226,7,59,-75
2019,227,7,60,-75
2020,228,7,60,-75
2021,229,7,61,-74
2022,230,7,61,-74
2023,231,7,61,-74
2024,232,7,62,-74
2025,233,7,62,-74
2026,234,7,64,-73
2027,235,7,64,-73
2028,236,7,64,-73
2029,237,7,65,-73
2030,238,7,65,-73
2031,239,7,66,-73
2032,240,7,66,-72
2033,241,7,66,-72
2034,242,7,67,-72
2035,243,7,68,-72
2036,244,7,68,-72
2037,245,7,68,-71
2038,246,7,69,-71
2039,247,7,70,-71
2040,248,7,70,-71
2041,249,7,70,-70
2042,250,7,71,-70
2043,251,7,71,-70
2044,252,7,71,-69
2045,253,7,71,-68
2046,254,7,71,-68
2047,255,7,72,-68
2048,0,8,-72,-67
2049,1,8,-72,-68
2050,2,8,-72,-68
2051,3,8,-71,-68
2052,4,8,-71,-68
2053,5,8,-71,-69
2054,6,8,-71,-70
2055,7,8,-71,-70
2056,8,8,-70,-70
2057,9,8,-70,-71
2058,10,8,-70,-71
2059,11,8,-69,-71
2060,12,8,-68,-71
2061,13,8,-68,-72
2062,14,8,-68,-72
2063,15,8,-67,-72
2064,16,8,-66,-72
2065,17,8,-66,-72
2066,18,8,-66,-73
2067,19,8,-65,-73
2068,20,8,-65,-73
2069,21,8,-64,-73
2070,22,8,-64,-73
2071,23,8,-64,-73
2072,24,8,-62,-74
2073,25,8,-62,-74
2074,26,8,-61,-74
2075,27,8,-61,-74
2076,28,8,-60,-75
2077,29,8,-60,-75
2078,30,8,-60,-75
2079,31,8,-59,-75
2080,32,8,-58,-76
2081,33,8,-57,-76
2082,34,8,-57,-76
2083,35,8,-56,-76
2084,36,8,-56,-76
2085,37,8,-55,-77
2086,38,8,-55,-77
2087,39,8,-54,-77
2088,40,8,-54,-77
2089,41,8,-53,-78
2090,42,8,-53,-78
2091,43,8,-52,-78
2092,44,8,-51,-79
2093,45,8,-51,-79
2094,46,8,-50,-79
2095,47,8,-50,-79
2096,48,8,-48,-80
2097,49,8,-48,-80
2098,50,8,-48,-80
2099,51,8,-46,-80
2100,52,8,-46,-80
2101,53,8,-46,-81
2102,54,8,-45,-81
2103,55,8,-45,-81
2104,56,8,-44,-81
2105,57,8,-43,-82
2106,58,8,-43,-82
2107,59,8,-42,-82
2108,60,8,-41,-82
2109,61,8,-41,-83
2110,62,8,-40,-83
2111,63,8,-39,-83
2112,64,8,-39,-83
2113,65,8,-38,-84
2114,66,8,-37,-84
2115,67,8,-37,-84
2116,68,8,-36,-85
2117,69,8,-35,-85
2118,70,8,-34,-85
2119,71,8,-34,-85
2120,72,8,-33,-86
2121,73,8,-32,-86
2122,74,8,-31,-87
2123,75,8,-31,-87
2124,76,8,-30,-87
2125,77,8,-29,-87
2126,78,8,-29,-88
2127,79,8,-27,-88
2128,80,8,-27,-88
2129,81,8,-27,-88
2130,82,8,-26,-89
2131,83,8,-25,-89
2132,84,8,-24,-90
2133,85,8,-23,-90
2134,86,8,-22,-90
2135,87,8,-22,-90
2136,88,8,-21,-91
2137,89,8,-20,-91
2138,90,8,-19,-91
2139,91,8,-19,-92
2140,92,8,-17,-92
2141,93,8,-17,-93
2142,94,8,-16,-93
2143,95,8,-15,-93
2144,96,8,-14,-94
2145,97,8,-14,-94
2146,98,8,-13,-94
2147,99,8,-12,-94
2148,100,8,-11,-95
2149,101,8,-10,-95
2150,102,8,-9,-96
2151,103,8,-8,-96
2152,104,8,-7,-96
2153,105,8,-6,-97
2154,106,8,-5,-97
2155,107,8,-4,-97
2156,108,8,-3,-98
2157,109,8,-2,-98
2158,110,8,-2,-99
2159,111,8,-1,-99
2160,112,8,0,-99
2161,113,8,0,-100
2162,114,8,0,-100
2163,115,8,0,-100
2164,116,8,0,-100
2165,117,8,0,-100
2166,118,8,0,-100
2167,119,8,0,-100
2168,120,8,0,-100
2169,121,8,0,-100
2170,122,8,0,-100
2171,123,8,0,-100
2172,124,8,0,-100
2173,125,8,0,-100
2174,126,8,0,-100
2175,127,8,0,-100
2176,128,8,0,-100
2177,129,8,0,-100
2178,130,8,0,-100
2179,131,8,0,-100
2180,132,8,0,-100
2181,133,8,0,-100
2182,134,8,0,-100
2183,135,8,0,-100
2184,136,8,0,-100
2185,137,8,0,-100
2186,138,8,0,-100
2187,139,8,0,-100
2188,140,8,0,-100
2189,141,8,0,-100
2190,142,8,0,-100
2191,143,8,0,-100
2192,144,8,0,-99
2193,145,8,1,-99
2194,146,8,2,-99
2195,147,8,2,-98
2196,148,8,3,-98
2197,149,8,4,-97
2198,150,8,5,-97
2199,151,8,6,-97
2200,152,8,7,-96
2201,153,8,8,-96
2202,154,8,9,-96
2203,155,8,10,-95
2204,156,8,11,-95
2205,157,8,12,-94
2206,158,8,13,-94
2207,159,8,14,-94
2208,160,8,14,-94
2209,161,8,15,-93
2210,162,8,16,-93
2211,163,8,17,-93
2212,164,8,17,-92
2213,165,8,19,-92
2214,166,8,19,-91
2215,167,8,20,-91
2216,168,8,21,-91
2217,169,8,22,-90
2218,170,8,22,-90
2219,171,8,23,-90
2220,172,8,24,-90
2221,173,8,25,-89
2222,174,8,26,-89
2223,175,8,27,-88
2224,176,8,27,-88
2225,177,8,27,-88
2226,178,8,29,-88
2227,179,8,29,-87
2228,180,8,30,-87
2229,181,8,31,-87
2230,182,8,31,-87
2231,183,8,32,-86
2232,184,8,33,-86
2233,185,8,34,-85
2234,186,8,34,-85
2235,187,8,35,-85
2236,188,8,36,-85
2237,189,8,37,-84
2238,190,8,37,-84
2239,191,8,38,-84
2240,192,8,39,-83
2241,193,8,39,-83
2242,194,8,40,-83
2243,195,8,41,-83
2244,196,8,41,-82
2245,197,8,42,-82
2246,198,8,43,-82
2247,199,8,43,-82
2248,200,8,44,-81
2249,201,8,45,-81
2250,202,8,45,-81
2251,203,8,46,-81
2252,204,8,46,-80
2253,205,8,46,-80
2254,206,8,48,-80
2255,207,8,48,-80
2256,208,8,48,-80
2257,209,8,50,-79
2258,210,8,50,-79
2259,211,8,51,-79
2260,212,8,51,-79
2261,213,8,52,-78
2262,214,8,53,-78
2263,215,8,53,-78
2264,216,8,54,-77
2265,217,8,54,-77
2266,218,8,55,-77
2267,219,8,55,-77
2268,220,8,56,-76
2269,221,8,56,-76
2270,222,8,57,-76
2271,223,8,57,-76
2272,224,8,58,-76
2273,225,8,59,-75
2274,226,8,60,-75
2275,227,8,60,-75
2276,228,8,60,-75
2277,229,8,61,-74
2278,230,8,61,-74
2279,231,8,62,-74
2280,232,8,62,-74
2281,233,8,64,-73
2282,234,8,64,-73
2283,235,8,64,-73
2284,236,8,65,-73
2285,237,8,65,-73
2286,238,8,66,-73
2287,239,8,66,-72
2288,240,8,66,-72
2289,241,8,67,-72
2290,242,8,68,-72
2291,243,8,68,-72
2292,244,8,68,-71
2293,245,8,69,-71
2294,246,8,70,-71
2295,247,8,70,-71
2296,248,8,70,-70
2297,249,8,71,-70
2298,250,8,71,-70
2299,251,8,71,-69
2300,252,8,71,-68
2301,253,8,71,-68
2302,254,8,72,-68
2303,255,8,72,-68
2304,0,9,-72,-66
2305,1,9,-72,-67
2306,2,9,-72,-68
2307,3,9,-72,-68
2308,4,9,-71,-68
2309,5,9,-71,-68
2310,6,9,-71,-69
2311,7,9,-71,-70
2312,8,9,-71,-70
2313,9,9,-70,-70
2314,10,9,-70,-71
2315,11,9,-70,-71
2316,12,9,-69,-71
2317,13,9,-68,-71
2318,14,9,-68,-72
2319,15,9,-68,-72
2320,16,9,-67,-72
2321,17,9,-66,-72
2322,18,9,-66,-72
2323,19,9,-66,-73
2324,20,9,-65,-73
2325,21,9,-65,-73
2326,22,9,-64,-73
2327,23,9,-64,-73
2328,24,9,-64,-73
2329,25,9,-62,-74
2330,26,9,-62,-74
2331,27,9,-61,-74
2332,28,9,-61,-74
2333,29,9,-60,-75
2334,30,9,-60,-75
2335,31,9,-59,-75
2336,32,9,-59,-75
2337,33,9,-57,-76
2338,34,9,-57,-76
2339,35,9,-57,-76
2340,36,9,-56,-76
2341,37,9,-56,-76
2342,38,9,-55,-77
2343,39,9,-54,-77
2344,40,9,-54,-77
2345,41,9,-53,-78
2346,42,9,-53,-78
2347,43,9,-52,-78
2348,44,9,-52,-78
2349,45,9,-51,-79
2350,46,9,-50,-79
2351,47,9,-50,-79
2352,48,9,-49,-79
2353,49,9,-48,-80
2354,50,9,-48,-80
2355,51,9,-48,-80
2356,52,9,-46,-80
2357,53,9,-46,-81
2358,54,9,-46,-81
2359,55,9,-45,-81
2360,56,9,-45,-81
2361,57,9,-43,-82
2362,58,9,-43,-82
2363,59,9,-43,-82
2364,60,9,-41,-82
2365,61,9,-41,-83
2366,62,9,-41,-83
2367,63,9,-39,-83
2368,64,9,-39,-83
2369,65,9,-38,-84
2370,66,9,-38,-84
2371,67,9,-37,-84
2372,68,9,-36,-85
2373,69,9,-35,-85
2374,70,9,-35,-85
2375,71,9,-34,-85
2376,72,9,-33,-86
2377,73,9,-32,-86
2378,74,9,-32,-86
2379,75,9,-31,-87
2380,76,9,-30,-87
2381,77,9,-29,-87
2382,78,9,-29,-88
2383,79,9,-28,-88
2384,80,9,-27,-88
2385,81,9,-27,-88
2386,82,9,-26,-89
2387,83,9,-25,-89
2388,84,9,-24,-90
2389,85,9,-23,-90
2390,86,9,-23,-90
2391,87,9,-22,-90
2392,88,9,-21,-91
2393,89,9,-20,-91
2394,90,9,-19,-91
2395,91,9,-19,-92
2396,92,9,-17,-92
2397,93,9,-17,-93
2398,94,9,-16,-93
2399,95,9,-16,-93
2400,96,9,-15,-93
2401,97,9,-14,-94
2402,98,9,-13,-94
2403,99,9,-12,-94
2404,100,9,-11,-95
2405,101,9,-10,-95
2406,102,9,-9,-96
2407,103,9,-8,-96
2408,104,9,-7,-96
2409,105,9,-6,-97
2410,106,9,-5,-97
2411,107,9,-4,-97
2412,108,9,-3,-98
2413,109,9,-2,-98
2414,110,9,-2,-99
2415,111,9,-1,-99
2416,112,9,0,-99
2417,113,9,0,-100
2418,114,9,0,-100
2419,115,9,0,-100
2420,116,9,0,-100
2421,117,9,0,-100
2422,118,9,0,-100
2423,119,9,0,-100
2424,120,9,0,-100
2425,121,9,0,-100
2426,122,9,0,-100
2427,123,9,0,-100
2428,124,9,0,-100
2429,125,9,0,-100
2430,126,9,0,-100
2431,127,9,0,-100
2432,128,9,0,-100
2433,129,9,0,-100
2434,130,9,0,-100
2435,131,9,0,-100
2436,132,9,0,-100
2437,133,9,0,-100
2438,134,9,0,-100
2439,135,9,0,-100
2440,136,9,0,-100
2441,137,9,0,-100
2442,138,9,0,-100
2443,139,9,0,-100
2444,140,9,0,-100
2445,141,9,0,-100
2446,142,9,0,-100
2447,143,9,0,-100
2448,144,9,0,-99
2449,145,9,1,-99
2450,146,9,2,-99
2451,147,9,2,-98
2452,148,9,3,-98
2453,149,9,4,-97
2454,150,9,5,-97
2455,151,9,6,-97
2456,152,9,7,-96
2457,153,9,8,-96
2458,154,9,9,-96
2459,155,9,10,-95
2460,156,9,11,-95
2461,157,9,12,-94
2462,158,9,13,-94
2463,159,9,14,-94
2464,160,9,15,-93
2465,161,9,16,-93
2466,162,9,16,-93
2467,163,9,17,-93
2468,164,9,17,-92
2469,165,9,19,-92
2470,166,9,19,-91
2471,167,9,20,-91
2472,168,9,21,-91
2473,169,9,22,-90
2474,170,9,23,-90
2475,171,9,23,-90
2476,172,9,24,-90
2477,173,9,25,-89
2478,174,9,26,-89
2479,175,9,27,-88
2480,176,9,27,-88
2481,177,9,28,-88
2482,178,9,29,-88
2483,179,9,29,-87
2484,180,9,30,-87
2485,181,9,31,-87
2486,182,9,32,-86
2487,183,9,32,-86
2488,184,9,33,-86
2489,185,9,34,-85
2490,186,9,35,-85
2491,187,9,35,-85
2492,188,9,36,-85
2493,189,9,37,-84
2494,190,9,38,-84
2495,191,9,38,-84
2496,192,9,39,-83
2497,193,9,39,-83
2498,194,9,41,-83
2499,195,9,41,-83
2500,196,9,41,-82
2501,197,9,43,-82
2502,198,9,43,-82
2503,199,9,43,-82
2504,200,9,45,-81
2505,201,9,45,-81
2506,202,9,46,-81
2507,203,9,46,-81
2508,204,9,46,-80
2509,205,9,48,-80
2510,206,9,48,-80
2511,207,9,48,-80
2512,208,9,49,-79
2513,209,9,50,-79
2514,210,9,50,-79
2515,211,9,51,-79
2516,212,9,52,-78
2517,213,9,52,-78
2518,214,9,53,-78
2519,215,9,53,-78
2520,216,9,54,-77
2521,217,9,54,-77
2522,218,9,55,-77
2523,219,9,56,-76
2524,220,9,56,-76
2525,221,9,57,-76
2526,222,9,57,-76
2527,223,9,57,-76
2528,224,9,59,-75
2529,225,9,59,-75
2530,226,9,60,-75
2531,227,9,60,-75
2532,228,9,61,-74
2533,229,9,61,-74
2534,230,9,62,-74
2535,231,9,62,-74
2536,232,9,64,-73
2537,233,9,64,-73
2538,234,9,64,-73
2539,235,9,65,-73
2540,236,9,65,-73
2541,237,9,66,-73
2542,238,9,66,-72
2543,239,9,66,-72
2544,240,9,67,-72
2545,241,9,68,-72
2546,242,9,68,-72
2547,243,9,68,-71
2548,244,9,69,-71
2549,245,9,70,-71
2550,246,9,70,-71
2551,247,9,70,-70
2552,248,9,71,-70
2553,249,9,71,-70
2554,250,9,71,-69
2555,251,9,71,-68
2556,252,9,71,-68
2557,253,9,72,-68
2558,254,9,72,-68
2559,255,9,72,-67
2560,0,10,-72,-66
2561,1,10,-72,-66
2562,2,10,-72,-67
2563,3,10,-72,-68
2564,4,10,-72,-68
2565,5,10,-71,-68
2566,6,10,-71,-68
2567,7,10,-71,-69
2568,8,10,-71,-70
2569,9,10,-71,-70
2570,10,10,-70,-70
2571,11,10,-70,-71
2572,12,10,-70,-71
2573,13,10,-69,-71
2574,14,10,-68,-71
2575,15,10,-68,-72
2576,16,10,-68,-72
2577,17,10,-67,-72
2578,18,10,-66,-72
2579,19,10,-66,-72
2580,20,10,-66,-73
2581,21,10,-65,-73
2582,22,10,-65,-73
2583,23,10,-64,-73
2584,24,10,-64,-73
2585,25,10,-62,-74
2586,26,10,-62,-74
2587,27,10,-62,-74
2588,28,10,-61,-74
2589,29,10,-61,-74
2590,30,10,-60,-75
2591,31,10,-60,-75
2592,32,10,-59,-75
2593,33,10,-59,-75
2594,34,10,-57,-76
2595,35,10,-57,-76
2596,36,10,-56,-76
2597,37,10,-56,-76
2598,38,10,-55,-77
2599,39,10,-55,-77
2600,40,10,-54,-77
2601,41,10,-54,-77
2602,42,10,-53,-78
2603,43,10,-53,-78
2604,44,10,-52,-78
2605,45,10,-52,-78
2606,46,10,-51,-79
2607,47,10,-50,-79
2608,48,10,-50,-79
2609,49,10,-49,-79
2610,50,10,-48,-80
2611,51,10,-48,-80
2612,52,10,-46,-80
2613,53,10,-46,-80
2614,54,10,-46,-81
2615,55,10,-45,-81
2616,56,10,-45,-81
2617,57,10,-44,-81
2618,58,10,-43,-82
2619,59,10,-43,-82
2620,60,10,-42,-82
2621,61,10,-41,-82
2622,62,10,-41,-83
2623,63,10,-40,-83
2624,64,10,-39,-83
2625,65,10,-39,-83
2626,66,10,-38,-84
2627,67,10,-37,-84
2628,68,10,-37,-84
2629,69,10,-36,-85
2630,70,10,-35,-85
2631,71,10,-34,-85
2632,72,10,-33,-86
2633,73,10,-33,-86
2634,74,10,-32,-86
2635,75,10,-31,-87
2636,76,10,-30,-87
2637,77,10,-29,-87
2638,78,10,-29,-87
2639,79,10,-29,-88
2640,80,10,-27,-88
2641,81,10,-27,-88
2642,82,10,-26,-89
2643,83,10,-25,-89
2644,84,10,-25,-89
2645,85,10,-24,-90
2646,86,10,-23,-90
2647,87,10,-22,-90
2648,88,10,-21,-91
2649,89,10,-20,-91
2650,90,10,-19,-91
2651,91,10,-19,-92
2652,92,10,-18,-92
2653,93,10,-17,-92
2654,94,10,-17,-93
2655,95,10,-16,-93
2656,96,10,-15,-93
2657,97,10,-14,-94
2658,98,10,-13,-94
2659,99,10,-12,-94
2660,100,10,-11,-95
2661,101,10,-10,-95
2662,102,10,-9,-96
2663,103,10,-8,-96
2664,104,10,-7,-96
2665,105,10,-6,-97
2666,106,10,-5,-97
2667,107,10,-4,-97
2668,108,10,-3,-98
2669,109,10,-2,-98
2670,110,10,-2,-99
2671,111,10,-1,-99
2672,112,10,0,-99
2673,113,10,0,-100
2674,114,10,0,-100
2675,115,10,0,-100
2676,116,10,0,-100
2677,117,10,0,-100
2678,118,10,0,-100
2679,119,10,0,-100
2680,120,10,0,-100
2681,121,10,0,-100
2682,122,10,0,-100
2683,123,10,0,-100
2684,124,10,0,-100
2685,125,10,0,-100
2686,126,10,0,-100
2687,127,10,0,-100
2688,128,10,0,-100
2689,129,10,0,-100
2690,130,10,0,-100
2691,131,10,0,-100
2692,132,10,0,-100
2693,133,10,0,-100
2694,134,10,0,-100
2695,135,10,0,-100
2696,136,10,0,-100
2697,137,10,0,-100
2698,138,10,0,-100
2699,139,10,0,-100
2700,140,10,0,-100
2701,141,10,0,-100
2702,142,10,0,-100
2703,143,10,0,-100
2704,144,10,0,-99
2705,145,10,1,-99
2706,146,10,2,-99
2707,147,10,2,-98
2708,148,10,3,-98
2709,149,10,4,-97
2710,150,10,5,-97
2711,151,10,6,-97
2712,152,10,7,-96
2713,153,10,8,-96
2714,154,10,9,-96
2715,155,10,10,-95
2716,156,10,11,-95
2717,157,10,12,-94
2718,158,10,13,-94
2719,159,10,14,-94
2720,160,10,15,-93
2721,161,10,16,-93
2722,162,10,17,-93
2723,163,10,17,-92
2724,164,10,18,-92
2725,165,10,19,-92
2726,166,10,19,-91
2727,167,10,20,-91
2728,168,10,21,-91
2729,169,10,22,-90
2730,170,10,23,-90
2731,171,10,24,-90
2732,172,10,25,-89
2733,173,10,25,-89
2734,174,10,26,-89
2735,175,10,27,-88
2736,176,10,27,-88
2737,177,10,29,-88
2738,178,10,29,-87
2739,179,10,29,-87
2740,180,10,30,-87
2741,181,10,31,-87
2742,182,10,32,-86
2743,183,10,33,-86
2744,184,10,33,-86
2745,185,10,34,-85
2746,186,10,35,-85
2747,187,10,36,-85
2748,188,10,37,-84
2749,189,10,37,-84
2750,190,10,38,-84
2751,191,10,39,-83
2752,192,10,39,-83
2753,193,10,40,-83
2754,194,10,41,-83
2755,195,10,41,-82
2756,196,10,42,-82
2757,197,10,43,-82
2758,198,10,43,-82
2759,199,10,44,-81
2760,200,10,45,-81
2761,201,10,45,-81
2762,202,10,46,-81
2763,203,10,46,-80
2764,204,10,46,-80
2765,205,10,48,-80
2766,206,10,48,-80
2767,207,10,49,-79
2768,208,10,50,-79
2769,209,10,50,-79
2770,210,10,51,-79
2771,211,10,52,-78
2772,212,10,52,-78
2773,213,10,53,-78
2774,214,10,53,-78
2775,215,10,54,-77
2776,216,10,54,-77
2777,217,10,55,-77
2778,218,10,55,-77
2779,219,10,56,-76
2780,220,10,56,-76
2781,221,10,57,-76
2782,222,10,57,-76
2783,223,10,59,-75
2784,224,10,59,-75
2785,225,10,60,-75
2786,226,10,60,-75
2787,227,10,61,-74
2788,228,10,61,-74
2789,229,10,62,-74
2790,230,10,62,-74
2791,231,10,62,-74
2792,232,10,64,-73
2793,233,10,64,-73
2794,234,10,65,-73
2795,235,10,65,-73
2796,236,10,66,-73
2797,237,10,66,-72
2798,238,10,66,-72
2799,239,10,67,-72
2800,240,10,68,-72
2801,241,10,68,-72
2802,242,10,68,-71
2803,243,10,69,-71
2804,244,10,70,-71
2805,245,10,70,-71
2806,246,10,70,-70
2807,247,10,71,-70
2808,248,10,71,-70
2809,249,10,71,-69
2810,250,10,71,-68
2811,251,10,71,-68
2812,252,10,72,-68
2813,253,10,72,-68
2814,254,10,72,-67
2815,255,10,72,-66
2816,0,11,-73,-66
2817,1,11,-72,-66
2818,2,11,-72,-66
2819,3,11,-72,-66
2820,4,11,-72,-67
2821,5,11,-72,-68
2822,6,11,-72,-68
2823,7,11,-71,-68
2824,8,11,-71,-69
2825,9,11,-71,-70
2826,10,11,-71,-70
2827,11,11,-70,-70
2828,12,11,-70,-71
2829,13,11,-70,-71
2830,14,11,-69,-71
2831,15,11,-68,-71
2832,16,11,-68,-72
2833,17,11,-68,-72
2834,18,11,-67,-72
2835,19,11,-66,-72
2836,20,11,-66,-72
2837,21,11,-65,-73
2838,22,11,-65,-73
2839,23,11,-65,-73
2840,24,11,-64,-73
2841,25,11,-64,-73
2842,26,11,-62,-74
2843,27,11,-62,-74
2844,28,11,-62,-74
2845,29,11,-61,-74
2846,30,11,-61,-74
2847,31,11,-60,-75
2848,32,11,-60,-75
2849,33,11,-59,-75
2850,34,11,-58,-76
2851,35,11,-57,-76
2852,36,11,-57,-76
2853,37,11,-56,-76
2854,38,11,-56,-76
2855,39,11,-55,-77
2856,40,11,-55,-77
2857,41,11,-54,-77
2858,42,11,-54,-77
2859,43,11,-53,-78
2860,44,11,-53,-78
2861,45,11,-52,-78
2862,46,11,-51,-79
2863,47,11,-51,-79
2864,48,11,-50,-79
2865,49,11,-50,-79
2866,50,11,-48,-80
2867,51,11,-48,-80
2868,52,11,-48,-80
2869,53,11,-46,-80
2870,54,11,-46,-80
2871,55,11,-46,-81
2872,56,11,-45,-81
2873,57,11,-45,-81
2874,58,11,-43,-82
2875,59,11,-43,-82
2876,60,11,-43,-82
2877,61,11,-41,-82
2878,62,11,-41,-83
2879,63,11,-41,-83
2880,64,11,-39,-83
2881,65,11,-39,-83
2882,66,11,-38,-84
2883,67,11,-38,-84
2884,68,11,-37,-84
2885,69,11,-36,-85
2886,70,11,-35,-85
2887,71,11,-35,-85
2888,72,11,-34,-85
2889,73,11,-33,-86
2890,74,11,-32,-86
2891,75,11,-31,-87
2892,76,11,-31,-87
2893,77,11,-30,-87
2894,78,11,-29,-87
2895,79,11,-29,-88
2896,80,11,-27,-88
2897,81,11,-27,-88
2898,82,11,-27,-88
2899,83,11,-26,-89
2900,84,11,-25,-89
2901,85,11,-24,-90
2902,86,11,-23,-90
2903,87,11,-22,-90
2904,88,11,-21,-91
2905,89,11,-20,-91
2906,90,11,-19,-91
2907,91,11,-19,-91
2908,92,11,-19,-92
2909,93,11,-17,-92
2910,94,11,-17,-93
2911,95,11,-16,-93
2912,96,11,-15,-93
2913,97,11,-14,-94
2914,98,11,-13,-94
2915,99,11,-12,-94
2916,100,11,-11,-95
2917,101,11,-10,-95
2918,102,11,-9,-96
2919,103,11,-8,-96
2920,104,11,-7,-96
2921,105,11,-6,-97
2922,106,11,-5,-97
2923,107,11,-4,-97
2924,108,11,-3,-98
2925,109,11,-2,-98
2926,110,11,-2,-99
2927,111,11,-1,-99
2928,112,11,0,-99
2929,113,11,0,-100
2930,114,11,0,-100
2931,115,11,0,-100
2932,116,11,0,-100
2933,117,11,0,-100
2934,118,11,0,-100
2935,119,11,0,-100
2936,120,11,0,-100
2937,121,11,0,-100
2938,122,11,0,-100
2939,123,11,0,-100
2940,124,11,0,-100
2941,125,11,0,-100
2942,126,11,0,-100
2943,127,11,0,-100
2944,128,11,0,-100
2945,129,11,0,-100
2946,130,11,0,-100
2947,131,11,0,-100
2948,132,11,0,-100
2949,133,11,0,-100
2950,134,11,0,-100
2951,135,11,0,-100
2952,136,11,0,-100
2953,137,11,0,-100
2954,138,11,0,-100
2955,139,11,0,-100
2956,140,11,0,-100
2957,141,11,0,-100
2958,142,11,0,-100
2959,143,11,0,-100
2960,144,11,0,-99
2961,145,11,1,-99
2962,146,11,2,-99
2963,147,11,2,-98
2964,148,11,3,-98
2965,149,11,4,-97
2966,150,11,5,-97
2967,151,11,6,-97
2968,152,11,7,-96
2969,153,11,8,-96
2970,154,11,9,-96
2971,155,11,10,-95
2972,156,11,11,-95
2973,157,11,12,-94
2974,158,11,13,-94
2975,159,11,14,-94
2976,160,11,15,-93
2977,161,11,16,-93
2978,162,11,17,-93
2979,163,11,17,-92
2980,164,11,19,-92
2981,165,11,19,-91
2982,166,11,19,-91
2983,167,11,20,-91
2984,168,11,21,-91
2985,169,11,22,-90
2986,170,11,23,-90
2987,171,11,24,-90
2988,172,11,25,-89
2989,173,11,26,-89
2990,174,11,27,-88
2991,175,11,27,-88
2992,176,11,27,-88
2993,177,11,29,-88
2994,178,11,29,-87
2995,179,11,30,-87
2996,180,11,31,-87
2997,181,11,31,-87
2998,182,11,32,-86
2999,183,11,33,-86
3000,184,11,34,-85
3001,185,11,35,-85
3002,186,11,35,-85
3003,187,11,36,-85
3004,188,11,37,-84
3005,189,11,38,-84
3006,190,11,38,-84
3007,191,11,39,-83
3008,192,11,39,-83
3009,193,11,41,-83
3010,194,11,41,-83
3011,195,11,41,-82
3012,196,11,43,-82
3013,197,11,43,-82
3014,198,11,43,-82
3015,199,11,45,-81
3016,200,11,45,-81
3017,201,11,46,-81
3018,202,11,46,-80
3019,203,11,46,-80
3020,204,11,48,-80
3021,205,11,48,-80
3022,206,11,48,-80
3023,207,11,50,-79
3024,208,11,50,-79
3025,209,11,51,-79
3026,210,11,51,-79
3027,211,11,52,-78
3028,212,11,53,-78
3029,213,11,53,-78
3030,214,11,54,-77
3031,215,11,54,-77
3032,216,11,55,-77
3033,217,11,55,-77
3034,218,11,56,-76
3035,219,11,56,-76
3036,220,11,57,-76
3037,221,11,57,-76
3038,222,11,58,-76
3039,223,11,59,-75
3040,224,11,60,-75
3041,225,11,60,-75
3042,226,11,61,-74
3043,227,11,61,-74
3044,228,11,62,-74
3045,229,11,62,-74
3046,230,11,62,-74
3047,231,11,64,-73
3048,232,11,64,-73
3049,233,11,65,-73
3050,234,11,65,-73
3051,235,11,65,-73
3052,236,11,66,-72
3053,237,11,66,-72
3054,238,11,67,-72
3055,239,11,68,-72
3056,240,11,68,-72
3057,241,11,68,-71
3058,242,11,69,-71
3059,243,11,70,-71
3060,244,11,70,-71
3061,245,11,70,-70
3062,246,11,71,-70
3063,247,11,71,-70
3064,248,11,71,-69
3065,249,11,71,-68
3066,250,11,72,-68
3067,251,11,72,-68
3068,252,11,72,-67
3069,253,11,72,-66
3070,254,11,72,-66
3071,255,11,72,-66
3072,0,12,-73,-65
3073,1,12,-73,-65
3074,2,12,-72,-66
3075,3,12,-72,-66
3076,4,12,-72,-66
3077,5,12,-72,-67
3078,6,12,-72,-68
3079,7,12,-72,-68
3080,8,12,-71,-68
3081,9,12,-71,-69
3082,10,12,-71,-70
3083,11,12,-71,-70
3084,12,12,-70,-70
3085,13,12,-70,-71
3086,14,12,-69,-71
3087,15,12,-69,-71
3088,16,12,-68,-71
3089,17,12,-68,-72
3090,18,12,-68,-72
3091,19,12,-67,-72
3092,20,12,-66,-72
3093,21,12,-66,-72
3094,22,12,-65,-73
3095,23,12,-65,-73
3096,24,12,-64,-73
3097,25,12,-64,-73
3098,26,12,-64,-73
3099,27,12,-62,-74
3100,28,12,-62,-74
3101,29,12,-61,-74
3102,30,12,-61,-74
3103,31,12,-61,-74
3104,32,12,-60,-75
3105,33,12,-60,-75
3106,34,12,-59,-75
3107,35,12,-58,-76
3108,36,12,-57,-76
3109,37,12,-57,-76
3110,38,12,-56,-76
3111,39,12,-56,-76
3112,40,12,-55,-77
3113,41,12,-55,-77
3114,42,12,-54,-77
3115,43,12,-53,-78
3116,44,12,-53,-78
3117,45,12,-52,-78
3118,46,12,-52,-78
3119,47,12,-51,-79
3120,48,12,-50,-79
3121,49,12,-50,-79
3122,50,12,-49,-79
3123,51,12,-48,-80
3124,52,12,-48,-80
3125,53,12,-48,-80
3126,54,12,-46,-80
3127,55,12,-46,-81
3128,56,12,-45,-81
3129,57,12,-45,-81
3130,58,12,-44,-81
3131,59,12,-43,-82
3132,60,12,-43,-82
3133,61,12,-42,-82
3134,62,12,-41,-82
3135,63,12,-41,-83
3136,64,12,-40,-83
3137,65,12,-39,-83
3138,66,12,-39,-83
3139,67,12,-38,-84
3140,68,12,-37,-84
3141,69,12,-36,-85
3142,70,12,-36,-85
3143,71,12,-35,-85
3144,72,12,-34,-85
3145,73,12,-33,-86
3146,74,12,-33,-86
3147,75,12,-32,-86
3148,76,12,-31,-87
3149,77,12,-30,-87
3150,78,12,-29,-87
3151,79,12,-29,-88
3152,80,12,-28,-88
3153,81,12,-27,-88
3154,82,12,-27,-88
3155,83,12,-26,-89
3156,84,12,-25,-89
3157,85,12,-24,-90
3158,86,12,-23,-90
3159,87,12,-22,-90
3160,88,12,-22,-90
3161,89,12,-21,-91
3162,90,12,-20,-91
3163,91,12,-19,-91
3164,92,12,-19,-92
3165,93,12,-17,-92
3166,94,12,-17,-93
3167,95,12,-16,-93
3168,96,12,-15,-93
3169,97,12,-14,-94
3170,98,12,-13,-94
3171,99,12,-12,-94
3172,100,12,-11,-95
3173,101,12,-10,-95
3174,102,12,-9,-96
3175,103,12,-8,-96
3176,104,12,-7,-96
3177,105,12,-6,-97
3178,106,12,-5,-97
3179,107,12,-4,-97
3180,108,12,-3,-98
3181,109,12,-2,-98
3182,110,12,-2,-99
3183,111,12,-1,-99
3184,112,12,0,-99
3185,113,12,0,-100
3186,114,12,0,-100
3187,115,12,0,-100
3188,116,12,0,-100
3189,117,12,0,-100
3190,118,12,0,-100
3191,119,12,0,-100
3192,120,12,0,-100
3193,121,12,0,-100
3194,122,12,0,-100
3195,123,12,0,-100
3196,124,12,0,-100
3197,125,12,0,-100
3198,126,12,0,-100
3199,127,12,0,-100
3200,128,12,0,-100
3201,129,12,0,-100
3202,130,12,0,-100
3203,131,12,0,-100
3204,132,12,0,-100
3205,133,12,0,-100
3206,134,12,0,-100
3207,135,12,0,-100
3208,136,12,0,-100
3209,137,12,0,-100
3210,138,12,0,-100
3211,139,12,0,-100
3212,140,12,0,-100
3213,141,12,0,-100
3214,142,12,0,-100
3215,143,12,0,-100
3216,144,12,0,-99
3217,145,12,1,-99
3218,146,12,2,-99
3219,147,12,2,-98
3220,148,12,3,-98
3221,149,12,4,-97
3222,150,12,5,-97
3223,151,12,6,-97
3224,152,12,7,-96
3225,153,12,8,-96
3226,154,12,9,-96
3227,155,12,10,-95
3228,156,12,11,-95
3229,157,12,12,-94
3230,158,12,13,-94
3231,159,12,14,-94
3232,160,12,15,-93
3233,161,12,16,-93
3234,162,12,17,-93
3235,163,12,17,-92
3236,164,12,19,-92
3237,165,12,19,-91
3238,166,12,20,-91
3239,167,12,21,-91
3240,168,12,22,-90
3241,169,12,22,-90
3242,170,12,23,-90
3243,171,12,24,-90
3244,172,12,25,-89
3245,173,12,26,-89
3246,174,12,27,-88
3247,175,12,27,-88
3248,176,12,28,-88
3249,177,12,29,-88
3250,178,12,29,-87
3251,179,12,30,-87
3252,180,12,31,-87
3253,181,12,32,-86
3254,182,12,33,-86
3255,183,12,33,-86
3256,184,12,34,-85
3257,185,12,35,-85
3258,186,12,36,-85
3259,187,12,36,-85
3260,188,12,37,-84
3261,189,12,38,-84
3262,190,12,39,-83
3263,191,12,39,-83
3264,192,12,40,-83
3265,193,12,41,-83
3266,194,12,41,-82
3267,195,12,42,-82
3268,196,12,43,-82
3269,197,12,43,-82
3270,198,12,44,-81
3271,199,12,45,-81
3272,200,12,45,-81
3273,201,12,46,-81
3274,202,12,46,-80
3275,203,12,48,-80
3276,204,12,48,-80
3277,205,12,48,-80
3278,206,12,49,-79
3279,207,12,50,-79
3280,208,12,50,-79
3281,209,12,51,-79
3282,210,12,52,-78
3283,211,12,52,-78
3284,212,12,53,-78
3285,213,12,53,-78
3286,214,12,54,-77
3287,215,12,55,-77
3288,216,12,55,-77
3289,217,12,56,-76
3290,218,12,56,-76
3291,219,12,57,-76
3292,220,12,57,-76
3293,221,12,58,-76
3294,222,12,59,-75
3295,223,12,60,-75
3296,224,12,60,-75
3297,225,12,61,-74
3298,226,12,61,-74
3299,227,12,61,-74
3300,228,12,62,-74
3301,229,12,62,-74
3302,230,12,64,-73
3303,231,12,64,-73
3304,232,12,64,-73
3305,233,12,65,-73
3306,234,12,65,-73
3307,235,12,66,-72
3308,236,12,66,-72
3309,237,12,67,-72
3310,238,12,68,-72
3311,239,12,68,-72
3312,240,12,68,-71
3313,241,12,69,-71
3314,242,12,69,-71
3315,243,12,70,-71
3316,244,12,70,-70
3317,245,12,71,-70
3318,246,12,71,-70
3319,247,12,71,-69
3320,248,12,71,-68
3321,249,12,72,-68
3322,250,12,72,-68
3323,251,12,72,-67
3324,252,12,72,-66
3325,253,12,72,-66
3326,254,12,72,-66
3327,255,12,73,-65
3328,0,13,-73,-65
3329,1,13,-73,-65
3330,2,13,-73,-65
3331,3,13,-72,-66
3332,4,13,-72,-66
3333,5,13,-72,-66
3334,6,13,-72,-67
3335,7,13,-72,-68
3336,8,13,-72,-68
3337,9,13,-71,-68
3338,10,13,-71,-69
3339,11,13,-71,-70
3340,12,13,-71,-70
3341,13,13,-70,-70
3342,14,13,-70,-71
3343,15,13,-69,-71
3344,16,13,-69,-71
3345,17,13,-68,-71
3346,18,13,-68,-72
3347,19,13,-68,-72
3348,20,13,-67,-72
3349,21,13,-66,-72
3350,22,13,-66,-72
3351,23,13,-65,-73
3352,24,13,-65,-73
3353,25,13,-64,-73
3354,26,13,-64,-73
3355,27,13,-64,-73
3356,28,13,-62,-74
3357,29,13,-62,-74
3358,30,13,-61,-74
3359,31,13,-61,-74
3360,32,13,-60,-75
3361,33,13,-60,-75
3362,34,13,-59,-75
3363,35,13,-59,-75
3364,36,13,-58,-76
3365,37,13,-57,-76
3366,38,13,-57,-76
3367,39,13,-56,-76
3368,40,13,-55,-77
3369,41,13,-55,-77
3370,42,13,-54,-77
3371,43,13,-54,-77
3372,44,13,-53,-78
3373,45,13,-53,-78
3374,46,13,-52,-78
3375,47,13,-52,-78
3376,48,13,-51,-79
3377,49,13,-50,-79
3378,50,13,-50,-79
3379,51,13,-49,-79
3380,52,13,-48,-80
3381,53,13,-48,-80
3382,54,13,-46,-80
3383,55,13,-46,-80
3384,56,13,-46,-81
3385,57,13,-45,-81
3386,58,13,-45,-81
3387,59,13,-44,-81
3388,60,13,-43,-82
3389,61,13,-43,-82
3390,62,13,-41,-82
3391,63,13,-41,-83
3392,64,13,-41,-83
3393,65,13,-39,-83
3394,66,13,-39,-83
3395,67,13,-38,-84
3396,68,13,-38,-84
3397,69,13,-37,-84
3398,70,13,-36,-85
3399,71,13,-35,-85
3400,72,13,-34,-85
3401,73,13,-34,-85
3402,74,13,-33,-86
3403,75,13,-32,-86
3404,76,13,-31,-87
3405,77,13,-30,-87
3406,78,13,-30,-87
3407,79,13,-29,-87
3408,80,13,-29,-88
3409,81,13,-27,-88
3410,82,13,-27,-88
3411,83,13,-26,-89
3412,84,13,-25,-89
3413,85,13,-24,-90
3414,86,13,-24,-90
3415,87,13,-23,-90
3416,88,13,-22,-90
3417,89,13,-21,-91
3418,90,13,-20,-91
3419,91,13,-19,-91
3420,92,13,-19,-92
3421,93,13,-17,-92
3422,94,13,-17,-93
3423,95,13,-16,-93
3424,96,13,-15,-93
3425,97,13,-14,-94
3426,98,13,-13,-94
3427,99,13,-12,-94
3428,100,13,-11,-95
3429,101,13,-10,-95
3430,102,13,-9,-96
3431,103,13,-8,-96
3432,104,13,-7,-96
3433,105,13,-6,-97
3434,106,13,-5,-97
3435,107,13,-4,-97
3436,108,13,-3,-98
3437,109,13,-2,-98
3438,110,13,-2,-99
3439,111,13,-1,-99
3440,112,13,0,-99
3441,113,13,0,-100
3442,114,13,0,-100
3443,115,13,0,-100
3444,116,13,0,-100
3445,117,13,0,-100
3446,118,13,0,-100
3447,119,13,0,-100
3448,120,13,0,-100
3449,121,13,0,-100
3450,122,13,0,-100
3451,123,13,0,-100
3452,124,13,0,-100
3453,125,13,0,-100
3454,126,13,0,-100
3455,127,13,0,-100
3456,128,13,0,-100
3457,129,13,0,-100
3458,130,13,0,-100
3459,131,13,0,-100
3460,132,13,0,-100
3461,133,13,0,-100
3462,134,13,0,-100
3463,135,13,0,-100
3464,136,13,0,-100
3465,137,13,0,-100
3466,138,13,0,-100
3467,139,13,0,-100
3468,140,13,0,-100
3469,141,13,0,-100
3470,142,13,0,-100
3471,143,13,0,-100
3472,144,13,0,-99
3473,145,13,1,-99
3474,146,13,2,-99
3475,147,13,2,-98
3476,148,13,3,-98
3477,149,13,4,-97
3478,150,13,5,-97
3479,151,13,6,-97
3480,152,13,7,-96
3481,153,13,8,-96
3482,154,13,9,-96
3483,155,13,10,-95
3484,156,13,11,-95
3485,157,13,12,-94
3486,158,13,13,-94
3487,159,13,14,-94
3488,160,13,15,-93
3489,161,13,16,-93
3490,162,13,17,-93
3491,163,13,17,-92
3492,164,13,19,-92
3493,165,13,19,-91
3494,166,13,20,-91
3495,167,13,21,-91
3496,168,13,22,-90
3497,169,13,23,-90
3498,170,13,24,-90
3499,171,13,24,-90
3500,172,13,25,-89
3501,173,13,26,-89
3502,174,13,27,-88
3503,175,13,27,-88
3504,176,13,29,-88
3505,177,13,29,-87
3506,178,13,30,-87
3507,179,13,30,-87
3508,180,13,31,-87
3509,181,13,32,-86
3510,182,13,33,-86
3511,183,13,34,-85
3512,184,13,34,-85
3513,185,13,35,-85
3514,186,13,36,-85
3515,187,13,37,-84
3516,188,13,38,-84
3517,189,13,38,-84
3518,190,13,39,-83
3519,191,13,39,-83
3520,192,13,41,-83
3521,193,13,41,-83
3522,194,13,41,-82
3523,195,13,43,-82
3524,196,13,43,-82
3525,197,13,44,-81
3526,198,13,45,-81
3527,199,13,45,-81
3528,200,13,46,-81
3529,201,13,46,-80
3530,202,13,46,-80
3531,203,13,48,-80
3532,204,13,48,-80
3533,205,13,49,-79
3534,206,13,50,-79
3535,207,13,50,-79
3536,208,13,51,-79
3537,209,13,52,-78
3538,210,13,52,-78
3539,211,13,53,-78
3540,212,13,53,-78
3541,213,13,54,-77
3542,214,13,54,-77
3543,215,13,55,-77
3544,216,13,55,-77
3545,217,13,56,-76
3546,218,13,57,-76
3547,219,13,57,-76
3548,220,13,58,-76
3549,221,13,59,-75
3550,222,13,59,-75
3551,223,13,60,-75
3552,224,13,60,-75
3553,225,13,61,-74
3554,226,13,61,-74
3555,227,13,62,-74
3556,228,13,62,-74
3557,229,13,64,-73
3558,230,13,64,-73
3559,231,13,64,-73
3560,232,13,65,-73
3561,233,13,65,-73
3562,234,13,66,-72
3563,235,13,66,-72
3564,236,13,67,-72
3565,237,13,68,-72
3566,238,13,68,-72
3567,239,13,68,-71
3568,240,13,69,-71
3569,241,13,69,-71
3570,242,13,70,-71
3571,243,13,70,-70
3572,244,13,71,-70
3573,245,13,71,-70
3574,246,13,71,-69
3575,247,13,71,-68
3576,248,13,72,-68
3577,249,13,72,-68
3578,250,13,72,-67
3579,251,13,72,-66
3580,252,13,72,-66
3581,253,13,72,-66
3582,254,13,73,-65
3583,255,13,73,-65
3584,0,14,-73,-64
3585,1,14,-73,-65
3586,2,14,-73,-65
3587,3,14,-73,-65
3588,4,14,-73,-66
3589,5,14,-72,-66
3590,6,14,-72,-66
3591,7,14,-72,-67
3592,8,14,-72,-68
3593,9,14,-72,-68
3594,10,14,-71,-68
3595,11,14,-71,-69
3596,12,14,-71,-69
3597,13,14,-71,-70
3598,14,14,-70,-70
3599,15,14,-70,-71
3600,16,14,-69,-71
3601,17,14,-69,-71
3602,18,14,-68,-71
3603,19,14,-68,-72
3604,20,14,-68,-72
3605,21,14,-67,-72
3606,22,14,-66,-72
3607,23,14,-66,-72
3608,24,14,-65,-73
3609,25,14,-65,-73
3610,26,14,-64,-73
3611,27,14,-64,-73
3612,28,14,-64,-73
3613,29,14,-62,-74
3614,30,14,-62,-74
3615,31,14,-61,-74
3616,32,14,-61,-74
3617,33,14,-60,-75
3618,34,14,-60,-75
3619,35,14,-59,-75
3620,36,14,-59,-75
3621,37,14,-57,-76
3622,38,14,-57,-76
3623,39,14,-56,-76
3624,40,14,-56,-76
3625,41,14,-55,-77
3626,42,14,-55,-77
3627,43,14,-54,-77
3628,44,14,-54,-77
3629,45,14,-53,-78
3630,46,14,-53,-78
3631,47,14,-52,-78
3632,48,14,-51,-79
3633,49,14,-51,-79
3634,50,14,-50,-79
3635,51,14,-50,-79
3636,52,14,-48,-80
3637,53,14,-48,-80
3638,54,14,-48,-80
3639,55,14,-46,-80
3640,56,14,-46,-81
3641,57,14,-45,-81
3642,58,14,-45,-81
3643,59,14,-44,-81
3644,60,14,-43,-82
3645,61,14,-43,-82
3646,62,14,-42,-82
3647,63,14,-41,-82
3648,64,14,-41,-83
3649,65,14,-40,-83
3650,66,14,-39,-83
3651,67,14,-39,-83
3652,68,14,-38,-84
3653,69,14,-37,-84
3654,70,14,-36,-85
3655,71,14,-36,-85
3656,72,14,-35,-85
3657,73,14,-34,-85
3658,74,14,-33,-86
3659,75,14,-32,-86
3660,76,14,-32,-86
3661,77,14,-31,-87
3662,78,14,-30,-87
3663,79,14,-29,-87
3664,80,14,-29,-88
3665,81,14,-27,-88
3666,82,14,-27,-88
3667,83,14,-27,-88
3668,84,14,-26,-89
3669,85,14,-25,-89
3670,86,14,-24,-90
3671,87,14,-23,-90
3672,88,14,-22,-90
3673,89,14,-21,-91
3674,90,14,-20,-91
3675,91,14,-19,-91
3676,92,14,-19,-92
3677,93,14,-17,-92
3678,94,14,-17,-93
3679,95,14,-16,-93
3680,96,14,-15,-93
3681,97,14,-14,-94
3682,98,14,-13,-94
3683,99,14,-13,-94
3684,100,14,-12,-94
3685,101,14,-11,-95
3686,102,14,-10,-95
3687,103,14,-9,-96
3688,104,14,-8,-96
3689,105,14,-7,-96
3690,106,14,-6,-97
3691,107,14,-5,-97
3692,108,14,-4,-97
3693,109,14,-3,-98
3694,110,14,-2,-98
3695,111,14,-2,-99
3696,112,14,-1,-99
3697,113,14,0,-100
3698,114,14,0,-100
3699,115,14,0,-100
3700,116,14,0,-100
3701,117,14,0,-100
3702,118,14,0,-100
3703,119,14,0,-100
3704,120,14,0,-100
3705,121,14,0,-100
3706,122,14,0,-100
3707,123,14,0,-100
3708,124,14,0,-100
3709,125,14,0,-100
3710,126,14,0,-100
3711,127,14,0,-100
3712,128,14,0,-100
3713,129,14,0,-100
3714,130,14,0,-100
3715,131,14,0,-100
3716,132,14,0,-100
3717,133,14,0,-100
3718,134,14,0,-100
3719,135,14,0,-100
3720,136,14,0,-100
3721,137,14,0,-100
3722,138,14,0,-100
3723,139,14,0,-100
3724,140,14,0,-100
3725,141,14,0,-100
3726,142,14,0,-100
3727,143,14,0,-100
3728,144,14,1,-99
3729,145,14,2,-99
3730,146,14,2,-98
3731,147,14,3,-98
3732,148,14,4,-97
3733,149,14,5,-97
3734,150,14,6,-97
3735,151,14,7,-96
3736,152,14,8,-96
3737,153,14,9,-96
3738,154,14,10,-95
3739,155,14,11,-95
3740,156,14,12,-94
3741,157,14,13,-94
3742,158,14,13,-94
3743,159,14,14,-94
3744,160,14,15,-93
3745,161,14,16,-93
3746,162,14,17,-93
3747,163,14,17,-92
3748,164,14,19,-92
3749,165,14,19,-91
3750,166,14,20,-91
3751,167,14,21,-91
3752,168,14,22,-90
3753,169,14,23,-90
3754,170,14,24,-90
3755,171,14,25,-89
3756,172,14,26,-89
3757,173,14,27,-88
3758,174,14,27,-88
3759,175,14,27,-88
3760,176,14,29,-88
3761,177,14,29,-87
3762,178,14,30,-87
3763,179,14,31,-87
3764,180,14,32,-86
3765,181,14,32,-86
3766,182,14,33,-86
3767,183,14,34,-85
3768,184,14,35,-85
3769,185,14,36,-85
3770,186,14,36,-85
3771,187,14,37,-84
3772,188,14,38,-84
3773,189,14,39,-83
3774,190,14,39,-83
3775,191,14,40,-83
3776,192,14,41,-83
3777,193,14,41,-82
3778,194,14,42,-82
3779,195,14,43,-82
3780,196,14,43,-82
3781,197,14,44,-81
3782,198,14,45,-81
3783,199,14,45,-81
3784,200,14,46,-81
3785,201,14,46,-80
3786,202,14,48,-80
3787,203,14,48,-80
3788,204,14,48,-80
3789,205,14,50,-79
3790,206,14,50,-79
3791,207,14,51,-79
3792,208,14,51,-79
3793,209,14,52,-78
3794,210,14,53,-78
3795,211,14,53,-78
3796,212,14,54,-77
3797,213,14,54,-77
3798,214,14,55,-77
3799,215,14,55,-77
3800,216,14,56,-76
3801,217,14,56,-76
3802,218,14,57,-76
3803,219,14,57,-76
3804,220,14,59,-75
3805,221,14,59,-75
3806,222,14,60,-75
3807,223,14,60,-75
3808,224,14,61,-74
3809,225,14,61,-74
3810,226,14,62,-74
3811,227,14,62,-74
3812,228,14,64,-73
3813,229,14,64,-73
3814,230,14,64,-73
3815,231,14,65,-73
3816,232,14,65,-73
3817,233,14,66,-72
3818,234,14,66,-72
3819,235,14,67,-72
3820,236,14,68,-72
3821,237,14,68,-72
3822,238,14,68,-71
3823,239,14,69,-71
3824,240,14,69,-71
3825,241,14,70,-71
3826,242,14,70,-70
3827,243,14,71,-70
3828,244,14,71,-69
3829,245,14,71,-69
3830,246,14,71,-68
3831,247,14,72,-68
3832,248,14,72,-68
3833,249,14,72,-67
3834,250,14,72,-66
3835,251,14,72,-66
3836,252,14,73,-66
3837,253,14,73,-65
3838,254,14,73,-65
3839,255,14,73,-65
3840,0,15,-73,-64
3841,1,15,-73,-64
3842,2,15,-73,-65
3843,3,15,-73,-65
3844,4,15,-73,-65
3845,5,15,-73,-66
3846,6,15,-72,-66
3847,7,15,-72,-66
3848,8,15,-72,-67
3849,9,15,-72,-68
3850,10,15,-72,-68
3851,11,15,-71,-68
3852,12,15,-71,-69
3853,13,15,-71,-69
3854,14,15,-71,-70
3855,15,15,-70,-70
3856,16,15,-70,-71
3857,17,15,-69,-71
3858,18,15,-69,-71
3859,19,15,-68,-71
3860,20,15,-68,-72
3861,21,15,-68,-72
3862,22,15,-67,-72
3863,23,15,-66,-72
3864,24,15,-66,-73
3865,25,15,-65,-73
3866,26,15,-65,-73
3867,27,15,-64,-73
3868,28,15,-64,-73
3869,29,15,-64,-73
3870,30,15,-62,-74
3871,31,15,-62,-74
3872,32,15,-61,-74
3873,33,15,-61,-74
3874,34,15,-60,-75
3875,35,15,-60,-75
3876,36,15,-59,-75
3877,37,15,-58,-76
3878,38,15,-57,-76
3879,39,15,-57,-76
3880,40,15,-56,-76
3881,41,15,-56,-76
3882,42,15,-55,-77
3883,43,15,-55,-77
3884,44,15,-54,-77
3885,45,15,-54,-77
3886,46,15,-53,-78
3887,47,15,-52,-78
3888,48,15,-52,-78
3889,49,15,-51,-79
3890,50,15,-50,-79
3891,51,15,-50,-79
3892,52,15,-49,-79
3893,53,15,-48,-80
3894,54,15,-48,-80
3895,55,15,-46,-80
3896,56,15,-46,-80
3897,57,15,-46,-81
3898,58,15,-45,-81
3899,59,15,-45,-81
3900,60,15,-44,-81
3901,61,15,-43,-82
3902,62,15,-43,-82
3903,63,15,-41,-82
3904,64,15,-41,-83
3905,65,15,-40,-83
3906,66,15,-39,-83
3907,67,15,-39,-83
3908,68,15,-38,-84
3909,69,15,-37,-84
3910,70,15,-37,-84
3911,71,15,-36,-85
3912,72,15,-35,-85
3913,73,15,-34,-85
3914,74,15,-33,-86
3915,75,15,-33,-86
3916,76,15,-32,-86
3917,77,15,-31,-87
3918,78,15,-30,-87
3919,79,15,-29,-87
3920,80,15,-29,-88
3921,81,15,-28,-88
3922,82,15,-27,-88
3923,83,15,-27,-88
3924,84,15,-26,-89
3925,85,15,-25,-89
3926,86,15,-24,-90
3927,87,15,-23,-90
3928,88,15,-22,-90
3929,89,15,-21,-91
3930,90,15,-20,-91
3931,91,15,-19,-91
3932,92,15,-19,-92
3933,93,15,-18,-92
3934,94,15,-17,-92
3935,95,15,-17,-93
3936,96,15,-16,-93
3937,97,15,-15,-93
3938,98,15,-14,-94
3939,99,15,-13,-94
3940,100,15,-12,-94
3941,101,15,-11,-95
3942,102,15,-10,-95
3943,103,15,-9,-96
3944,104,15,-8,-96
3945,105,15,-7,-96
3946,106,15,-6,-97
3947,107,15,-5,-97
3948,108,15,-4,-97
3949,109,15,-3,-98
3950,110,15,-2,-98
3951,111,15,-2,-99
3952,112,15,-1,-99
3953,113,15,0,-100
3954,114,15,0,-100
3955,115,15,0,-100
3956,116,15,0,-100
3957,117,15,0,-100
3958,118,15,0,-100
3959,119,15,0,-100
3960,120,15,0,-100
3961,121,15,0,-100
3962,122,15,0,-100
3963,123,15,0,-100
3964,124,15,0,-100
3965,125,15,0,-100
3966,126,15,0,-100
3967,127,15,0,-100
3968,128,15,0,-100
3969,129,15,0,-100
3970,130,15,0,-100
3971,131,15,0,-100
3972,132,15,0,-100
3973,133,15,0,-100
3974,134,15,0,-100
3975,135,15,0,-100
3976,136,15,0,-100
3977,137,15,0,-100
3978,138,15,0,-100
3979,139,15,0,-100
3980,140,15,0,-100
3981,141,15,0,-100
3982,142,15,0,-100
3983,143,15,0,-100
3984,144,15,1,-99
3985,145,15,2,-99
3986,146,15,2,-98
3987,147,15,3,-98
3988,148,15,4,-97
3989,149,15,5,-97
3990,150,15,6,-97
3991,151,15,7,-96
3992,152,15,8,-96
3993,153,15,9,-96
3994,154,15,10,-95
3995,155,15,11,-95
3996,156,15,12,-94
3997,157,15,13,-94
3998,158,15,14,-94
3999,159,15,15,-93
4000,160,15,16,-93
4001,161,15,17,-93
4002,162,15,17,-92
4003,163,15,18,-92
4004,164,15,19,-92
4005,165,15,19,-91
4006,166,15,20,-91
4007,167,15,21,-91
4008,168,15,22,-90
4009,169,15,23,-90
4010,170,15,24,-90
4011,171,15,25,-89
4012,172,15,26,-89
4013,173,15,27,-88
4014,174,15,27,-88
4015,175,15,28,-88
4016,176,15,29,-88
4017,177,15,29,-87
4018,178,15,30,-87
4019,179,15,31,-87
4020,180,15,32,-86
4021,181,15,33,-86
4022,182,15,33,-86
4023,183,15,34,-85
4024,184,15,35,-85
4025,185,15,36,-85
4026,186,15,37,-84
4027,187,15,37,-84
4028,188,15,38,-84
4029,189,15,39,-83
4030,190,15,39,-83
4031,191,15,40,-83
4032,192,15,41,-83
4033,193,15,41,-82
4034,194,15,43,-82
4035,195,15,43,-82
4036,196,15,44,-81
4037,197,15,45,-81
4038,198,15,45,-81
4039,199,15,46,-81
4040,200,15,46,-80
4041,201,15,46,-80
4042,202,15,48,-80
4043,203,15,48,-80
4044,204,15,49,-79
4045,205,15,50,-79
4046,206,15,50,-79
4047,207,15,51,-79
4048,208,15,52,-78
4049,209,15,52,-78
4050,210,15,53,-78
4051,211,15,54,-77
4052,212,15,54,-77
4053,213,15,55,-77
4054,214,15,55,-77
4055,215,15,56,-76
4056,216,15,56,-76
4057,217,15,57,-76
4058,218,15,57,-76
4059,219,15,58,-76
4060,220,15,59,-75
4061,221,15,60,-75
4062,222,15,60,-75
4063,223,15,61,-74
4064,224,15,61,-74
4065,225,15,62,-74
4066,226,15,62,-74
4067,227,15,64,-73
4068,228,15,64,-73
4069,229,15,64,-73
4070,230,15,65,-73
4071,231,15,65,-73
4072,232,15,66,-73
4073,233,15,66,-72
4074,234,15,67,-72
4075,235,15,68,-72
4076,236,15,68,-72
4077,237,15,68,-71
4078,238,15,69,-71
4079,239,15,69,-71
4080,240,15,70,-71
4081,241,15,70,-70
4082,242,15,71,-70
4083,243,15,71,-69
4084,244,15,71,-69
4085,245,15,71,-68
4086,246,15,72,-68
4087,247,15,72,-68
4088,248,15,72,-67
4089,249,15,72,-66
4090,250,15,72,-66
4091,251,15,73,-66
4092,252,15,73,-65
4093,253,15,73,-65
4094,254,15,73,-65
4095,255,15,73,-64
4096,0,16,-73,-64
4097,1,16,-73,-64
4098,2,16,-73,-64
4099,3,16,-73,-64
4100,4,16,-73,-65
4101,5,16,-73,-65
4102,6,16,-73,-66
4103,7,16,-72,-66
4104,8,16,-72,-66
4105,9,16,-72,-67
4106,10,16,-72,-68
4107,11,16,-72,-68
4108,12,16,-71,-68
4109,13,16,-71,-69
4110,14,16,-71,-69
4111,15,16,-71,-70
4112,16,16,-70,-70
4113,17,16,-70,-71
4114,18,16,-69,-71
4115,19,16,-69,-71
4116,20,16,-68,-71
4117,21,16,-68,-72
4118,22,16,-68,-72
4119,23,16,-67,-72
4120,24,16,-66,-72
4121,25,16,-66,-73
4122,26,16,-65,-73
4123,27,16,-65,-73
4124,28,16,-64,-73
4125,29,16,-64,-73
4126,30,16,-64,-73
4127,31,16,-62,-74
4128,32,16,-62,-74
4129,33,16,-61,-74
4130,34,16,-61,-74
4131,35,16,-60,-75
4132,36,16,-60,-75
4133,37,16,-59,-75
4134,38,16,-58,-76
4135,39,16,-57,-76
4136,40,16,-57,-76
4137,41,16,-56,-76
4138,42,16,-56,-76
4139,43,16,-55,-77
4140,44,16,-54,-77
4141,45,16,-54,-77
4142,46,16,-53,-78
4143,47,16,-53,-78
4144,48,16,-52,-78
4145,49,16,-52,-78
4146,50,16,-51,-79
4147,51,16,-50,-79
4148,52,16,-50,-79
4149,53,16,-48,-80
4150,54,16,-48,-80
4151,55,16,-48,-80
4152,56,16,-46,-80
4153,57,16,-46,-81
4154,58,16,-46,-81
4155,59,16,-45,-81
4156,60,16,-44,-81
4157,61,16,-43,-82
4158,62,16,-43,-82
4159,63,16,-42,-82
4160,64,16,-41,-82
4161,65,16,-41,-83
4162,66,16,-40,-83
4163,67,16,-39,-83
4164,68,16,-39,-83
4165,69,16,-38,-84
4166,70,16,-37,-84
4167,71,16,-36,-85
4168,72,16,-35,-85
4169,73,16,-35,-85
4170,74,16,-34,-85
4171,75,16,-33,-86
4172,76,16,-32,-86
4173,77,16,-31,-87
4174,78,16,-30,-87
4175,79,16,-30,-87
4176,80,16,-29,-87
4177,81,16,-29,-88
4178,82,16,-27,-88
4179,83,16,-27,-88
4180,84,16,-26,-89
4181,85,16,-25,-89
4182,86,16,-24,-90
4183,87,16,-23,-90
4184,88,16,-22,-90
4185,89,16,-22,-90
4186,90,16,-21,-91
4187,91,16,-20,-91
4188,92,16,-19,-91
4189,93,16,-19,-92
4190,94,16,-17,-92
4191,95,16,-17,-93
4192,96,16,-16,-93
4193,97,16,-15,-93
4194,98,16,-14,-94
4195,99,16,-13,-94
4196,100,16,-12,-94
4197,101,16,-11,-95
4198,102,16,-10,-95
4199,103,16,-9,-96
4200,104,16,-8,-96
4201,105,16,-7,-96
4202,106,16,-6,-97
4203,107,16,-5,-97
4204,108,16,-4,-97
4205,109,16,-3,-98
4206,110,16,-2,-98
4207,111,16,-2,-99
4208,112,16,-1,-99
4209,113,16,0,-100
4210,114,16,0,-100
4211,115,16,0,-100
4212,116,16,0,-100
4213,117,16,0,-100
4214,118,16,0,-100
4215,119,16,0,-100
4216,120,16,0,-100
4217,121,16,0,-100
4218,122,16,0,-100
4219,123,16,0,-100
4220,124,16,0,-100
4221,125,16,0,-100
4222,126,16,0,-100
4223,127,16,0,-100
4224,128,16,0,-100
4225,129,16,0,-100
4226,130,16,0,-100
4227,131,16,0,-100
4228,132,16,0,-100
4229,133,16,0,-100
4230,134,16,0,-100
4231,135,16,0,-100
4232,136,16,0,-100
4233,137,16,0,-100
4234,138,16,0,-100
4235,139,16,0,-100
4236,140,16,0,-100
4237,141,16,0,-100
4238,142,16,0,-100
4239,143,16,0,-100
4240,144,16,1,-99
4241,145,16,2,-99
4242,146,16,2,-98
4243,147,16,3,-98
4244,148,16,4,-97
4245,149,16,5,-97
4246,150,16,6,-97
4247,151,16,7,-96
4248,152,16,8,-96
4249,153,16,9,-96
4250,154,16,10,-95
4251,155,16,11,-95
4252,156,16,12,-94
4253,157,16,13,-94
4254,158,16,14,-94
4255,159,16,15,-93
4256,160,16,16,-93
4257,161,16,17,-93
4258,162,16,17,-92
4259,163,16,19,-92
4260,164,16,19,-91
4261,165,16,20,-91
4262,166,16,21,-91
4263,167,16,22,-90
4264,168,16,22,-90
4265,169,16,23,-90
4266,170,16,24,-90
4267,171,16,25,-89
4268,172,16,26,-89
4269,173,16,27,-88
4270,174,16,27,-88
4271,175,16,29,-88
4272,176,16,29,-87
4273,177,16,30,-87
4274,178,16,30,-87
4275,179,16,31,-87
4276,180,16,32,-86
4277,181,16,33,-86
4278,182,16,34,-85
4279,183,16,35,-85
4280,184,16,35,-85
4281,185,16,36,-85
4282,186,16,37,-84
4283,187,16,38,-84
4284,188,16,39,-83
4285,189,16,39,-83
4286,190,16,40,-83
4287,191,16,41,-83
4288,192,16,41,-82
4289,193,16,42,-82
4290,194,16,43,-82
4291,195,16,43,-82
4292,196,16,44,-81
4293,197,16,45,-81
4294,198,16,46,-81
4295,199,16,46,-81
4296,200,16,46,-80
4297,201,16,48,-80
4298,202,16,48,-80
4299,203,16,48,-80
4300,204,16,50,-79
4301,205,16,50,-79
4302,206,16,51,-79
4303,207,16,52,-78
4304,208,16,52,-78
4305,209,16,53,-78
4306,210,16,53,-78
4307,211,16,54,-77
4308,212,16,54,-77
4309,213,16,55,-77
4310,214,16,56,-76
4311,215,16,56,-76
4312,216,16,57,-76
4313,217,16,57,-76
4314,218,16,58,-76
4315,219,16,59,-75
4316,220,16,60,-75
4317,221,16,60,-75
4318,222,16,61,-74
4319,223,16,61,-74
4320,224,16,62,-74
4321,225,16,62,-74
4322,226,16,64,-73
4323,227,16,64,-73
4324,228,16,64,-73
4325,229,16,65,-73
4326,230,16,65,-73
4327,231,16,66,-73
4328,232,16,66,-72
4329,233,16,67,-72
4330,234,16,68,-72
4331,235,16,68,-72
4332,236,16,68,-71
4333,237,16,69,-71
4334,238,16,69,-71
4335,239,16,70,-71
4336,240,16,70,-70
4337,241,16,71,-70
4338,242,16,71,-69
4339,243,16,71,-69
4340,244,16,71,-68
4341,245,16,72,-68
4342,246,16,72,-68
4343,247,16,72,-67
4344,248,16,72,-66
4345,249,16,72,-66
4346,250,16,73,-66
4347,251,16,73,-65
4348,252,16,73,-65
4349,253,16,73,-64
4350,254,16,73,-64
4351,255,16,73,-64
4352,0,17,-74,-62
4353,1,17,-73,-64
4354,2,17,-73,-64
4355,3,17,-73,-64
4356,4,17,-73,-64
4357,5,17,-73,-65
4358,6,17,-73,-65
4359,7,17,-73,-66
4360,8,17,-72,-66
4361,9,17,-72,-66
4362,10,17,-72,-67
4363,11,17,-72,-68
4364,12,17,-72,-68
4365,13,17,-71,-68
4366,14,17,-71,-69
4367,15,17,-71,-69
4368,16,17,-71,-70
4369,17,17,-70,-70
4370,18,17,-70,-71
4371,19,17,-69,-71
4372,20,17,-69,-71
4373,21,17,-68,-71
4374,22,17,-68,-72
4375,23,17,-68,-72
4376,24,17,-66,-72
4377,25,17,-66,-72
4378,26,17,-66,-73
4379,27,17,-65,-73
4380,28,17,-65,-73
4381,29,17,-64,-73
4382,30,17,-64,-73
4383,31,17,-62,-74
4384,32,17,-62,-74
4385,33,17,-62,-74
4386,34,17,-61,-74
4387,35,17,-61,-74
4388,36,17,-60,-75
4389,37,17,-60,-75
4390,38,17,-59,-75
4391,39,17,-58,-76
4392,40,17,-57,-76
4393,41,17,-57,-76
4394,42,17,-56,-76
4395,43,17,-55,-77
4396,44,17,-55,-77
4397,45,17,-54,-77
4398,46,17,-54,-77
4399,47,17,-53,-78
4400,48,17,-53,-78
4401,49,17,-52,-78
4402,50,17,-51,-79
4403,51,17,-50,-79
4404,52,17,-50,-79
4405,53,17,-49,-79
4406,54,17,-48,-80
4407,55,17,-48,-80
4408,56,17,-48,-80
4409,57,17,-46,-80
4410,58,17,-46,-81
4411,59,17,-45,-81
4412,60,17,-45,-81
4413,61,17,-44,-81
4414,62,17,-43,-82
4415,63,17,-43,-82
4416,64,17,-41,-82
4417,65,17,-41,-83
4418,66,17,-40,-83
4419,67,17,-39,-83
4420,68,17,-39,-83
4421,69,17,-38,-84
4422,70,17,-37,-84
4423,71,17,-37,-84
4424,72,17,-36,-85
4425,73,17,-35,-85
4426,74,17,-34,-85
4427,75,17,-33,-86
4428,76,17,-32,-86
4429,77,17,-32,-86
4430,78,17,-31,-87
4431,79,17,-30,-87
4432,80,17,-29,-87
4433,81,17,-29,-88
4434,82,17,-27,-88
4435,83,17,-27,-88
4436,84,17,-26,-89
4437,85,17,-25,-89
4438,86,17,-25,-89
4439,87,17,-24,-90
4440,88,17,-23,-90
4441,89,17,-22,-90
4442,90,17,-21,-91
4443,91,17,-20,-91
4444,92,17,-19,-91
4445,93,17,-19,-92
4446,94,17,-17,-92
4447,95,17,-17,-93
4448,96,17,-16,-93
4449,97,17,-15,-93
4450,98,17,-14,-94
4451,99,17,-13,-94
4452,100,17,-12,-94
4453,101,17,-11,-95
4454,102,17,-10,-95
4455,103,17,-9,-96
4456,104,17,-8,-96
4457,105,17,-7,-96
4458,106,17,-6,-97
4459,107,17,-5,-97
4460,108,17,-4,-97
4461,109,17,-3,-98
4462,110,17,-2,-98
4463,111,17,-2,-99
4464,112,17,-1,-99
4465,113,17,0,-100
4466,114,17,0,-100
4467,115,17,0,-100
4468,116,17,0,-100
4469,117,17,0,-100
4470,118,17,0,-100
4471,119,17,0,-100
4472,120,17,0,-100
4473,121,17,0,-100
4474,122,17,0,-100
4475,123,17,0,-100
4476,124,17,0,-100
4477,125,17,0,-100
4478,126,17,0,-100
4479,127,17,0,-100
4480,128,17,0,-100
4481,129,17,0,-100
4482,130,17,0,-100
4483,131,17,0,-100
4484,132,17,0,-100
4485,133,17,0,-100
4486,134,17,0,-100
4487,135,17,0,-100
4488,136,17,0,-100
4489,137,17,0,-100
4490,138,17,0,-100
4491,139,17,0,-100
4492,140,17,0,-100
4493,141,17,0,-100
4494,142,17,0,-100
4495,143,17,0,-100
4496,144,17,1,-99
4497,145,17,2,-99
4498,146,17,2,-98
4499,147,17,3,-98
4500,148,17,4,-97
4501,149,17,5,-97
4502,150,17,6,-97
4503,151,17,7,-96
4504,152,17,8,-96
4505,153,17,9,-96
4506,154,17,10,-95
4507,155,17,11,-95
4508,156,17,12,-94
4509,157,17,13,-94
4510,158,17,14,-94
4511,159,17,15,-93
4512,160,17,16,-93
4513,161,17,17,-93
4514,162,17,17,-92
4515,163,17,19,-92
4516,164,17,19,-91
4517,165,17,20,-91
4518,166,17,21,-91
4519,167,17,22,-90
4520,168,17,23,-90
4521,169,17,24,-90
4522,170,17,25,-89
4523,171,17,25,-89
4524,172,17,26,-89
4525,173,17,27,-88
4526,174,17,27,-88
4527,175,17,29,-88
4528,176,17,29,-87
4529,177,17,30,-87
4530,178,17,31,-87
4531,179,17,32,-86
4532,180,17,32,-86
4533,181,17,33,-86
4534,182,17,34,-85
4535,183,17,35,-85
4536,184,17,36,-85
4537,185,17,37,-84
4538,186,17,37,-84
4539,187,17,38,-84
4540,188,17,39,-83
4541,189,17,39,-83
4542,190,17,40,-83
4543,191,17,41,-83
4544,192,17,41,-82
4545,193,17,43,-82
4546,194,17,43,-82
4547,195,17,44,-81
4548,196,17,45,-81
4549,197,17,45,-81
4550,198,17,46,-81
4551,199,17,46,-80
4552,200,17,48,-80
4553,201,17,48,-80
4554,202,17,48,-80
4555,203,17,49,-79
4556,204,17,50,-79
4557,205,17,50,-79
4558,206,17,51,-79
4559,207,17,52,-78
4560,208,17,53,-78
4561,209,17,53,-78
4562,210,17,54,-77
4563,211,17,54,-77
4564,212,17,55,-77
4565,213,17,55,-77
4566,214,17,56,-76
4567,215,17,57,-76
4568,216,17,57,-76
4569,217,17,58,-76
4570,218,17,59,-75
4571,219,17,60,-75
4572,220,17,60,-75
4573,221,17,61,-74
4574,222,17,61,-74
4575,223,17,62,-74
4576,224,17,62,-74
4577,225,17,62,-74
4578,226,17,64,-73
4579,227,17,64,-73
4580,228,17,65,-73
4581,229,17,65,-73
4582,230,17,66,-73
4583,231,17,66,-72
4584,232,17,66,-72
4585,233,17,68,-72
4586,234,17,68,-72
4587,235,17,68,-71
4588,236,17,69,-71
4589,237,17,69,-71
4590,238,17,70,-71
4591,239,17,70,-70
4592,240,17,71,-70
4593,241,17,71,-69
4594,242,17,71,-69
4595,243,17,71,-68
4596,244,17,72,-68
4597,245,17,72,-68
4598,246,17,72,-67
4599,247,17,72,-66
4600,248,17,72,-66
4601,249,17,73,-66
4602,250,17,73,-65
4603,251,17,73,-65
4604,252,17,73,-64
4605,253,17,73,-64
4606,254,17,73,-64
4607,255,17,73,-64
4608,0,18,-74,-62
4609,1,18,-74,-62
4610,2,18,-73,-64
4611,3,18,-73,-64
4612,4,18,-73,-64
4613,5,18,-73,-64
4614,6,18,-73,-65
4615,7,18,-73,-65
4616,8,18,-73,-66
4617,9,18,-72,-66
4618,10,18,-72,-66
4619,11,18,-72,-67
4620,12,18,-72,-68
4621,13,18,-72,-68
4622,14,18,-71,-68
4623,15,18,-71,-69
4624,16,18,-71,-69
4625,17,18,-71,-70
4626,18,18,-70,-70
4627,19,18,-70,-71
4628,20,18,-69,-71
4629,21,18,-69,-71
4630,22,18,-68,-71
4631,23,18,-68,-72
4632,24,18,-68,-72
4633,25,18,-66,-72
4634,26,18,-66,-72
4635,27,18,-66,-73
4636,28,18,-65,-73
4637,29,18,-65,-73
4638,30,18,-64,-73
4639,31,18,-64,-73
4640,32,18,-62,-74
4641,33,18,-62,-74
4642,34,18,-61,-74
4643,35,18,-61,-74
4644,36,18,-60,-75
4645,37,18,-60,-75
4646,38,18,-59,-75
4647,39,18,-59,-75
4648,40,18,-57,-76
4649,41,18,-57,-76
4650,42,18,-56,-76
4651,43,18,-56,-76
4652,44,18,-55,-77
4653,45,18,-55,-77
4654,46,18,-54,-77
4655,47,18,-54,-77
4656,48,18,-53,-78
4657,49,18,-52,-78
4658,50,18,-52,-78
4659,51,18,-51,-79
4660,52,18,-50,-79
4661,53,18,-50,-79
4662,54,18,-49,-79
4663,55,18,-48,-80
4664,56,18,-48,-80
4665,57,18,-46,-80
4666,58,18,-46,-80
4667,59,18,-46,-81
4668,60,18,-45,-81
4669,61,18,-45,-81
4670,62,18,-43,-82
4671,63,18,-43,-82
4672,64,18,-42,-82
4673,65,18,-41,-82
4674,66,18,-41,-83
4675,67,18,-39,-83
4676,68,18,-39,-83
4677,69,18,-39,-83
4678,70,18,-38,-84
4679,71,18,-37,-84
4680,72,18,-36,-85
4681,73,18,-35,-85
4682,74,18,-34,-85
4683,75,18,-34,-85
4684,76,18,-33,-86
4685,77,18,-32,-86
4686,78,18,-31,-87
4687,79,18,-30,-87
4688,80,18,-29,-87
4689,81,18,-29,-88
4690,82,18,-28,-88
4691,83,18,-27,-88
4692,84,18,-27,-88
4693,85,18,-26,-89
4694,86,18,-25,-89
4695,87,18,-24,-90
4696,88,18,-23,-90
4697,89,18,-22,-90
4698,90,18,-21,-91
4699,91,18,-20,-91
4700,92,18,-19,-91
4701,93,18,-19,-92
4702,94,18,-17,-92
4703,95,18,-17,-93
4704,96,18,-16,-93
4705,97,18,-15,-93
4706,98,18,-14,-94
4707,99,18,-13,-94
4708,100,18,-12,-94
4709,101,18,-11,-95
4710,102,18,-10,-95
4711,103,18,-9,-96
4712,104,18,-8,-96
4713,105,18,-7,-96
4714,106,18,-6,-97
4715,107,18,-5,-97
4716,108,18,-4,-97
4717,109,18,-3,-98
4718,110,18,-2,-98
4719,111,18,-2,-99
4720,112,18,-1,-99
4721,113,18,0,-100
4722,114,18,0,-100
4723,115,18,0,-100
4724,116,18,0,-100
4725,117,18,0,-100
4726,118,18,0,-100
4727,119,18,0,-100
4728,120,18,0,-100
4729,121,18,0,-100
4730,122,18,0,-100
4731,123,18,0,-100
4732,124,18,0,-100
4733,125,18,0,-100
4734,126,18,0,-100
4735,127,18,0,-100
4736,128,18,0,-100
4737,129,18,0,-100
4738,130,18,0,-100
4739,131,18,0,-100
4740,132,18,0,-100
4741,133,18,0,-100
4742,134,18,0,-100
4743,135,18,0,-100
4744,136,18,0,-100
4745,137,18,0,-100
4746,138,18,0,-100
4747,139,18,0,-100
4748,140,18,0,-100
4749,141,18,0,-100
4750,142,18,0,-100
4751,143,18,0,-100
4752,144,18,1,-99
4753,145,18,2,-99
4754,146,18,2,-98
4755,147,18,3,-98
4756,148,18,4,-97
4757,149,18,5,-97
4758,150,18,6,-97
4759,151,18,7,-96
4760,152,18,8,-96
4761,153,18,9,-96
4762,154,18,10,-95
4763,155,18,11,-95
4764,156,18,12,-94
4765,157,18,13,-94
4766,158,18,14,-94
4767,159,18,15,-93
4768,160,18,16,-93
4769,161,18,17,-93
4770,162,18,17,-92
4771,163,18,19,-92
4772,164,18,19,-91
4773,165,18,20,-91
4774,166,18,21,-91
4775,167,18,22,-90
4776,168,18,23,-90
4777,169,18,24,-90
4778,170,18,25,-89
4779,171,18,26,-89
4780,172,18,27,-88
4781,173,18,27,-88
4782,174,18,28,-88
4783,175,18,29,-88
4784,176,18,29,-87
4785,177,18,30,-87
4786,178,18,31,-87
4787,179,18,32,-86
4788,180,18,33,-86
4789,181,18,34,-85
4790,182,18,34,-85
4791,183,18,35,-85
4792,184,18,36,-85
4793,185,18,37,-84
4794,186,18,38,-84
4795,187,18,39,-83
4796,188,18,39,-83
4797,189,18,39,-83
4798,190,18,41,-83
4799,191,18,41,-82
4800,192,18,42,-82
4801,193,18,43,-82
4802,194,18,43,-82
4803,195,18,45,-81
4804,196,18,45,-81
4805,197,18,46,-81
4806,198,18,46,-80
4807,199,18,46,-80
4808,200,18,48,-80
4809,201,18,48,-80
4810,202,18,49,-79
4811,203,18,50,-79
4812,204,18,50,-79
4813,205,18,51,-79
4814,206,18,52,-78
4815,207,18,52,-78
4816,208,18,53,-78
4817,209,18,54,-77
4818,210,18,54,-77
4819,211,18,55,-77
4820,212,18,55,-77
4821,213,18,56,-76
4822,214,18,56,-76
4823,215,18,57,-76
4824,216,18,57,-76
4825,217,18,59,-75
4826,218,18,59,-75
4827,219,18,60,-75
4828,220,18,60,-75
4829,221,18,61,-74
4830,222,18,61,-74
4831,223,18,62,-74
4832,224,18,62,-74
4833,225,18,64,-73
4834,226,18,64,-73
4835,227,18,65,-73
4836,228,18,65,-73
4837,229,18,66,-73
4838,230,18,66,-72
4839,231,18,66,-72
4840,232,18,68,-72
4841,233,18,68,-72
4842,234,18,68,-71
4843,235,18,69,-71
4844,236,18,69,-71
4845,237,18,70,-71
4846,238,18,70,-70
4847,239,18,71,-70
4848,240,18,71,-69
4849,241,18,71,-69
4850,242,18,71,-68
4851,243,18,72,-68
4852,244,18,72,-68
4853,245,18,72,-67
4854,246,18,72,-66
4855,247,18,72,-66
4856,248,18,73,-66
4857,249,18,73,-65
4858,250,18,73,-65
4859,251,18,73,-64
4860,252,18,73,-64
4861,253,18,73,-64
4862,254,18,73,-64
4863,255,18,74,-62
4864,0,19,-74,-61
4865,1,19,-74,-62
4866,2,19,-74,-62
4867,3,19,-74,-62
4868,4,19,-73,-64
4869,5,19,-73,-64
4870,6,19,-73,-64
4871,7,19,-73,-65
4872,8,19,-73,-65
4873,9,19,-73,-66
4874,10,19,-72,-66
4875,11,19,-72,-66
4876,12,19,-72,-67
4877,13,19,-72,-68
4878,14,19,-72,-68
4879,15,19,-71,-68
4880,16,19,-71,-69
4881,17,19,-71,-69
4882,18,19,-71,-70
4883,19,19,-70,-70
4884,20,19,-70,-71
4885,21,19,-69,-71
4886,22,19,-69,-71
4887,23,19,-68,-71
4888,24,19,-68,-72
4889,25,19,-67,-72
4890,26,19,-66,-72
4891,27,19,-66,-72
4892,28,19,-66,-73
4893,29,19,-65,-73
4894,30,19,-65,-73
4895,31,19,-64,-73
4896,32,19,-64,-73
4897,33,19,-62,-74
4898,34,19,-62,-74
4899,35,19,-61,-74
4900,36,19,-61,-74
4901,37,19,-60,-75
4902,38,19,-60,-75
4903,39,19,-59,-75
4904,40,19,-59,-75
4905,41,19,-57,-76
4906,42,19,-57,-76
4907,43,19,-56,-76
4908,44,19,-56,-76
4909,45,19,-55,-77
4910,46,19,-55,-77
4911,47,19,-54,-77
4912,48,19,-53,-78
4913,49,19,-53,-78
4914,50,19,-52,-78
4915,51,19,-52,-78
4916,52,19,-51,-79
4917,53,19,-50,-79
4918,54,19,-50,-79
4919,55,19,-48,-80
4920,56,19,-48,-80
4921,57,19,-48,-80
4922,58,19,-46,-80
4923,59,19,-46,-81
4924,60,19,-45,-81
4925,61,19,-45,-81
4926,62,19,-44,-81
4927,63,19,-43,-82
4928,64,19,-43,-82
4929,65,19,-41,-82
4930,66,19,-41,-83
4931,67,19,-40,-83
4932,68,19,-39,-83
4933,69,19,-39,-83
4934,70,19,-38,-84
4935,71,19,-37,-84
4936,72,19,-36,-85
4937,73,19,-36,-85
4938,74,19,-35,-85
4939,75,19,-34,-85
4940,76,19,-33,-86
4941,77,19,-32,-86
4942,78,19,-31,-87
4943,79,19,-31,-87
4944,80,19,-30,-87
4945,81,19,-29,-87
4946,82,19,-29,-88
4947,83,19,-27,-88
4948,84,19,-27,-88
4949,85,19,-26,-89
4950,86,19,-25,-89
4951,87,19,-24,-90
4952,88,19,-23,-90
4953,89,19,-22,-90
4954,90,19,-21,-91
4955,91,19,-20,-91
4956,92,19,-19,-91
4957,93,19,-19,-92
4958,94,19,-17,-92
4959,95,19,-17,-93
4960,96,19,-16,-93
4961,97,19,-15,-93
4962,98,19,-14,-94
4963,99,19,-13,-94
4964,100,19,-12,-94
4965,101,19,-11,-95
4966,102,19,-10,-95
4967,103,19,-9,-96
4968,104,19,-8,-96
4969,105,19,-7,-96
4970,106,19,-6,-97
4971,107,19,-5,-97
4972,108,19,-4,-97
4973,109,19,-3,-98
4974,110,19,-2,-98
4975,111,19,-2,-99
4976,112,19,-1,-99
4977,113,19,0,-100
4978,114,19,0,-100
4979,115,19,0,-100
4980,116,19,0,-100
4981,117,19,0,-100
4982,118,19,0,-100
4983,119,19,0,-100
4984,120,19,0,-100
4985,121,19,0,-100
4986,122,19,0,-100
4987,123,19,0,-100
4988,124,19,0,-100
4989,125,19,0,-100
4990,126,19,0,-100
4991,127,19,0,-100
4992,128,19,0,-100
4993,129,19,0,-100
4994,130,19,0,-100
4995,131,19,0,-100
4996,132,19,0,-100
4997,133,19,0,-100
4998,134,19,0,-100
4999,135,19,0,-100
5000,136,19,0,-100
5001,137,19,0,-100
5002,138,19,0,-100
5003,139,19,0,-100
5004,140,19,0,-100
5005,141,19,0,-100
5006,142,19,0,-100
5007,143,19,0,-100
5008,144,19,1,-99
5009,145,19,2,-99
5010,146,19,2,-98
5011,147,19,3,-98
5012,148,19,4,-97
5013,149,19,5,-97
5014,150,19,6,-97
5015,151,19,7,-96
5016,152,19,8,-96
5017,153,19,9,-96
5018,154,19,10,-95
5019,155,19,11,-95
5020,156,19,12,-94
5021,157,19,13,-94
5022,158,19,14,-94
5023,159,19,15,-93
5024,160,19,16,-93
5025,161,19,17,-93
5026,162,19,17,-92
5027,163,19,19,-92
5028,164,19,19,-91
5029,165,19,20,-91
5030,166,19,21,-91
5031,167,19,22,-90
5032,168,19,23,-90
5033,169,19,24,-90
5034,170,19,25,-89
5035,171,19,26,-89
5036,172,19,27,-88
5037,173,19,27,-88
5038,174,19,29,-88
5039,175,19,29,-87
5040,176,19,30,-87
5041,177,19,31,-87
5042,178,19,31,-87
5043,179,19,32,-86
5044,180,19,33,-86
5045,181,19,34,-85
5046,182,19,35,-85
5047,183,19,36,-85
5048,184,19,36,-85
5049,185,19,37,-84
5050,186,19,38,-84
5051,187,19,39,-83
5052,188,19,39,-83
5053,189,19,40,-83
5054,190,19,41,-83
5055,191,19,41,-82
5056,192,19,43,-82
5057,193,19,43,-82
5058,194,19,44,-81
5059,195,19,45,-81
5060,196,19,45,-81
5061,197,19,46,-81
5062,198,19,46,-80
5063,199,19,48,-80
5064,200,19,48,-80
5065,201,19,48,-80
5066,202,19,50,-79
5067,203,19,50,-79
5068,204,19,51,-79
5069,205,19,52,-78
5070,206,19,52,-78
5071,207,19,53,-78
5072,208,19,53,-78
5073,209,19,54,-77
5074,210,19,55,-77
5075,211,19,55,-77
5076,212,19,56,-76
5077,213,19,56,-76
5078,214,19,57,-76
5079,215,19,57,-76
5080,216,19,59,-75
5081,217,19,59,-75
5082,218,19,60,-75
5083,219,19,60,-75
5084,220,19,61,-74
5085,221,19,61,-74
5086,222,19,62,-74
5087,223,19,62,-74
5088,224,19,64,-73
5089,225,19,64,-73
5090,226,19,65,-73
5091,227,19,65,-73
5092,228,19,66,-73
5093,229,19,66,-72
5094,230,19,66,-72
5095,231,19,67,-72
5096,232,19,68,-72
5097,233,19,68,-71
5098,234,19,69,-71
5099,235,19,69,-71
5100,236,19,70,-71
5101,237,19,70,-70
5102,238,19,71,-70
5103,239,19,71,-69
5104,240,19,71,-69
5105,241,19,71,-68
5106,242,19,72,-68
5107,243,19,72,-68
5108,244,19,72,-67
5109,245,19,72,-66
5110,246,19,72,-66
5111,247,19,73,-66
5112,248,19,73,-65
5113,249,19,73,-65
5114,250,19,73,-64
5115,251,19,73,-64
5116,252,19,73,-64
5117,253,19,74,-62
5118,254,19,74,-62
5119,255,19,74,-62
5120,0,20,-74,-61
5121,1,20,-74,-61
5122,2,20,-74,-62
5123,3,20,-74,-62
5124,4,20,-74,-62
5125,5,20,-73,-64
5126,6,20,-73,-64
5127,7,20,-73,-64
5128,8,20,-73,-65
5129,9,20,-73,-65
5130,10,20,-73,-66
5131,11,20,-72,-66
5132,12,20,-72,-66
5133,13,20,-72,-67
5134,14,20,-72,-68
5135,15,20,-72,-68
5136,16,20,-71,-68
5137,17,20,-71,-69
5138,18,20,-71,-69
5139,19,20,-71,-70
5140,20,20,-70,-70
5141,21,20,-70,-71
5142,22,20,-69,-71
5143,23,20,-69,-71
5144,24,20,-68,-71
5145,25,20,-68,-72
5146,26,20,-67,-72
5147,27,20,-66,-72
5148,28,20,-66,-72
5149,29,20,-66,-73
5150,30,20,-65,-73
5151,31,20,-64,-73
5152,32,20,-64,-73
5153,33,20,-64,-73
5154,34,20,-62,-74
5155,35,20,-62,-74
5156,36,20,-61,-74
5157,37,20,-61,-74
5158,38,20,-60,-75
5159,39,20,-60,-75
5160,40,20,-59,-75
5161,41,20,-58,-76
5162,42,20,-57,-76
5163,43,20,-57,-76
5164,44,20,-56,-76
5165,45,20,-56,-76
5166,46,20,-55,-77
5167,47,20,-54,-77
5168,48,20,-54,-77
5169,49,20,-53,-78
5170,50,20,-53,-78
5171,51,20,-52,-78
5172,52,20,-51,-79
5173,53,20,-50,-79
5174,54,20,-50,-79
5175,55,20,-49,-79
5176,56,20,-48,-80
5177,57,20,-48,-80
5178,58,20,-46,-80
5179,59,20,-46,-80
5180,60,20,-46,-81
5181,61,20,-45,-81
5182,62,20,-45,-81
5183,63,20,-43,-82
5184,64,20,-43,-82
5185,65,20,-42,-82
5186,66,20,-41,-82
5187,67,20,-41,-83
5188,68,20,-39,-83
5189,69,20,-39,-83
5190,70,20,-38,-84
5191,71,20,-38,-84
5192,72,20,-37,-84
5193,73,20,-36,-85
5194,74,20,-35,-85
5195,75,20,-34,-85
5196,76,20,-33,-86
5197,77,20,-33,-86
5198,78,20,-32,-86
5199,79,20,-31,-87
5200,80,20,-30,-87
5201,81,20,-29,-87
5202,82,20,-29,-88
5203,83,20,-27,-88
5204,84,20,-27,-88
5205,85,20,-26,-89
5206,86,20,-25,-89
5207,87,20,-24,-90
5208,88,20,-23,-90
5209,89,20,-22,-90
5210,90,20,-22,-90
5211,91,20,-21,-91
5212,92,20,-20,-91
5213,93,20,-19,-91
5214,94,20,-19,-92
5215,95,20,-17,-92
5216,96,20,-16,-93
5217,97,20,-15,-93
5218,98,20,-14,-94
5219,99,20,-13,-94
5220,100,20,-12,-94
5221,101,20,-11,-95
5222,102,20,-10,-95
5223,103,20,-9,-96
5224,104,20,-8,-96
5225,105,20,-7,-96
5226,106,20,-6,-97
5227,107,20,-5,-97
5228,108,20,-4,-97
5229,109,20,-3,-98
5230,110,20,-2,-98
5231,111,20,-2,-99
5232,112,20,-1,-99
5233,113,20,0,-100
5234,114,20,0,-100
5235,115,20,0,-100
5236,116,20,0,-100
5237,117,20,0,-100
5238,118,20,0,-100
5239,119,20,0,-100
5240,120,20,0,-100
5241,121,20,0,-100
5242,122,20,0,-100
5243,123,20,0,-100
5244,124,20,0,-100
5245,125,20,0,-100
5246,126,20,0,-100
5247,127,20,0,-100
5248,128,20,0,-100
5249,129,20,0,-100
5250,130,20,0,-100
5251,131,20,0,-100
5252,132,20,0,-100
5253,133,20,0,-100
5254,134,20,0,-100
5255,135,20,0,-100
5256,136,20,0,-100
5257,137,20,0,-100
5258,138,20,0,-100
5259,139,20,0,-100
5260,140,20,0,-100
5261,141,20,0,-100
5262,142,20,0,-100
5263,143,20,0,-100
5264,144,20,1,-99
5265,145,20,2,-99
5266,146,20,2,-98
5267,147,20,3,-98
5268,148,20,4,-97
5269,149,20,5,-97
5270,150,20,6,-97
5271,151,20,7,-96
5272,152,20,8,-96
5273,153,20,9,-96
5274,154,20,10,-95
5275,155,20,11,-95
5276,156,20,12,-94
5277,157,20,13,-94
5278,158,20,14,-94
5279,159,20,15,-93
5280,160,20,16,-93
5281,161,20,17,-92
5282,162,20,19,-92
5283,163,20,19,-91
5284,164,20,20,-91
5285,165,20,21,-91
5286,166,20,22,-90
5287,167,20,22,-90
5288,168,20,23,-90
5289,169,20,24,-90
5290,170,20,25,-89
5291,171,20,26,-89
5292,172,20,27,-88
5293,173,20,27,-88
5294,174,20,29,-88
5295,175,20,29,-87
5296,176,20,30,-87
5297,177,20,31,-87
5298,178,20,32,-86
5299,179,20,33,-86
5300,180,20,33,-86
5301,181,20,34,-85
5302,182,20,35,-85
5303,183,20,36,-85
5304,184,20,37,-84
5305,185,20,38,-84
5306,186,20,38,-84
5307,187,20,39,-83
5308,188,20,39,-83
5309,189,20,41,-83
5310,190,20,41,-82
5311,191,20,42,-82
5312,192,20,43,-82
5313,193,20,43,-82
5314,194,20,45,-81
5315,195,20,45,-81
5316,196,20,46,-81
5317,197,20,46,-80
5318,198,20,46,-80
5319,199,20,48,-80
5320,200,20,48,-80
5321,201,20,49,-79
5322,202,20,50,-79
5323,203,20,50,-79
5324,204,20,51,-79
5325,205,20,52,-78
5326,206,20,53,-78
5327,207,20,53,-78
5328,208,20,54,-77
5329,209,20,54,-77
5330,210,20,55,-77
5331,211,20,56,-76
5332,212,20,56,-76
5333,213,20,57,-76
5334,214,20,57,-76
5335,215,20,58,-76
5336,216,20,59,-75
5337,217,20,60,-75
5338,218,20,60,-75
5339,219,20,61,-74
5340,220,20,61,-74
5341,221,20,62,-74
5342,222,20,62,-74
5343,223,20,64,-73
5344,224,20,64,-73
5345,225,20,64,-73
5346,226,20,65,-73
5347,227,20,66,-73
5348,228,20,66,-72
5349,229,20,66,-72
5350,230,20,67,-72
5351,231,20,68,-72
5352,232,20,68,-71
5353,233,20,69,-71
5354,234,20,69,-71
5355,235,20,70,-71
5356,236,20,70,-70
5357,237,20,71,-70
5358,238,20,71,-69
5359,239,20,71,-69
5360,240,20,71,-68
5361,241,20,72,-68
5362,242,20,72,-68
5363,243,20,72,-67
5364,244,20,72,-66
5365,245,20,72,-66
5366,246,20,73,-66
5367,247,20,73,-65
5368,248,20,73,-65
5369,249,20,73,-64
5370,250,20,73,-64
5371,251,20,73,-64
5372,252,20,74,-62
5373,253,20,74,-62
5374,254,20,74,-62
5375,255,20,74,-61
5376,0,21,-74,-61
5377,1,21,-74,-61
5378,2,21,-74,-61
5379,3,21,-74,-62
5380,4,21,-74,-62
5381,5,21,-74,-62
5382,6,21,-73,-64
5383,7,21,-73,-64
5384,8,21,-73,-64
5385,9,21,-73,-65
5386,10,21,-73,-65
5387,11,21,-73,-65
5388,12,21,-72,-66
5389,13,21,-72,-66
5390,14,21,-72,-67
5391,15,21,-72,-68
5392,16,21,-72,-68
5393,17,21,-71,-68
5394,18,21,-71,-69
5395,19,21,-71,-69
5396,20,21,-71,-70
5397,21,21,-70,-70
5398,22,21,-70,-71
5399,23,21,-69,-71
5400,24,21,-69,-71
5401,25,21,-68,-71
5402,26,21,-68,-72
5403,27,21,-67,-72
5404,28,21,-66,-72
5405,29,21,-66,-72
5406,30,21,-65,-73
5407,31,21,-65,-73
5408,32,21,-64,-73
5409,33,21,-64,-73
5410,34,21,-64,-73
5411,35,21,-62,-74
5412,36,21,-62,-74
5413,37,21,-61,-74
5414,38,21,-61,-74
5415,39,21,-60,-75
5416,40,21,-60,-75
5417,41,21,-59,-75
5418,42,21,-58,-76
5419,43,21,-57,-76
5420,44,21,-57,-76
5421,45,21,-56,-76
5422,46,21,-55,-77
5423,47,21,-55,-77
5424,48,21,-54,-77
5425,49,21,-54,-77
5426,50,21,-53,-78
5427,51,21,-52,-78
5428,52,21,-52,-78
5429,53,21,-51,-79
5430,54,21,-50,-79
5431,55,21,-50,-79
5432,56,21,-48,-80
5433,57,21,-48,-80
5434,58,21,-48,-80
5435,59,21,-46,-80
5436,60,21,-46,-81
5437,61,21,-45,-81
5438,62,21,-45,-81
5439,63,21,-44,-81
5440,64,21,-43,-82
5441,65,21,-43,-82
5442,66,21,-41,-82
5443,67,21,-41,-83
5444,68,21,-40,-83
5445,69,21,-39,-83
5446,70,21,-39,-83
5447,71,21,-38,-84
5448,72,21,-37,-84
5449,73,21,-36,-85
5450,74,21,-36,-85
5451,75,21,-35,-85
5452,76,21,-34,-85
5453,77,21,-33,-86
5454,78,21,-32,-86
5455,79,21,-31,-87
5456,80,21,-30,-87
5457,81,21,-29,-87
5458,82,21,-29,-88
5459,83,21,-28,-88
5460,84,21,-27,-88
5461,85,21,-27,-88
5462,86,21,-26,-89
5463,87,21,-25,-89
5464,88,21,-24,-90
5465,89,21,-23,-90
5466,90,21,-22,-90
5467,91,21,-21,-91
5468,92,21,-20,-91
5469,93,21,-19,-91
5470,94,21,-19,-92
5471,95,21,-17,-92
5472,96,21,-17,-93
5473,97,21,-16,-93
5474,98,21,-15,-93
5475,99,21,-14,-94
5476,100,21,-12,-94
5477,101,21,-11,-95
5478,102,21,-10,-95
5479,103,21,-9,-96
5480,104,21,-8,-96
5481,105,21,-7,-96
5482,106,21,-6,-97
5483,107,21,-5,-97
5484,108,21,-4,-97
5485,109,21,-3,-98
5486,110,21,-2,-98
5487,111,21,-2,-99
5488,112,21,-1,-99
5489,113,21,0,-100
5490,114,21,0,-100
5491,115,21,0,-100
5492,116,21,0,-100
5493,117,21,0,-100
5494,118,21,0,-100
5495,119,21,0,-100
5496,120,21,0,-100
5497,121,21,0,-100
5498,122,21,0,-100
5499,123,21,0,-100
5500,124,21,0,-100
5501,125,21,0,-100
5502,126,21,0,-100
5503,127,21,0,-100
5504,128,21,0,-100
5505,129,21,0,-100
5506,130,21,0,-100
5507,131,21,0,-100
5508,132,21,0,-100
5509,133,21,0,-100
5510,134,21,0,-100
5511,135,21,0,-100
5512,136,21,0,-100
5513,137,21,0,-100
5514,138,21,0,-100
5515,139,21,0,-100
5516,140,21,0,-100
5517,141,21,0,-100
5518,142,21,0,-100
5519,143,21,0,-100
5520,144,21,1,-99
5521,145,21,2,-99
5522,146,21,2,-98
5523,147,21,3,-98
5524,148,21,4,-97
5525,149,21,5,-97
5526,150,21,6,-97
5527,151,21,7,-96
5528,152,21,8,-96
5529,153,21,9,-96
5530,154,21,10,-95
5531,155,21,11,-95
5532,156,21,12,-94
5533,157,21,14,-94
5534,158,21,15,-93
5535,159,21,16,-93
5536,160,21,17,-93
5537,161,21,17,-92
5538,162,21,19,-92
5539,163,21,19,-91
5540,164,21,20,-91
5541,165,21,21,-91
5542,166,21,22,-90
5543,167,21,23,-90
5544,168,21,24,-90
5545,169,21,25,-89
5546,170,21,26,-89
5547,171,21,27,-88
5548,172,21,27,-88
5549,173,21,28,-88
5550,174,21,29,-88
5551,175,21,29,-87
5552,176,21,30,-87
5553,177,21,31,-87
5554,178,21,32,-86
5555,179,21,33,-86
5556,180,21,34,-85
5557,181,21,35,-85
5558,182,21,36,-85
5559,183,21,36,-85
5560,184,21,37,-84
5561,185,21,38,-84
5562,186,21,39,-83
5563,187,21,39,-83
5564,188,21,40,-83
5565,189,21,41,-83
5566,190,21,41,-82
5567,191,21,43,-82
5568,192,21,43,-82
5569,193,21,44,-81
5570,194,21,45,-81
5571,195,21,45,-81
5572,196,21,46,-81
5573,197,21,46,-80
5574,198,21,48,-80
5575,199,21,48,-80
5576,200,21,48,-80
5577,201,21,50,-79
5578,202,21,50,-79
5579,203,21,51,-79
5580,204,21,52,-78
5581,205,21,52,-78
5582,206,21,53,-78
5583,207,21,54,-77
5584,208,21,54,-77
5585,209,21,55,-77
5586,210,21,55,-77
5587,211,21,56,-76
5588,212,21,57,-76
5589,213,21,57,-76
5590,214,21,58,-76
5591,215,21,59,-75
5592,216,21,60,-75
5593,217,21,60,-75
5594,218,21,61,-74
5595,219,21,61,-74
5596,220,21,62,-74
5597,221,21,62,-74
5598,222,21,64,-73
5599,223,21,64,-73
5600,224,21,64,-73
5601,225,21,65,-73
5602,226,21,65,-73
5603,227,21,66,-72
5604,228,21,66,-72
5605,229,21,67,-72
5606,230,21,68,-72
5607,231,21,68,-71
5608,232,21,69,-71
5609,233,21,69,-71
5610,234,21,70,-71
5611,235,21,70,-70
5612,236,21,71,-70
5613,237,21,71,-69
5614,238,21,71,-69
5615,239,21,71,-68
5616,240,21,72,-68
5617,241,21,72,-68
5618,242,21,72,-67
5619,243,21,72,-66
5620,244,21,72,-66
5621,245,21,73,-65
5622,246,21,73,-65
5623,247,21,73,-65
5624,248,21,73,-64
5625,249,21,73,-64
5626,250,21,73,-64
5627,251,21,74,-62
5628,252,21,74,-62
5629,253,21,74,-62
5630,254,21,74,-61
5631,255,21,74,-61
5632,0,22,-75,-60
5633,1,22,-74,-61
5634,2,22,-74,-61
5635,3,22,-74,-61
5636,4,22,-74,-62
5637,5,22,-74,-62
5638,6,22,-74,-62
5639,7,22,-73,-64
5640,8,22,-73,-64
5641,9,22,-73,-64
5642,10,22,-73,-65
5643,11,22,-73,-65
5644,12,22,-73,-65
5645,13,22,-72,-66
5646,14,22,-72,-66
5647,15,22,-72,-67
5648,16,22,-72,-68
5649,17,22,-72,-68
5650,18,22,-71,-68
5651,19,22,-71,-69
5652,20,22,-71,-69
5653,21,22,-71,-70
5654,22,22,-70,-70
5655,23,22,-70,-71
5656,24,22,-69,-71
5657,25,22,-69,-71
5658,26,22,-68,-71
5659,27,22,-68,-72
5660,28,22,-67,-72
5661,29,22,-66,-72
5662,30,22,-66,-72
5663,31,22,-65,-73
5664,32,22,-65,-73
5665,33,22,-64,-73
5666,34,22,-64,-73
5667,35,22,-64,-73
5668,36,22,-62,-74
5669,37,22,-62,-74
5670,38,22,-61,-74
5671,39,22,-61,-74
5672,40,22,-60,-75
5673,41,22,-60,-75
5674,42,22,-59,-75
5675,43,22,-57,-76
5676,44,22,-57,-76
5677,45,22,-56,-76
5678,46,22,-56,-76
5679,47,22,-55,-77
5680,48,22,-55,-77
5681,49,22,-54,-77
5682,50,22,-53,-78
5683,51,22,-53,-78
5684,52,22,-52,-78
5685,53,22,-52,-78
5686,54,22,-51,-79
5687,55,22,-50,-79
5688,56,22,-50,-79
5689,57,22,-48,-80
5690,58,22,-48,-80
5691,59,22,-48,-80
5692,60,22,-46,-80
5693,61,22,-46,-81
5694,62,22,-45,-81
5695,63,22,-45,-81
5696,64,22,-43,-82
5697,65,22,-43,-82
5698,66,22,-42,-82
5699,67,22,-41,-82
5700,68,22,-41,-83
5701,69,22,-39,-83
5702,70,22,-39,-83
5703,71,22,-38,-84
5704,72,22,-38,-84
5705,73,22,-37,-84
5706,74,22,-36,-85
5707,75,22,-35,-85
5708,76,22,-34,-85
5709,77,22,-33,-86
5710,78,22,-32,-86
5711,79,22,-31,-87
5712,80,22,-31,-87
5713,81,22,-30,-87
5714,82,22,-29,-87
5715,83,22,-29,-88
5716,84,22,-27,-88
5717,85,22,-27,-88
5718,86,22,-26,-89
5719,87,22,-25,-89
5720,88,22,-24,-90
5721,89,22,-23,-90
5722,90,22,-22,-90
5723,91,22,-21,-91
5724,92,22,-20,-91
5725,93,22,-19,-91
5726,94,22,-19,-92
5727,95,22,-17,-92
5728,96,22,-17,-93
5729,97,22,-16,-93
5730,98,22,-15,-93
5731,99,22,-14,-94
5732,100,22,-13,-94
5733,101,22,-12,-94
5734,102,22,-10,-95
5735,103,22,-9,-96
5736,104,22,-8,-96
5737,105,22,-7,-96
5738,106,22,-6,-97
5739,107,22,-5,-97
5740,108,22,-4,-97
5741,109,22,-3,-98
5742,110,22,-2,-98
5743,111,22,-2,-99
5744,112,22,-1,-99
5745,113,22,0,-100
5746,114,22,0,-100
5747,115,22,0,-100
5748,116,22,0,-100
5749,117,22,0,-100
5750,118,22,0,-100
5751,119,22,0,-100
5752,120,22,0,-100
5753,121,22,0,-100
5754,122,22,0,-100
5755,123,22,0,-100
5756,124,22,0,-100
5757,125,22,0,-100
5758,126,22,0,-100
5759,127,22,0,-100
5760,128,22,0,-100
5761,129,22,0,-100
5762,130,22,0,-100
5763,131,22,0,-100
5764,132,22,0,-100
5765,133,22,0,-100
5766,134,22,0,-100
5767,135,22,0,-100
5768,136,22,0,-100
5769,137,22,0,-100
5770,138,22,0,-100
5771,139,22,0,-100
5772,140,22,0,-100
5773,141,22,0,-100
5774,142,22,0,-100
5775,143,22,0,-100
5776,144,22,1,-99
5777,145,22,2,-99
5778,146,22,2,-98
5779,147,22,3,-98
5780,148,22,4,-97
5781,149,22,5,-97
5782,150,22,6,-97
5783,151,22,7,-96
5784,152,22,8,-96
5785,153,22,9,-96
5786,154,22,10,-95
5787,155,22,12,-94
5788,156,22,13,-94
5789,157,22,14,-94
5790,158,22,15,-93
5791,159,22,16,-93
5792,160,22,17,-93
5793,161,22,17,-92
5794,162,22,19,-92
5795,163,22,19,-91
5796,164,22,20,-91
5797,165,22,21,-91
5798,166,22,22,-90
5799,167,22,23,-90
5800,168,22,24,-90
5801,169,22,25,-89
5802,170,22,26,-89
5803,171,22,27,-88
5804,172,22,27,-88
5805,173,22,29,-88
5806,174,22,29,-87
5807,175,22,30,-87
5808,176,22,31,-87
5809,177,22,31,-87
5810,178,22,32,-86
5811,179,22,33,-86
5812,180,22,34,-85
5813,181,22,35,-85
5814,182,22,36,-85
5815,183,22,37,-84
5816,184,22,38,-84
5817,185,22,38,-84
5818,186,22,39,-83
5819,187,22,39,-83
5820,188,22,41,-83
5821,189,22,41,-82
5822,190,22,42,-82
5823,191,22,43,-82
5824,192,22,43,-82
5825,193,22,45,-81
5826,194,22,45,-81
5827,195,22,46,-81
5828,196,22,46,-80
5829,197,22,48,-80
5830,198,22,48,-80
5831,199,22,48,-80
5832,200,22,50,-79
5833,201,22,50,-79
5834,202,22,51,-79
5835,203,22,52,-78
5836,204,22,52,-78
5837,205,22,53,-78
5838,206,22,53,-78
5839,207,22,54,-77
5840,208,22,55,-77
5841,209,22,55,-77
5842,210,22,56,-76
5843,211,22,56,-76
5844,212,22,57,-76
5845,213,22,57,-76
5846,214,22,59,-75
5847,215,22,60,-75
5848,216,22,60,-75
5849,217,22,61,-74
5850,218,22,61,-74
5851,219,22,62,-74
5852,220,22,62,-74
5853,221,22,64,-73
5854,222,22,64,-73
5855,223,22,64,-73
5856,224,22,65,-73
5857,225,22,65,-73
5858,226,22,66,-72
5859,227,22,66,-72
5860,228,22,67,-72
5861,229,22,68,-72
5862,230,22,68,-71
5863,231,22,69,-71
5864,232,22,69,-71
5865,233,22,70,-71
5866,234,22,70,-70
5867,235,22,71,-70
5868,236,22,71,-69
5869,237,22,71,-69
5870,238,22,71,-68
5871,239,22,72,-68
5872,240,22,72,-68
5873,241,22,72,-67
5874,242,22,72,-66
5875,243,22,72,-66
5876,244,22,73,-65
5877,245,22,73,-65
5878,246,22,73,-65
5879,247,22,73,-64
5880,248,22,73,-64
5881,249,22,73,-64
5882,250,22,74,-62
5883,251,22,74,-62
5884,252,22,74,-62
5885,253,22,74,-61
5886,254,22,74,-61
5887,255,22,74,-61
5888,0,23,-75,-60
5889,1,23,-75,-60
5890,2,23,-75,-60
5891,3,23,-74,-61
5892,4,23,-74,-61
5893,5,23,-74,-62
5894,6,23,-74,-62
5895,7,23,-74,-62
5896,8,23,-73,-64
5897,9,23,-73,-64
5898,10,23,-73,-64
5899,11,23,-73,-65
5900,12,23,-73,-65
5901,13,23,-73,-65
5902,14,23,-72,-66
5903,15,23,-72,-66
5904,16,23,-72,-67
5905,17,23,-72,-68
5906,18,23,-72,-68
5907,19,23,-71,-68
5908,20,23,-71,-69
5909,21,23,-71,-69
5910,22,23,-71,-70
5911,23,23,-70,-70
5912,24,23,-70,-71
5913,25,23,-69,-71
5914,26,23,-69,-71
5915,27,23,-68,-71
5916,28,23,-68,-72
5917,29,23,-67,-72
5918,30,23,-66,-72
5919,31,23,-66,-72
5920,32,23,-65,-73
5921,33,23,-65,-73
5922,34,23,-64,-73
5923,35,23,-64,-73
5924,36,23,-64,-73
5925,37,23,-62,-74
5926,38,23,-62,-74
5927,39,23,-61,-74
5928,40,23,-60,-75
5929,41,23,-60,-75
5930,42,23,-59,-75
5931,43,23,-59,-75
5932,44,23,-57,-76
5933,45,23,-57,-76
5934,46,23,-56,-76
5935,47,23,-56,-76
5936,48,23,-55,-77
5937,49,23,-54,-77
5938,50,23,-54,-77
5939,51,23,-53,-78
5940,52,23,-53,-78
5941,53,23,-52,-78
5942,54,23,-51,-79
5943,55,23,-50,-79
5944,56,23,-50,-79
5945,57,23,-49,-79
5946,58,23,-48,-80
5947,59,23,-48,-80
5948,60,23,-46,-80
5949,61,23,-46,-80
5950,62,23,-45,-81
5951,63,23,-45,-81
5952,64,23,-44,-81
5953,65,23,-43,-82
5954,66,23,-43,-82
5955,67,23,-41,-82
5956,68,23,-41,-83
5957,69,23,-40,-83
5958,70,23,-39,-83
5959,71,23,-39,-83
5960,72,23,-38,-84
5961,73,23,-37,-84
5962,74,23,-36,-85
5963,75,23,-35,-85
5964,76,23,-35,-85
5965,77,23,-34,-85
5966,78,23,-33,-86
5967,79,23,-32,-86
5968,80,23,-31,-87
5969,81,23,-30,-87
5970,82,23,-29,-87
5971,83,23,-29,-88
5972,84,23,-27,-88
5973,85,23,-27,-88
5974,86,23,-26,-89
5975,87,23,-25,-89
5976,88,23,-24,-90
5977,89,23,-23,-90
5978,90,23,-22,-90
5979,91,23,-21,-91
5980,92,23,-20,-91
5981,93,23,-19,-91
5982,94,23,-19,-92
5983,95,23,-17,-92
5984,96,23,-17,-93
5985,97,23,-16,-93
5986,98,23,-15,-93
5987,99,23,-14,-94
5988,100,23,-13,-94
5989,101,23,-12,-94
5990,102,23,-11,-95
5991,103,23,-10,-95
5992,104,23,-8,-96
5993,105,23,-7,-96
5994,106,23,-6,-97
5995,107,23,-5,-97
5996,108,23,-4,-97
5997,109,23,-3,-98
5998,110,23,-2,-98
5999,111,23,-2,-99
6000,112,23,-1,-99
6001,113,23,0,-100
6002,114,23,0,-100
6003,115,23,0,-100
6004,116,23,0,-100
6005,117,23,0,-100
6006,118,23,0,-100
6007,119,23,0,-100
6008,120,23,0,-100
6009,121,23,0,-100
6010,122,23,0,-100
6011,123,23,0,-100
6012,124,23,0,-100
6013,125,23,0,-100
6014,126,23,0,-100
6015,127,23,0,-100
6016,128,23,0,-100
6017,129,23,0,-100
6018,130,23,0,-100
6019,131,23,0,-100
6020,132,23,0,-100
6021,133,23,0,-100
6022,134,23,0,-100
6023,135,23,0,-100
6024,136,23,0,-100
6025,137,23,0,-100
6026,138,23,0,-100
6027,139,23,0,-100
6028,140,23,0,-100
6029,141,23,0,-100
6030,142,23,0,-100
6031,143,23,0,-100
6032,144,23,1,-99
6033,145,23,2,-99
6034,146,23,2,-98
6035,147,23,3,-98
6036,148,23,4,-97
6037,149,23,5,-97
6038,150,23,6,-97
6039,151,23,7,-96
6040,152,23,8,-96
6041,153,23,10,-95
6042,154,23,11,-95
6043,155,23,12,-94
6044,156,23,13,-94
6045,157,23,14,-94
6046,158,23,15,-93
6047,159,23,16,-93
6048,160,23,17,-93
6049,161,23,17,-92
6050,162,23,19,-92
6051,163,23,19,-91
6052,164,23,20,-91
6053,165,23,21,-91
6054,166,23,22,-90
6055,167,23,23,-90
6056,168,23,24,-90
6057,169,23,25,-89
6058,170,23,26,-89
6059,171,23,27,-88
6060,172,23,27,-88
6061,173,23,29,-88
6062,174,23,29,-87
6063,175,23,30,-87
6064,176,23,31,-87
6065,177,23,32,-86
6066,178,23,33,-86
6067,179,23,34,-85
6068,180,23,35,-85
6069,181,23,35,-85
6070,182,23,36,-85
6071,183,23,37,-84
6072,184,23,38,-84
6073,185,23,39,-83
6074,186,23,39,-83
6075,187,23,40,-83
6076,188,23,41,-83
6077,189,23,41,-82
6078,190,23,43,-82
6079,191,23,43,-82
6080,192,23,44,-81
6081,193,23,45,-81
6082,194,23,45,-81
6083,195,23,46,-80
6084,196,23,46,-80
6085,197,23,48,-80
6086,198,23,48,-80
6087,199,23,49,-79
6088,200,23,50,-79
6089,201,23,50,-79
6090,202,23,51,-79
6091,203,23,52,-78
6092,204,23,53,-78
6093,205,23,53,-78
6094,206,23,54,-77
6095,207,23,54,-77
6096,208,23,55,-77
6097,209,23,56,-76
6098,210,23,56,-76
6099,211,23,57,-76
6100,212,23,57,-76
6101,213,23,59,-75
6102,214,23,59,-75
6103,215,23,60,-75
6104,216,23,60,-75
6105,217,23,61,-74
6106,218,23,62,-74
6107,219,23,62,-74
6108,220,23,64,-73
6109,221,23,64,-73
6110,222,23,64,-73
6111,223,23,65,-73
6112,224,23,65,-73
6113,225,23,66,-72
6114,226,23,66,-72
6115,227,23,67,-72
6116,228,23,68,-72
6117,229,23,68,-71
6118,230,23,69,-71
6119,231,23,69,-71
6120,232,23,70,-71
6121,233,23,70,-70
6122,234,23,71,-70
6123,235,23,71,-69
6124,236,23,71,-69
6125,237,23,71,-68
6126,238,23,72,-68
6127,239,23,72,-68
6128,240,23,72,-67
6129,241,23,72,-66
6130,242,23,72,-66
6131,243,23,73,-65
6132,244,23,73,-65
6133,245,23,73,-65
6134,246,23,73,-64
6135,247,23,73,-64
6136,248,23,73,-64
6137,249,23,74,-62
6138,250,23,74,-62
6139,251,23,74,-62
6140,252,23,74,-61
6141,253,23,74,-61
6142,254,23,75,-60
6143,255,23,75,-60
6144,0,24,-75,-59
6145,1,24,-75,-60
6146,2,24,-75,-60
6147,3,24,-75,-60
6148,4,24,-74,-61
6149,5,24,-74,-61
6150,6,24,-74,-61
6151,7,24,-74,-62
6152,8,24,-74,-62
6153,9,24,-73,-64
6154,10,24,-73,-64
6155,11,24,-73,-64
6156,12,24,-73,-64
6157,13,24,-73,-65
6158,14,24,-73,-65
6159,15,24,-73,-66
6160,16,24,-72,-66
6161,17,24,-72,-66
6162,18,24,-72,-68
6163,19,24,-72,-68
6164,20,24,-71,-68
6165,21,24,-71,-69
6166,22,24,-71,-69
6167,23,24,-71,-70
6168,24,24,-70,-70
6169,25,24,-70,-71
6170,26,24,-69,-71
6171,27,24,-69,-71
6172,28,24,-68,-71
6173,29,24,-68,-72
6174,30,24,-67,-72
6175,31,24,-66,-72
6176,32,24,-66,-72
6177,33,24,-65,-73
6178,34,24,-65,-73
6179,35,24,-64,-73
6180,36,24,-64,-73
6181,37,24,-62,-74
6182,38,24,-62,-74
6183,39,24,-61,-74
6184,40,24,-61,-74
6185,41,24,-60,-75
6186,42,24,-60,-75
6187,43,24,-59,-75
6188,44,24,-58,-76
6189,45,24,-57,-76
6190,46,24,-57,-76
6191,47,24,-56,-76
6192,48,24,-55,-77
6193,49,24,-55,-77
6194,50,24,-54,-77
6195,51,24,-54,-77
6196,52,24,-53,-78
6197,53,24,-52,-78
6198,54,24,-52,-78
6199,55,24,-51,-79
6200,56,24,-50,-79
6201,57,24,-50,-79
6202,58,24,-48,-80
6203,59,24,-48,-80
6204,60,24,-48,-80
6205,61,24,-46,-80
6206,62,24,-46,-81
6207,63,24,-45,-81
6208,64,24,-45,-81
6209,65,24,-43,-82
6210,66,24,-43,-82
6211,67,24,-42,-82
6212,68,24,-41,-82
6213,69,24,-41,-83
6214,70,24,-39,-83
6215,71,24,-39,-83
6216,72,24,-38,-84
6217,73,24,-37,-84
6218,74,24,-37,-84
6219,75,24,-36,-85
6220,76,24,-35,-85
6221,77,24,-34,-85
6222,78,24,-33,-86
6223,79,24,-32,-86
6224,80,24,-31,-87
6225,81,24,-30,-87
6226,82,24,-29,-87
6227,83,24,-29,-88
6228,84,24,-27,-88
6229,85,24,-27,-88
6230,86,24,-27,-88
6231,87,24,-26,-89
6232,88,24,-25,-89
6233,89,24,-24,-90
6234,90,24,-23,-90
6235,91,24,-21,-91
6236,92,24,-20,-91
6237,93,24,-19,-91
6238,94,24,-19,-92
6239,95,24,-17,-92
6240,96,24,-17,-93
6241,97,24,-16,-93
6242,98,24,-15,-93
6243,99,24,-14,-94
6244,100,24,-13,-94
6245,101,24,-12,-94
6246,102,24,-11,-95
6247,103,24,-10,-95
6248,104,24,-9,-96
6249,105,24,-7,-96
6250,106,24,-6,-97
6251,107,24,-5,-97
6252,108,24,-4,-97
6253,109,24,-3,-98
6254,110,24,-2,-98
6255,111,24,-2,-99
6256,112,24,-1,-99
6257,113,24,0,-100
6258,114,24,0,-100
6259,115,24,0,-100
6260,116,24,0,-100
6261,117,24,0,-100
6262,118,24,0,-100
6263,119,24,0,-100
6264,120,24,0,-100
6265,121,24,0,-100
6266,122,24,0,-100
6267,123,24,0,-100
6268,124,24,0,-100
6269,125,24,0,-100
6270,126,24,0,-100
6271,127,24,0,-100
6272,128,24,0,-100
6273,129,24,0,-100
6274,130,24,0,-100
6275,131,24,0,-100
6276,132,24,0,-100
6277,133,24,0,-100
6278,134,24,0,-100
6279,135,24,0,-100
6280,136,24,0,-100
6281,137,24,0,-100
6282,138,24,0,-100
6283,139,24,0,-100
6284,140,24,0,-100
6285,141,24,0,-100
6286,142,24,0,-100
6287,143,24,0,-100
6288,144,24,1,-99
6289,145,24,2,-99
6290,146,24,2,-98
6291,147,24,3,-98
6292,148,24,4,-97
6293,149,24,5,-97
6294,150,24,6,-97
6295,151,24,7,-96
6296,152,24,9,-96
6297,153,24,10,-95
6298,154,24,11,-95
6299,155,24,12,-94
6300,156,24,13,-94
6301,157,24,14,-94
6302,158,24,15,-93
6303,159,24,16,-93
6304,160,24,17,-93
6305,161,24,17,-92
6306,162,24,19,-92
6307,163,24,19,-91
6308,164,24,20,-91
6309,165,24,21,-91
6310,166,24,23,-90
6311,167,24,24,-90
6312,168,24,25,-89
6313,169,24,26,-89
6314,170,24,27,-88
6315,171,24,27,-88
6316,172,24,27,-88
6317,173,24,29,-88
6318,174,24,29,-87
6319,175,24,30,-87
6320,176,24,31,-87
6321,177,24,32,-86
6322,178,24,33,-86
6323,179,24,34,-85
6324,180,24,35,-85
6325,181,24,36,-85
6326,182,24,37,-84
6327,183,24,37,-84
6328,184,24,38,-84
6329,185,24,39,-83
6330,186,24,39,-83
6331,187,24,41,-83
6332,188,24,41,-82
6333,189,24,42,-82
6334,190,24,43,-82
6335,191,24,43,-82
6336,192,24,45,-81
6337,193,24,45,-81
6338,194,24,46,-81
6339,195,24,46,-80
6340,196,24,48,-80
6341,197,24,48,-80
6342,198,24,48,-80
6343,199,24,50,-79
6344,200,24,50,-79
6345,201,24,51,-79
6346,202,24,52,-78
6347,203,24,52,-78
6348,204,24,53,-78
6349,205,24,54,-77
6350,206,24,54,-77
6351,207,24,55,-77
6352,208,24,55,-77
6353,209,24,56,-76
6354,210,24,57,-76
6355,211,24,57,-76
6356,212,24,58,-76
6357,213,24,59,-75
6358,214,24,60,-75
6359,215,24,60,-75
6360,216,24,61,-74
6361,217,24,61,-74
6362,218,24,62,-74
6363,219,24,62,-74
6364,220,24,64,-73
6365,221,24,64,-73
6366,222,24,65,-73
6367,223,24,65,-73
6368,224,24,66,-72
6369,225,24,66,-72
6370,226,24,67,-72
6371,227,24,68,-72
6372,228,24,68,-71
6373,229,24,69,-71
6374,230,24,69,-71
6375,231,24,70,-71
6376,232,24,70,-70
6377,233,24,71,-70
6378,234,24,71,-69
6379,235,24,71,-69
6380,236,24,71,-68
6381,237,24,72,-68
6382,238,24,72,-68
6383,239,24,72,-66
6384,240,24,72,-66
6385,241,24,73,-66
6386,242,24,73,-65
6387,243,24,73,-65
6388,244,24,73,-64
6389,245,24,73,-64
6390,246,24,73,-64
6391,247,24,73,-64
6392,248,24,74,-62
6393,249,24,74,-62
6394,250,24,74,-61
6395,251,24,74,-61
6396,252,24,74,-61
6397,253,24,75,-60
6398,254,24,75,-60
6399,255,24,75,-60
6400,0,25,-75,-59
6401,1,25,-75,-59
6402,2,25,-75,-60
6403,3,25,-75,-60
6404,4,25,-75,-60
6405,5,25,-74,-61
6406,6,25,-74,-61
6407,7,25,-74,-61
6408,8,25,-74,-62
6409,9,25,-74,-62
6410,10,25,-74,-62
6411,11,25,-73,-64
6412,12,25,-73,-64
6413,13,25,-73,-64
6414,14,25,-73,-65
6415,15,25,-73,-65
6416,16,25,-73,-66
6417,17,25,-72,-66
6418,18,25,-72,-66
6419,19,25,-72,-67
6420,20,25,-72,-68
6421,21,25,-71,-68
6422,22,25,-71,-69
6423,23,25,-71,-69
6424,24,25,-71,-70
6425,25,25,-70,-70
6426,26,25,-70,-71
6427,27,25,-69,-71
6428,28,25,-69,-71
6429,29,25,-68,-71
6430,30,25,-68,-72
6431,31,25,-67,-72
6432,32,25,-66,-72
6433,33,25,-66,-72
6434,34,25,-65,-73
6435,35,25,-65,-73
6436,36,25,-64,-73
6437,37,25,-64,-73
6438,38,25,-62,-74
6439,39,25,-62,-74
6440,40,25,-61,-74
6441,41,25,-61,-74
6442,42,25,-60,-75
6443,43,25,-60,-75
6444,44,25,-59,-75
6445,45,25,-58,-76
6446,46,25,-57,-76
6447,47,25,-57,-76
6448,48,25,-56,-76
6449,49,25,-55,-77
6450,50,25,-55,-77
6451,51,25,-54,-77
6452,52,25,-53,-78
6453,53,25,-53,-78
6454,54,25,-52,-78
6455,55,25,-52,-78
6456,56,25,-51,-79
6457,57,25,-50,-79
6458,58,25,-50,-79
6459,59,25,-48,-80
6460,60,25,-48,-80
6461,61,25,-46,-80
6462,62,25,-46,-80
6463,63,25,-46,-81
6464,64,25,-45,-81
6465,65,25,-44,-81
6466,66,25,-43,-82
6467,67,25,-43,-82
6468,68,25,-41,-82
6469,69,25,-41,-83
6470,70,25,-40,-83
6471,71,25,-39,-83
6472,72,25,-39,-83
6473,73,25,-38,-84
6474,74,25,-37,-84
6475,75,25,-36,-85
6476,76,25,-35,-85
6477,77,25,-34,-85
6478,78,25,-33,-86
6479,79,25,-33,-86
6480,80,25,-32,-86
6481,81,25,-31,-87
6482,82,25,-30,-87
6483,83,25,-29,-87
6484,84,25,-29,-88
6485,85,25,-27,-88
6486,86,25,-27,-88
6487,87,25,-26,-89
6488,88,25,-25,-89
6489,89,25,-24,-90
6490,90,25,-23,-90
6491,91,25,-22,-90
6492,92,25,-21,-91
6493,93,25,-20,-91
6494,94,25,-19,-91
6495,95,25,-19,-92
6496,96,25,-17,-93
6497,97,25,-16,-93
6498,98,25,-15,-93
6499,99,25,-14,-94
6500,100,25,-13,-94
6501,101,25,-12,-94
6502,102,25,-11,-95
6503,103,25,-10,-95
6504,104,25,-9,-96
6505,105,25,-8,-96
6506,106,25,-6,-97
6507,107,25,-5,-97
6508,108,25,-4,-97
6509,109,25,-3,-98
6510,110,25,-2,-98
6511,111,25,-2,-99
6512,112,25,-1,-99
6513,113,25,0,-100
6514,114,25,0,-100
6515,115,25,0,-100
6516,116,25,0,-100
6517,117,25,0,-100
6518,118,25,0,-100
6519,119,25,0,-100
6520,120,25,0,-100
6521,121,25,0,-100
6522,122,25,0,-100
6523,123,25,0,-100
6524,124,25,0,-100
6525,125,25,0,-100
6526,126,25,0,-100
6527,127,25,0,-100
6528,128,25,0,-100
6529,129,25,0,-100
6530,130,25,0,-100
6531,131,25,0,-100
6532,132,25,0,-100
6533,133,25,0,-100
6534,134,25,0,-100
6535,135,25,0,-100
6536,136,25,0,-100
6537,137,25,0,-100
6538,138,25,0,-100
6539,139,25,0,-100
6540,140,25,0,-100
6541,141,25,0,-100
6542,142,25,0,-100
6543,143,25,0,-100
6544,144,25,1,-99
6545,145,25,2,-99
6546,146,25,2,-98
6547,147,25,3,-98
6548,148,25,4,-97
6549,149,25,5,-97
6550,150,25,6,-97
6551,151,25,8,-96
6552,152,25,9,-96
6553,153,25,10,-95
6554,154,25,11,-95
6555,155,25,12,-94
6556,156,25,13,-94
6557,157,25,14,-94
6558,158,25,15,-93
6559,159,25,16,-93
6560,160,25,17,-93
6561,161,25,19,-92
6562,162,25,19,-91
6563,163,25,20,-91
6564,164,25,21,-91
6565,165,25,22,-90
6566,166,25,23,-90
6567,167,25,24,-90
6568,168,25,25,-89
6569,169,25,26,-89
6570,170,25,27,-88
6571,171,25,27,-88
6572,172,25,29,-88
6573,173,25,29,-87
6574,174,25,30,-87
6575,175,25,31,-87
6576,176,25,32,-86
6577,177,25,33,-86
6578,178,25,33,-86
6579,179,25,34,-85
6580,180,25,35,-85
6581,181,25,36,-85
6582,182,25,37,-84
6583,183,25,38,-84
6584,184,25,39,-83
6585,185,25,39,-83
6586,186,25,40,-83
6587,187,25,41,-83
6588,188,25,41,-82
6589,189,25,43,-82
6590,190,25,43,-82
6591,191,25,44,-81
6592,192,25,45,-81
6593,193,25,46,-81
6594,194,25,46,-80
6595,195,25,46,-80
6596,196,25,48,-80
6597,197,25,48,-80
6598,198,25,50,-79
6599,199,25,50,-79
6600,200,25,51,-79
6601,201,25,52,-78
6602,202,25,52,-78
6603,203,25,53,-78
6604,204,25,53,-78
6605,205,25,54,-77
6606,206,25,55,-77
6607,207,25,55,-77
6608,208,25,56,-76
6609,209,25,57,-76
6610,210,25,57,-76
6611,211,25,58,-76
6612,212,25,59,-75
6613,213,25,60,-75
6614,214,25,60,-75
6615,215,25,61,-74
6616,216,25,61,-74
6617,217,25,62,-74
6618,218,25,62,-74
6619,219,25,64,-73
6620,220,25,64,-73
6621,221,25,65,-73
6622,222,25,65,-73
6623,223,25,66,-72
6624,224,25,66,-72
6625,225,25,67,-72
6626,226,25,68,-72
6627,227,25,68,-71
6628,228,25,69,-71
6629,229,25,69,-71
6630,230,25,70,-71
6631,231,25,70,-70
6632,232,25,71,-70
6633,233,25,71,-69
6634,234,25,71,-69
6635,235,25,71,-68
6636,236,25,72,-68
6637,237,25,72,-67
6638,238,25,72,-66
6639,239,25,72,-66
6640,240,25,73,-66
6641,241,25,73,-65
6642,242,25,73,-65
6643,243,25,73,-64
6644,244,25,73,-64
6645,245,25,73,-64
6646,246,25,74,-62
6647,247,25,74,-62
6648,248,25,74,-62
6649,249,25,74,-61
6650,250,25,74,-61
6651,251,25,74,-61
6652,252,25,75,-60
6653,253,25,75,-60
6654,254,25,75,-60
6655,255,25,75,-59
6656,0,26,-76,-58
6657,1,26,-75,-59
6658,2,26,-75,-59
6659,3,26,-75,-60
6660,4,26,-75,-60
6661,5,26,-75,-60
6662,6,26,-74,-61
6663,7,26,-74,-61
6664,8,26,-74,-61
6665,9,26,-74,-62
6666,10,26,-74,-62
6667,11,26,-74,-62
6668,12,26,-73,-64
6669,13,26,-73,-64
6670,14,26,-73,-64
6671,15,26,-73,-65
6672,16,26,-73,-65
6673,17,26,-73,-66
6674,18,26,-72,-66
6675,19,26,-72,-66
6676,20,26,-72,-67
6677,21,26,-72,-68
6678,22,26,-71,-68
6679,23,26,-71,-69
6680,24,26,-71,-69
6681,25,26,-71,-70
6682,26,26,-70,-70
6683,27,26,-70,-71
6684,28,26,-69,-71
6685,29,26,-69,-71
6686,30,26,-68,-71
6687,31,26,-68,-72
6688,32,26,-67,-72
6689,33,26,-66,-72
6690,34,26,-66,-73
6691,35,26,-65,-73
6692,36,26,-65,-73
6693,37,26,-64,-73
6694,38,26,-64,-73
6695,39,26,-62,-74
6696,40,26,-62,-74
6697,41,26,-61,-74
6698,42,26,-61,-74
6699,43,26,-60,-75
6700,44,26,-60,-75
6701,45,26,-59,-75
6702,46,26,-58,-76
6703,47,26,-57,-76
6704,48,26,-56,-76
6705,49,26,-56,-76
6706,50,26,-55,-77
6707,51,26,-55,-77
6708,52,26,-54,-77
6709,53,26,-53,-78
6710,54,26,-53,-78
6711,55,26,-52,-78
6712,56,26,-51,-79
6713,57,26,-50,-79
6714,58,26,-50,-79
6715,59,26,-49,-79
6716,60,26,-48,-80
6717,61,26,-48,-80
6718,62,26,-46,-80
6719,63,26,-46,-81
6720,64,26,-45,-81
6721,65,26,-45,-81
6722,66,26,-44,-81
6723,67,26,-43,-82
6724,68,26,-42,-82
6725,69,26,-41,-82
6726,70,26,-41,-83
6727,71,26,-39,-83
6728,72,26,-39,-83
6729,73,26,-38,-84
6730,74,26,-37,-84
6731,75,26,-37,-84
6732,76,26,-36,-85
6733,77,26,-35,-85
6734,78,26,-34,-85
6735,79,26,-33,-86
6736,80,26,-32,-86
6737,81,26,-31,-87
6738,82,26,-30,-87
6739,83,26,-29,-87
6740,84,26,-29,-88
6741,85,26,-27,-88
6742,86,26,-27,-88
6743,87,26,-26,-89
6744,88,26,-25,-89
6745,89,26,-24,-90
6746,90,26,-23,-90
6747,91,26,-22,-90
6748,92,26,-21,-91
6749,93,26,-20,-91
6750,94,26,-19,-91
6751,95,26,-19,-92
6752,96,26,-17,-92
6753,97,26,-17,-93
6754,98,26,-15,-93
6755,99,26,-14,-94
6756,100,26,-13,-94
6757,101,26,-12,-94
6758,102,26,-11,-95
6759,103,26,-10,-95
6760,104,26,-9,-96
6761,105,26,-8,-96
6762,106,26,-7,-96
6763,107,26,-5,-97
6764,108,26,-4,-97
6765,109,26,-3,-98
6766,110,26,-2,-98
6767,111,26,-2,-99
6768,112,26,-1,-99
6769,113,26,0,-100
6770,114,26,0,-100
6771,115,26,0,-100
6772,116,26,0,-100
6773,117,26,0,-100
6774,118,26,0,-100
6775,119,26,0,-100
6776,120,26,0,-100
6777,121,26,0,-100
6778,122,26,0,-100
6779,123,26,0,-100
6780,124,26,0,-100
6781,125,26,0,-100
6782,126,26,0,-100
6783,127,26,0,-100
6784,128,26,0,-100
6785,129,26,0,-100
6786,130,26,0,-100
6787,131,26,0,-100
6788,132,26,0,-100
6789,133,26,0,-100
6790,134,26,0,-100
6791,135,26,0,-100
6792,136,26,0,-100
6793,137,26,0,-100
6794,138,26,0,-100
6795,139,26,0,-100
6796,140,26,0,-100
6797,141,26,0,-100
6798,142,26,0,-100
6799,143,26,0,-100
6800,144,26,1,-99
6801,145,26,2,-99
6802,146,26,2,-98
6803,147,26,3,-98
6804,148,26,4,-97
6805,149,26,5,-97
6806,150,26,7,-96
6807,151,26,8,-96
6808,152,26,9,-96
6809,153,26,10,-95
6810,154,26,11,-95
6811,155,26,12,-94
6812,156,26,13,-94
6813,157,26,14,-94
6814,158,26,15,-93
6815,159,26,17,-93
6816,160,26,17,-92
6817,161,26,19,-92
6818,162,26,19,-91
6819,163,26,20,-91
6820,164,26,21,-91
6821,165,26,22,-90
6822,166,26,23,-90
6823,167,26,24,-90
6824,168,26,25,-89
6825,169,26,26,-89
6826,170,26,27,-88
6827,171,26,27,-88
6828,172,26,29,-88
6829,173,26,29,-87
6830,174,26,30,-87
6831,175,26,31,-87
6832,176,26,32,-86
6833,177,26,33,-86
6834,178,26,34,-85
6835,179,26,35,-85
6836,180,26,36,-85
6837,181,26,37,-84
6838,182,26,37,-84
6839,183,26,38,-84
6840,184,26,39,-83
6841,185,26,39,-83
6842,186,26,41,-83
6843,187,26,41,-82
6844,188,26,42,-82
6845,189,26,43,-82
6846,190,26,44,-81
6847,191,26,45,-81
6848,192,26,45,-81
6849,193,26,46,-81
6850,194,26,46,-80
6851,195,26,48,-80
6852,196,26,48,-80
6853,197,26,49,-79
6854,198,26,50,-79
6855,199,26,50,-79
6856,200,26,51,-79
6857,201,26,52,-78
6858,202,26,53,-78
6859,203,26,53,-78
6860,204,26,54,-77
6861,205,26,55,-77
6862,206,26,55,-77
6863,207,26,56,-76
6864,208,26,56,-76
6865,209,26,57,-76
6866,210,26,58,-76
6867,211,26,59,-75
6868,212,26,60,-75
6869,213,26,60,-75
6870,214,26,61,-74
6871,215,26,61,-74
6872,216,26,62,-74
6873,217,26,62,-74
6874,218,26,64,-73
6875,219,26,64,-73
6876,220,26,65,-73
6877,221,26,65,-73
6878,222,26,66,-73
6879,223,26,66,-72
6880,224,26,67,-72
6881,225,26,68,-72
6882,226,26,68,-71
6883,227,26,69,-71
6884,228,26,69,-71
6885,229,26,70,-71
6886,230,26,70,-70
6887,231,26,71,-70
6888,232,26,71,-69
6889,233,26,71,-69
6890,234,26,71,-68
6891,235,26,72,-68
6892,236,26,72,-67
6893,237,26,72,-66
6894,238,26,72,-66
6895,239,26,73,-66
6896,240,26,73,-65
6897,241,26,73,-65
6898,242,26,73,-64
6899,243,26,73,-64
6900,244,26,73,-64
6901,245,26,74,-62
6902,246,26,74,-62
6903,247,26,74,-62
6904,248,26,74,-61
6905,249,26,74,-61
6906,250,26,74,-61
6907,251,26,75,-60
6908,252,26,75,-60
6909,253,26,75,-60
6910,254,26,75,-59
6911,255,26,75,-59
6912,0,27,-76,-57
6913,1,27,-76,-57
6914,2,27,-76,-58
6915,3,27,-75,-59
6916,4,27,-75,-59
6917,5,27,-75,-60
6918,6,27,-75,-60
6919,7,27,-74,-61
6920,8,27,-74,-61
6921,9,27,-74,-61
6922,10,27,-74,-62
6923,11,27,-74,-62
6924,12,27,-74,-62
6925,13,27,-73,-64
6926,14,27,-73,-64
6927,15,27,-73,-64
6928,16,27,-73,-65
6929,17,27,-73,-65
6930,18,27,-73,-66
6931,19,27,-72,-66
6932,20,27,-72,-66
6933,21,27,-72,-67
6934,22,27,-72,-68
6935,23,27,-71,-68
6936,24,27,-71,-69
6937,25,27,-71,-69
6938,26,27,-71,-70
6939,27,27,-70,-70
6940,28,27,-70,-71
6941,29,27,-69,-71
6942,30,27,-69,-71
6943,31,27,-68,-71
6944,32,27,-68,-72
6945,33,27,-67,-72
6946,34,27,-66,-72
6947,35,27,-66,-73
6948,36,27,-65,-73
6949,37,27,-65,-73
6950,38,27,-64,-73
6951,39,27,-64,-73
6952,40,27,-62,-74
6953,41,27,-62,-74
6954,42,27,-61,-74
6955,43,27,-61,-74
6956,44,27,-60,-75
6957,45,27,-60,-75
6958,46,27,-59,-75
6959,47,27,-57,-76
6960,48,27,-57,-76
6961,49,27,-56,-76
6962,50,27,-56,-76
6963,51,27,-55,-77
6964,52,27,-54,-77
6965,53,27,-54,-77
6966,54,27,-53,-78
6967,55,27,-52,-78
6968,56,27,-52,-78
6969,57,27,-51,-79
6970,58,27,-50,-79
6971,59,27,-50,-79
6972,60,27,-48,-80
6973,61,27,-48,-80
6974,62,27,-47,-80
6975,63,27,-46,-80
6976,64,27,-46,-81
6977,65,27,-45,-81
6978,66,27,-44,-81
6979,67,27,-43,-82
6980,68,27,-43,-82
6981,69,27,-41,-82
6982,70,27,-41,-83
6983,71,27,-40,-83
6984,72,27,-39,-83
6985,73,27,-39,-83
6986,74,27,-38,-84
6987,75,27,-37,-84
6988,76,27,-36,-85
6989,77,27,-35,-85
6990,78,27,-34,-85
6991,79,27,-33,-86
6992,80,27,-32,-86
6993,81,27,-31,-87
6994,82,27,-30,-87
6995,83,27,-29,-87
6996,84,27,-29,-88
6997,85,27,-27,-88
6998,86,27,-27,-88
6999,87,27,-26,-89
7000,88,27,-25,-89
7001,89,27,-24,-90
7002,90,27,-23,-90
7003,91,27,-22,-90
7004,92,27,-21,-91
7005,93,27,-20,-91
7006,94,27,-19,-91
7007,95,27,-19,-92
7008,96,27,-17,-92
7009,97,27,-17,-93
7010,98,27,-16,-93
7011,99,27,-15,-93
7012,100,27,-13,-94
7013,101,27,-12,-94
7014,102,27,-11,-95
7015,103,27,-10,-95
7016,104,27,-9,-96
7017,105,27,-8,-96
7018,106,27,-7,-96
7019,107,27,-5,-97
7020,108,27,-4,-97
7021,109,27,-3,-98
7022,110,27,-2,-98
7023,111,27,-2,-99
7024,112,27,-1,-99
7025,113,27,0,-100
7026,114,27,0,-100
7027,115,27,0,-100
7028,116,27,0,-100
7029,117,27,0,-100
7030,118,27,0,-100
7031,119,27,0,-100
7032,120,27,0,-100
7033,121,27,0,-100
7034,122,27,0,-100
7035,123,27,0,-100
7036,124,27,0,-100
7037,125,27,0,-100
7038,126,27,0,-100
7039,127,27,0,-100
7040,128,27,0,-100
7041,129,27,0,-100
7042,130,27,0,-100
7043,131,27,0,-100
7044,132,27,0,-100
7045,133,27,0,-100
7046,134,27,0,-100
7047,135,27,0,-100
7048,136,27,0,-100
7049,137,27,0,-100
7050,138,27,0,-100
7051,139,27,0,-100
7052,140,27,0,-100
7053,141,27,0,-100
7054,142,27,0,-100
7055,143,27,0,-100
7056,144,27,1,-99
7057,145,27,2,-99
7058,146,27,2,-98
7059,147,27,3,-98
7060,148,27,4,-97
7061,149,27,5,-97
7062,150,27,7,-96
7063,151,27,8,-96
7064,152,27,9,-96
7065,153,27,10,-95
7066,154,27,11,-95
7067,155,27,12,-94
7068,156,27,13,-94
7069,157,27,15,-93
7070,158,27,16,-93
7071,159,27,17,-93
7072,160,27,17,-92
7073,161,27,19,-92
7074,162,27,19,-91
7075,163,27,20,-91
7076,164,27,21,-91
7077,165,27,22,-90
7078,166,27,23,-90
7079,167,27,24,-90
7080,168,27,25,-89
7081,169,27,26,-89
7082,170,27,27,-88
7083,171,27,27,-88
7084,172,27,29,-88
7085,173,27,29,-87
7086,174,27,30,-87
7087,175,27,31,-87
7088,176,27,32,-86
7089,177,27,33,-86
7090,178,27,34,-85
7091,179,27,35,-85
7092,180,27,36,-85
7093,181,27,37,-84
7094,182,27,38,-84
7095,183,27,39,-83
7096,184,27,39,-83
7097,185,27,40,-83
7098,186,27,41,-83
7099,187,27,41,-82
7100,188,27,43,-82
7101,189,27,43,-82
7102,190,27,44,-81
7103,191,27,45,-81
7104,192,27,46,-81
7105,193,27,46,-80
7106,194,27,47,-80
7107,195,27,48,-80
7108,196,27,48,-80
7109,197,27,50,-79
7110,198,27,50,-79
7111,199,27,51,-79
7112,200,27,52,-78
7113,201,27,52,-78
7114,202,27,53,-78
7115,203,27,54,-77
7116,204,27,54,-77
7117,205,27,55,-77
7118,206,27,56,-76
7119,207,27,56,-76
7120,208,27,57,-76
7121,209,27,57,-76
7122,210,27,59,-75
7123,211,27,60,-75
7124,212,27,60,-75
7125,213,27,61,-74
7126,214,27,61,-74
7127,215,27,62,-74
7128,216,27,62,-74
7129,217,27,64,-73
7130,218,27,64,-73
7131,219,27,65,-73
7132,220,27,65,-73
7133,221,27,66,-73
7134,222,27,66,-72
7135,223,27,67,-72
7136,224,27,68,-72
7137,225,27,68,-71
7138,226,27,69,-71
7139,227,27,69,-71
7140,228,27,70,-71
7141,229,27,70,-70
7142,230,27,71,-70
7143,231,27,71,-69
7144,232,27,71,-69
7145,233,27,71,-68
7146,234,27,72,-68
7147,235,27,72,-67
7148,236,27,72,-66
7149,237,27,72,-66
7150,238,27,73,-66
7151,239,27,73,-65
7152,240,27,73,-65
7153,241,27,73,-64
7154,242,27,73,-64
7155,243,27,73,-64
7156,244,27,74,-62
7157,245,27,74,-62
7158,246,27,74,-62
7159,247,27,74,-61
7160,248,27,74,-61
7161,249,27,74,-61
7162,250,27,75,-60
7163,251,27,75,-60
7164,252,27,75,-59
7165,253,27,75,-59
7166,254,27,76,-58
7167,255,27,76,-57
7168,0,28,-76,-57
7169,1,28,-76,-57
7170,2,28,-76,-57
7171,3,28,-76,-58
7172,4,28,-75,-59
7173,5,28,-75,-59
7174,6,28,-75,-60
7175,7,28,-75,-60
7176,8,28,-75,-60
7177,9,28,-74,-61
7178,10,28,-74,-61
7179,11,28,-74,-62
7180,12,28,-74,-62
7181,13,28,-74,-62
7182,14,28,-73,-64
7183,15,28,-73,-64
7184,16,28,-73,-64
7185,17,28,-73,-65
7186,18,28,-73,-65
7187,19,28,-73,-66
7188,20,28,-72,-66
7189,21,28,-72,-66
7190,22,28,-72,-67
7191,23,28,-72,-68
7192,24,28,-71,-68
7193,25,28,-71,-69
7194,26,28,-71,-69
7195,27,28,-71,-70
7196,28,28,-70,-70
7197,29,28,-70,-71
7198,30,28,-69,-71
7199,31,28,-69,-71
7200,32,28,-68,-72
7201,33,28,-68,-72
7202,34,28,-67,-72
7203,35,28,-66,-72
7204,36,28,-66,-73
7205,37,28,-65,-73
7206,38,28,-65,-73
7207,39,28,-64,-73
7208,40,28,-64,-73
7209,41,28,-62,-74
7210,42,28,-62,-74
7211,43,28,-61,-74
7212,44,28,-61,-74
7213,45,28,-60,-75
7214,46,28,-59,-75
7215,47,28,-59,-75
7216,48,28,-57,-76
7217,49,28,-57,-76
7218,50,28,-56,-76
7219,51,28,-55,-77
7220,52,28,-55,-77
7221,53,28,-54,-77
7222,54,28,-54,-77
7223,55,28,-53,-78
7224,56,28,-52,-78
7225,57,28,-52,-78
7226,58,28,-51,-79
7227,59,28,-50,-79
7228,60,28,-49,-79
7229,61,28,-48,-80
7230,62,28,-48,-80
7231,63,28,-46,-80
7232,64,28,-46,-81
7233,65,28,-45,-81
7234,66,28,-45,-81
7235,67,28,-44,-81
7236,68,28,-43,-82
7237,69,28,-42,-82
7238,70,28,-41,-82
7239,71,28,-41,-83
7240,72,28,-39,-83
7241,73,28,-39,-83
7242,74,28,-38,-84
7243,75,28,-37,-84
7244,76,28,-36,-85
7245,77,28,-35,-85
7246,78,28,-35,-85
7247,79,28,-34,-85
7248,80,28,-33,-86
7249,81,28,-32,-86
7250,82,28,-31,-87
7251,83,28,-30,-87
7252,84,28,-29,-87
7253,85,28,-29,-88
7254,86,28,-27,-88
7255,87,28,-27,-88
7256,88,28,-26,-89
7257,89,28,-25,-89
7258,90,28,-24,-90
7259,91,28,-23,-90
7260,92,28,-21,-91
7261,93,28,-20,-91
7262,94,28,-19,-91
7263,95,28,-19,-92
7264,96,28,-17,-92
7265,97,28,-17,-93
7266,98,28,-16,-93
7267,99,28,-15,-93
7268,100,28,-14,-94
7269,101,28,-12,-94
7270,102,28,-11,-95
7271,103,28,-10,-95
7272,104,28,-9,-96
7273,105,28,-8,-96
7274,106,28,-7,-96
7275,107,28,-6,-97
7276,108,28,-4,-97
7277,109,28,-3,-98
7278,110,28,-2,-98
7279,111,28,-2,-99
7280,112,28,-1,-99
7281,113,28,0,-100
7282,114,28,0,-100
7283,115,28,0,-100
7284,116,28,0,-100
7285,117,28,0,-100
7286,118,28,0,-100
7287,119,28,0,-100
7288,120,28,0,-100
7289,121,28,0,-100
7290,122,28,0,-100
7291,123,28,0,-100
7292,124,28,0,-100
7293,125,28,0,-100
7294,126,28,0,-100
7295,127,28,0,-100
7296,128,28,0,-100
7297,129,28,0,-100
7298,130,28,0,-100
7299,131,28,0,-100
7300,132,28,0,-100
7301,133,28,0,-100
7302,134,28,0,-100
7303,135,28,0,-100
7304,136,28,0,-100
7305,137,28,0,-100
7306,138,28,0,-100
7307,139,28,0,-100
7308,140,28,0,-100
7309,141,28,0,-100
7310,142,28,0,-100
7311,143,28,0,-100
7312,144,28,1,-99
7313,145,28,2,-99
7314,146,28,2,-98
7315,147,28,3,-98
7316,148,28,4,-97
7317,149,28,6,-97
7318,150,28,7,-96
7319,151,28,8,-96
7320,152,28,9,-96
7321,153,28,10,-95
7322,154,28,11,-95
7323,155,28,12,-94
7324,156,28,14,-94
7325,157,28,15,-93
7326,158,28,16,-93
7327,159,28,17,-93
7328,160,28,17,-92
7329,161,28,19,-92
7330,162,28,19,-91
7331,163,28,20,-91
7332,164,28,21,-91
7333,165,28,23,-90
7334,166,28,24,-90
7335,167,28,25,-89
7336,168,28,26,-89
7337,169,28,27,-88
7338,170,28,27,-88
7339,171,28,29,-88
7340,172,28,29,-87
7341,173,28,30,-87
7342,174,28,31,-87
7343,175,28,32,-86
7344,176,28,33,-86
7345,177,28,34,-85
7346,178,28,35,-85
7347,179,28,35,-85
7348,180,28,36,-85
7349,181,28,37,-84
7350,182,28,38,-84
7351,183,28,39,-83
7352,184,28,39,-83
7353,185,28,41,-83
7354,186,28,41,-82
7355,187,28,42,-82
7356,188,28,43,-82
7357,189,28,44,-81
7358,190,28,45,-81
7359,191,28,45,-81
7360,192,28,46,-81
7361,193,28,46,-80
7362,194,28,48,-80
7363,195,28,48,-80
7364,196,28,49,-79
7365,197,28,50,-79
7366,198,28,51,-79
7367,199,28,52,-78
7368,200,28,52,-78
7369,201,28,53,-78
7370,202,28,54,-77
7371,203,28,54,-77
7372,204,28,55,-77
7373,205,28,55,-77
7374,206,28,56,-76
7375,207,28,57,-76
7376,208,28,57,-76
7377,209,28,59,-75
7378,210,28,59,-75
7379,211,28,60,-75
7380,212,28,61,-74
7381,213,28,61,-74
7382,214,28,62,-74
7383,215,28,62,-74
7384,216,28,64,-73
7385,217,28,64,-73
7386,218,28,65,-73
7387,219,28,65,-73
7388,220,28,66,-73
7389,221,28,66,-72
7390,222,28,67,-72
7391,223,28,68,-72
7392,224,28,68,-72
7393,225,28,69,-71
7394,226,28,69,-71
7395,227,28,70,-71
7396,228,28,70,-70
7397,229,28,71,-70
7398,230,28,71,-69
7399,231,28,71,-69
7400,232,28,71,-68
7401,233,28,72,-68
7402,234,28,72,-67
7403,235,28,72,-66
7404,236,28,72,-66
7405,237,28,73,-66
7406,238,28,73,-65
7407,239,28,73,-65
7408,240,28,73,-64
7409,241,28,73,-64
7410,242,28,73,-64
7411,243,28,74,-62
7412,244,28,74,-62
7413,245,28,74,-62
7414,246,28,74,-61
7415,247,28,74,-61
7416,248,28,75,-60
7417,249,28,75,-60
7418,250,28,75,-60
7419,251,28,75,-59
7420,252,28,75,-59
7421,253,28,76,-58
7422,254,28,76,-57
7423,255,28,76,-57
7424,0,29,-76,-56
7425,1,29,-76,-57
7426,2,29,-76,-57
7427,3,29,-76,-57
7428,4,29,-76,-58
7429,5,29,-75,-59
7430,6,29,-75,-59
7431,7,29,-75,-60
7432,8,29,-75,-60
7433,9,29,-75,-60
7434,10,29,-74,-61
7435,11,29,-74,-61
7436,12,29,-74,-61
7437,13,29,-74,-62
7438,14,29,-74,-62
7439,15,29,-73,-64
7440,16,29,-73,-64
7441,17,29,-73,-64
7442,18,29,-73,-65
7443,19,29,-73,-65
7444,20,29,-73,-66
7445,21,29,-72,-66
7446,22,29,-72,-66
7447,23,29,-72,-67
7448,24,29,-72,-68
7449,25,29,-71,-68
7450,26,29,-71,-69
7451,27,29,-71,-69
7452,28,29,-71,-70
7453,29,29,-70,-70
7454,30,29,-70,-71
7455,31,29,-69,-71
7456,32,29,-69,-71
7457,33,29,-68,-72
7458,34,29,-68,-72
7459,35,29,-67,-72
7460,36,29,-66,-72
7461,37,29,-66,-73
7462,38,29,-65,-73
7463,39,29,-64,-73
7464,40,29,-64,-73
7465,41,29,-64,-73
7466,42,29,-62,-74
7467,43,29,-62,-74
7468,44,29,-61,-74
7469,45,29,-60,-75
7470,46,29,-60,-75
7471,47,29,-59,-75
7472,48,29,-58,-76
7473,49,29,-57,-76
7474,50,29,-57,-76
7475,51,29,-56,-76
7476,52,29,-55,-77
7477,53,29,-55,-77
7478,54,29,-54,-77
7479,55,29,-53,-78
7480,56,29,-53,-78
7481,57,29,-52,-78
7482,58,29,-51,-79
7483,59,29,-50,-79
7484,60,29,-50,-79
7485,61,29,-48,-80
7486,62,29,-48,-80
7487,63,29,-48,-80
7488,64,29,-46,-80
7489,65,29,-46,-81
7490,66,29,-45,-81
7491,67,29,-45,-81
7492,68,29,-43,-82
7493,69,29,-43,-82
7494,70,29,-41,-82
7495,71,29,-41,-83
7496,72,29,-40,-83
7497,73,29,-39,-83
7498,74,29,-39,-83
7499,75,29,-38,-84
7500,76,29,-37,-84
7501,77,29,-36,-85
7502,78,29,-35,-85
7503,79,29,-34,-85
7504,80,29,-33,-86
7505,81,29,-32,-86
7506,82,29,-31,-87
7507,83,29,-30,-87
7508,84,29,-29,-87
7509,85,29,-29,-88
7510,86,29,-27,-88
7511,87,29,-27,-88
7512,88,29,-26,-89
7513,89,29,-25,-89
7514,90,29,-24,-90
7515,91,29,-23,-90
7516,92,29,-22,-90
7517,93,29,-21,-91
7518,94,29,-20,-91
7519,95,29,-19,-92
7520,96,29,-17,-92
7521,97,29,-17,-93
7522,98,29,-16,-93
7523,99,29,-15,-93
7524,100,29,-14,-94
7525,101,29,-13,-94
7526,102,29,-11,-95
7527,103,29,-10,-95
7528,104,29,-9,-96
7529,105,29,-8,-96
7530,106,29,-7,-96
7531,107,29,-6,-97
7532,108,29,-4,-97
7533,109,29,-3,-98
7534,110,29,-2,-98
7535,111,29,-2,-99
7536,112,29,-1,-99
7537,113,29,0,-100
7538,114,29,0,-100
7539,115,29,0,-100
7540,116,29,0,-100
7541,117,29,0,-100
7542,118,29,0,-100
7543,119,29,0,-100
7544,120,29,0,-100
7545,121,29,0,-100
7546,122,29,0,-100
7547,123,29,0,-100
7548,124,29,0,-100
7549,125,29,0,-100
7550,126,29,0,-100
7551,127,29,0,-100
7552,128,29,0,-100
7553,129,29,0,-100
7554,130,29,0,-100
7555,131,29,0,-100
7556,132,29,0,-100
7557,133,29,0,-100
7558,134,29,0,-100
7559,135,29,0,-100
7560,136,29,0,-100
7561,137,29,0,-100
7562,138,29,0,-100
7563,139,29,0,-100
7564,140,29,0,-100
7565,141,29,0,-100
7566,142,29,0,-100
7567,143,29,0,-100
7568,144,29,1,-99
7569,145,29,2,-99
7570,146,29,2,-98
7571,147,29,3,-98
7572,148,29,4,-97
7573,149,29,6,-97
7574,150,29,7,-96
7575,151,29,8,-96
7576,152,29,9,-96
7577,153,29,10,-95
7578,154,29,11,-95
7579,155,29,13,-94
7580,156,29,14,-94
7581,157,29,15,-93
7582,158,29,16,-93
7583,159,29,17,-93
7584,160,29,17,-92
7585,161,29,19,-92
7586,162,29,20,-91
7587,163,29,21,-91
7588,164,29,22,-90
7589,165,29,23,-90
7590,166,29,24,-90
7591,167,29,25,-89
7592,168,29,26,-89
7593,169,29,27,-88
7594,170,29,27,-88
7595,171,29,29,-88
7596,172,29,29,-87
7597,173,29,30,-87
7598,174,29,31,-87
7599,175,29,32,-86
7600,176,29,33,-86
7601,177,29,34,-85
7602,178,29,35,-85
7603,179,29,36,-85
7604,180,29,37,-84
7605,181,29,38,-84
7606,182,29,39,-83
7607,183,29,39,-83
7608,184,29,40,-83
7609,185,29,41,-83
7610,186,29,41,-82
7611,187,29,43,-82
7612,188,29,43,-82
7613,189,29,45,-81
7614,190,29,45,-81
7615,191,29,46,-81
7616,192,29,46,-80
7617,193,29,48,-80
7618,194,29,48,-80
7619,195,29,48,-80
7620,196,29,50,-79
7621,197,29,50,-79
7622,198,29,51,-79
7623,199,29,52,-78
7624,200,29,53,-78
7625,201,29,53,-78
7626,202,29,54,-77
7627,203,29,55,-77
7628,204,29,55,-77
7629,205,29,56,-76
7630,206,29,57,-76
7631,207,29,57,-76
7632,208,29,58,-76
7633,209,29,59,-75
7634,210,29,60,-75
7635,211,29,60,-75
7636,212,29,61,-74
7637,213,29,62,-74
7638,214,29,62,-74
7639,215,29,64,-73
7640,216,29,64,-73
7641,217,29,64,-73
7642,218,29,65,-73
7643,219,29,66,-73
7644,220,29,66,-72
7645,221,29,67,-72
7646,222,29,68,-72
7647,223,29,68,-72
7648,224,29,69,-71
7649,225,29,69,-71
7650,226,29,70,-71
7651,227,29,70,-70
7652,228,29,71,-70
7653,229,29,71,-69
7654,230,29,71,-69
7655,231,29,71,-68
7656,232,29,72,-68
7657,233,29,72,-67
7658,234,29,72,-66
7659,235,29,72,-66
7660,236,29,73,-66
7661,237,29,73,-65
7662,238,29,73,-65
7663,239,29,73,-64
7664,240,29,73,-64
7665,241,29,73,-64
7666,242,29,74,-62
7667,243,29,74,-62
7668,244,29,74,-61
7669,245,29,74,-61
7670,246,29,74,-61
7671,247,29,75,-60
7672,248,29,75,-60
7673,249,29,75,-60
7674,250,29,75,-59
7675,251,29,75,-59
7676,252,29,76,-58
7677,253,29,76,-57
7678,254,29,76,-57
7679,255,29,76,-57
7680,0,30,-76,-56
7681,1,30,-76,-56
7682,2,30,-76,-56
7683,3,30,-76,-57
7684,4,30,-76,-57
7685,5,30,-76,-57
7686,6,30,-76,-58
7687,7,30,-75,-59
7688,8,30,-75,-60
7689,9,30,-75,-60
7690,10,30,-75,-60
7691,11,30,-74,-61
7692,12,30,-74,-61
7693,13,30,-74,-61
7694,14,30,-74,-62
7695,15,30,-74,-62
7696,16,30,-73,-64
7697,17,30,-73,-64
7698,18,30,-73,-64
7699,19,30,-73,-65
7700,20,30,-73,-65
7701,21,30,-73,-65
7702,22,30,-72,-66
7703,23,30,-72,-66
7704,24,30,-72,-67
7705,25,30,-72,-68
7706,26,30,-71,-68
7707,27,30,-71,-69
7708,28,30,-71,-69
7709,29,30,-71,-70
7710,30,30,-70,-70
7711,31,30,-70,-71
7712,32,30,-69,-71
7713,33,30,-68,-71
7714,34,30,-68,-72
7715,35,30,-68,-72
7716,36,30,-67,-72
7717,37,30,-66,-72
7718,38,30,-66,-73
7719,39,30,-65,-73
7720,40,30,-64,-73
7721,41,30,-64,-73
7722,42,30,-64,-73
7723,43,30,-62,-74
7724,44,30,-61,-74
7725,45,30,-61,-74
7726,46,30,-60,-75
7727,47,30,-60,-75
7728,48,30,-59,-75
7729,49,30,-58,-76
7730,50,30,-57,-76
7731,51,30,-56,-76
7732,52,30,-56,-76
7733,53,30,-55,-77
7734,54,30,-54,-77
7735,55,30,-54,-77
7736,56,30,-53,-78
7737,57,30,-52,-78
7738,58,30,-52,-78
7739,59,30,-51,-79
7740,60,30,-50,-79
7741,61,30,-50,-79
7742,62,30,-48,-80
7743,63,30,-48,-80
7744,64,30,-46,-80
7745,65,30,-46,-80
7746,66,30,-45,-81
7747,67,30,-45,-81
7748,68,30,-44,-81
7749,69,30,-43,-82
7750,70,30,-43,-82
7751,71,30,-41,-82
7752,72,30,-41,-83
7753,73,30,-39,-83
7754,74,30,-39,-83
7755,75,30,-38,-84
7756,76,30,-37,-84
7757,77,30,-36,-85
7758,78,30,-35,-85
7759,79,30,-34,-85
7760,80,30,-33,-86
7761,81,30,-32,-86
7762,82,30,-31,-87
7763,83,30,-30,-87
7764,84,30,-29,-87
7765,85,30,-29,-88
7766,86,30,-27,-88
7767,87,30,-27,-88
7768,88,30,-26,-89
7769,89,30,-25,-89
7770,90,30,-24,-90
7771,91,30,-23,-90
7772,92,30,-22,-90
7773,93,30,-21,-91
7774,94,30,-20,-91
7775,95,30,-19,-91
7776,96,30,-19,-92
7777,97,30,-17,-93
7778,98,30,-16,-93
7779,99,30,-15,-93
7780,100,30,-14,-94
7781,101,30,-13,-94
7782,102,30,-12,-94
7783,103,30,-10,-95
7784,104,30,-9,-96
7785,105,30,-8,-96
7786,106,30,-7,-96
7787,107,30,-6,-97
7788,108,30,-5,-97
7789,109,30,-3,-98
7790,110,30,-2,-98
7791,111,30,-2,-99
7792,112,30,-1,-99
7793,113,30,0,-100
7794,114,30,0,-100
7795,115,30,0,-100
7796,116,30,0,-100
7797,117,30,0,-100
7798,118,30,0,-100
7799,119,30,0,-100
7800,120,30,0,-100
7801,121,30,0,-100
7802,122,30,0,-100
7803,123,30,0,-100
7804,124,30,0,-100
7805,125,30,0,-100
7806,126,30,0,-100
7807,127,30,0,-100
7808,128,30,0,-100
7809,129,30,0,-100
7810,130,30,0,-100
7811,131,30,0,-100
7812,132,30,0,-100
7813,133,30,0,-100
7814,134,30,0,-100
7815,135,30,0,-100
7816,136,30,0,-100
7817,137,30,0,-100
7818,138,30,0,-100
7819,139,30,0,-100
7820,140,30,0,-100
7821,141,30,0,-100
7822,142,30,0,-100
7823,143,30,0,-100
7824,144,30,1,-99
7825,145,30,2,-99
7826,146,30,2,-98
7827,147,30,3,-98
7828,148,30,5,-97
7829,149,30,6,-97
7830,150,30,7,-96
7831,151,30,8,-96
7832,152,30,9,-96
7833,153,30,10,-95
7834,154,30,12,-94
7835,155,30,13,-94
7836,156,30,14,-94
7837,157,30,15,-93
7838,158,30,16,-93
7839,159,30,17,-93
7840,160,30,19,-92
7841,161,30,19,-91
7842,162,30,20,-91
7843,163,30,21,-91
7844,164,30,22,-90
7845,165,30,23,-90
7846,166,30,24,-90
7847,167,30,25,-89
7848,168,30,26,-89
7849,169,30,27,-88
7850,170,30,27,-88
7851,171,30,29,-88
7852,172,30,29,-87
7853,173,30,30,-87
7854,174,30,31,-87
7855,175,30,32,-86
7856,176,30,33,-86
7857,177,30,34,-85
7858,178,30,35,-85
7859,179,30,36,-85
7860,180,30,37,-84
7861,181,30,38,-84
7862,182,30,39,-83
7863,183,30,39,-83
7864,184,30,41,-83
7865,185,30,41,-82
7866,186,30,43,-82
7867,187,30,43,-82
7868,188,30,44,-81
7869,189,30,45,-81
7870,190,30,45,-81
7871,191,30,46,-80
7872,192,30,46,-80
7873,193,30,48,-80
7874,194,30,48,-80
7875,195,30,50,-79
7876,196,30,50,-79
7877,197,30,51,-79
7878,198,30,52,-78
7879,199,30,52,-78
7880,200,30,53,-78
7881,201,30,54,-77
7882,202,30,54,-77
7883,203,30,55,-77
7884,204,30,56,-76
7885,205,30,56,-76
7886,206,30,57,-76
7887,207,30,58,-76
7888,208,30,59,-75
7889,209,30,60,-75
7890,210,30,60,-75
7891,211,30,61,-74
7892,212,30,61,-74
7893,213,30,62,-74
7894,214,30,64,-73
7895,215,30,64,-73
7896,216,30,64,-73
7897,217,30,65,-73
7898,218,30,66,-73
7899,219,30,66,-72
7900,220,30,67,-72
7901,221,30,68,-72
7902,222,30,68,-72
7903,223,30,68,-71
7904,224,30,69,-71
7905,225,30,70,-71
7906,226,30,70,-70
7907,227,30,71,-70
7908,228,30,71,-69
7909,229,30,71,-69
7910,230,30,71,-68
7911,231,30,72,-68
7912,232,30,72,-67
7913,233,30,72,-66
7914,234,30,72,-66
7915,235,30,73,-65
7916,236,30,73,-65
7917,237,30,73,-65
7918,238,30,73,-64
7919,239,30,73,-64
7920,240,30,73,-64
7921,241,30,74,-62
7922,242,30,74,-62
7923,243,30,74,-61
7924,244,30,74,-61
7925,245,30,74,-61
7926,246,30,75,-60
7927,247,30,75,-60
7928,248,30,75,-60
7929,249,30,75,-59
7930,250,30,76,-58
7931,251,30,76,-57
7932,252,30,76,-57
7933,253,30,76,-57
7934,254,30,76,-56
7935,255,30,76,-56
7936,0,31,-77,-55
7937,1,31,-76,-56
7938,2,31,-76,-56
7939,3,31,-76,-56
7940,4,31,-76,-57
7941,5,31,-76,-57
7942,6,31,-76,-57
7943,7,31,-76,-58
7944,8,31,-75,-59
7945,9,31,-75,-59
7946,10,31,-75,-60
7947,11,31,-75,-60
7948,12,31,-74,-61
7949,13,31,-74,-61
7950,14,31,-74,-61
7951,15,31,-74,-62
7952,16,31,-74,-62
7953,17,31,-74,-62
7954,18,31,-73,-64
7955,19,31,-73,-64
7956,20,31,-73,-64
7957,21,31,-73,-65
7958,22,31,-73,-65
7959,23,31,-72,-66
7960,24,31,-72,-66
7961,25,31,-72,-67
7962,26,31,-72,-68
7963,27,31,-71,-68
7964,28,31,-71,-69
7965,29,31,-71,-69
7966,30,31,-71,-70
7967,31,31,-70,-70
7968,32,31,-70,-71
7969,33,31,-69,-71
7970,34,31,-68,-71
7971,35,31,-68,-72
7972,36,31,-68,-72
7973,37,31,-66,-72
7974,38,31,-66,-72
7975,39,31,-65,-73
7976,40,31,-65,-73
7977,41,31,-64,-73
7978,42,31,-64,-73
7979,43,31,-62,-74
7980,44,31,-62,-74
7981,45,31,-61,-74
7982,46,31,-61,-74
7983,47,31,-60,-75
7984,48,31,-60,-75
7985,49,31,-59,-75
7986,50,31,-57,-76
7987,51,31,-57,-76
7988,52,31,-56,-76
7989,53,31,-56,-76
7990,54,31,-55,-77
7991,55,31,-54,-77
7992,56,31,-54,-77
7993,57,31,-53,-78
7994,58,31,-52,-78
7995,59,31,-51,-79
7996,60,31,-51,-79
7997,61,31,-50,-79
7998,62,31,-49,-79
7999,63,31,-48,-80
8000,64,31,-48,-80
8001,65,31,-46,-80
8002,66,31,-46,-81
8003,67,31,-45,-81
8004,68,31,-45,-81
8005,69,31,-43,-82
8006,70,31,-43,-82
8007,71,31,-41,-82
8008,72,31,-41,-83
8009,73,31,-40,-83
8010,74,31,-39,-83
8011,75,31,-39,-83
8012,76,31,-38,-84
8013,77,31,-37,-84
8014,78,31,-36,-85
8015,79,31,-35,-85
8016,80,31,-34,-85
8017,81,31,-33,-86
8018,82,31,-32,-86
8019,83,31,-31,-87
8020,84,31,-30,-87
8021,85,31,-29,-87
8022,86,31,-29,-88
8023,87,31,-27,-88
8024,88,31,-27,-88
8025,89,31,-26,-89
8026,90,31,-25,-89
8027,91,31,-23,-90
8028,92,31,-22,-90
8029,93,31,-21,-91
8030,94,31,-20,-91
8031,95,31,-19,-91
8032,96,31,-19,-92
8033,97,31,-17,-92
8034,98,31,-16,-93
8035,99,31,-15,-93
8036,100,31,-14,-94
8037,101,31,-13,-94
8038,102,31,-12,-94
8039,103,31,-11,-95
8040,104,31,-9,-96
8041,105,31,-8,-96
8042,106,31,-7,-96
8043,107,31,-6,-97
8044,108,31,-5,-97
8045,109,31,-3,-98
8046,110,31,-2,-98
8047,111,31,-2,-99
8048,112,31,-1,-99
8049,113,31,0,-100
8050,114,31,0,-100
8051,115,31,0,-100
8052,116,31,0,-100
8053,117,31,0,-100
8054,118,31,0,-100
8055,119,31,0,-100
8056,120,31,0,-100
8057,121,31,0,-100
8058,122,31,0,-100
8059,123,31,0,-100
8060,124,31,0,-100
8061,125,31,0,-100
8062,126,31,0,-100
8063,127,31,0,-100
8064,128,31,0,-100
8065,129,31,0,-100
8066,130,31,0,-100
8067,131,31,0,-100
8068,132,31,0,-100
8069,133,31,0,-100
8070,134,31,0,-100
8071,135,31,0,-100
8072,136,31,0,-100
8073,137,31,0,-100
8074,138,31,0,-100
8075,139,31,0,-100
8076,140,31,0,-100
8077,141,31,0,-100
8078,142,31,0,-100
8079,143,31,0,-100
8080,144,31,1,-99
8081,145,31,2,-99
8082,146,31,2,-98
8083,147,31,3,-98
8084,148,31,5,-97
8085,149,31,6,-97
8086,150,31,7,-96
8087,151,31,8,-96
8088,152,31,9,-96
8089,153,31,11,-95
8090,154,31,12,-94
8091,155,31,13,-94
8092,156,31,14,-94
8093,157,31,15,-93
8094,158,31,16,-93
8095,159,31,17,-92
8096,160,31,19,-92
8097,161,31,19,-91
8098,162,31,20,-91
8099,163,31,21,-91
8100,164,31,22,-90
8101,165,31,23,-90
8102,166,31,25,-89
8103,167,31,26,-89
8104,168,31,27,-88
8105,169,31,27,-88
8106,170,31,29,-88
8107,171,31,29,-87
8108,172,31,30,-87
8109,173,31,31,-87
8110,174,31,32,-86
8111,175,31,33,-86
8112,176,31,34,-85
8113,177,31,35,-85
8114,178,31,36,-85
8115,179,31,37,-84
8116,180,31,38,-84
8117,181,31,39,-83
8118,182,31,39,-83
8119,183,31,40,-83
8120,184,31,41,-83
8121,185,31,41,-82
8122,186,31,43,-82
8123,187,31,43,-82
8124,188,31,45,-81
8125,189,31,45,-81
8126,190,31,46,-81
8127,191,31,46,-80
8128,192,31,48,-80
8129,193,31,48,-80
8130,194,31,49,-79
8131,195,31,50,-79
8132,196,31,51,-79
8133,197,31,51,-79
8134,198,31,52,-78
8135,199,31,53,-78
8136,200,31,54,-77
8137,201,31,54,-77
8138,202,31,55,-77
8139,203,31,56,-76
8140,204,31,56,-76
8141,205,31,57,-76
8142,206,31,57,-76
8143,207,31,59,-75
8144,208,31,60,-75
8145,209,31,60,-75
8146,210,31,61,-74
8147,211,31,61,-74
8148,212,31,62,-74
8149,213,31,62,-74
8150,214,31,64,-73
8151,215,31,64,-73
8152,216,31,65,-73
8153,217,31,65,-73
8154,218,31,66,-72
8155,219,31,66,-72
8156,220,31,68,-72
8157,221,31,68,-72
8158,222,31,68,-71
8159,223,31,69,-71
8160,224,31,70,-71
8161,225,31,70,-70
8162,226,31,71,-70
8163,227,31,71,-69
8164,228,31,71,-69
8165,229,31,71,-68
8166,230,31,72,-68
8167,231,31,72,-67
8168,232,31,72,-66
8169,233,31,72,-66
8170,234,31,73,-65
8171,235,31,73,-65
8172,236,31,73,-64
8173,237,31,73,-64
8174,238,31,73,-64
8175,239,31,74,-62
8176,240,31,74,-62
8177,241,31,74,-62
8178,242,31,74,-61
8179,243,31,74,-61
8180,244,31,74,-61
8181,245,31,75,-60
8182,246,31,75,-60
8183,247,31,75,-59
8184,248,31,75,-59
8185,249,31,76,-58
8186,250,31,76,-57
8187,251,31,76,-57
8188,252,31,76,-57
8189,253,31,76,-56
8190,254,31,76,-56
8191,255,31,76,-56
8192,0,32,-77,-55
8193,1,32,-77,-55
8194,2,32,-77,-55
8195,3,32,-76,-56
8196,4,32,-76,-56
8197,5,32,-76,-57
8198,6,32,-76,-57
8199,7,32,-76,-57
8200,8,32,-76,-58
8201,9,32,-75,-59
8202,10,32,-75,-59
8203,11,32,-75,-60
8204,12,32,-75,-60
8205,13,32,-75,-60
8206,14,32,-74,-61
8207,15,32,-74,-61
8208,16,32,-74,-62
8209,17,32,-74,-62
8210,18,32,-74,-62
8211,19,32,-73,-64
8212,20,32,-73,-64
8213,21,32,-73,-64
8214,22,32,-73,-65
8215,23,32,-73,-65
8216,24,32,-72,-66
8217,25,32,-72,-66
8218,26,32,-72,-67
8219,27,32,-72,-68
8220,28,32,-72,-68
8221,29,32,-71,-69
8222,30,32,-71,-69
8223,31,32,-71,-70
8224,32,32,-70,-70
8225,33,32,-70,-71
8226,34,32,-69,-71
8227,35,32,-68,-71
8228,36,32,-68,-72
8229,37,32,-68,-72
8230,38,32,-66,-72
8231,39,32,-66,-72
8232,40,32,-65,-73
8233,41,32,-65,-73
8234,42,32,-64,-73
8235,43,32,-64,-73
8236,44,32,-62,-74
8237,45,32,-62,-74
8238,46,32,-61,-74
8239,47,32,-61,-74
8240,48,32,-60,-75
8241,49,32,-59,-75
8242,50,32,-59,-75
8243,51,32,-57,-76
8244,52,32,-57,-76
8245,53,32,-56,-76
8246,54,32,-55,-77
8247,55,32,-55,-77
8248,56,32,-54,-77
8249,57,32,-53,-78
8250,58,32,-53,-78
8251,59,32,-52,-78
8252,60,32,-51,-79
8253,61,32,-50,-79
8254,62,32,-50,-79
8255,63,32,-48,-80
8256,64,32,-48,-80
8257,65,32,-46,-80
8258,66,32,-46,-80
8259,67,32,-46,-81
8260,68,32,-45,-81
8261,69,32,-44,-81
8262,70,32,-43,-82
8263,71,32,-43,-82
8264,72,32,-41,-82
8265,73,32,-41,-83
8266,74,32,-39,-83
8267,75,32,-39,-83
8268,76,32,-38,-84
8269,77,32,-37,-84
8270,78,32,-36,-85
8271,79,32,-35,-85
8272,80,32,-34,-85
8273,81,32,-33,-86
8274,82,32,-32,-86
8275,83,32,-31,-87
8276,84,32,-30,-87
8277,85,32,-29,-87
8278,86,32,-29,-88
8279,87,32,-27,-88
8280,88,32,-27,-88
8281,89,32,-26,-89
8282,90,32,-25,-89
8283,91,32,-24,-90
8284,92,32,-23,-90
8285,93,32,-21,-91
8286,94,32,-20,-91
8287,95,32,-19,-91
8288,96,32,-19,-92
8289,97,32,-17,-92
8290,98,32,-17,-93
8291,99,32,-16,-93
8292,100,32,-14,-94
8293,101,32,-13,-94
8294,102,32,-12,-94
8295,103,32,-11,-95
8296,104,32,-10,-95
8297,105,32,-8,-96
8298,106,32,-7,-96
8299,107,32,-6,-97
8300,108,32,-5,-97
8301,109,32,-3,-98
8302,110,32,-2,-98
8303,111,32,-2,-99
8304,112,32,-1,-99
8305,113,32,0,-100
8306,114,32,0,-100
8307,115,32,0,-100
8308,116,32,0,-100
8309,117,32,0,-100
8310,118,32,0,-100
8311,119,32,0,-100
8312,120,32,0,-100
8313,121,32,0,-100
8314,122,32,0,-100
8315,123,32,0,-100
8316,124,32,0,-100
8317,125,32,0,-100
8318,126,32,0,-100
8319,127,32,0,-100
8320,128,32,0,-100
8321,129,32,0,-100
8322,130,32,0,-100
8323,131,32,0,-100
8324,132,32,0,-100
8325,133,32,0,-100
8326,134,32,0,-100
8327,135,32,0,-100
8328,136,32,0,-100
8329,137,32,0,-100
8330,138,32,0,-100
8331,139,32,0,-100
8332,140,32,0,-100
8333,141,32,0,-100
8334,142,32,0,-100
8335,143,32,0,-100
8336,144,32,1,-99
8337,145,32,2,-99
8338,146,32,2,-98
8339,147,32,3,-98
8340,148,32,5,-97
8341,149,32,6,-97
8342,150,32,7,-96
8343,151,32,8,-96
8344,152,32,10,-95
8345,153,32,11,-95
8346,154,32,12,-94
8347,155,32,13,-94
8348,156,32,14,-94
8349,157,32,16,-93
8350,158,32,17,-93
8351,159,32,17,-92
8352,160,32,19,-92
8353,161,32,19,-91
8354,162,32,20,-91
8355,163,32,21,-91
8356,164,32,23,-90
8357,165,32,24,-90
8358,166,32,25,-89
8359,167,32,26,-89
8360,168,32,27,-88
8361,169,32,27,-88
8362,170,32,29,-88
8363,171,32,29,-87
8364,172,32,30,-87
8365,173,32,31,-87
8366,174,32,32,-86
8367,175,32,33,-86
8368,176,32,34,-85
8369,177,32,35,-85
8370,178,32,36,-85
8371,179,32,37,-84
8372,180,32,38,-84
8373,181,32,39,-83
8374,182,32,39,-83
8375,183,32,41,-83
8376,184,32,41,-82
8377,185,32,43,-82
8378,186,32,43,-82
8379,187,32,44,-81
8380,188,32,45,-81
8381,189,32,46,-81
8382,190,32,46,-80
8383,191,32,46,-80
8384,192,32,48,-80
8385,193,32,48,-80
8386,194,32,50,-79
8387,195,32,50,-79
8388,196,32,51,-79
8389,197,32,52,-78
8390,198,32,53,-78
8391,199,32,53,-78
8392,200,32,54,-77
8393,201,32,55,-77
8394,202,32,55,-77
8395,203,32,56,-76
8396,204,32,57,-76
8397,205,32,57,-76
8398,206,32,59,-75
8399,207,32,59,-75
8400,208,32,60,-75
8401,209,32,61,-74
8402,210,32,61,-74
8403,211,32,62,-74
8404,212,32,62,-74
8405,213,32,64,-73
8406,214,32,64,-73
8407,215,32,65,-73
8408,216,32,65,-73
8409,217,32,66,-72
8410,218,32,66,-72
8411,219,32,68,-72
8412,220,32,68,-72
8413,221,32,68,-71
8414,222,32,69,-71
8415,223,32,70,-71
8416,224,32,70,-70
8417,225,32,71,-70
8418,226,32,71,-69
8419,227,32,71,-69
8420,228,32,72,-68
8421,229,32,72,-68
8422,230,32,72,-67
8423,231,32,72,-66
8424,232,32,72,-66
8425,233,32,73,-65
8426,234,32,73,-65
8427,235,32,73,-64
8428,236,32,73,-64
8429,237,32,73,-64
8430,238,32,74,-62
8431,239,32,74,-62
8432,240,32,74,-62
8433,241,32,74,-61
8434,242,32,74,-61
8435,243,32,75,-60
8436,244,32,75,-60
8437,245,32,75,-60
8438,246,32,75,-59
8439,247,32,75,-59
8440,248,32,76,-58
8441,249,32,76,-57
8442,250,32,76,-57
8443,251,32,76,-57
8444,252,32,76,-56
8445,253,32,76,-56
8446,254,32,77,-55
8447,255,32,77,-55
8448,0,33,-77,-54
8449,1,33,-77,-55
8450,2,33,-77,-55
8451,3,33,-77,-55
8452,4,33,-76,-56
8453,5,33,-76,-56
8454,6,33,-76,-56
8455,7,33,-76,-57
8456,8,33,-76,-57
8457,9,33,-76,-57
8458,10,33,-75,-59
8459,11,33,-75,-59
8460,12,33,-75,-60
8461,13,33,-75,-60
8462,14,33,-75,-60
8463,15,33,-74,-61
8464,16,33,-74,-61
8465,17,33,-74,-62
8466,18,33,-74,-62
8467,19,33,-74,-62
8468,20,33,-73,-64
8469,21,33,-73,-64
8470,22,33,-73,-64
8471,23,33,-73,-65
8472,24,33,-73,-65
8473,25,33,-72,-66
8474,26,33,-72,-66
8475,27,33,-72,-67
8476,28,33,-72,-68
8477,29,33,-72,-68
8478,30,33,-71,-68
8479,31,33,-71,-69
8480,32,33,-71,-70
8481,33,33,-70,-70
8482,34,33,-70,-71
8483,35,33,-69,-71
8484,36,33,-68,-71
8485,37,33,-68,-72
8486,38,33,-68,-72
8487,39,33,-66,-72
8488,40,33,-66,-72
8489,41,33,-65,-73
8490,42,33,-65,-73
8491,43,33,-64,-73
8492,44,33,-64,-73
8493,45,33,-62,-74
8494,46,33,-62,-74
8495,47,33,-61,-74
8496,48,33,-61,-74
8497,49,33,-60,-75
8498,50,33,-59,-75
8499,51,33,-58,-76
8500,52,33,-57,-76
8501,53,33,-57,-76
8502,54,33,-56,-76
8503,55,33,-55,-77
8504,56,33,-55,-77
8505,57,33,-54,-77
8506,58,33,-53,-78
8507,59,33,-52,-78
8508,60,33,-52,-78
8509,61,33,-51,-79
8510,62,33,-50,-79
8511,63,33,-49,-79
8512,64,33,-48,-80
8513,65,33,-48,-80
8514,66,33,-46,-80
8515,67,33,-46,-81
8516,68,33,-45,-81
8517,69,33,-45,-81
8518,70,33,-43,-82
8519,71,33,-43,-82
8520,72,33,-42,-82
8521,73,33,-41,-83
8522,74,33,-40,-83
8523,75,33,-39,-83
8524,76,33,-38,-84
8525,77,33,-38,-84
8526,78,33,-37,-84
8527,79,33,-36,-85
8528,80,33,-35,-85
8529,81,33,-34,-85
8530,82,33,-33,-86
8531,83,33,-32,-86
8532,84,33,-31,-87
8533,85,33,-30,-87
8534,86,33,-29,-88
8535,87,33,-27,-88
8536,88,33,-27,-88
8537,89,33,-26,-89
8538,90,33,-25,-89
8539,91,33,-24,-90
8540,92,33,-23,-90
8541,93,33,-22,-90
8542,94,33,-21,-91
8543,95,33,-19,-91
8544,96,33,-19,-92
8545,97,33,-17,-92
8546,98,33,-17,-93
8547,99,33,-16,-93
8548,100,33,-15,-93
8549,101,33,-13,-94
8550,102,33,-12,-94
8551,103,33,-11,-95
8552,104,33,-10,-95
8553,105,33,-8,-96
8554,106,33,-7,-96
8555,107,33,-6,-97
8556,108,33,-5,-97
8557,109,33,-3,-98
8558,110,33,-2,-98
8559,111,33,-2,-99
8560,112,33,-1,-99
8561,113,33,0,-100
8562,114,33,0,-100
8563,115,33,0,-100
8564,116,33,0,-100
8565,117,33,0,-100
8566,118,33,0,-100
8567,119,33,0,-100
8568,120,33,0,-100
8569,121,33,0,-100
8570,122,33,0,-100
8571,123,33,0,-100
8572,124,33,0,-100
8573,125,33,0,-100
8574,126,33,0,-100
8575,127,33,0,-100
8576,128,33,0,-100
8577,129,33,0,-100
8578,130,33,0,-100
8579,131,33,0,-100
8580,132,33,0,-100
8581,133,33,0,-100
8582,134,33,0,-100
8583,135,33,0,-100
8584,136,33,0,-100
8585,137,33,0,-100
8586,138,33,0,-100
8587,139,33,0,-100
8588,140,33,0,-100
8589,141,33,0,-100
8590,142,33,0,-100
8591,143,33,0,-100
8592,144,33,1,-99
8593,145,33,2,-99
8594,146,33,2,-98
8595,147,33,3,-98
8596,148,33,5,-97
8597,149,33,6,-97
8598,150,33,7,-96
8599,151,33,8,-96
8600,152,33,10,-95
8601,153,33,11,-95
8602,154,33,12,-94
8603,155,33,13,-94
8604,156,33,15,-93
8605,157,33,16,-93
8606,158,33,17,-93
8607,159,33,17,-92
8608,160,33,19,-92
8609,161,33,19,-91
8610,162,33,21,-91
8611,163,33,22,-90
8612,164,33,23,-90
8613,165,33,24,-90
8614,166,33,25,-89
8615,167,33,26,-89
8616,168,33,27,-88
8617,169,33,27,-88
8618,170,33,29,-88
8619,171,33,30,-87
8620,172,33,31,-87
8621,173,33,32,-86
8622,174,33,33,-86
8623,175,33,34,-85
8624,176,33,35,-85
8625,177,33,36,-85
8626,178,33,37,-84
8627,179,33,38,-84
8628,180,33,38,-84
8629,181,33,39,-83
8630,182,33,40,-83
8631,183,33,41,-83
8632,184,33,42,-82
8633,185,33,43,-82
8634,186,33,43,-82
8635,187,33,45,-81
8636,188,33,45,-81
8637,189,33,46,-81
8638,190,33,46,-80
8639,191,33,48,-80
8640,192,33,48,-80
8641,193,33,49,-79
8642,194,33,50,-79
8643,195,33,51,-79
8644,196,33,52,-78
8645,197,33,52,-78
8646,198,33,53,-78
8647,199,33,54,-77
8648,200,33,55,-77
8649,201,33,55,-77
8650,202,33,56,-76
8651,203,33,57,-76
8652,204,33,57,-76
8653,205,33,58,-76
8654,206,33,59,-75
8655,207,33,60,-75
8656,208,33,61,-74
8657,209,33,61,-74
8658,210,33,62,-74
8659,211,33,62,-74
8660,212,33,64,-73
8661,213,33,64,-73
8662,214,33,65,-73
8663,215,33,65,-73
8664,216,33,66,-72
8665,217,33,66,-72
8666,218,33,68,-72
8667,219,33,68,-72
8668,220,33,68,-71
8669,221,33,69,-71
8670,222,33,70,-71
8671,223,33,70,-70
8672,224,33,71,-70
8673,225,33,71,-69
8674,226,33,71,-68
8675,227,33,72,-68
8676,228,33,72,-68
8677,229,33,72,-67
8678,230,33,72,-66
8679,231,33,72,-66
8680,232,33,73,-65
8681,233,33,73,-65
8682,234,33,73,-64
8683,235,33,73,-64
8684,236,33,73,-64
8685,237,33,74,-62
8686,238,33,74,-62
8687,239,33,74,-62
8688,240,33,74,-61
8689,241,33,74,-61
8690,242,33,75,-60
8691,243,33,75,-60
8692,244,33,75,-60
8693,245,33,75,-59
8694,246,33,75,-59
8695,247,33,76,-57
8696,248,33,76,-57
8697,249,33,76,-57
8698,250,33,76,-56
8699,251,33,76,-56
8700,252,33,76,-56
8701,253,33,77,-55
8702,254,33,77,-55
8703,255,33,77,-55
8704,0,34,-77,-54
8705,1,34,-77,-54
8706,2,34,-77,-54
8707,3,34,-77,-55
8708,4,34,-77,-55
8709,5,34,-76,-56
8710,6,34,-76,-56
8711,7,34,-76,-56
8712,8,34,-76,-57
8713,9,34,-76,-57
8714,10,34,-76,-57
8715,11,34,-76,-58
8716,12,34,-75,-59
8717,13,34,-75,-59
8718,14,34,-75,-60
8719,15,34,-75,-60
8720,16,34,-74,-61
8721,17,34,-74,-61
8722,18,34,-74,-61
8723,19,34,-74,-62
8724,20,34,-74,-62
8725,21,34,-73,-64
8726,22,34,-73,-64
8727,23,34,-73,-64
8728,24,34,-73,-65
8729,25,34,-73,-65
8730,26,34,-73,-66
8731,27,34,-72,-66
8732,28,34,-72,-67
8733,29,34,-72,-68
8734,30,34,-72,-68
8735,31,34,-71,-68
8736,32,34,-71,-69
8737,33,34,-71,-70
8738,34,34,-70,-70
8739,35,34,-70,-71
8740,36,34,-69,-71
8741,37,34,-68,-71
8742,38,34,-68,-72
8743,39,34,-68,-72
8744,40,34,-66,-72
8745,41,34,-66,-72
8746,42,34,-65,-73
8747,43,34,-65,-73
8748,44,34,-64,-73
8749,45,34,-64,-73
8750,46,34,-62,-74
8751,47,34,-62,-74
8752,48,34,-61,-74
8753,49,34,-60,-75
8754,50,34,-60,-75
8755,51,34,-59,-75
8756,52,34,-58,-76
8757,53,34,-57,-76
8758,54,34,-56,-76
8759,55,34,-56,-76
8760,56,34,-55,-77
8761,57,34,-54,-77
8762,58,34,-54,-77
8763,59,34,-53,-78
8764,60,34,-52,-78
8765,61,34,-51,-79
8766,62,34,-50,-79
8767,63,34,-50,-79
8768,64,34,-49,-79
8769,65,34,-48,-80
8770,66,34,-48,-80
8771,67,34,-46,-80
8772,68,34,-46,-81
8773,69,34,-45,-81
8774,70,34,-44,-81
8775,71,34,-43,-82
8776,72,34,-43,-82
8777,73,34,-41,-82
8778,74,34,-41,-83
8779,75,34,-39,-83
8780,76,34,-39,-83
8781,77,34,-38,-84
8782,78,34,-37,-84
8783,79,34,-36,-85
8784,80,34,-35,-85
8785,81,34,-34,-85
8786,82,34,-33,-86
8787,83,34,-32,-86
8788,84,34,-31,-87
8789,85,34,-30,-87
8790,86,34,-29,-87
8791,87,34,-29,-88
8792,88,34,-27,-88
8793,89,34,-27,-88
8794,90,34,-25,-89
8795,91,34,-24,-90
8796,92,34,-23,-90
8797,93,34,-22,-90
8798,94,34,-21,-91
8799,95,34,-20,-91
8800,96,34,-19,-91
8801,97,34,-17,-92
8802,98,34,-17,-93
8803,99,34,-16,-93
8804,100,34,-15,-93
8805,101,34,-14,-94
8806,102,34,-12,-94
8807,103,34,-11,-95
8808,104,34,-10,-95
8809,105,34,-9,-96
8810,106,34,-7,-96
8811,107,34,-6,-97
8812,108,34,-5,-97
8813,109,34,-4,-97
8814,110,34,-2,-98
8815,111,34,-2,-99
8816,112,34,-1,-99
8817,113,34,0,-100
8818,114,34,0,-100
8819,115,34,0,-100
8820,116,34,0,-100
8821,117,34,0,-100
8822,118,34,0,-100
8823,119,34,0,-100
8824,120,34,0,-100
8825,121,34,0,-100
8826,122,34,0,-100
8827,123,34,0,-100
8828,124,34,0,-100
8829,125,34,0,-100
8830,126,34,0,-100
8831,127,34,0,-100
8832,128,34,0,-100
8833,129,34,0,-100
8834,130,34,0,-100
8835,131,34,0,-100
8836,132,34,0,-100
8837,133,34,0,-100
8838,134,34,0,-100
8839,135,34,0,-100
8840,136,34,0,-100
8841,137,34,0,-100
8842,138,34,0,-100
8843,139,34,0,-100
8844,140,34,0,-100
8845,141,34,0,-100
8846,142,34,0,-100
8847,143,34,0,-100
8848,144,34,1,-99
8849,145,34,2,-99
8850,146,34,2,-98
8851,147,34,4,-97
8852,148,34,5,-97
8853,149,34,6,-97
8854,150,34,7,-96
8855,151,34,9,-96
8856,152,34,10,-95
8857,153,34,11,-95
8858,154,34,12,-94
8859,155,34,14,-94
8860,156,34,15,-93
8861,157,34,16,-93
8862,158,34,17,-93
8863,159,34,17,-92
8864,160,34,19,-91
8865,161,34,20,-91
8866,162,34,21,-91
8867,163,34,22,-90
8868,164,34,23,-90
8869,165,34,24,-90
8870,166,34,25,-89
8871,167,34,27,-88
8872,168,34,27,-88
8873,169,34,29,-88
8874,170,34,29,-87
8875,171,34,30,-87
8876,172,34,31,-87
8877,173,34,32,-86
8878,174,34,33,-86
8879,175,34,34,-85
8880,176,34,35,-85
8881,177,34,36,-85
8882,178,34,37,-84
8883,179,34,38,-84
8884,180,34,39,-83
8885,181,34,39,-83
8886,182,34,41,-83
8887,183,34,41,-82
8888,184,34,43,-82
8889,185,34,43,-82
8890,186,34,44,-81
8891,187,34,45,-81
8892,188,34,46,-81
8893,189,34,46,-80
8894,190,34,48,-80
8895,191,34,48,-80
8896,192,34,49,-79
8897,193,34,50,-79
8898,194,34,50,-79
8899,195,34,51,-79
8900,196,34,52,-78
8901,197,34,53,-78
8902,198,34,54,-77
8903,199,34,54,-77
8904,200,34,55,-77
8905,201,34,56,-76
8906,202,34,56,-76
8907,203,34,57,-76
8908,204,34,58,-76
8909,205,34,59,-75
8910,206,34,60,-75
8911,207,34,60,-75
8912,208,34,61,-74
8913,209,34,62,-74
8914,210,34,62,-74
8915,211,34,64,-73
8916,212,34,64,-73
8917,213,34,65,-73
8918,214,34,65,-73
8919,215,34,66,-72
8920,216,34,66,-72
8921,217,34,68,-72
8922,218,34,68,-72
8923,219,34,68,-71
8924,220,34,69,-71
8925,221,34,70,-71
8926,222,34,70,-70
8927,223,34,71,-70
8928,224,34,71,-69
8929,225,34,71,-68
8930,226,34,72,-68
8931,227,34,72,-68
8932,228,34,72,-67
8933,229,34,72,-66
8934,230,34,73,-66
8935,231,34,73,-65
8936,232,34,73,-65
8937,233,34,73,-64
8938,234,34,73,-64
8939,235,34,73,-64
8940,236,34,74,-62
8941,237,34,74,-62
8942,238,34,74,-61
8943,239,34,74,-61
8944,240,34,74,-61
8945,241,34,75,-60
8946,242,34,75,-60
8947,243,34,75,-59
8948,244,34,75,-59
8949,245,34,76,-58
8950,246,34,76,-57
8951,247,34,76,-57
8952,248,34,76,-57
8953,249,34,76,-56
8954,250,34,76,-56
8955,251,34,76,-56
8956,252,34,77,-55
8957,253,34,77,-55
8958,254,34,77,-54
8959,255,34,77,-54
8960,0,35,-78,-53
8961,1,35,-77,-54
8962,2,35,-77,-54
8963,3,35,-77,-54
8964,4,35,-77,-55
8965,5,35,-77,-55
8966,6,35,-77,-55
8967,7,35,-76,-56
8968,8,35,-76,-56
8969,9,35,-76,-57
8970,10,35,-76,-57
8971,11,35,-76,-57
8972,12,35,-76,-58
8973,13,35,-75,-59
8974,14,35,-75,-59
8975,15,35,-75,-60
8976,16,35,-75,-60
8977,17,35,-74,-61
8978,18,35,-74,-61
8979,19,35,-74,-61
8980,20,35,-74,-62
8981,21,35,-74,-62
8982,22,35,-73,-64
8983,23,35,-73,-64
8984,24,35,-73,-64
8985,25,35,-73,-65
8986,26,35,-73,-65
8987,27,35,-73,-66
8988,28,35,-72,-66
8989,29,35,-72,-67
8990,30,35,-72,-68
8991,31,35,-72,-68
8992,32,35,-71,-68
8993,33,35,-71,-69
8994,34,35,-71,-70
8995,35,35,-70,-70
8996,36,35,-70,-71
8997,37,35,-69,-71
8998,38,35,-68,-71
8999,39,35,-68,-72
9000,40,35,-67,-72
9001,41,35,-66,-72
9002,42,35,-66,-72
9003,43,35,-65,-73
9004,44,35,-65,-73
9005,45,35,-64,-73
9006,46,35,-64,-73
9007,47,35,-62,-74
9008,48,35,-62,-74
9009,49,35,-61,-74
9010,50,35,-60,-75
9011,51,35,-60,-75
9012,52,35,-59,-75
9013,53,35,-57,-76
9014,54,35,-57,-76
9015,55,35,-56,-76
9016,56,35,-56,-76
9017,57,35,-55,-77
9018,58,35,-54,-77
9019,59,35,-53,-78
9020,60,35,-53,-78
9021,61,35,-52,-78
9022,62,35,-51,-79
9023,63,35,-50,-79
9024,64,35,-50,-79
9025,65,35,-48,-80
9026,66,35,-48,-80
9027,67,35,-46,-80
9028,68,35,-46,-81
9029,69,35,-45,-81
9030,70,35,-45,-81
9031,71,35,-43,-82
9032,72,35,-43,-82
9033,73,35,-42,-82
9034,74,35,-41,-83
9035,75,35,-40,-83
9036,76,35,-39,-83
9037,77,35,-38,-84
9038,78,35,-37,-84
9039,79,35,-36,-85
9040,80,35,-35,-85
9041,81,35,-34,-85
9042,82,35,-33,-86
9043,83,35,-32,-86
9044,84,35,-31,-87
9045,85,35,-30,-87
9046,86,35,-29,-87
9047,87,35,-29,-88
9048,88,35,-27,-88
9049,89,35,-27,-88
9050,90,35,-26,-89
9051,91,35,-25,-89
9052,92,35,-23,-90
9053,93,35,-22,-90
9054,94,35,-21,-91
9055,95,35,-20,-91
9056,96,35,-19,-91
9057,97,35,-19,-92
9058,98,35,-17,-93
9059,99,35,-16,-93
9060,100,35,-15,-93
9061,101,35,-14,-94
9062,102,35,-12,-94
9063,103,35,-11,-95
9064,104,35,-10,-95
9065,105,35,-9,-96
9066,106,35,-7,-96
9067,107,35,-6,-97
9068,108,35,-5,-97
9069,109,35,-4,-97
9070,110,35,-2,-98
9071,111,35,-2,-99
9072,112,35,-1,-99
9073,113,35,0,-100
9074,114,35,0,-100
9075,115,35,0,-100
9076,116,35,0,-100
9077,117,35,0,-100
9078,118,35,0,-100
9079,119,35,0,-100
9080,120,35,0,-100
9081,121,35,0,-100
9082,122,35,0,-100
9083,123,35,0,-100
9084,124,35,0,-100
9085,125,35,0,-100
9086,126,35,0,-100
9087,127,35,0,-100
9088,128,35,0,-100
9089,129,35,0,-100
9090,130,35,0,-100
9091,131,35,0,-100
9092,132,35,0,-100
9093,133,35,0,-100
9094,134,35,0,-100
9095,135,35,0,-100
9096,136,35,0,-100
9097,137,35,0,-100
9098,138,35,0,-100
9099,139,35,0,-100
9100,140,35,0,-100
9101,141,35,0,-100
9102,142,35,0,-100
9103,143,35,0,-100
9104,144,35,1,-99
9105,145,35,2,-99
9106,146,35,2,-98
9107,147,35,4,-97
9108,148,35,5,-97
9109,149,35,6,-97
9110,150,35,7,-96
9111,151,35,9,-96
9112,152,35,10,-95
9113,153,35,11,-95
9114,154,35,12,-94
9115,155,35,14,-94
9116,156,35,15,-93
9117,157,35,16,-93
9118,158,35,17,-93
9119,159,35,19,-92
9120,160,35,19,-91
9121,161,35,20,-91
9122,162,35,21,-91
9123,163,35,22,-90
9124,164,35,23,-90
9125,165,35,25,-89
9126,166,35,26,-89
9127,167,35,27,-88
9128,168,35,27,-88
9129,169,35,29,-88
9130,170,35,29,-87
9131,171,35,30,-87
9132,172,35,31,-87
9133,173,35,32,-86
9134,174,35,33,-86
9135,175,35,34,-85
9136,176,35,35,-85
9137,177,35,36,-85
9138,178,35,37,-84
9139,179,35,38,-84
9140,180,35,39,-83
9141,181,35,40,-83
9142,182,35,41,-83
9143,183,35,42,-82
9144,184,35,43,-82
9145,185,35,43,-82
9146,186,35,45,-81
9147,187,35,45,-81
9148,188,35,46,-81
9149,189,35,46,-80
9150,190,35,48,-80
9151,191,35,48,-80
9152,192,35,50,-79
9153,193,35,50,-79
9154,194,35,51,-79
9155,195,35,52,-78
9156,196,35,53,-78
9157,197,35,53,-78
9158,198,35,54,-77
9159,199,35,55,-77
9160,200,35,56,-76
9161,201,35,56,-76
9162,202,35,57,-76
9163,203,35,57,-76
9164,204,35,59,-75
9165,205,35,60,-75
9166,206,35,60,-75
9167,207,35,61,-74
9168,208,35,62,-74
9169,209,35,62,-74
9170,210,35,64,-73
9171,211,35,64,-73
9172,212,35,65,-73
9173,213,35,65,-73
9174,214,35,66,-72
9175,215,35,66,-72
9176,216,35,67,-72
9177,217,35,68,-72
9178,218,35,68,-71
9179,219,35,69,-71
9180,220,35,70,-71
9181,221,35,70,-70
9182,222,35,71,-70
9183,223,35,71,-69
9184,224,35,71,-68
9185,225,35,72,-68
9186,226,35,72,-68
9187,227,35,72,-67
9188,228,35,72,-66
9189,229,35,73,-66
9190,230,35,73,-65
9191,231,35,73,-65
9192,232,35,73,-64
9193,233,35,73,-64
9194,234,35,73,-64
9195,235,35,74,-62
9196,236,35,74,-62
9197,237,35,74,-61
9198,238,35,74,-61
9199,239,35,74,-61
9200,240,35,75,-60
9201,241,35,75,-60
9202,242,35,75,-59
9203,243,35,75,-59
9204,244,35,76,-58
9205,245,35,76,-57
9206,246,35,76,-57
9207,247,35,76,-57
9208,248,35,76,-56
9209,249,35,76,-56
9210,250,35,77,-55
9211,251,35,77,-55
9212,252,35,77,-55
9213,253,35,77,-54
9214,254,35,77,-54
9215,255,35,77,-54
9216,0,36,-78,-53
9217,1,36,-78,-53
9218,2,36,-78,-53
9219,3,36,-77,-54
9220,4,36,-77,-54
9221,5,36,-77,-55
9222,6,36,-77,-55
9223,7,36,-77,-55
9224,8,36,-76,-56
9225,9,36,-76,-56
9226,10,36,-76,-56
9227,11,36,-76,-57
9228,12,36,-76,-57
9229,13,36,-76,-58
9230,14,36,-75,-59
9231,15,36,-75,-59
9232,16,36,-75,-60
9233,17,36,-75,-60
9234,18,36,-75,-60
9235,19,36,-74,-61
9236,20,36,-74,-61
9237,21,36,-74,-62
9238,22,36,-74,-62
9239,23,36,-73,-64
9240,24,36,-73,-64
9241,25,36,-73,-64
9242,26,36,-73,-65
9243,27,36,-73,-65
9244,28,36,-73,-66
9245,29,36,-72,-66
9246,30,36,-72,-67
9247,31,36,-72,-68
9248,32,36,-72,-68
9249,33,36,-71,-68
9250,34,36,-71,-69
9251,35,36,-71,-70
9252,36,36,-70,-70
9253,37,36,-70,-71
9254,38,36,-69,-71
9255,39,36,-68,-71
9256,40,36,-68,-72
9257,41,36,-67,-72
9258,42,36,-66,-72
9259,43,36,-66,-72
9260,44,36,-65,-73
9261,45,36,-65,-73
9262,46,36,-64,-73
9263,47,36,-64,-73
9264,48,36,-62,-74
9265,49,36,-61,-74
9266,50,36,-61,-74
9267,51,36,-60,-75
9268,52,36,-60,-75
9269,53,36,-59,-75
9270,54,36,-57,-76
9271,55,36,-57,-76
9272,56,36,-56,-76
9273,57,36,-55,-77
9274,58,36,-55,-77
9275,59,36,-54,-77
9276,60,36,-53,-78
9277,61,36,-52,-78
9278,62,36,-52,-78
9279,63,36,-51,-79
9280,64,36,-50,-79
9281,65,36,-49,-79
9282,66,36,-48,-80
9283,67,36,-48,-80
9284,68,36,-46,-80
9285,69,36,-46,-81
9286,70,36,-45,-81
9287,71,36,-44,-81
9288,72,36,-43,-82
9289,73,36,-43,-82
9290,74,36,-41,-82
9291,75,36,-41,-83
9292,76,36,-39,-83
9293,77,36,-39,-83
9294,78,36,-38,-84
9295,79,36,-37,-84
9296,80,36,-36,-85
9297,81,36,-35,-85
9298,82,36,-34,-85
9299,83,36,-33,-86
9300,84,36,-32,-86
9301,85,36,-31,-87
9302,86,36,-30,-87
9303,87,36,-29,-88
9304,88,36,-27,-88
9305,89,36,-27,-88
9306,90,36,-26,-89
9307,91,36,-25,-89
9308,92,36,-24,-90
9309,93,36,-23,-90
9310,94,36,-21,-91
9311,95,36,-20,-91
9312,96,36,-19,-91
9313,97,36,-19,-92
9314,98,36,-17,-92
9315,99,36,-16,-93
9316,100,36,-15,-93
9317,101,36,-14,-94
9318,102,36,-13,-94
9319,103,36,-11,-95
9320,104,36,-10,-95
9321,105,36,-9,-96
9322,106,36,-8,-96
9323,107,36,-6,-97
9324,108,36,-5,-97
9325,109,36,-4,-97
9326,110,36,-2,-98
9327,111,36,-2,-99
9328,112,36,-1,-99
9329,113,36,0,-100
9330,114,36,0,-100
9331,115,36,0,-100
9332,116,36,0,-100
9333,117,36,0,-100
9334,118,36,0,-100
9335,119,36,0,-100
9336,120,36,0,-100
9337,121,36,0,-100
9338,122,36,0,-100
9339,123,36,0,-100
9340,124,36,0,-100
9341,125,36,0,-100
9342,126,36,0,-100
9343,127,36,0,-100
9344,128,36,0,-100
9345,129,36,0,-100
9346,130,36,0,-100
9347,131,36,0,-100
9348,132,36,0,-100
9349,133,36,0,-100
9350,134,36,0,-100
9351,135,36,0,-100
9352,136,36,0,-100
9353,137,36,0,-100
9354,138,36,0,-100
9355,139,36,0,-100
9356,140,36,0,-100
9357,141,36,0,-100
9358,142,36,0,-100
9359,143,36,0,-100
9360,144,36,1,-99
9361,145,36,2,-99
9362,146,36,2,-98
9363,147,36,4,-97
9364,148,36,5,-97
9365,149,36,6,-97
9366,150,36,8,-96
9367,151,36,9,-96
9368,152,36,10,-95
9369,153,36,11,-95
9370,154,36,13,-94
9371,155,36,14,-94
9372,156,36,15,-93
9373,157,36,16,-93
9374,158,36,17,-92
9375,159,36,19,-92
9376,160,36,19,-91
9377,161,36,20,-91
9378,162,36,21,-91
9379,163,36,23,-90
9380,164,36,24,-90
9381,165,36,25,-89
9382,166,36,26,-89
9383,167,36,27,-88
9384,168,36,27,-88
9385,169,36,29,-88
9386,170,36,30,-87
9387,171,36,31,-87
9388,172,36,32,-86
9389,173,36,33,-86
9390,174,36,34,-85
9391,175,36,35,-85
9392,176,36,36,-85
9393,177,36,37,-84
9394,178,36,38,-84
9395,179,36,39,-83
9396,180,36,39,-83
9397,181,36,41,-83
9398,182,36,41,-82
9399,183,36,43,-82
9400,184,36,43,-82
9401,185,36,44,-81
9402,186,36,45,-81
9403,187,36,46,-81
9404,188,36,46,-80
9405,189,36,48,-80
9406,190,36,48,-80
9407,191,36,49,-79
9408,192,36,50,-79
9409,193,36,51,-79
9410,194,36,52,-78
9411,195,36,52,-78
9412,196,36,53,-78
9413,197,36,54,-77
9414,198,36,55,-77
9415,199,36,55,-77
9416,200,36,56,-76
9417,201,36,57,-76
9418,202,36,57,-76
9419,203,36,59,-75
9420,204,36,60,-75
9421,205,36,60,-75
9422,206,36,61,-74
9423,207,36,61,-74
9424,208,36,62,-74
9425,209,36,64,-73
9426,210,36,64,-73
9427,211,36,65,-73
9428,212,36,65,-73
9429,213,36,66,-72
9430,214,36,66,-72
9431,215,36,67,-72
9432,216,36,68,-72
9433,217,36,68,-71
9434,218,36,69,-71
9435,219,36,70,-71
9436,220,36,70,-70
9437,221,36,71,-70
9438,222,36,71,-69
9439,223,36,71,-68
9440,224,36,72,-68
9441,225,36,72,-68
9442,226,36,72,-67
9443,227,36,72,-66
9444,228,36,73,-66
9445,229,36,73,-65
9446,230,36,73,-65
9447,231,36,73,-64
9448,232,36,73,-64
9449,233,36,73,-64
9450,234,36,74,-62
9451,235,36,74,-62
9452,236,36,74,-61
9453,237,36,74,-61
9454,238,36,75,-60
9455,239,36,75,-60
9456,240,36,75,-60
9457,241,36,75,-59
9458,242,36,75,-59
9459,243,36,76,-58
9460,244,36,76,-57
9461,245,36,76,-57
9462,246,36,76,-56
9463,247,36,76,-56
9464,248,36,76,-56
9465,249,36,77,-55
9466,250,36,77,-55
9467,251,36,77,-55
9468,252,36,77,-54
9469,253,36,77,-54
9470,254,36,78,-53
9471,255,36,78,-53
9472,0,37,-78,-52
9473,1,37,-78,-53
9474,2,37,-78,-53
9475,3,37,-78,-53
9476,4,37,-77,-54
9477,5,37,-77,-54
9478,6,37,-77,-54
9479,7,37,-77,-55
9480,8,37,-77,-55
9481,9,37,-76,-56
9482,10,37,-76,-56
9483,11,37,-76,-56
9484,12,37,-76,-57
9485,13,37,-76,-57
9486,14,37,-76,-57
9487,15,37,-76,-58
9488,16,37,-75,-59
9489,17,37,-75,-60
9490,18,37,-75,-60
9491,19,37,-75,-60
9492,20,37,-74,-61
9493,21,37,-74,-61
9494,22,37,-74,-62
9495,23,37,-74,-62
9496,24,37,-74,-62
9497,25,37,-73,-64
9498,26,37,-73,-64
9499,27,37,-73,-65
9500,28,37,-73,-65
9501,29,37,-73,-66
9502,30,37,-72,-66
9503,31,37,-72,-66
9504,32,37,-72,-68
9505,33,37,-72,-68
9506,34,37,-71,-68
9507,35,37,-71,-69
9508,36,37,-71,-70
9509,37,37,-70,-70
9510,38,37,-70,-71
9511,39,37,-69,-71
9512,40,37,-68,-71
9513,41,37,-68,-72
9514,42,37,-67,-72
9515,43,37,-66,-72
9516,44,37,-66,-73
9517,45,37,-65,-73
9518,46,37,-64,-73
9519,47,37,-64,-73
9520,48,37,-63,-74
9521,49,37,-62,-74
9522,50,37,-61,-74
9523,51,37,-61,-74
9524,52,37,-60,-75
9525,53,37,-59,-75
9526,54,37,-59,-75
9527,55,37,-57,-76
9528,56,37,-57,-76
9529,57,37,-56,-76
9530,58,37,-55,-77
9531,59,37,-54,-77
9532,60,37,-54,-77
9533,61,37,-53,-78
9534,62,37,-52,-78
9535,63,37,-51,-79
9536,64,37,-50,-79
9537,65,37,-50,-79
9538,66,37,-48,-80
9539,67,37,-48,-80
9540,68,37,-46,-80
9541,69,37,-46,-80
9542,70,37,-45,-81
9543,71,37,-45,-81
9544,72,37,-43,-82
9545,73,37,-43,-82
9546,74,37,-42,-82
9547,75,37,-41,-83
9548,76,37,-40,-83
9549,77,37,-39,-83
9550,78,37,-38,-84
9551,79,37,-37,-84
9552,80,37,-36,-85
9553,81,37,-35,-85
9554,82,37,-34,-85
9555,83,37,-33,-86
9556,84,37,-32,-86
9557,85,37,-31,-87
9558,86,37,-30,-87
9559,87,37,-29,-87
9560,88,37,-29,-88
9561,89,37,-27,-88
9562,90,37,-26,-89
9563,91,37,-25,-89
9564,92,37,-24,-90
9565,93,37,-23,-90
9566,94,37,-22,-90
9567,95,37,-21,-91
9568,96,37,-19,-91
9569,97,37,-19,-92
9570,98,37,-17,-92
9571,99,37,-17,-93
9572,100,37,-15,-93
9573,101,37,-14,-94
9574,102,37,-13,-94
9575,103,37,-12,-94
9576,104,37,-10,-95
9577,105,37,-9,-96
9578,106,37,-8,-96
9579,107,37,-6,-97
9580,108,37,-5,-97
9581,109,37,-4,-97
9582,110,37,-2,-98
9583,111,37,-2,-99
9584,112,37,-1,-99
9585,113,37,0,-100
9586,114,37,0,-100
9587,115,37,0,-100
9588,116,37,0,-100
9589,117,37,0,-100
9590,118,37,0,-100
9591,119,37,0,-100
9592,120,37,0,-100
9593,121,37,0,-100
9594,122,37,0,-100
9595,123,37,0,-100
9596,124,37,0,-100
9597,125,37,0,-100
9598,126,37,0,-100
9599,127,37,0,-100
9600,128,37,0,-100
9601,129,37,0,-100
9602,130,37,0,-100
9603,131,37,0,-100
9604,132,37,0,-100
9605,133,37,0,-100
9606,134,37,0,-100
9607,135,37,0,-100
9608,136,37,0,-100
9609,137,37,0,-100
9610,138,37,0,-100
9611,139,37,0,-100
9612,140,37,0,-100
9613,141,37,0,-100
9614,142,37,0,-100
9615,143,37,0,-100
9616,144,37,1,-99
9617,145,37,2,-99
9618,146,37,2,-98
9619,147,37,4,-97
9620,148,37,5,-97
9621,149,37,6,-97
9622,150,37,8,-96
9623,151,37,9,-96
9624,152,37,10,-95
9625,153,37,12,-94
9626,154,37,13,-94
9627,155,37,14,-94
9628,156,37,15,-93
9629,157,37,17,-93
9630,158,37,17,-92
9631,159,37,19,-92
9632,160,37,19,-91
9633,161,37,21,-91
9634,162,37,22,-90
9635,163,37,23,-90
9636,164,37,24,-90
9637,165,37,25,-89
9638,166,37,26,-89
9639,167,37,27,-88
9640,168,37,29,-88
9641,169,37,29,-87
9642,170,37,30,-87
9643,171,37,31,-87
9644,172,37,32,-86
9645,173,37,33,-86
9646,174,37,34,-85
9647,175,37,35,-85
9648,176,37,36,-85
9649,177,37,37,-84
9650,178,37,38,-84
9651,179,37,39,-83
9652,180,37,40,-83
9653,181,37,41,-83
9654,182,37,42,-82
9655,183,37,43,-82
9656,184,37,43,-82
9657,185,37,45,-81
9658,186,37,45,-81
9659,187,37,46,-80
9660,188,37,46,-80
9661,189,37,48,-80
9662,190,37,48,-80
9663,191,37,50,-79
9664,192,37,50,-79
9665,193,37,51,-79
9666,194,37,52,-78
9667,195,37,53,-78
9668,196,37,54,-77
9669,197,37,54,-77
9670,198,37,55,-77
9671,199,37,56,-76
9672,200,37,57,-76
9673,201,37,57,-76
9674,202,37,59,-75
9675,203,37,59,-75
9676,204,37,60,-75
9677,205,37,61,-74
9678,206,37,61,-74
9679,207,37,62,-74
9680,208,37,63,-74
9681,209,37,64,-73
9682,210,37,64,-73
9683,211,37,65,-73
9684,212,37,66,-73
9685,213,37,66,-72
9686,214,37,67,-72
9687,215,37,68,-72
9688,216,37,68,-71
9689,217,37,69,-71
9690,218,37,70,-71
9691,219,37,70,-70
9692,220,37,71,-70
9693,221,37,71,-69
9694,222,37,71,-68
9695,223,37,72,-68
9696,224,37,72,-68
9697,225,37,72,-66
9698,226,37,72,-66
9699,227,37,73,-66
9700,228,37,73,-65
9701,229,37,73,-65
9702,230,37,73,-64
9703,231,37,73,-64
9704,232,37,74,-62
9705,233,37,74,-62
9706,234,37,74,-62
9707,235,37,74,-61
9708,236,37,74,-61
9709,237,37,75,-60
9710,238,37,75,-60
9711,239,37,75,-60
9712,240,37,75,-59
9713,241,37,76,-58
9714,242,37,76,-57
9715,243,37,76,-57
9716,244,37,76,-57
9717,245,37,76,-56
9718,246,37,76,-56
9719,247,37,76,-56
9720,248,37,77,-55
9721,249,37,77,-55
9722,250,37,77,-54
9723,251,37,77,-54
9724,252,37,77,-54
9725,253,37,78,-53
9726,254,37,78,-53
9727,255,37,78,-53
9728,0,38,-78,-52
9729,1,38,-78,-52
9730,2,38,-78,-52
9731,3,38,-78,-53
9732,4,38,-78,-53
9733,5,38,-77,-54
9734,6,38,-77,-54
9735,7,38,-77,-54
9736,8,38,-77,-55
9737,9,38,-77,-55
9738,10,38,-77,-55
9739,11,38,-76,-56
9740,12,38,-76,-56
9741,13,38,-76,-57
9742,14,38,-76,-57
9743,15,38,-76,-57
9744,16,38,-76,-58
9745,17,38,-75,-59
9746,18,38,-75,-59
9747,19,38,-75,-60
9748,20,38,-75,-60
9749,21,38,-74,-61
9750,22,38,-74,-61
9751,23,38,-74,-62
9752,24,38,-74,-62
9753,25,38,-74,-62
9754,26,38,-73,-64
9755,27,38,-73,-64
9756,28,38,-73,-65
9757,29,38,-73,-65
9758,30,38,-73,-66
9759,31,38,-72,-66
9760,32,38,-72,-66
9761,33,38,-72,-68
9762,34,38,-72,-68
9763,35,38,-71,-68
9764,36,38,-71,-69
9765,37,38,-71,-70
9766,38,38,-70,-70
9767,39,38,-70,-71
9768,40,38,-69,-71
9769,41,38,-68,-71
9770,42,38,-68,-72
9771,43,38,-67,-72
9772,44,38,-66,-72
9773,45,38,-66,-73
9774,46,38,-65,-73
9775,47,38,-64,-73
9776,48,38,-64,-73
9777,49,38,-62,-74
9778,50,38,-62,-74
9779,51,38,-61,-74
9780,52,38,-61,-74
9781,53,38,-60,-75
9782,54,38,-59,-75
9783,55,38,-58,-76
9784,56,38,-57,-76
9785,57,38,-56,-76
9786,58,38,-56,-76
9787,59,38,-55,-77
9788,60,38,-54,-77
9789,61,38,-53,-78
9790,62,38,-53,-78
9791,63,38,-52,-78
9792,64,38,-51,-79
9793,65,38,-50,-79
9794,66,38,-50,-79
9795,67,38,-48,-80
9796,68,38,-48,-80
9797,69,38,-46,-80
9798,70,38,-46,-81
9799,71,38,-45,-81
9800,72,38,-44,-81
9801,73,38,-43,-82
9802,74,38,-43,-82
9803,75,38,-41,-82
9804,76,38,-41,-83
9805,77,38,-39,-83
9806,78,38,-39,-83
9807,79,38,-38,-84
9808,80,38,-37,-84
9809,81,38,-36,-85
9810,82,38,-35,-85
9811,83,38,-34,-85
9812,84,38,-33,-86
9813,85,38,-31,-87
9814,86,38,-30,-87
9815,87,38,-29,-87
9816,88,38,-29,-88
9817,89,38,-27,-88
9818,90,38,-27,-88
9819,91,38,-26,-89
9820,92,38,-24,-90
9821,93,38,-23,-90
9822,94,38,-22,-90
9823,95,38,-21,-91
9824,96,38,-20,-91
9825,97,38,-19,-92
9826,98,38,-17,-92
9827,99,38,-17,-93
9828,100,38,-16,-93
9829,101,38,-14,-94
9830,102,38,-13,-94
9831,103,38,-12,-94
9832,104,38,-10,-95
9833,105,38,-9,-96
9834,106,38,-8,-96
9835,107,38,-6,-97
9836,108,38,-5,-97
9837,109,38,-4,-97
9838,110,38,-2,-98
9839,111,38,-2,-99
9840,112,38,-1,-99
9841,113,38,0,-100
9842,114,38,0,-100
9843,115,38,0,-100
9844,116,38,0,-100
9845,117,38,0,-100
9846,118,38,0,-100
9847,119,38,0,-100
9848,120,38,0,-100
9849,121,38,0,-100
9850,122,38,0,-100
9851,123,38,0,-100
9852,124,38,0,-100
9853,125,38,0,-100
9854,126,38,0,-100
9855,127,38,0,-100
9856,128,38,0,-100
9857,129,38,0,-100
9858,130,38,0,-100
9859,131,38,0,-100
9860,132,38,0,-100
9861,133,38,0,-100
9862,134,38,0,-100
9863,135,38,0,-100
9864,136,38,0,-100
9865,137,38,0,-100
9866,138,38,0,-100
9867,139,38,0,-100
9868,140,38,0,-100
9869,141,38,0,-100
9870,142,38,0,-100
9871,143,38,0,-100
9872,144,38,1,-99
9873,145,38,2,-99
9874,146,38,2,-98
9875,147,38,4,-97
9876,148,38,5,-97
9877,149,38,6,-97
9878,150,38,8,-96
9879,151,38,9,-96
9880,152,38,10,-95
9881,153,38,12,-94
9882,154,38,13,-94
9883,155,38,14,-94
9884,156,38,16,-93
9885,157,38,17,-93
9886,158,38,17,-92
9887,159,38,19,-92
9888,160,38,20,-91
9889,161,38,21,-91
9890,162,38,22,-90
9891,163,38,23,-90
9892,164,38,24,-90
9893,165,38,26,-89
9894,166,38,27,-88
9895,167,38,27,-88
9896,168,38,29,-88
9897,169,38,29,-87
9898,170,38,30,-87
9899,171,38,31,-87
9900,172,38,33,-86
9901,173,38,34,-85
9902,174,38,35,-85
9903,175,38,36,-85
9904,176,38,37,-84
9905,177,38,38,-84
9906,178,38,39,-83
9907,179,38,39,-83
9908,180,38,41,-83
9909,181,38,41,-82
9910,182,38,43,-82
9911,183,38,43,-82
9912,184,38,44,-81
9913,185,38,45,-81
9914,186,38,46,-81
9915,187,38,46,-80
9916,188,38,48,-80
9917,189,38,48,-80
9918,190,38,50,-79
9919,191,38,50,-79
9920,192,38,51,-79
9921,193,38,52,-78
9922,194,38,53,-78
9923,195,38,53,-78
9924,196,38,54,-77
9925,197,38,55,-77
9926,198,38,56,-76
9927,199,38,56,-76
9928,200,38,57,-76
9929,201,38,58,-76
9930,202,38,59,-75
9931,203,38,60,-75
9932,204,38,61,-74
9933,205,38,61,-74
9934,206,38,62,-74
9935,207,38,62,-74
9936,208,38,64,-73
9937,209,38,64,-73
9938,210,38,65,-73
9939,211,38,66,-73
9940,212,38,66,-72
9941,213,38,67,-72
9942,214,38,68,-72
9943,215,38,68,-71
9944,216,38,69,-71
9945,217,38,70,-71
9946,218,38,70,-70
9947,219,38,71,-70
9948,220,38,71,-69
9949,221,38,71,-68
9950,222,38,72,-68
9951,223,38,72,-68
9952,224,38,72,-66
9953,225,38,72,-66
9954,226,38,73,-66
9955,227,38,73,-65
9956,228,38,73,-65
9957,229,38,73,-64
9958,230,38,73,-64
9959,231,38,74,-62
9960,232,38,74,-62
9961,233,38,74,-62
9962,234,38,74,-61
9963,235,38,74,-61
9964,236,38,75,-60
9965,237,38,75,-60
9966,238,38,75,-59
9967,239,38,75,-59
9968,240,38,76,-58
9969,241,38,76,-57
9970,242,38,76,-57
9971,243,38,76,-57
9972,244,38,76,-56
9973,245,38,76,-56
9974,246,38,77,-55
9975,247,38,77,-55
9976,248,38,77,-55
9977,249,38,77,-54
9978,250,38,77,-54
9979,251,38,77,-54
9980,252,38,78,-53
9981,253,38,78,-53
9982,254,38,78,-52
9983,255,38,78,-52
9984,0,39,-79,-51
9985,1,39,-78,-52
9986,2,39,-78,-52
9987,3,39,-78,-52
9988,4,39,-78,-53
9989,5,39,-78,-53
9990,6,39,-78,-53
9991,7,39,-77,-54
9992,8,39,-77,-54
9993,9,39,-77,-54
9994,10,39,-77,-55
9995,11,39,-77,-55
9996,12,39,-76,-56
9997,13,39,-76,-56
9998,14,39,-76,-56
9999,15,39,-76,-57
10000,16,39,-76,-57
10001,17,39,-76,-58
10002,18,39,-75,-59
10003,19,39,-75,-59
10004,20,39,-75,-60
10005,21,39,-75,-60
10006,22,39,-74,-61
10007,23,39,-74,-61
10008,24,39,-74,-61
10009,25,39,-74,-62
10010,26,39,-74,-62
10011,27,39,-73,-64
10012,28,39,-73,-64
10013,29,39,-73,-64
10014,30,39,-73,-65
10015,31,39,-73,-65
10016,32,39,-72,-66
10017,33,39,-72,-66
10018,34,39,-72,-68
10019,35,39,-72,-68
10020,36,39,-71,-68
10021,37,39,-71,-69
10022,38,39,-71,-70
10023,39,39,-70,-70
10024,40,39,-70,-71
10025,41,39,-69,-71
10026,42,39,-68,-71
10027,43,39,-68,-72
10028,44,39,-67,-72
10029,45,39,-66,-72
10030,46,39,-66,-73
10031,47,39,-65,-73
10032,48,39,-64,-73
10033,49,39,-64,-73
10034,50,39,-62,-74
10035,51,39,-62,-74
10036,52,39,-61,-74
10037,53,39,-60,-75
10038,54,39,-60,-75
10039,55,39,-59,-75
10040,56,39,-58,-76
10041,57,39,-57,-76
10042,58,39,-56,-76
10043,59,39,-55,-77
10044,60,39,-55,-77
10045,61,39,-54,-77
10046,62,39,-53,-78
10047,63,39,-52,-78
10048,64,39,-52,-78
10049,65,39,-51,-79
10050,66,39,-50,-79
10051,67,39,-49,-79
10052,68,39,-48,-80
10053,69,39,-48,-80
10054,70,39,-46,-80
10055,71,39,-46,-81
10056,72,39,-45,-81
10057,73,39,-44,-81
10058,74,39,-43,-82
10059,75,39,-42,-82
10060,76,39,-41,-83
10061,77,39,-40,-83
10062,78,39,-39,-83
10063,79,39,-38,-84
10064,80,39,-37,-84
10065,81,39,-36,-85
10066,82,39,-35,-85
10067,83,39,-34,-85
10068,84,39,-33,-86
10069,85,39,-32,-86
10070,86,39,-31,-87
10071,87,39,-30,-87
10072,88,39,-29,-87
10073,89,39,-27,-88
10074,90,39,-27,-88
10075,91,39,-26,-89
10076,92,39,-25,-89
10077,93,39,-24,-90
10078,94,39,-22,-90
10079,95,39,-21,-91
10080,96,39,-20,-91
10081,97,39,-19,-91
10082,98,39,-17,-92
10083,99,39,-17,-93
10084,100,39,-16,-93
10085,101,39,-15,-93
10086,102,39,-13,-94
10087,103,39,-12,-94
10088,104,39,-11,-95
10089,105,39,-9,-96
10090,106,39,-8,-96
10091,107,39,-7,-96
10092,108,39,-5,-97
10093,109,39,-4,-97
10094,110,39,-3,-98
10095,111,39,-2,-99
10096,112,39,-1,-99
10097,113,39,0,-100
10098,114,39,0,-100
10099,115,39,0,-100
10100,116,39,0,-100
10101,117,39,0,-100
10102,118,39,0,-100
10103,119,39,0,-100
10104,120,39,0,-100
10105,121,39,0,-100
10106,122,39,0,-100
10107,123,39,0,-100
10108,124,39,0,-100
10109,125,39,0,-100
10110,126,39,0,-100
10111,127,39,0,-100
10112,128,39,0,-100
10113,129,39,0,-100
10114,130,39,0,-100
10115,131,39,0,-100
10116,132,39,0,-100
10117,133,39,0,-100
10118,134,39,0,-100
10119,135,39,0,-100
10120,136,39,0,-100
10121,137,39,0,-100
10122,138,39,0,-100
10123,139,39,0,-100
10124,140,39,0,-100
10125,141,39,0,-100
10126,142,39,0,-100
10127,143,39,0,-100
10128,144,39,1,-99
10129,145,39,2,-99
10130,146,39,3,-98
10131,147,39,4,-97
10132,148,39,5,-97
10133,149,39,7,-96
10134,150,39,8,-96
10135,151,39,9,-96
10136,152,39,11,-95
10137,153,39,12,-94
10138,154,39,13,-94
10139,155,39,15,-93
10140,156,39,16,-93
10141,157,39,17,-93
10142,158,39,17,-92
10143,159,39,19,-91
10144,160,39,20,-91
10145,161,39,21,-91
10146,162,39,22,-90
10147,163,39,24,-90
10148,164,39,25,-89
10149,165,39,26,-89
10150,166,39,27,-88
10151,167,39,27,-88
10152,168,39,29,-87
10153,169,39,30,-87
10154,170,39,31,-87
10155,171,39,32,-86
10156,172,39,33,-86
10157,173,39,34,-85
10158,174,39,35,-85
10159,175,39,36,-85
10160,176,39,37,-84
10161,177,39,38,-84
10162,178,39,39,-83
10163,179,39,40,-83
10164,180,39,41,-83
10165,181,39,42,-82
10166,182,39,43,-82
10167,183,39,44,-81
10168,184,39,45,-81
10169,185,39,46,-81
10170,186,39,46,-80
10171,187,39,48,-80
10172,188,39,48,-80
10173,189,39,49,-79
10174,190,39,50,-79
10175,191,39,51,-79
10176,192,39,52,-78
10177,193,39,52,-78
10178,194,39,53,-78
10179,195,39,54,-77
10180,196,39,55,-77
10181,197,39,55,-77
10182,198,39,56,-76
10183,199,39,57,-76
10184,200,39,58,-76
10185,201,39,59,-75
10186,202,39,60,-75
10187,203,39,60,-75
10188,204,39,61,-74
10189,205,39,62,-74
10190,206,39,62,-74
10191,207,39,64,-73
10192,208,39,64,-73
10193,209,39,65,-73
10194,210,39,66,-73
10195,211,39,66,-72
10196,212,39,67,-72
10197,213,39,68,-72
10198,214,39,68,-71
10199,215,39,69,-71
10200,216,39,70,-71
10201,217,39,70,-70
10202,218,39,71,-70
10203,219,39,71,-69
10204,220,39,71,-68
10205,221,39,72,-68
10206,222,39,72,-68
10207,223,39,72,-66
10208,224,39,72,-66
10209,225,39,73,-65
10210,226,39,73,-65
10211,227,39,73,-64
10212,228,39,73,-64
10213,229,39,73,-64
10214,230,39,74,-62
10215,231,39,74,-62
10216,232,39,74,-61
10217,233,39,74,-61
10218,234,39,74,-61
10219,235,39,75,-60
10220,236,39,75,-60
10221,237,39,75,-59
10222,238,39,75,-59
10223,239,39,76,-58
10224,240,39,76,-57
10225,241,39,76,-57
10226,242,39,76,-56
10227,243,39,76,-56
10228,244,39,76,-56
10229,245,39,77,-55
10230,246,39,77,-55
10231,247,39,77,-54
10232,248,39,77,-54
10233,249,39,77,-54
10234,250,39,78,-53
10235,251,39,78,-53
10236,252,39,78,-53
10237,253,39,78,-52
10238,254,39,78,-52
10239,255,39,78,-52
10240,0,40,-79,-51
10241,1,40,-79,-51
10242,2,40,-79,-51
10243,3,40,-78,-52
10244,4,40,-78,-52
10245,5,40,-78,-52
10246,6,40,-78,-53
10247,7,40,-78,-53
10248,8,40,-77,-54
10249,9,40,-77,-54
10250,10,40,-77,-54
10251,11,40,-77,-55
10252,12,40,-77,-55
10253,13,40,-77,-55
10254,14,40,-76,-56
10255,15,40,-76,-56
10256,16,40,-76,-57
10257,17,40,-76,-57
10258,18,40,-76,-57
10259,19,40,-75,-59
10260,20,40,-75,-59
10261,21,40,-75,-60
10262,22,40,-75,-60
10263,23,40,-75,-60
10264,24,40,-74,-61
10265,25,40,-74,-61
10266,26,40,-74,-62
10267,27,40,-74,-62
10268,28,40,-73,-64
10269,29,40,-73,-64
10270,30,40,-73,-64
10271,31,40,-73,-65
10272,32,40,-73,-65
10273,33,40,-72,-66
10274,34,40,-72,-66
10275,35,40,-72,-67
10276,36,40,-72,-68
10277,37,40,-71,-68
10278,38,40,-71,-69
10279,39,40,-71,-70
10280,40,40,-70,-70
10281,41,40,-70,-71
10282,42,40,-69,-71
10283,43,40,-68,-71
10284,44,40,-68,-72
10285,45,40,-67,-72
10286,46,40,-66,-72
10287,47,40,-66,-73
10288,48,40,-65,-73
10289,49,40,-64,-73
10290,50,40,-64,-73
10291,51,40,-62,-74
10292,52,40,-62,-74
10293,53,40,-61,-74
10294,54,40,-60,-75
10295,55,40,-60,-75
10296,56,40,-59,-75
10297,57,40,-57,-76
10298,58,40,-57,-76
10299,59,40,-56,-76
10300,60,40,-55,-77
10301,61,40,-55,-77
10302,62,40,-54,-77
10303,63,40,-53,-78
10304,64,40,-52,-78
10305,65,40,-51,-79
10306,66,40,-50,-79
10307,67,40,-50,-79
10308,68,40,-48,-80
10309,69,40,-48,-80
10310,70,40,-46,-80
10311,71,40,-46,-81
10312,72,40,-45,-81
10313,73,40,-45,-81
10314,74,40,-43,-82
10315,75,40,-43,-82
10316,76,40,-41,-82
10317,77,40,-41,-83
10318,78,40,-39,-83
10319,79,40,-39,-83
10320,80,40,-38,-84
10321,81,40,-37,-84
10322,82,40,-36,-85
10323,83,40,-35,-85
10324,84,40,-33,-86
10325,85,40,-32,-86
10326,86,40,-31,-87
10327,87,40,-30,-87
10328,88,40,-29,-87
10329,89,40,-29,-88
10330,90,40,-27,-88
10331,91,40,-26,-89
10332,92,40,-25,-89
10333,93,40,-24,-90
10334,94,40,-23,-90
10335,95,40,-21,-91
10336,96,40,-20,-91
10337,97,40,-19,-91
10338,98,40,-19,-92
10339,99,40,-17,-93
10340,100,40,-16,-93
10341,101,40,-15,-93
10342,102,40,-13,-94
10343,103,40,-12,-94
10344,104,40,-11,-95
10345,105,40,-9,-96
10346,106,40,-8,-96
10347,107,40,-7,-96
10348,108,40,-5,-97
10349,109,40,-4,-97
10350,110,40,-3,-98
10351,111,40,-2,-99
10352,112,40,-1,-99
10353,113,40,0,-100
10354,114,40,0,-100
10355,115,40,0,-100
10356,116,40,0,-100
10357,117,40,0,-100
10358,118,40,0,-100
10359,119,40,0,-100
10360,120,40,0,-100
10361,121,40,0,-100
10362,122,40,0,-100
10363,123,40,0,-100
10364,124,40,0,-100
10365,125,40,0,-100
10366,126,40,0,-100
10367,127,40,0,-100
10368,128,40,0,-100
10369,129,40,0,-100
10370,130,40,0,-100
10371,131,40,0,-100
10372,132,40,0,-100
10373,133,40,0,-100
10374,134,40,0,-100
10375,135,40,0,-100
10376,136,40,0,-100
10377,137,40,0,-100
10378,138,40,0,-100
10379,139,40,0,-100
10380,140,40,0,-100
10381,141,40,0,-100
10382,142,40,0,-100
10383,143,40,0,-100
10384,144,40,1,-99
10385,145,40,2,-99
10386,146,40,3,-98
10387,147,40,4,-97
10388,148,40,5,-97
10389,149,40,7,-96
10390,150,40,8,-96
10391,151,40,9,-96
10392,152,40,11,-95
10393,153,40,12,-94
10394,154,40,13,-94
10395,155,40,15,-93
10396,156,40,16,-93
10397,157,40,17,-93
10398,158,40,19,-92
10399,159,40,19,-91
10400,160,40,20,-91
10401,161,40,21,-91
10402,162,40,23,-90
10403,163,40,24,-90
10404,164,40,25,-89
10405,165,40,26,-89
10406,166,40,27,-88
10407,167,40,29,-88
10408,168,40,29,-87
10409,169,40,30,-87
10410,170,40,31,-87
10411,171,40,32,-86
10412,172,40,33,-86
10413,173,40,35,-85
10414,174,40,36,-85
10415,175,40,37,-84
10416,176,40,38,-84
10417,177,40,39,-83
10418,178,40,39,-83
10419,179,40,41,-83
10420,180,40,41,-82
10421,181,40,43,-82
10422,182,40,43,-82
10423,183,40,45,-81
10424,184,40,45,-81
10425,185,40,46,-81
10426,186,40,46,-80
10427,187,40,48,-80
10428,188,40,48,-80
10429,189,40,50,-79
10430,190,40,50,-79
10431,191,40,51,-79
10432,192,40,52,-78
10433,193,40,53,-78
10434,194,40,54,-77
10435,195,40,55,-77
10436,196,40,55,-77
10437,197,40,56,-76
10438,198,40,57,-76
10439,199,40,57,-76
10440,200,40,59,-75
10441,201,40,60,-75
10442,202,40,60,-75
10443,203,40,61,-74
10444,204,40,62,-74
10445,205,40,62,-74
10446,206,40,64,-73
10447,207,40,64,-73
10448,208,40,65,-73
10449,209,40,66,-73
10450,210,40,66,-72
10451,211,40,67,-72
10452,212,40,68,-72
10453,213,40,68,-71
10454,214,40,69,-71
10455,215,40,70,-71
10456,216,40,70,-70
10457,217,40,71,-70
10458,218,40,71,-69
10459,219,40,71,-68
10460,220,40,72,-68
10461,221,40,72,-67
10462,222,40,72,-66
10463,223,40,72,-66
10464,224,40,73,-65
10465,225,40,73,-65
10466,226,40,73,-64
10467,227,40,73,-64
10468,228,40,73,-64
10469,229,40,74,-62
10470,230,40,74,-62
10471,231,40,74,-61
10472,232,40,74,-61
10473,233,40,75,-60
10474,234,40,75,-60
10475,235,40,75,-60
10476,236,40,75,-59
10477,237,40,75,-59
10478,238,40,76,-57
10479,239,40,76,-57
10480,240,40,76,-57
10481,241,40,76,-56
10482,242,40,76,-56
10483,243,40,77,-55
10484,244,40,77,-55
10485,245,40,77,-55
10486,246,40,77,-54
10487,247,40,77,-54
10488,248,40,77,-54
10489,249,40,78,-53
10490,250,40,78,-53
10491,251,40,78,-52
10492,252,40,78,-52
10493,253,40,78,-52
10494,254,40,79,-51
10495,255,40,79,-51
10496,0,41,-79,-50
10497,1,41,-79,-50
10498,2,41,-79,-51
10499,3,41,-79,-51
10500,4,41,-78,-52
10501,5,41,-78,-52
10502,6,41,-78,-52
10503,7,41,-78,-53
10504,8,41,-78,-53
10505,9,41,-78,-53
10506,10,41,-77,-54
10507,11,41,-77,-54
10508,12,41,-77,-55
10509,13,41,-77,-55
10510,14,41,-77,-55
10511,15,41,-76,-56
10512,16,41,-76,-56
10513,17,41,-76,-57
10514,18,41,-76,-57
10515,19,41,-76,-57
10516,20,41,-76,-58
10517,21,41,-75,-59
10518,22,41,-75,-60
10519,23,41,-75,-60
10520,24,41,-75,-60
10521,25,41,-74,-61
10522,26,41,-74,-61
10523,27,41,-74,-62
10524,28,41,-74,-62
10525,29,41,-73,-64
10526,30,41,-73,-64
10527,31,41,-73,-64
10528,32,41,-73,-65
10529,33,41,-73,-65
10530,34,41,-72,-66
10531,35,41,-72,-66
10532,36,41,-72,-67
10533,37,41,-72,-68
10534,38,41,-71,-68
10535,39,41,-71,-69
10536,40,41,-71,-70
10537,41,41,-70,-70
10538,42,41,-70,-71
10539,43,41,-69,-71
10540,44,41,-68,-71
10541,45,41,-68,-72
10542,46,41,-67,-72
10543,47,41,-66,-72
10544,48,41,-66,-73
10545,49,41,-65,-73
10546,50,41,-64,-73
10547,51,41,-64,-73
10548,52,41,-62,-74
10549,53,41,-62,-74
10550,54,41,-61,-74
10551,55,41,-60,-75
10552,56,41,-60,-75
10553,57,41,-59,-75
10554,58,41,-57,-76
10555,59,41,-57,-76
10556,60,41,-56,-76
10557,61,41,-55,-77
10558,62,41,-54,-77
10559,63,41,-54,-77
10560,64,41,-53,-78
10561,65,41,-52,-78
10562,66,41,-51,-79
10563,67,41,-50,-79
10564,68,41,-50,-79
10565,69,41,-48,-80
10566,70,41,-48,-80
10567,71,41,-46,-80
10568,72,41,-46,-81
10569,73,41,-45,-81
10570,74,41,-44,-81
10571,75,41,-43,-82
10572,76,41,-42,-82
10573,77,41,-41,-83
10574,78,41,-40,-83
10575,79,41,-39,-83
10576,80,41,-38,-84
10577,81,41,-37,-84
10578,82,41,-36,-85
10579,83,41,-35,-85
10580,84,41,-34,-85
10581,85,41,-33,-86
10582,86,41,-32,-86
10583,87,41,-30,-87
10584,88,41,-29,-87
10585,89,41,-29,-88
10586,90,41,-27,-88
10587,91,41,-27,-88
10588,92,41,-25,-89
10589,93,41,-24,-90
10590,94,41,-23,-90
10591,95,41,-22,-90
10592,96,41,-20,-91
10593,97,41,-19,-91
10594,98,41,-19,-92
10595,99,41,-17,-92
10596,100,41,-16,-93
10597,101,41,-15,-93
10598,102,41,-14,-94
10599,103,41,-12,-94
10600,104,41,-11,-95
10601,105,41,-10,-95
10602,106,41,-8,-96
10603,107,41,-7,-96
10604,108,41,-5,-97
10605,109,41,-4,-97
10606,110,41,-3,-98
10607,111,41,-2,-99
10608,112,41,-1,-99
10609,113,41,0,-100
10610,114,41,0,-100
10611,115,41,0,-100
10612,116,41,0,-100
10613,117,41,0,-100
10614,118,41,0,-100
10615,119,41,0,-100
10616,120,41,0,-100
10617,121,41,0,-100
10618,122,41,0,-100
10619,123,41,0,-100
10620,124,41,0,-100
10621,125,41,0,-100
10622,126,41,0,-100
10623,127,41,0,-100
10624,128,41,0,-100
10625,129,41,0,-100
10626,130,41,0,-100
10627,131,41,0,-100
10628,132,41,0,-100
10629,133,41,0,-100
10630,134,41,0,-100
10631,135,41,0,-100
10632,136,41,0,-100
10633,137,41,0,-100
10634,138,41,0,-100
10635,139,41,0,-100
10636,140,41,0,-100
10637,141,41,0,-100
10638,142,41,0,-100
10639,143,41,0,-100
10640,144,41,1,-99
10641,145,41,2,-99
10642,146,41,3,-98
10643,147,41,4,-97
10644,148,41,5,-97
10645,149,41,7,-96
10646,150,41,8,-96
10647,151,41,10,-95
10648,152,41,11,-95
10649,153,41,12,-94
10650,154,41,14,-94
10651,155,41,15,-93
10652,156,41,16,-93
10653,157,41,17,-92
10654,158,41,19,-92
10655,159,41,19,-91
10656,160,41,20,-91
10657,161,41,22,-90
10658,162,41,23,-90
10659,163,41,24,-90
10660,164,41,25,-89
10661,165,41,27,-88
10662,166,41,27,-88
10663,167,41,29,-88
10664,168,41,29,-87
10665,169,41,30,-87
10666,170,41,32,-86
10667,171,41,33,-86
10668,172,41,34,-85
10669,173,41,35,-85
10670,174,41,36,-85
10671,175,41,37,-84
10672,176,41,38,-84
10673,177,41,39,-83
10674,178,41,40,-83
10675,179,41,41,-83
10676,180,41,42,-82
10677,181,41,43,-82
10678,182,41,44,-81
10679,183,41,45,-81
10680,184,41,46,-81
10681,185,41,46,-80
10682,186,41,48,-80
10683,187,41,48,-80
10684,188,41,50,-79
10685,189,41,50,-79
10686,190,41,51,-79
10687,191,41,52,-78
10688,192,41,53,-78
10689,193,41,54,-77
10690,194,41,54,-77
10691,195,41,55,-77
10692,196,41,56,-76
10693,197,41,57,-76
10694,198,41,57,-76
10695,199,41,59,-75
10696,200,41,60,-75
10697,201,41,60,-75
10698,202,41,61,-74
10699,203,41,62,-74
10700,204,41,62,-74
10701,205,41,64,-73
10702,206,41,64,-73
10703,207,41,65,-73
10704,208,41,66,-73
10705,209,41,66,-72
10706,210,41,67,-72
10707,211,41,68,-72
10708,212,41,68,-71
10709,213,41,69,-71
10710,214,41,70,-71
10711,215,41,70,-70
10712,216,41,71,-70
10713,217,41,71,-69
10714,218,41,71,-68
10715,219,41,72,-68
10716,220,41,72,-67
10717,221,41,72,-66
10718,222,41,72,-66
10719,223,41,73,-65
10720,224,41,73,-65
10721,225,41,73,-64
10722,226,41,73,-64
10723,227,41,73,-64
10724,228,41,74,-62
10725,229,41,74,-62
10726,230,41,74,-61
10727,231,41,74,-61
10728,232,41,75,-60
10729,233,41,75,-60
10730,234,41,75,-60
10731,235,41,75,-59
10732,236,41,76,-58
10733,237,41,76,-57
10734,238,41,76,-57
10735,239,41,76,-57
10736,240,41,76,-56
10737,241,41,76,-56
10738,242,41,77,-55
10739,243,41,77,-55
10740,244,41,77,-55
10741,245,41,77,-54
10742,246,41,77,-54
10743,247,41,78,-53
10744,248,41,78,-53
10745,249,41,78,-53
10746,250,41,78,-52
10747,251,41,78,-52
10748,252,41,78,-52
10749,253,41,79,-51
10750,254,41,79,-51
10751,255,41,79,-50
10752,0,42,-79,-50
10753,1,42,-79,-50
10754,2,42,-79,-50
10755,3,42,-79,-50
10756,4,42,-79,-51
10757,5,42,-79,-51
10758,6,42,-78,-52
10759,7,42,-78,-52
10760,8,42,-78,-53
10761,9,42,-78,-53
10762,10,42,-78,-53
10763,11,42,-77,-54
10764,12,42,-77,-54
10765,13,42,-77,-54
10766,14,42,-77,-55
10767,15,42,-77,-55
10768,16,42,-76,-56
10769,17,42,-76,-56
10770,18,42,-76,-56
10771,19,42,-76,-57
10772,20,42,-76,-57
10773,21,42,-76,-58
10774,22,42,-75,-59
10775,23,42,-75,-59
10776,24,42,-75,-60
10777,25,42,-75,-60
10778,26,42,-74,-61
10779,27,42,-74,-61
10780,28,42,-74,-62
10781,29,42,-74,-62
10782,30,42,-73,-64
10783,31,42,-73,-64
10784,32,42,-73,-64
10785,33,42,-73,-65
10786,34,42,-73,-65
10787,35,42,-72,-66
10788,36,42,-72,-66
10789,37,42,-72,-67
10790,38,42,-72,-68
10791,39,42,-71,-68
10792,40,42,-71,-69
10793,41,42,-71,-70
10794,42,42,-70,-70
10795,43,42,-70,-71
10796,44,42,-69,-71
10797,45,42,-68,-71
10798,46,42,-68,-72
10799,47,42,-67,-72
10800,48,42,-66,-72
10801,49,42,-65,-73
10802,50,42,-65,-73
10803,51,42,-64,-73
10804,52,42,-64,-73
10805,53,42,-62,-74
10806,54,42,-61,-74
10807,55,42,-61,-74
10808,56,42,-60,-75
10809,57,42,-59,-75
10810,58,42,-58,-76
10811,59,42,-57,-76
10812,60,42,-56,-76
10813,61,42,-56,-76
10814,62,42,-55,-77
10815,63,42,-54,-77
10816,64,42,-53,-78
10817,65,42,-53,-78
10818,66,42,-52,-78
10819,67,42,-51,-79
10820,68,42,-50,-79
10821,69,42,-48,-80
10822,70,42,-48,-80
10823,71,42,-46,-80
10824,72,42,-46,-80
10825,73,42,-45,-81
10826,74,42,-45,-81
10827,75,42,-43,-82
10828,76,42,-43,-82
10829,77,42,-41,-82
10830,78,42,-41,-83
10831,79,42,-39,-83
10832,80,42,-39,-83
10833,81,42,-38,-84
10834,82,42,-37,-84
10835,83,42,-35,-85
10836,84,42,-34,-85
10837,85,42,-33,-86
10838,86,42,-32,-86
10839,87,42,-31,-87
10840,88,42,-30,-87
10841,89,42,-29,-87
10842,90,42,-27,-88
10843,91,42,-27,-88
10844,92,42,-26,-89
10845,93,42,-25,-89
10846,94,42,-23,-90
10847,95,42,-22,-90
10848,96,42,-21,-91
10849,97,42,-19,-91
10850,98,42,-19,-92
10851,99,42,-17,-92
10852,100,42,-17,-93
10853,101,42,-15,-93
10854,102,42,-14,-94
10855,103,42,-12,-94
10856,104,42,-11,-95
10857,105,42,-10,-95
10858,106,42,-8,-96
10859,107,42,-7,-96
10860,108,42,-6,-97
10861,109,42,-4,-97
10862,110,42,-3,-98
10863,111,42,-2,-99
10864,112,42,-1,-99
10865,113,42,0,-100
10866,114,42,0,-100
10867,115,42,0,-100
10868,116,42,0,-100
10869,117,42,0,-100
10870,118,42,0,-100
10871,119,42,0,-100
10872,120,42,0,-100
10873,121,42,0,-100
10874,122,42,0,-100
10875,123,42,0,-100
10876,124,42,0,-100
10877,125,42,0,-100
10878,126,42,0,-100
10879,127,42,0,-100
10880,128,42,0,-100
10881,129,42,0,-100
10882,130,42,0,-100
10883,131,42,0,-100
10884,132,42,0,-100
10885,133,42,0,-100
10886,134,42,0,-100
10887,135,42,0,-100
10888,136,42,0,-100
10889,137,42,0,-100
10890,138,42,0,-100
10891,139,42,0,-100
10892,140,42,0,-100
10893,141,42,0,-100
10894,142,42,0,-100
10895,143,42,0,-100
10896,144,42,1,-99
10897,145,42,2,-99
10898,146,42,3,-98
10899,147,42,4,-97
10900,148,42,6,-97
10901,149,42,7,-96
10902,150,42,8,-96
10903,151,42,10,-95
10904,152,42,11,-95
10905,153,42,12,-94
10906,154,42,14,-94
10907,155,42,15,-93
10908,156,42,17,-93
10909,157,42,17,-92
10910,158,42,19,-92
10911,159,42,19,-91
10912,160,42,21,-91
10913,161,42,22,-90
10914,162,42,23,-90
10915,163,42,25,-89
10916,164,42,26,-89
10917,165,42,27,-88
10918,166,42,27,-88
10919,167,42,29,-87
10920,168,42,30,-87
10921,169,42,31,-87
10922,170,42,32,-86
10923,171,42,33,-86
10924,172,42,34,-85
10925,173,42,35,-85
10926,174,42,37,-84
10927,175,42,38,-84
10928,176,42,39,-83
10929,177,42,39,-83
10930,178,42,41,-83
10931,179,42,41,-82
10932,180,42,43,-82
10933,181,42,43,-82
10934,182,42,45,-81
10935,183,42,45,-81
10936,184,42,46,-80
10937,185,42,46,-80
10938,186,42,48,-80
10939,187,42,48,-80
10940,188,42,50,-79
10941,189,42,51,-79
10942,190,42,52,-78
10943,191,42,53,-78
10944,192,42,53,-78
10945,193,42,54,-77
10946,194,42,55,-77
10947,195,42,56,-76
10948,196,42,56,-76
10949,197,42,57,-76
10950,198,42,58,-76
10951,199,42,59,-75
10952,200,42,60,-75
10953,201,42,61,-74
10954,202,42,61,-74
10955,203,42,62,-74
10956,204,42,64,-73
10957,205,42,64,-73
10958,206,42,65,-73
10959,207,42,65,-73
10960,208,42,66,-72
10961,209,42,67,-72
10962,210,42,68,-72
10963,211,42,68,-71
10964,212,42,69,-71
10965,213,42,70,-71
10966,214,42,70,-70
10967,215,42,71,-70
10968,216,42,71,-69
10969,217,42,71,-68
10970,218,42,72,-68
10971,219,42,72,-67
10972,220,42,72,-66
10973,221,42,72,-66
10974,222,42,73,-65
10975,223,42,73,-65
10976,224,42,73,-64
10977,225,42,73,-64
10978,226,42,73,-64
10979,227,42,74,-62
10980,228,42,74,-62
10981,229,42,74,-61
10982,230,42,74,-61
10983,231,42,75,-60
10984,232,42,75,-60
10985,233,42,75,-59
10986,234,42,75,-59
10987,235,42,76,-58
10988,236,42,76,-57
10989,237,42,76,-57
10990,238,42,76,-56
10991,239,42,76,-56
10992,240,42,76,-56
10993,241,42,77,-55
10994,242,42,77,-55
10995,243,42,77,-54
10996,244,42,77,-54
10997,245,42,77,-54
10998,246,42,78,-53
10999,247,42,78,-53
11000,248,42,78,-53
11001,249,42,78,-52
11002,250,42,78,-52
11003,251,42,79,-51
11004,252,42,79,-51
11005,253,42,79,-50
11006,254,42,79,-50
11007,255,42,79,-50
11008,0,43,-80,-48
11009,1,43,-79,-50
11010,2,43,-79,-50
11011,3,43,-79,-50
11012,4,43,-79,-50
11013,5,43,-79,-51
11014,6,43,-79,-51
11015,7,43,-78,-52
11016,8,43,-78,-52
11017,9,43,-78,-52
11018,10,43,-78,-53
11019,11,43,-78,-53
11020,12,43,-78,-53
11021,13,43,-77,-54
11022,14,43,-77,-54
11023,15,43,-77,-55
11024,16,43,-77,-55
11025,17,43,-77,-55
11026,18,43,-76,-56
11027,19,43,-76,-56
11028,20,43,-76,-57
11029,21,43,-76,-57
11030,22,43,-76,-57
11031,23,43,-75,-59
11032,24,43,-75,-59
11033,25,43,-75,-60
11034,26,43,-75,-60
11035,27,43,-74,-61
11036,28,43,-74,-61
11037,29,43,-74,-62
11038,30,43,-74,-62
11039,31,43,-74,-62
11040,32,43,-73,-64
11041,33,43,-73,-64
11042,34,43,-73,-65
11043,35,43,-73,-65
11044,36,43,-72,-66
11045,37,43,-72,-66
11046,38,43,-72,-67
11047,39,43,-72,-68
11048,40,43,-71,-68
11049,41,43,-71,-69
11050,42,43,-71,-70
11051,43,43,-70,-70
11052,44,43,-70,-71
11053,45,43,-69,-71
11054,46,43,-68,-71
11055,47,43,-68,-72
11056,48,43,-67,-72
11057,49,43,-66,-72
11058,50,43,-65,-73
11059,51,43,-65,-73
11060,52,43,-64,-73
11061,53,43,-64,-73
11062,54,43,-62,-74
11063,55,43,-61,-74
11064,56,43,-61,-74
11065,57,43,-60,-75
11066,58,43,-59,-75
11067,59,43,-58,-76
11068,60,43,-57,-76
11069,61,43,-56,-76
11070,62,43,-55,-77
11071,63,43,-55,-77
11072,64,43,-54,-77
11073,65,43,-53,-78
11074,66,43,-52,-78
11075,67,43,-51,-79
11076,68,43,-50,-79
11077,69,43,-50,-79
11078,70,43,-48,-80
11079,71,43,-48,-80
11080,72,43,-46,-80
11081,73,43,-46,-81
11082,74,43,-45,-81
11083,75,43,-44,-81
11084,76,43,-43,-82
11085,77,43,-42,-82
11086,78,43,-41,-83
11087,79,43,-40,-83
11088,80,43,-39,-83
11089,81,43,-38,-84
11090,82,43,-37,-84
11091,83,43,-36,-85
11092,84,43,-35,-85
11093,85,43,-34,-85
11094,86,43,-32,-86
11095,87,43,-31,-87
11096,88,43,-30,-87
11097,89,43,-29,-87
11098,90,43,-28,-88
11099,91,43,-27,-88
11100,92,43,-26,-89
11101,93,43,-25,-89
11102,94,43,-24,-90
11103,95,43,-22,-90
11104,96,43,-21,-91
11105,97,43,-20,-91
11106,98,43,-19,-92
11107,99,43,-17,-92
11108,100,43,-17,-93
11109,101,43,-15,-93
11110,102,43,-14,-94
11111,103,43,-13,-94
11112,104,43,-11,-95
11113,105,43,-10,-95
11114,106,43,-8,-96
11115,107,43,-7,-96
11116,108,43,-6,-97
11117,109,43,-4,-97
11118,110,43,-3,-98
11119,111,43,-2,-99
11120,112,43,-1,-99
11121,113,43,0,-100
11122,114,43,0,-100
11123,115,43,0,-100
11124,116,43,0,-100
11125,117,43,0,-100
11126,118,43,0,-100
11127,119,43,0,-100
11128,120,43,0,-100
11129,121,43,0,-100
11130,122,43,0,-100
11131,123,43,0,-100
11132,124,43,0,-100
11133,125,43,0,-100
11134,126,43,0,-100
11135,127,43,0,-100
11136,128,43,0,-100
11137,129,43,0,-100
11138,130,43,0,-100
11139,131,43,0,-100
11140,132,43,0,-100
11141,133,43,0,-100
11142,134,43,0,-100
11143,135,43,0,-100
11144,136,43,0,-100
11145,137,43,0,-100
11146,138,43,0,-100
11147,139,43,0,-100
11148,140,43,0,-100
11149,141,43,0,-100
11150,142,43,0,-100
11151,143,43,0,-100
11152,144,43,1,-99
11153,145,43,2,-99
11154,146,43,3,-98
11155,147,43,4,-97
11156,148,43,6,-97
11157,149,43,7,-96
11158,150,43,8,-96
11159,151,43,10,-95
11160,152,43,11,-95
11161,153,43,13,-94
11162,154,43,14,-94
11163,155,43,15,-93
11164,156,43,17,-93
11165,157,43,17,-92
11166,158,43,19,-92
11167,159,43,20,-91
11168,160,43,21,-91
11169,161,43,22,-90
11170,162,43,24,-90
11171,163,43,25,-89
11172,164,43,26,-89
11173,165,43,27,-88
11174,166,43,28,-88
11175,167,43,29,-87
11176,168,43,30,-87
11177,169,43,31,-87
11178,170,43,32,-86
11179,171,43,34,-85
11180,172,43,35,-85
11181,173,43,36,-85
11182,174,43,37,-84
11183,175,43,38,-84
11184,176,43,39,-83
11185,177,43,40,-83
11186,178,43,41,-83
11187,179,43,42,-82
11188,180,43,43,-82
11189,181,43,44,-81
11190,182,43,45,-81
11191,183,43,46,-81
11192,184,43,46,-80
11193,185,43,48,-80
11194,186,43,48,-80
11195,187,43,50,-79
11196,188,43,50,-79
11197,189,43,51,-79
11198,190,43,52,-78
11199,191,43,53,-78
11200,192,43,54,-77
11201,193,43,55,-77
11202,194,43,55,-77
11203,195,43,56,-76
11204,196,43,57,-76
11205,197,43,58,-76
11206,198,43,59,-75
11207,199,43,60,-75
11208,200,43,61,-74
11209,201,43,61,-74
11210,202,43,62,-74
11211,203,43,64,-73
11212,204,43,64,-73
11213,205,43,65,-73
11214,206,43,65,-73
11215,207,43,66,-72
11216,208,43,67,-72
11217,209,43,68,-72
11218,210,43,68,-71
11219,211,43,69,-71
11220,212,43,70,-71
11221,213,43,70,-70
11222,214,43,71,-70
11223,215,43,71,-69
11224,216,43,71,-68
11225,217,43,72,-68
11226,218,43,72,-67
11227,219,43,72,-66
11228,220,43,72,-66
11229,221,43,73,-65
11230,222,43,73,-65
11231,223,43,73,-64
11232,224,43,73,-64
11233,225,43,74,-62
11234,226,43,74,-62
11235,227,43,74,-62
11236,228,43,74,-61
11237,229,43,74,-61
11238,230,43,75,-60
11239,231,43,75,-60
11240,232,43,75,-59
11241,233,43,75,-59
11242,234,43,76,-57
11243,235,43,76,-57
11244,236,43,76,-57
11245,237,43,76,-56
11246,238,43,76,-56
11247,239,43,77,-55
11248,240,43,77,-55
11249,241,43,77,-55
11250,242,43,77,-54
11251,243,43,77,-54
11252,244,43,78,-53
11253,245,43,78,-53
11254,246,43,78,-53
11255,247,43,78,-52
11256,248,43,78,-52
11257,249,43,78,-52
11258,250,43,79,-51
11259,251,43,79,-51
11260,252,43,79,-50
11261,253,43,79,-50
11262,254,43,79,-50
11263,255,43,79,-50
11264,0,44,-80,-48
11265,1,44,-80,-48
11266,2,44,-79,-49
11267,3,44,-79,-50
11268,4,44,-79,-50
11269,5,44,-79,-50
11270,6,44,-79,-50
11271,7,44,-79,-51
11272,8,44,-79,-51
11273,9,44,-78,-52
11274,10,44,-78,-52
11275,11,44,-78,-53
11276,12,44,-78,-53
11277,13,44,-78,-53
11278,14,44,-77,-54
11279,15,44,-77,-54
11280,16,44,-77,-54
11281,17,44,-77,-55
11282,18,44,-77,-55
11283,19,44,-76,-56
11284,20,44,-76,-56
11285,21,44,-76,-57
11286,22,44,-76,-57
11287,23,44,-76,-57
11288,24,44,-76,-58
11289,25,44,-75,-59
11290,26,44,-75,-60
11291,27,44,-75,-60
11292,28,44,-74,-61
11293,29,44,-74,-61
11294,30,44,-74,-61
11295,31,44,-74,-62
11296,32,44,-74,-62
11297,33,44,-73,-64
11298,34,44,-73,-64
11299,35,44,-73,-65
11300,36,44,-73,-65
11301,37,44,-73,-66
11302,38,44,-72,-66
11303,39,44,-72,-67
11304,40,44,-72,-68
11305,41,44,-71,-68
11306,42,44,-71,-69
11307,43,44,-71,-70
11308,44,44,-70,-70
11309,45,44,-70,-71
11310,46,44,-69,-71
11311,47,44,-68,-71
11312,48,44,-68,-72
11313,49,44,-67,-72
11314,50,44,-66,-72
11315,51,44,-65,-73
11316,52,44,-65,-73
11317,53,44,-64,-73
11318,54,44,-62,-74
11319,55,44,-62,-74
11320,56,44,-61,-74
11321,57,44,-61,-74
11322,58,44,-60,-75
11323,59,44,-59,-75
11324,60,44,-57,-76
11325,61,44,-57,-76
11326,62,44,-56,-76
11327,63,44,-55,-77
11328,64,44,-54,-77
11329,65,44,-54,-77
11330,66,44,-53,-78
11331,67,44,-52,-78
11332,68,44,-51,-79
11333,69,44,-50,-79
11334,70,44,-49,-79
11335,71,44,-48,-80
11336,72,44,-48,-80
11337,73,44,-46,-80
11338,74,44,-45,-81
11339,75,44,-45,-81
11340,76,44,-43,-82
11341,77,44,-43,-82
11342,78,44,-41,-82
11343,79,44,-41,-83
11344,80,44,-39,-83
11345,81,44,-39,-83
11346,82,44,-37,-84
11347,83,44,-36,-85
11348,84,44,-35,-85
11349,85,44,-34,-85
11350,86,44,-33,-86
11351,87,44,-32,-86
11352,88,44,-31,-87
11353,89,44,-29,-87
11354,90,44,-29,-88
11355,91,44,-27,-88
11356,92,44,-27,-88
11357,93,44,-25,-89
11358,94,44,-24,-90
11359,95,44,-23,-90
11360,96,44,-21,-91
11361,97,44,-20,-91
11362,98,44,-19,-91
11363,99,44,-17,-92
11364,100,44,-17,-93
11365,101,44,-16,-93
11366,102,44,-14,-94
11367,103,44,-13,-94
11368,104,44,-11,-95
11369,105,44,-10,-95
11370,106,44,-9,-96
11371,107,44,-7,-96
11372,108,44,-6,-97
11373,109,44,-4,-97
11374,110,44,-3,-98
11375,111,44,-2,-99
11376,112,44,-1,-99
11377,113,44,0,-100
11378,114,44,0,-100
11379,115,44,0,-100
11380,116,44,0,-100
11381,117,44,0,-100
11382,118,44,0,-100
11383,119,44,0,-100
11384,120,44,0,-100
11385,121,44,0,-100
11386,122,44,0,-100
11387,123,44,0,-100
11388,124,44,0,-100
11389,125,44,0,-100
11390,126,44,0,-100
11391,127,44,0,-100
11392,128,44,0,-100
11393,129,44,0,-100
11394,130,44,0,-100
11395,131,44,0,-100
11396,132,44,0,-100
11397,133,44,0,-100
11398,134,44,0,-100
11399,135,44,0,-100
11400,136,44,0,-100
11401,137,44,0,-100
11402,138,44,0,-100
11403,139,44,0,-100
11404,140,44,0,-100
11405,141,44,0,-100
11406,142,44,0,-100
11407,143,44,0,-100
11408,144,44,1,-99
11409,145,44,2,-99
11410,146,44,3,-98
11411,147,44,4,-97
11412,148,44,6,-97
11413,149,44,7,-96
11414,150,44,9,-96
11415,151,44,10,-95
11416,152,44,11,-95
11417,153,44,13,-94
11418,154,44,14,-94
11419,155,44,16,-93
11420,156,44,17,-93
11421,157,44,17,-92
11422,158,44,19,-91
11423,159,44,20,-91
11424,160,44,21,-91
11425,161,44,23,-90
11426,162,44,24,-90
11427,163,44,25,-89
11428,164,44,27,-88
11429,165,44,27,-88
11430,166,44,29,-88
11431,167,44,29,-87
11432,168,44,31,-87
11433,169,44,32,-86
11434,170,44,33,-86
11435,171,44,34,-85
11436,172,44,35,-85
11437,173,44,36,-85
11438,174,44,37,-84
11439,175,44,39,-83
11440,176,44,39,-83
11441,177,44,41,-83
11442,178,44,41,-82
11443,179,44,43,-82
11444,180,44,43,-82
11445,181,44,45,-81
11446,182,44,45,-81
11447,183,44,46,-80
11448,184,44,48,-80
11449,185,44,48,-80
11450,186,44,49,-79
11451,187,44,50,-79
11452,188,44,51,-79
11453,189,44,52,-78
11454,190,44,53,-78
11455,191,44,54,-77
11456,192,44,54,-77
11457,193,44,55,-77
11458,194,44,56,-76
11459,195,44,57,-76
11460,196,44,57,-76
11461,197,44,59,-75
11462,198,44,60,-75
11463,199,44,61,-74
11464,200,44,61,-74
11465,201,44,62,-74
11466,202,44,62,-74
11467,203,44,64,-73
11468,204,44,65,-73
11469,205,44,65,-73
11470,206,44,66,-72
11471,207,44,67,-72
11472,208,44,68,-72
11473,209,44,68,-71
11474,210,44,69,-71
11475,211,44,70,-71
11476,212,44,70,-70
11477,213,44,71,-70
11478,214,44,71,-69
11479,215,44,71,-68
11480,216,44,72,-68
11481,217,44,72,-67
11482,218,44,72,-66
11483,219,44,73,-66
11484,220,44,73,-65
11485,221,44,73,-65
11486,222,44,73,-64
11487,223,44,73,-64
11488,224,44,74,-62
11489,225,44,74,-62
11490,226,44,74,-61
11491,227,44,74,-61
11492,228,44,74,-61
11493,229,44,75,-60
11494,230,44,75,-60
11495,231,44,75,-59
11496,232,44,76,-58
11497,233,44,76,-57
11498,234,44,76,-57
11499,235,44,76,-57
11500,236,44,76,-56
11501,237,44,76,-56
11502,238,44,77,-55
11503,239,44,77,-55
11504,240,44,77,-54
11505,241,44,77,-54
11506,242,44,77,-54
11507,243,44,78,-53
11508,244,44,78,-53
11509,245,44,78,-53
11510,246,44,78,-52
11511,247,44,78,-52
11512,248,44,79,-51
11513,249,44,79,-51
11514,250,44,79,-50
11515,251,44,79,-50
11516,252,44,79,-50
11517,253,44,79,-50
11518,254,44,79,-49
11519,255,44,80,-48
11520,0,45,-80,-48
11521,1,45,-80,-48
11522,2,45,-80,-48
11523,3,45,-80,-48
11524,4,45,-79,-49
11525,5,45,-79,-50
11526,6,45,-79,-50
11527,7,45,-79,-50
11528,8,45,-79,-51
11529,9,45,-79,-51
11530,10,45,-78,-52
11531,11,45,-78,-52
11532,12,45,-78,-52
11533,13,45,-78,-53
11534,14,45,-78,-53
11535,15,45,-77,-54
11536,16,45,-77,-54
11537,17,45,-77,-54
11538,18,45,-77,-55
11539,19,45,-77,-55
11540,20,45,-76,-56
11541,21,45,-76,-56
11542,22,45,-76,-56
11543,23,45,-76,-57
11544,24,45,-76,-57
11545,25,45,-76,-58
11546,26,45,-75,-59
11547,27,45,-75,-60
11548,28,45,-75,-60
11549,29,45,-75,-60
11550,30,45,-74,-61
11551,31,45,-74,-61
11552,32,45,-74,-62
11553,33,45,-74,-62
11554,34,45,-73,-64
11555,35,45,-73,-64
11556,36,45,-73,-65
11557,37,45,-73,-65
11558,38,45,-73,-66
11559,39,45,-72,-66
11560,40,45,-72,-67
11561,41,45,-72,-68
11562,42,45,-71,-68
11563,43,45,-71,-69
11564,44,45,-71,-70
11565,45,45,-70,-70
11566,46,45,-70,-71
11567,47,45,-69,-71
11568,48,45,-68,-71
11569,49,45,-68,-72
11570,50,45,-66,-72
11571,51,45,-66,-72
11572,52,45,-65,-73
11573,53,45,-65,-73
11574,54,45,-64,-73
11575,55,45,-62,-74
11576,56,45,-62,-74
11577,57,45,-61,-74
11578,58,45,-60,-75
11579,59,45,-60,-75
11580,60,45,-59,-75
11581,61,45,-57,-76
11582,62,45,-57,-76
11583,63,45,-56,-76
11584,64,45,-55,-77
11585,65,45,-54,-77
11586,66,45,-53,-78
11587,67,45,-53,-78
11588,68,45,-52,-78
11589,69,45,-51,-79
11590,70,45,-50,-79
11591,71,45,-48,-80
11592,72,45,-48,-80
11593,73,45,-46,-80
11594,74,45,-46,-81
11595,75,45,-45,-81
11596,76,45,-44,-81
11597,77,45,-43,-82
11598,78,45,-42,-82
11599,79,45,-41,-83
11600,80,45,-40,-83
11601,81,45,-39,-83
11602,82,45,-38,-84
11603,83,45,-37,-84
11604,84,45,-36,-85
11605,85,45,-35,-85
11606,86,45,-33,-86
11607,87,45,-32,-86
11608,88,45,-31,-87
11609,89,45,-30,-87
11610,90,45,-29,-87
11611,91,45,-27,-88
11612,92,45,-27,-88
11613,93,45,-26,-89
11614,94,45,-24,-90
11615,95,45,-23,-90
11616,96,45,-22,-90
11617,97,45,-20,-91
11618,98,45,-19,-91
11619,99,45,-19,-92
11620,100,45,-17,-93
11621,101,45,-16,-93
11622,102,45,-14,-94
11623,103,45,-13,-94
11624,104,45,-12,-94
11625,105,45,-10,-95
11626,106,45,-9,-96
11627,107,45,-7,-96
11628,108,45,-6,-97
11629,109,45,-4,-97
11630,110,45,-3,-98
11631,111,45,-2,-99
11632,112,45,-1,-99
11633,113,45,0,-100
11634,114,45,0,-100
11635,115,45,0,-100
11636,116,45,0,-100
11637,117,45,0,-100
11638,118,45,0,-100
11639,119,45,0,-100
11640,120,45,0,-100
11641,121,45,0,-100
11642,122,45,0,-100
11643,123,45,0,-100
11644,124,45,0,-100
11645,125,45,0,-100
11646,126,45,0,-100
11647,127,45,0,-100
11648,128,45,0,-100
11649,129,45,0,-100
11650,130,45,0,-100
11651,131,45,0,-100
11652,132,45,0,-100
11653,133,45,0,-100
11654,134,45,0,-100
11655,135,45,0,-100
11656,136,45,0,-100
11657,137,45,0,-100
11658,138,45,0,-100
11659,139,45,0,-100
11660,140,45,0,-100
11661,141,45,0,-100
11662,142,45,0,-100
11663,143,45,0,-100
11664,144,45,1,-99
11665,145,45,2,-99
11666,146,45,3,-98
11667,147,45,4,-97
11668,148,45,6,-97
11669,149,45,7,-96
11670,150,45,9,-96
11671,151,45,10,-95
11672,152,45,12,-94
11673,153,45,13,-94
11674,154,45,14,-94
11675,155,45,16,-93
11676,156,45,17,-93
11677,157,45,19,-92
11678,158,45,19,-91
11679,159,45,20,-91
11680,160,45,22,-90
11681,161,45,23,-90
11682,162,45,24,-90
11683,163,45,26,-89
11684,164,45,27,-88
11685,165,45,27,-88
11686,166,45,29,-87
11687,167,45,30,-87
11688,168,45,31,-87
11689,169,45,32,-86
11690,170,45,33,-86
11691,171,45,35,-85
11692,172,45,36,-85
11693,173,45,37,-84
11694,174,45,38,-84
11695,175,45,39,-83
11696,176,45,40,-83
11697,177,45,41,-83
11698,178,45,42,-82
11699,179,45,43,-82
11700,180,45,44,-81
11701,181,45,45,-81
11702,182,45,46,-81
11703,183,45,46,-80
11704,184,45,48,-80
11705,185,45,48,-80
11706,186,45,50,-79
11707,187,45,51,-79
11708,188,45,52,-78
11709,189,45,53,-78
11710,190,45,53,-78
11711,191,45,54,-77
11712,192,45,55,-77
11713,193,45,56,-76
11714,194,45,57,-76
11715,195,45,57,-76
11716,196,45,59,-75
11717,197,45,60,-75
11718,198,45,60,-75
11719,199,45,61,-74
11720,200,45,62,-74
11721,201,45,62,-74
11722,202,45,64,-73
11723,203,45,65,-73
11724,204,45,65,-73
11725,205,45,66,-72
11726,206,45,66,-72
11727,207,45,68,-72
11728,208,45,68,-71
11729,209,45,69,-71
11730,210,45,70,-71
11731,211,45,70,-70
11732,212,45,71,-70
11733,213,45,71,-69
11734,214,45,71,-68
11735,215,45,72,-68
11736,216,45,72,-67
11737,217,45,72,-66
11738,218,45,73,-66
11739,219,45,73,-65
11740,220,45,73,-65
11741,221,45,73,-64
11742,222,45,73,-64
11743,223,45,74,-62
11744,224,45,74,-62
11745,225,45,74,-61
11746,226,45,74,-61
11747,227,45,75,-60
11748,228,45,75,-60
11749,229,45,75,-60
11750,230,45,75,-59
11751,231,45,76,-58
11752,232,45,76,-57
11753,233,45,76,-57
11754,234,45,76,-56
11755,235,45,76,-56
11756,236,45,76,-56
11757,237,45,77,-55
11758,238,45,77,-55
11759,239,45,77,-54
11760,240,45,77,-54
11761,241,45,77,-54
11762,242,45,78,-53
11763,243,45,78,-53
11764,244,45,78,-52
11765,245,45,78,-52
11766,246,45,78,-52
11767,247,45,79,-51
11768,248,45,79,-51
11769,249,45,79,-50
11770,250,45,79,-50
11771,251,45,79,-50
11772,252,45,79,-49
11773,253,45,80,-48
11774,254,45,80,-48
11775,255,45,80,-48
11776,0,46,-80,-47
11777,1,46,-80,-48
11778,2,46,-80,-48
11779,3,46,-80,-48
11780,4,46,-80,-48
11781,5,46,-79,-49
11782,6,46,-79,-50
11783,7,46,-79,-50
11784,8,46,-79,-50
11785,9,46,-79,-50
11786,10,46,-79,-51
11787,11,46,-79,-51
11788,12,46,-78,-52
11789,13,46,-78,-52
11790,14,46,-78,-53
11791,15,46,-78,-53
11792,16,46,-78,-53
11793,17,46,-77,-54
11794,18,46,-77,-54
11795,19,46,-77,-55
11796,20,46,-77,-55
11797,21,46,-77,-55
11798,22,46,-76,-56
11799,23,46,-76,-56
11800,24,46,-76,-57
11801,25,46,-76,-57
11802,26,46,-76,-58
11803,27,46,-75,-59
11804,28,46,-75,-59
11805,29,46,-75,-60
11806,30,46,-75,-60
11807,31,46,-74,-61
11808,32,46,-74,-61
11809,33,46,-74,-62
11810,34,46,-74,-62
11811,35,46,-73,-64
11812,36,46,-73,-64
11813,37,46,-73,-64
11814,38,46,-73,-65
11815,39,46,-73,-66
11816,40,46,-72,-66
11817,41,46,-72,-67
11818,42,46,-72,-68
11819,43,46,-71,-68
11820,44,46,-71,-69
11821,45,46,-71,-70
11822,46,46,-70,-70
11823,47,46,-70,-71
11824,48,46,-69,-71
11825,49,46,-68,-71
11826,50,46,-68,-72
11827,51,46,-66,-72
11828,52,46,-66,-72
11829,53,46,-65,-73
11830,54,46,-64,-73
11831,55,46,-64,-73
11832,56,46,-62,-74
11833,57,46,-62,-74
11834,58,46,-61,-74
11835,59,46,-60,-75
11836,60,46,-60,-75
11837,61,46,-59,-75
11838,62,46,-57,-76
11839,63,46,-56,-76
11840,64,46,-56,-76
11841,65,46,-55,-77
11842,66,46,-54,-77
11843,67,46,-53,-78
11844,68,46,-52,-78
11845,69,46,-51,-79
11846,70,46,-50,-79
11847,71,46,-50,-79
11848,72,46,-48,-80
11849,73,46,-48,-80
11850,74,46,-46,-80
11851,75,46,-46,-81
11852,76,46,-45,-81
11853,77,46,-43,-82
11854,78,46,-43,-82
11855,79,46,-41,-82
11856,80,46,-41,-83
11857,81,46,-39,-83
11858,82,46,-38,-84
11859,83,46,-37,-84
11860,84,46,-36,-85
11861,85,46,-35,-85
11862,86,46,-34,-85
11863,87,46,-33,-86
11864,88,46,-31,-87
11865,89,46,-30,-87
11866,90,46,-29,-87
11867,91,46,-28,-88
11868,92,46,-27,-88
11869,93,46,-26,-89
11870,94,46,-25,-89
11871,95,46,-23,-90
11872,96,46,-22,-90
11873,97,46,-21,-91
11874,98,46,-19,-91
11875,99,46,-19,-92
11876,100,46,-17,-92
11877,101,46,-16,-93
11878,102,46,-15,-93
11879,103,46,-13,-94
11880,104,46,-12,-94
11881,105,46,-10,-95
11882,106,46,-9,-96
11883,107,46,-7,-96
11884,108,46,-6,-97
11885,109,46,-4,-97
11886,110,46,-3,-98
11887,111,46,-2,-99
11888,112,46,-1,-99
11889,113,46,0,-100
11890,114,46,0,-100
11891,115,46,0,-100
11892,116,46,0,-100
11893,117,46,0,-100
11894,118,46,0,-100
11895,119,46,0,-100
11896,120,46,0,-100
11897,121,46,0,-100
11898,122,46,0,-100
11899,123,46,0,-100
11900,124,46,0,-100
11901,125,46,0,-100
11902,126,46,0,-100
11903,127,46,0,-100
11904,128,46,0,-100
11905,129,46,0,-100
11906,130,46,0,-100
11907,131,46,0,-100
11908,132,46,0,-100
11909,133,46,0,-100
11910,134,46,0,-100
11911,135,46,0,-100
11912,136,46,0,-100
11913,137,46,0,-100
11914,138,46,0,-100
11915,139,46,0,-100
11916,140,46,0,-100
11917,141,46,0,-100
11918,142,46,0,-100
11919,143,46,0,-100
11920,144,46,1,-99
11921,145,46,2,-99
11922,146,46,3,-98
11923,147,46,4,-97
11924,148,46,6,-97
11925,149,46,7,-96
11926,150,46,9,-96
11927,151,46,10,-95
11928,152,46,12,-94
11929,153,46,13,-94
11930,154,46,15,-93
11931,155,46,16,-93
11932,156,46,17,-92
11933,157,46,19,-92
11934,158,46,19,-91
11935,159,46,21,-91
11936,160,46,22,-90
11937,161,46,23,-90
11938,162,46,25,-89
11939,163,46,26,-89
11940,164,46,27,-88
11941,165,46,28,-88
11942,166,46,29,-87
11943,167,46,30,-87
11944,168,46,31,-87
11945,169,46,33,-86
11946,170,46,34,-85
11947,171,46,35,-85
11948,172,46,36,-85
11949,173,46,37,-84
11950,174,46,38,-84
11951,175,46,39,-83
11952,176,46,41,-83
11953,177,46,41,-82
11954,178,46,43,-82
11955,179,46,43,-82
11956,180,46,45,-81
11957,181,46,46,-81
11958,182,46,46,-80
11959,183,46,48,-80
11960,184,46,48,-80
11961,185,46,50,-79
11962,186,46,50,-79
11963,187,46,51,-79
11964,188,46,52,-78
11965,189,46,53,-78
11966,190,46,54,-77
11967,191,46,55,-77
11968,192,46,56,-76
11969,193,46,56,-76
11970,194,46,57,-76
11971,195,46,59,-75
11972,196,46,60,-75
11973,197,46,60,-75
11974,198,46,61,-74
11975,199,46,62,-74
11976,200,46,62,-74
11977,201,46,64,-73
11978,202,46,64,-73
11979,203,46,65,-73
11980,204,46,66,-72
11981,205,46,66,-72
11982,206,46,68,-72
11983,207,46,68,-71
11984,208,46,69,-71
11985,209,46,70,-71
11986,210,46,70,-70
11987,211,46,71,-70
11988,212,46,71,-69
11989,213,46,71,-68
11990,214,46,72,-68
11991,215,46,72,-67
11992,216,46,72,-66
11993,217,46,73,-66
11994,218,46,73,-65
11995,219,46,73,-64
11996,220,46,73,-64
11997,221,46,73,-64
11998,222,46,74,-62
11999,223,46,74,-62
12000,224,46,74,-61
12001,225,46,74,-61
12002,226,46,75,-60
12003,227,46,75,-60
12004,228,46,75,-59
12005,229,46,75,-59
12006,230,46,76,-58
12007,231,46,76,-57
12008,232,46,76,-57
12009,233,46,76,-56
12010,234,46,76,-56
12011,235,46,77,-55
12012,236,46,77,-55
12013,237,46,77,-55
12014,238,46,77,-54
12015,239,46,77,-54
12016,240,46,78,-53
12017,241,46,78,-53
12018,242,46,78,-53
12019,243,46,78,-52
12020,244,46,78,-52
12021,245,46,79,-51
12022,246,46,79,-51
12023,247,46,79,-50
12024,248,46,79,-50
12025,249,46,79,-50
12026,250,46,79,-50
12027,251,46,79,-49
12028,252,46,80,-48
12029,253,46,80,-48
12030,254,46,80,-48
12031,255,46,80,-48
12032,0,47,-80,-46
12033,1,47,-80,-46
12034,2,47,-80,-48
12035,3,47,-80,-48
12036,4,47,-80,-48
12037,5,47,-80,-48
12038,6,47,-80,-48
12039,7,47,-79,-49
12040,8,47,-79,-50
12041,9,47,-79,-50
12042,10,47,-79,-50
12043,11,47,-79,-51
12044,12,47,-79,-51
12045,13,47,-78,-52
12046,14,47,-78,-52
12047,15,47,-78,-52
12048,16,47,-78,-53
12049,17,47,-78,-53
12050,18,47,-77,-54
12051,19,47,-77,-54
12052,20,47,-77,-54
12053,21,47,-77,-55
12054,22,47,-77,-55
12055,23,47,-76,-56
12056,24,47,-76,-56
12057,25,47,-76,-57
12058,26,47,-76,-57
12059,27,47,-76,-57
12060,28,47,-75,-59
12061,29,47,-75,-59
12062,30,47,-75,-60
12063,31,47,-75,-60
12064,32,47,-74,-61
12065,33,47,-74,-61
12066,34,47,-74,-62
12067,35,47,-74,-62
12068,36,47,-73,-64
12069,37,47,-73,-64
12070,38,47,-73,-64
12071,39,47,-73,-65
12072,40,47,-73,-66
12073,41,47,-72,-66
12074,42,47,-72,-67
12075,43,47,-72,-68
12076,44,47,-71,-68
12077,45,47,-71,-69
12078,46,47,-71,-70
12079,47,47,-70,-70
12080,48,47,-70,-71
12081,49,47,-69,-71
12082,50,47,-68,-71
12083,51,47,-68,-72
12084,52,47,-66,-72
12085,53,47,-66,-72
12086,54,47,-65,-73
12087,55,47,-64,-73
12088,56,47,-64,-73
12089,57,47,-62,-74
12090,58,47,-62,-74
12091,59,47,-61,-74
12092,60,47,-60,-75
12093,61,47,-59,-75
12094,62,47,-58,-76
12095,63,47,-57,-76
12096,64,47,-56,-76
12097,65,47,-55,-77
12098,66,47,-55,-77
12099,67,47,-54,-77
12100,68,47,-53,-78
12101,69,47,-52,-78
12102,70,47,-51,-79
12103,71,47,-50,-79
12104,72,47,-49,-79
12105,73,47,-48,-80
12106,74,47,-46,-80
12107,75,47,-46,-81
12108,76,47,-45,-81
12109,77,47,-44,-81
12110,78,47,-43,-82
12111,79,47,-42,-82
12112,80,47,-41,-83
12113,81,47,-40,-83
12114,82,47,-39,-83
12115,83,47,-38,-84
12116,84,47,-37,-84
12117,85,47,-36,-85
12118,86,47,-34,-85
12119,87,47,-33,-86
12120,88,47,-32,-86
12121,89,47,-31,-87
12122,90,47,-29,-87
12123,91,47,-29,-88
12124,92,47,-27,-88
12125,93,47,-27,-88
12126,94,47,-25,-89
12127,95,47,-24,-90
12128,96,47,-22,-90
12129,97,47,-21,-91
12130,98,47,-20,-91
12131,99,47,-19,-92
12132,100,47,-17,-92
12133,101,47,-16,-93
12134,102,47,-15,-93
12135,103,47,-13,-94
12136,104,47,-12,-94
12137,105,47,-11,-95
12138,106,47,-9,-96
12139,107,47,-8,-96
12140,108,47,-6,-97
12141,109,47,-5,-97
12142,110,47,-3,-98
12143,111,47,-2,-98
12144,112,47,-1,-99
12145,113,47,0,-100
12146,114,47,0,-100
12147,115,47,0,-100
12148,116,47,0,-100
12149,117,47,0,-100
12150,118,47,0,-100
12151,119,47,0,-100
12152,120,47,0,-100
12153,121,47,0,-100
12154,122,47,0,-100
12155,123,47,0,-100
12156,124,47,0,-100
12157,125,47,0,-100
12158,126,47,0,-100
12159,127,47,0,-100
12160,128,47,0,-100
12161,129,47,0,-100
12162,130,47,0,-100
12163,131,47,0,-100
12164,132,47,0,-100
12165,133,47,0,-100
12166,134,47,0,-100
12167,135,47,0,-100
12168,136,47,0,-100
12169,137,47,0,-100
12170,138,47,0,-100
12171,139,47,0,-100
12172,140,47,0,-100
12173,141,47,0,-100
12174,142,47,0,-100
12175,143,47,0,-100
12176,144,47,1,-99
12177,145,47,2,-98
12178,146,47,3,-98
12179,147,47,5,-97
12180,148,47,6,-97
12181,149,47,8,-96
12182,150,47,9,-96
12183,151,47,11,-95
12184,152,47,12,-94
12185,153,47,13,-94
12186,154,47,15,-93
12187,155,47,16,-93
12188,156,47,17,-92
12189,157,47,19,-92
12190,158,47,20,-91
12191,159,47,21,-91
12192,160,47,22,-90
12193,161,47,24,-90
12194,162,47,25,-89
12195,163,47,27,-88
12196,164,47,27,-88
12197,165,47,29,-88
12198,166,47,29,-87
12199,167,47,31,-87
12200,168,47,32,-86
12201,169,47,33,-86
12202,170,47,34,-85
12203,171,47,36,-85
12204,172,47,37,-84
12205,173,47,38,-84
12206,174,47,39,-83
12207,175,47,40,-83
12208,176,47,41,-83
12209,177,47,42,-82
12210,178,47,43,-82
12211,179,47,44,-81
12212,180,47,45,-81
12213,181,47,46,-81
12214,182,47,46,-80
12215,183,47,48,-80
12216,184,47,49,-79
12217,185,47,50,-79
12218,186,47,51,-79
12219,187,47,52,-78
12220,188,47,53,-78
12221,189,47,54,-77
12222,190,47,55,-77
12223,191,47,55,-77
12224,192,47,56,-76
12225,193,47,57,-76
12226,194,47,58,-76
12227,195,47,59,-75
12228,196,47,60,-75
12229,197,47,61,-74
12230,198,47,62,-74
12231,199,47,62,-74
12232,200,47,64,-73
12233,201,47,64,-73
12234,202,47,65,-73
12235,203,47,66,-72
12236,204,47,66,-72
12237,205,47,68,-72
12238,206,47,68,-71
12239,207,47,69,-71
12240,208,47,70,-71
12241,209,47,70,-70
12242,210,47,71,-70
12243,211,47,71,-69
12244,212,47,71,-68
12245,213,47,72,-68
12246,214,47,72,-67
12247,215,47,72,-66
12248,216,47,73,-66
12249,217,47,73,-65
12250,218,47,73,-64
12251,219,47,73,-64
12252,220,47,73,-64
12253,221,47,74,-62
12254,222,47,74,-62
12255,223,47,74,-61
12256,224,47,74,-61
12257,225,47,75,-60
12258,226,47,75,-60
12259,227,47,75,-59
12260,228,47,75,-59
12261,229,47,76,-57
12262,230,47,76,-57
12263,231,47,76,-57
12264,232,47,76,-56
12265,233,47,76,-56
12266,234,47,77,-55
12267,235,47,77,-55
12268,236,47,77,-54
12269,237,47,77,-54
12270,238,47,77,-54
12271,239,47,78,-53
12272,240,47,78,-53
12273,241,47,78,-52
12274,242,47,78,-52
12275,243,47,78,-52
12276,244,47,79,-51
12277,245,47,79,-51
12278,246,47,79,-50
12279,247,47,79,-50
12280,248,47,79,-50
12281,249,47,79,-49
12282,250,47,80,-48
12283,251,47,80,-48
12284,252,47,80,-48
12285,253,47,80,-48
12286,254,47,80,-48
12287,255,47,80,-46
12288,0,48,-81,-46
12289,1,48,-80,-46
12290,2,48,-80,-46
12291,3,48,-80,-46
12292,4,48,-80,-48
12293,5,48,-80,-48
12294,6,48,-80,-48
12295,7,48,-80,-48
12296,8,48,-80,-48
12297,9,48,-79,-49
12298,10,48,-79,-50
12299,11,48,-79,-50
12300,12,48,-79,-50
12301,13,48,-79,-51
12302,14,48,-79,-51
12303,15,48,-78,-52
12304,16,48,-78,-52
12305,17,48,-78,-53
12306,18,48,-78,-53
12307,19,48,-78,-53
12308,20,48,-77,-54
12309,21,48,-77,-54
12310,22,48,-77,-55
12311,23,48,-77,-55
12312,24,48,-77,-55
12313,25,48,-76,-56
12314,26,48,-76,-56
12315,27,48,-76,-57
12316,28,48,-76,-57
12317,29,48,-76,-58
12318,30,48,-75,-59
12319,31,48,-75,-60
12320,32,48,-75,-60
12321,33,48,-74,-61
12322,34,48,-74,-61
12323,35,48,-74,-62
12324,36,48,-74,-62
12325,37,48,-74,-63
12326,38,48,-73,-64
12327,39,48,-73,-64
12328,40,48,-73,-65
12329,41,48,-73,-66
12330,42,48,-72,-66
12331,43,48,-72,-67
12332,44,48,-72,-68
12333,45,48,-71,-68
12334,46,48,-71,-69
12335,47,48,-71,-70
12336,48,48,-70,-70
12337,49,48,-70,-71
12338,50,48,-69,-71
12339,51,48,-68,-71
12340,52,48,-68,-72
12341,53,48,-66,-72
12342,54,48,-66,-73
12343,55,48,-65,-73
12344,56,48,-64,-73
12345,57,48,-64,-73
12346,58,48,-62,-74
12347,59,48,-61,-74
12348,60,48,-61,-74
12349,61,48,-60,-75
12350,62,48,-59,-75
12351,63,48,-57,-76
12352,64,48,-57,-76
12353,65,48,-56,-76
12354,66,48,-55,-77
12355,67,48,-54,-77
12356,68,48,-53,-78
12357,69,48,-53,-78
12358,70,48,-52,-78
12359,71,48,-51,-79
12360,72,48,-50,-79
12361,73,48,-48,-80
12362,74,48,-48,-80
12363,75,48,-46,-80
12364,76,48,-46,-81
12365,77,48,-45,-81
12366,78,48,-43,-82
12367,79,48,-43,-82
12368,80,48,-41,-82
12369,81,48,-41,-83
12370,82,48,-39,-83
12371,83,48,-38,-84
12372,84,48,-37,-84
12373,85,48,-36,-85
12374,86,48,-35,-85
12375,87,48,-34,-85
12376,88,48,-32,-86
12377,89,48,-31,-87
12378,90,48,-30,-87
12379,91,48,-29,-87
12380,92,48,-27,-88
12381,93,48,-27,-88
12382,94,48,-26,-89
12383,95,48,-24,-90
12384,96,48,-23,-90
12385,97,48,-21,-91
12386,98,48,-20,-91
12387,99,48,-19,-91
12388,100,48,-17,-92
12389,101,48,-17,-93
12390,102,48,-15,-93
12391,103,48,-14,-94
12392,104,48,-12,-94
12393,105,48,-11,-95
12394,106,48,-9,-96
12395,107,48,-8,-96
12396,108,48,-6,-97
12397,109,48,-5,-97
12398,110,48,-3,-98
12399,111,48,-2,-98
12400,112,48,-1,-99
12401,113,48,0,-100
12402,114,48,0,-100
12403,115,48,0,-100
12404,116,48,0,-100
12405,117,48,0,-100
12406,118,48,0,-100
12407,119,48,0,-100
12408,120,48,0,-100
12409,121,48,0,-100
12410,122,48,0,-100
12411,123,48,0,-100
12412,124,48,0,-100
12413,125,48,0,-100
12414,126,48,0,-100
12415,127,48,0,-100
12416,128,48,0,-100
12417,129,48,0,-100
12418,130,48,0,-100
12419,131,48,0,-100
12420,132,48,0,-100
12421,133,48,0,-100
12422,134,48,0,-100
12423,135,48,0,-100
12424,136,48,0,-100
12425,137,48,0,-100
12426,138,48,0,-100
12427,139,48,0,-100
12428,140,48,0,-100
12429,141,48,0,-100
12430,142,48,0,-100
12431,143,48,0,-100
12432,144,48,1,-99
12433,145,48,2,-98
12434,146,48,3,-98
12435,147,48,5,-97
12436,148,48,6,-97
12437,149,48,8,-96
12438,150,48,9,-96
12439,151,48,11,-95
12440,152,48,12,-94
12441,153,48,14,-94
12442,154,48,15,-93
12443,155,48,17,-93
12444,156,48,17,-92
12445,157,48,19,-91
12446,158,48,20,-91
12447,159,48,21,-91
12448,160,48,23,-90
12449,161,48,24,-90
12450,162,48,26,-89
12451,163,48,27,-88
12452,164,48,27,-88
12453,165,48,29,-87
12454,166,48,30,-87
12455,167,48,31,-87
12456,168,48,32,-86
12457,169,48,34,-85
12458,170,48,35,-85
12459,171,48,36,-85
12460,172,48,37,-84
12461,173,48,38,-84
12462,174,48,39,-83
12463,175,48,41,-83
12464,176,48,41,-82
12465,177,48,43,-82
12466,178,48,43,-82
12467,179,48,45,-81
12468,180,48,46,-81
12469,181,48,46,-80
12470,182,48,48,-80
12471,183,48,48,-80
12472,184,48,50,-79
12473,185,48,51,-79
12474,186,48,52,-78
12475,187,48,53,-78
12476,188,48,53,-78
12477,189,48,54,-77
12478,190,48,55,-77
12479,191,48,56,-76
12480,192,48,57,-76
12481,193,48,57,-76
12482,194,48,59,-75
12483,195,48,60,-75
12484,196,48,61,-74
12485,197,48,61,-74
12486,198,48,62,-74
12487,199,48,64,-73
12488,200,48,64,-73
12489,201,48,65,-73
12490,202,48,66,-73
12491,203,48,66,-72
12492,204,48,68,-72
12493,205,48,68,-71
12494,206,48,69,-71
12495,207,48,70,-71
12496,208,48,70,-70
12497,209,48,71,-70
12498,210,48,71,-69
12499,211,48,71,-68
12500,212,48,72,-68
12501,213,48,72,-67
12502,214,48,72,-66
12503,215,48,73,-66
12504,216,48,73,-65
12505,217,48,73,-64
12506,218,48,73,-64
12507,219,48,74,-63
12508,220,48,74,-62
12509,221,48,74,-62
12510,222,48,74,-61
12511,223,48,74,-61
12512,224,48,75,-60
12513,225,48,75,-60
12514,226,48,75,-59
12515,227,48,76,-58
12516,228,48,76,-57
12517,229,48,76,-57
12518,230,48,76,-56
12519,231,48,76,-56
12520,232,48,77,-55
12521,233,48,77,-55
12522,234,48,77,-55
12523,235,48,77,-54
12524,236,48,77,-54
12525,237,48,78,-53
12526,238,48,78,-53
12527,239,48,78,-53
12528,240,48,78,-52
12529,241,48,78,-52
12530,242,48,79,-51
12531,243,48,79,-51
12532,244,48,79,-50
12533,245,48,79,-50
12534,246,48,79,-50
12535,247,48,79,-49
12536,248,48,80,-48
12537,249,48,80,-48
12538,250,48,80,-48
12539,251,48,80,-48
12540,252,48,80,-48
12541,253,48,80,-46
12542,254,48,80,-46
12543,255,48,80,-46
12544,0,49,-81,-45
12545,1,49,-81,-46
12546,2,49,-81,-46
12547,3,49,-80,-46
12548,4,49,-80,-46
12549,5,49,-80,-46
12550,6,49,-80,-48
12551,7,49,-80,-48
12552,8,49,-80,-48
12553,9,49,-80,-48
12554,10,49,-79,-49
12555,11,49,-79,-50
12556,12,49,-79,-50
12557,13,49,-79,-50
12558,14,49,-79,-51
12559,15,49,-79,-51
12560,16,49,-78,-52
12561,17,49,-78,-52
12562,18,49,-78,-52
12563,19,49,-78,-53
12564,20,49,-78,-53
12565,21,49,-77,-54
12566,22,49,-77,-54
12567,23,49,-77,-54
12568,24,49,-77,-55
12569,25,49,-77,-55
12570,26,49,-76,-56
12571,27,49,-76,-56
12572,28,49,-76,-57
12573,29,49,-76,-57
12574,30,49,-76,-58
12575,31,49,-75,-59
12576,32,49,-75,-59
12577,33,49,-75,-60
12578,34,49,-75,-60
12579,35,49,-74,-61
12580,36,49,-74,-61
12581,37,49,-74,-62
12582,38,49,-74,-62
12583,39,49,-73,-64
12584,40,49,-73,-64
12585,41,49,-73,-65
12586,42,49,-73,-65
12587,43,49,-72,-66
12588,44,49,-72,-67
12589,45,49,-72,-68
12590,46,49,-71,-68
12591,47,49,-71,-69
12592,48,49,-71,-70
12593,49,49,-70,-70
12594,50,49,-70,-71
12595,51,49,-69,-71
12596,52,49,-68,-72
12597,53,49,-68,-72
12598,54,49,-66,-72
12599,55,49,-66,-73
12600,56,49,-65,-73
12601,57,49,-64,-73
12602,58,49,-64,-73
12603,59,49,-62,-74
12604,60,49,-61,-74
12605,61,49,-61,-74
12606,62,49,-60,-75
12607,63,49,-59,-75
12608,64,49,-57,-76
12609,65,49,-57,-76
12610,66,49,-56,-76
12611,67,49,-55,-77
12612,68,49,-54,-77
12613,69,49,-53,-78
12614,70,49,-52,-78
12615,71,49,-51,-79
12616,72,49,-50,-79
12617,73,49,-49,-79
12618,74,49,-48,-80
12619,75,49,-48,-80
12620,76,49,-46,-80
12621,77,49,-45,-81
12622,78,49,-44,-81
12623,79,49,-43,-82
12624,80,49,-42,-82
12625,81,49,-41,-83
12626,82,49,-40,-83
12627,83,49,-39,-83
12628,84,49,-38,-84
12629,85,49,-37,-84
12630,86,49,-35,-85
12631,87,49,-34,-85
12632,88,49,-33,-86
12633,89,49,-32,-86
12634,90,49,-30,-87
12635,91,49,-29,-87
12636,92,49,-28,-88
12637,93,49,-27,-88
12638,94,49,-26,-89
12639,95,49,-25,-89
12640,96,49,-23,-90
12641,97,49,-22,-90
12642,98,49,-20,-91
12643,99,49,-19,-91
12644,100,49,-18,-92
12645,101,49,-17,-93
12646,102,49,-15,-93
12647,103,49,-14,-94
12648,104,49,-12,-94
12649,105,49,-11,-95
12650,106,49,-9,-96
12651,107,49,-8,-96
12652,108,49,-6,-97
12653,109,49,-5,-97
12654,110,49,-3,-98
12655,111,49,-2,-98
12656,112,49,-1,-99
12657,113,49,0,-100
12658,114,49,0,-100
12659,115,49,0,-100
12660,116,49,0,-100
12661,117,49,0,-100
12662,118,49,0,-100
12663,119,49,0,-100
12664,120,49,0,-100
12665,121,49,0,-100
12666,122,49,0,-100
12667,123,49,0,-100
12668,124,49,0,-100
12669,125,49,0,-100
12670,126,49,0,-100
12671,127,49,0,-100
12672,128,49,0,-100
12673,129,49,0,-100
12674,130,49,0,-100
12675,131,49,0,-100
12676,132,49,0,-100
12677,133,49,0,-100
12678,134,49,0,-100
12679,135,49,0,-100
12680,136,49,0,-100
12681,137,49,0,-100
12682,138,49,0,-100
12683,139,49,0,-100
12684,140,49,0,-100
12685,141,49,0,-100
12686,142,49,0,-100
12687,143,49,0,-100
12688,144,49,1,-99
12689,145,49,2,-98
12690,146,49,3,-98
12691,147,49,5,-97
12692,148,49,6,-97
12693,149,49,8,-96
12694,150,49,9,-96
12695,151,49,11,-95
12696,152,49,12,-94
12697,153,49,14,-94
12698,154,49,15,-93
12699,155,49,17,-93
12700,156,49,18,-92
12701,157,49,19,-91
12702,158,49,20,-91
12703,159,49,22,-90
12704,160,49,23,-90
12705,161,49,25,-89
12706,162,49,26,-89
12707,163,49,27,-88
12708,164,49,28,-88
12709,165,49,29,-87
12710,166,49,30,-87
12711,167,49,32,-86
12712,168,49,33,-86
12713,169,49,34,-85
12714,170,49,35,-85
12715,171,49,37,-84
12716,172,49,38,-84
12717,173,49,39,-83
12718,174,49,40,-83
12719,175,49,41,-83
12720,176,49,42,-82
12721,177,49,43,-82
12722,178,49,44,-81
12723,179,49,45,-81
12724,180,49,46,-80
12725,181,49,48,-80
12726,182,49,48,-80
12727,183,49,49,-79
12728,184,49,50,-79
12729,185,49,51,-79
12730,186,49,52,-78
12731,187,49,53,-78
12732,188,49,54,-77
12733,189,49,55,-77
12734,190,49,56,-76
12735,191,49,57,-76
12736,192,49,57,-76
12737,193,49,59,-75
12738,194,49,60,-75
12739,195,49,61,-74
12740,196,49,61,-74
12741,197,49,62,-74
12742,198,49,64,-73
12743,199,49,64,-73
12744,200,49,65,-73
12745,201,49,66,-73
12746,202,49,66,-72
12747,203,49,68,-72
12748,204,49,68,-72
12749,205,49,69,-71
12750,206,49,70,-71
12751,207,49,70,-70
12752,208,49,71,-70
12753,209,49,71,-69
12754,210,49,71,-68
12755,211,49,72,-68
12756,212,49,72,-67
12757,213,49,72,-66
12758,214,49,73,-65
12759,215,49,73,-65
12760,216,49,73,-64
12761,217,49,73,-64
12762,218,49,74,-62
12763,219,49,74,-62
12764,220,49,74,-61
12765,221,49,74,-61
12766,222,49,75,-60
12767,223,49,75,-60
12768,224,49,75,-59
12769,225,49,75,-59
12770,226,49,76,-58
12771,227,49,76,-57
12772,228,49,76,-57
12773,229,49,76,-56
12774,230,49,76,-56
12775,231,49,77,-55
12776,232,49,77,-55
12777,233,49,77,-54
12778,234,49,77,-54
12779,235,49,77,-54
12780,236,49,78,-53
12781,237,49,78,-53
12782,238,49,78,-52
12783,239,49,78,-52
12784,240,49,78,-52
12785,241,49,79,-51
12786,242,49,79,-51
12787,243,49,79,-50
12788,244,49,79,-50
12789,245,49,79,-50
12790,246,49,79,-49
12791,247,49,80,-48
12792,248,49,80,-48
12793,249,49,80,-48
12794,250,49,80,-48
12795,251,49,80,-46
12796,252,49,80,-46
12797,253,49,80,-46
12798,254,49,81,-46
12799,255,49,81,-46
12800,0,50,-81,-45
12801,1,50,-81,-45
12802,2,50,-81,-46
12803,3,50,-81,-46
12804,4,50,-80,-46
12805,5,50,-80,-46
12806,6,50,-80,-46
12807,7,50,-80,-48
12808,8,50,-80,-48
12809,9,50,-80,-48
12810,10,50,-80,-48
12811,11,50,-80,-48
12812,12,50,-79,-49
12813,13,50,-79,-50
12814,14,50,-79,-50
12815,15,50,-79,-50
12816,16,50,-79,-51
12817,17,50,-79,-51
12818,18,50,-78,-52
12819,19,50,-78,-52
12820,20,50,-78,-53
12821,21,50,-78,-53
12822,22,50,-78,-53
12823,23,50,-77,-54
12824,24,50,-77,-54
12825,25,50,-77,-55
12826,26,50,-77,-55
12827,27,50,-76,-56
12828,28,50,-76,-56
12829,29,50,-76,-57
12830,30,50,-76,-57
12831,31,50,-76,-57
12832,32,50,-75,-59
12833,33,50,-75,-59
12834,34,50,-75,-60
12835,35,50,-75,-60
12836,36,50,-74,-61
12837,37,50,-74,-61
12838,38,50,-74,-62
12839,39,50,-74,-62
12840,40,50,-73,-64
12841,41,50,-73,-64
12842,42,50,-73,-65
12843,43,50,-73,-65
12844,44,50,-72,-66
12845,45,50,-72,-66
12846,46,50,-72,-68
12847,47,50,-71,-68
12848,48,50,-71,-69
12849,49,50,-71,-70
12850,50,50,-70,-70
12851,51,50,-70,-71
12852,52,50,-69,-71
12853,53,50,-68,-72
12854,54,50,-68,-72
12855,55,50,-66,-72
12856,56,50,-66,-73
12857,57,50,-65,-73
12858,58,50,-64,-73
12859,59,50,-64,-73
12860,60,50,-62,-74
12861,61,50,-61,-74
12862,62,50,-60,-75
12863,63,50,-60,-75
12864,64,50,-59,-75
12865,65,50,-57,-76
12866,66,50,-56,-76
12867,67,50,-55,-77
12868,68,50,-55,-77
12869,69,50,-54,-77
12870,70,50,-53,-78
12871,71,50,-52,-78
12872,72,50,-51,-79
12873,73,50,-50,-79
12874,74,50,-48,-80
12875,75,50,-48,-80
12876,76,50,-46,-80
12877,77,50,-46,-81
12878,78,50,-45,-81
12879,79,50,-43,-82
12880,80,50,-43,-82
12881,81,50,-41,-82
12882,82,50,-41,-83
12883,83,50,-39,-83
12884,84,50,-38,-84
12885,85,50,-37,-84
12886,86,50,-36,-85
12887,87,50,-35,-85
12888,88,50,-33,-86
12889,89,50,-32,-86
12890,90,50,-31,-87
12891,91,50,-29,-87
12892,92,50,-29,-88
12893,93,50,-27,-88
12894,94,50,-26,-89
12895,95,50,-25,-89
12896,96,50,-24,-90
12897,97,50,-22,-90
12898,98,50,-21,-91
12899,99,50,-19,-91
12900,100,50,-19,-92
12901,101,50,-17,-93
12902,102,50,-16,-93
12903,103,50,-14,-94
12904,104,50,-13,-94
12905,105,50,-11,-95
12906,106,50,-10,-95
12907,107,50,-8,-96
12908,108,50,-6,-97
12909,109,50,-5,-97
12910,110,50,-3,-98
12911,111,50,-2,-98
12912,112,50,-1,-99
12913,113,50,0,-100
12914,114,50,0,-100
12915,115,50,0,-100
12916,116,50,0,-100
12917,117,50,0,-100
12918,118,50,0,-100
12919,119,50,0,-100
12920,120,50,0,-100
12921,121,50,0,-100
12922,122,50,0,-100
12923,123,50,0,-100
12924,124,50,0,-100
12925,125,50,0,-100
12926,126,50,0,-100
12927,127,50,0,-100
12928,128,50,0,-100
12929,129,50,0,-100
12930,130,50,0,-100
12931,131,50,0,-100
12932,132,50,0,-100
12933,133,50,0,-100
12934,134,50,0,-100
12935,135,50,0,-100
12936,136,50,0,-100
12937,137,50,0,-100
12938,138,50,0,-100
12939,139,50,0,-100
12940,140,50,0,-100
12941,141,50,0,-100
12942,142,50,0,-100
12943,143,50,0,-100
12944,144,50,1,-99
12945,145,50,2,-98
12946,146,50,3,-98
12947,147,50,5,-97
12948,148,50,6,-97
12949,149,50,8,-96
12950,150,50,10,-95
12951,151,50,11,-95
12952,152,50,13,-94
12953,153,50,14,-94
12954,154,50,16,-93
12955,155,50,17,-93
12956,156,50,19,-92
12957,157,50,19,-91
12958,158,50,21,-91
12959,159,50,22,-90
12960,160,50,24,-90
12961,161,50,25,-89
12962,162,50,26,-89
12963,163,50,27,-88
12964,164,50,29,-88
12965,165,50,29,-87
12966,166,50,31,-87
12967,167,50,32,-86
12968,168,50,33,-86
12969,169,50,35,-85
12970,170,50,36,-85
12971,171,50,37,-84
12972,172,50,38,-84
12973,173,50,39,-83
12974,174,50,41,-83
12975,175,50,41,-82
12976,176,50,43,-82
12977,177,50,43,-82
12978,178,50,45,-81
12979,179,50,46,-81
12980,180,50,46,-80
12981,181,50,48,-80
12982,182,50,48,-80
12983,183,50,50,-79
12984,184,50,51,-79
12985,185,50,52,-78
12986,186,50,53,-78
12987,187,50,54,-77
12988,188,50,55,-77
12989,189,50,55,-77
12990,190,50,56,-76
12991,191,50,57,-76
12992,192,50,59,-75
12993,193,50,60,-75
12994,194,50,60,-75
12995,195,50,61,-74
12996,196,50,62,-74
12997,197,50,64,-73
12998,198,50,64,-73
12999,199,50,65,-73
13000,200,50,66,-73
13001,201,50,66,-72
13002,202,50,68,-72
13003,203,50,68,-72
13004,204,50,69,-71
13005,205,50,70,-71
13006,206,50,70,-70
13007,207,50,71,-70
13008,208,50,71,-69
13009,209,50,71,-68
13010,210,50,72,-68
13011,211,50,72,-66
13012,212,50,72,-66
13013,213,50,73,-65
13014,214,50,73,-65
13015,215,50,73,-64
13016,216,50,73,-64
13017,217,50,74,-62
13018,218,50,74,-62
13019,219,50,74,-61
13020,220,50,74,-61
13021,221,50,75,-60
13022,222,50,75,-60
13023,223,50,75,-59
13024,224,50,75,-59
13025,225,50,76,-57
13026,226,50,76,-57
13027,227,50,76,-57
13028,228,50,76,-56
13029,229,50,76,-56
13030,230,50,77,-55
13031,231,50,77,-55
13032,232,50,77,-54
13033,233,50,77,-54
13034,234,50,78,-53
13035,235,50,78,-53
13036,236,50,78,-53
13037,237,50,78,-52
13038,238,50,78,-52
13039,239,50,79,-51
13040,240,50,79,-51
13041,241,50,79,-50
13042,242,50,79,-50
13043,243,50,79,-50
13044,244,50,79,-49
13045,245,50,80,-48
13046,246,50,80,-48
13047,247,50,80,-48
13048,248,50,80,-48
13049,249,50,80,-48
13050,250,50,80,-46
13051,251,50,80,-46
13052,252,50,80,-46
13053,253,50,81,-46
13054,254,50,81,-46
13055,255,50,81,-45
13056,0,51,-81,-45
13057,1,51,-81,-45
13058,2,51,-81,-45
13059,3,51,-81,-45
13060,4,51,-81,-46
13061,5,51,-81,-46
13062,6,51,-80,-46
13063,7,51,-80,-46
13064,8,51,-80,-46
13065,9,51,-80,-48
13066,10,51,-80,-48
13067,11,51,-80,-48
13068,12,51,-80,-48
13069,13,51,-79,-49
13070,14,51,-79,-50
13071,15,51,-79,-50
13072,16,51,-79,-50
13073,17,51,-79,-50
13074,18,51,-79,-51
13075,19,51,-78,-52
13076,20,51,-78,-52
13077,21,51,-78,-52
13078,22,51,-78,-53
13079,23,51,-78,-53
13080,24,51,-77,-54
13081,25,51,-77,-54
13082,26,51,-77,-55
13083,27,51,-77,-55
13084,28,51,-77,-55
13085,29,51,-76,-56
13086,30,51,-76,-56
13087,31,51,-76,-57
13088,32,51,-76,-57
13089,33,51,-76,-58
13090,34,51,-75,-59
13091,35,51,-75,-60
13092,36,51,-75,-60
13093,37,51,-74,-61
13094,38,51,-74,-61
13095,39,51,-74,-62
13096,40,51,-74,-62
13097,41,51,-73,-64
13098,42,51,-73,-64
13099,43,51,-73,-65
13100,44,51,-73,-65
13101,45,51,-72,-66
13102,46,51,-72,-66
13103,47,51,-72,-68
13104,48,51,-71,-68
13105,49,51,-71,-69
13106,50,51,-71,-70
13107,51,51,-70,-70
13108,52,51,-70,-71
13109,53,51,-69,-71
13110,54,51,-68,-72
13111,55,51,-67,-72
13112,56,51,-66,-72
13113,57,51,-66,-73
13114,58,51,-65,-73
13115,59,51,-64,-73
13116,60,51,-62,-74
13117,61,51,-62,-74
13118,62,51,-61,-74
13119,63,51,-60,-75
13120,64,51,-60,-75
13121,65,51,-58,-76
13122,66,51,-57,-76
13123,67,51,-56,-76
13124,68,51,-55,-77
13125,69,51,-54,-77
13126,70,51,-53,-78
13127,71,51,-53,-78
13128,72,51,-52,-78
13129,73,51,-50,-79
13130,74,51,-50,-79
13131,75,51,-48,-80
13132,76,51,-48,-80
13133,77,51,-46,-80
13134,78,51,-45,-81
13135,79,51,-45,-81
13136,80,51,-43,-82
13137,81,51,-42,-82
13138,82,51,-41,-83
13139,83,51,-39,-83
13140,84,51,-39,-83
13141,85,51,-38,-84
13142,86,51,-36,-85
13143,87,51,-35,-85
13144,88,51,-34,-85
13145,89,51,-33,-86
13146,90,51,-31,-87
13147,91,51,-30,-87
13148,92,51,-29,-87
13149,93,51,-27,-88
13150,94,51,-27,-88
13151,95,51,-25,-89
13152,96,51,-24,-90
13153,97,51,-22,-90
13154,98,51,-21,-91
13155,99,51,-20,-91
13156,100,51,-19,-92
13157,101,51,-17,-92
13158,102,51,-16,-93
13159,103,51,-14,-94
13160,104,51,-13,-94
13161,105,51,-11,-95
13162,106,51,-10,-95
13163,107,51,-8,-96
13164,108,51,-7,-96
13165,109,51,-5,-97
13166,110,51,-3,-98
13167,111,51,-2,-98
13168,112,51,-1,-99
13169,113,51,0,-100
13170,114,51,0,-100
13171,115,51,0,-100
13172,116,51,0,-100
13173,117,51,0,-100
13174,118,51,0,-100
13175,119,51,0,-100
13176,120,51,0,-100
13177,121,51,0,-100
13178,122,51,0,-100
13179,123,51,0,-100
13180,124,51,0,-100
13181,125,51,0,-100
13182,126,51,0,-100
13183,127,51,0,-100
13184,128,51,0,-100
13185,129,51,0,-100
13186,130,51,0,-100
13187,131,51,0,-100
13188,132,51,0,-100
13189,133,51,0,-100
13190,134,51,0,-100
13191,135,51,0,-100
13192,136,51,0,-100
13193,137,51,0,-100
13194,138,51,0,-100
13195,139,51,0,-100
13196,140,51,0,-100
13197,141,51,0,-100
13198,142,51,0,-100
13199,143,51,0,-100
13200,144,51,1,-99
13201,145,51,2,-98
13202,146,51,3,-98
13203,147,51,5,-97
13204,148,51,7,-96
13205,149,51,8,-96
13206,150,51,10,-95
13207,151,51,11,-95
13208,152,51,13,-94
13209,153,51,14,-94
13210,154,51,16,-93
13211,155,51,17,-92
13212,156,51,19,-92
13213,157,51,20,-91
13214,158,51,21,-91
13215,159,51,22,-90
13216,160,51,24,-90
13217,161,51,25,-89
13218,162,51,27,-88
13219,163,51,27,-88
13220,164,51,29,-87
13221,165,51,30,-87
13222,166,51,31,-87
13223,167,51,33,-86
13224,168,51,34,-85
13225,169,51,35,-85
13226,170,51,36,-85
13227,171,51,38,-84
13228,172,51,39,-83
13229,173,51,39,-83
13230,174,51,41,-83
13231,175,51,42,-82
13232,176,51,43,-82
13233,177,51,45,-81
13234,178,51,45,-81
13235,179,51,46,-80
13236,180,51,48,-80
13237,181,51,48,-80
13238,182,51,50,-79
13239,183,51,50,-79
13240,184,51,52,-78
13241,185,51,53,-78
13242,186,51,53,-78
13243,187,51,54,-77
13244,188,51,55,-77
13245,189,51,56,-76
13246,190,51,57,-76
13247,191,51,58,-76
13248,192,51,60,-75
13249,193,51,60,-75
13250,194,51,61,-74
13251,195,51,62,-74
13252,196,51,62,-74
13253,197,51,64,-73
13254,198,51,65,-73
13255,199,51,66,-73
13256,200,51,66,-72
13257,201,51,67,-72
13258,202,51,68,-72
13259,203,51,69,-71
13260,204,51,70,-71
13261,205,51,70,-70
13262,206,51,71,-70
13263,207,51,71,-69
13264,208,51,71,-68
13265,209,51,72,-68
13266,210,51,72,-66
13267,211,51,72,-66
13268,212,51,73,-65
13269,213,51,73,-65
13270,214,51,73,-64
13271,215,51,73,-64
13272,216,51,74,-62
13273,217,51,74,-62
13274,218,51,74,-61
13275,219,51,74,-61
13276,220,51,75,-60
13277,221,51,75,-60
13278,222,51,75,-59
13279,223,51,76,-58
13280,224,51,76,-57
13281,225,51,76,-57
13282,226,51,76,-56
13283,227,51,76,-56
13284,228,51,77,-55
13285,229,51,77,-55
13286,230,51,77,-55
13287,231,51,77,-54
13288,232,51,77,-54
13289,233,51,78,-53
13290,234,51,78,-53
13291,235,51,78,-52
13292,236,51,78,-52
13293,237,51,78,-52
13294,238,51,79,-51
13295,239,51,79,-50
13296,240,51,79,-50
13297,241,51,79,-50
13298,242,51,79,-50
13299,243,51,79,-49
13300,244,51,80,-48
13301,245,51,80,-48
13302,246,51,80,-48
13303,247,51,80,-48
13304,248,51,80,-46
13305,249,51,80,-46
13306,250,51,80,-46
13307,251,51,81,-46
13308,252,51,81,-46
13309,253,51,81,-45
13310,254,51,81,-45
13311,255,51,81,-45
13312,0,52,-81,-44
13313,1,52,-81,-44
13314,2,52,-81,-45
13315,3,52,-81,-45
13316,4,52,-81,-45
13317,5,52,-81,-45
13318,6,52,-81,-46
13319,7,52,-81,-46
13320,8,52,-80,-46
13321,9,52,-80,-46
13322,10,52,-80,-46
13323,11,52,-80,-48
13324,12,52,-80,-48
13325,13,52,-80,-48
13326,14,52,-80,-48
13327,15,52,-79,-49
13328,16,52,-79,-50
13329,17,52,-79,-50
13330,18,52,-79,-50
13331,19,52,-79,-51
13332,20,52,-79,-51
13333,21,52,-78,-52
13334,22,52,-78,-52
13335,23,52,-78,-53
13336,24,52,-78,-53
13337,25,52,-78,-53
13338,26,52,-77,-54
13339,27,52,-77,-54
13340,28,52,-77,-55
13341,29,52,-77,-55
13342,30,52,-76,-56
13343,31,52,-76,-56
13344,32,52,-76,-57
13345,33,52,-76,-57
13346,34,52,-76,-58
13347,35,52,-75,-59
13348,36,52,-75,-60
13349,37,52,-75,-60
13350,38,52,-74,-61
13351,39,52,-74,-61
13352,40,52,-74,-62
13353,41,52,-74,-62
13354,42,52,-73,-64
13355,43,52,-73,-64
13356,44,52,-73,-65
13357,45,52,-73,-65
13358,46,52,-72,-66
13359,47,52,-72,-66
13360,48,52,-72,-68
13361,49,52,-72,-68
13362,50,52,-71,-69
13363,51,52,-71,-70
13364,52,52,-70,-70
13365,53,52,-70,-71
13366,54,52,-69,-71
13367,55,52,-68,-72
13368,56,52,-67,-72
13369,57,52,-66,-72
13370,58,52,-65,-73
13371,59,52,-65,-73
13372,60,52,-64,-73
13373,61,52,-62,-74
13374,62,52,-62,-74
13375,63,52,-61,-74
13376,64,52,-60,-75
13377,65,52,-59,-75
13378,66,52,-58,-76
13379,67,52,-57,-76
13380,68,52,-56,-76
13381,69,52,-55,-77
13382,70,52,-54,-77
13383,71,52,-53,-78
13384,72,52,-52,-78
13385,73,52,-51,-79
13386,74,52,-50,-79
13387,75,52,-49,-79
13388,76,52,-48,-80
13389,77,52,-46,-80
13390,78,52,-46,-81
13391,79,52,-45,-81
13392,80,52,-44,-81
13393,81,52,-43,-82
13394,82,52,-41,-82
13395,83,52,-41,-83
13396,84,52,-39,-83
13397,85,52,-38,-84
13398,86,52,-37,-84
13399,87,52,-36,-85
13400,88,52,-34,-85
13401,89,52,-33,-86
13402,90,52,-32,-86
13403,91,52,-30,-87
13404,92,52,-29,-87
13405,93,52,-28,-88
13406,94,52,-27,-88
13407,95,52,-26,-89
13408,96,52,-24,-90
13409,97,52,-23,-90
13410,98,52,-21,-91
13411,99,52,-20,-91
13412,100,52,-19,-92
13413,101,52,-17,-92
13414,102,52,-16,-93
13415,103,52,-15,-93
13416,104,52,-13,-94
13417,105,52,-12,-94
13418,106,52,-10,-95
13419,107,52,-8,-96
13420,108,52,-7,-96
13421,109,52,-5,-97
13422,110,52,-3,-98
13423,111,52,-2,-98
13424,112,52,-1,-99
13425,113,52,0,-100
13426,114,52,0,-100
13427,115,52,0,-100
13428,116,52,0,-100
13429,117,52,0,-100
13430,118,52,0,-100
13431,119,52,0,-100
13432,120,52,0,-100
13433,121,52,0,-100
13434,122,52,0,-100
13435,123,52,0,-100
13436,124,52,0,-100
13437,125,52,0,-100
13438,126,52,0,-100
13439,127,52,0,-100
13440,128,52,0,-100
13441,129,52,0,-100
13442,130,52,0,-100
13443,131,52,0,-100
13444,132,52,0,-100
13445,133,52,0,-100
13446,134,52,0,-100
13447,135,52,0,-100
13448,136,52,0,-100
13449,137,52,0,-100
13450,138,52,0,-100
13451,139,52,0,-100
13452,140,52,0,-100
13453,141,52,0,-100
13454,142,52,0,-100
13455,143,52,0,-100
13456,144,52,1,-99
13457,145,52,2,-98
13458,146,52,3,-98
13459,147,52,5,-97
13460,148,52,7,-96
13461,149,52,8,-96
13462,150,52,10,-95
13463,151,52,12,-94
13464,152,52,13,-94
13465,153,52,15,-93
13466,154,52,16,-93
13467,155,52,17,-92
13468,156,52,19,-92
13469,157,52,20,-91
13470,158,52,21,-91
13471,159,52,23,-90
13472,160,52,24,-90
13473,161,52,26,-89
13474,162,52,27,-88
13475,163,52,28,-88
13476,164,52,29,-87
13477,165,52,30,-87
13478,166,52,32,-86
13479,167,52,33,-86
13480,168,52,34,-85
13481,169,52,36,-85
13482,170,52,37,-84
13483,171,52,38,-84
13484,172,52,39,-83
13485,173,52,41,-83
13486,174,52,41,-82
13487,175,52,43,-82
13488,176,52,44,-81
13489,177,52,45,-81
13490,178,52,46,-81
13491,179,52,46,-80
13492,180,52,48,-80
13493,181,52,49,-79
13494,182,52,50,-79
13495,183,52,51,-79
13496,184,52,52,-78
13497,185,52,53,-78
13498,186,52,54,-77
13499,187,52,55,-77
13500,188,52,56,-76
13501,189,52,57,-76
13502,190,52,58,-76
13503,191,52,59,-75
13504,192,52,60,-75
13505,193,52,61,-74
13506,194,52,62,-74
13507,195,52,62,-74
13508,196,52,64,-73
13509,197,52,65,-73
13510,198,52,65,-73
13511,199,52,66,-72
13512,200,52,67,-72
13513,201,52,68,-72
13514,202,52,69,-71
13515,203,52,70,-71
13516,204,52,70,-70
13517,205,52,71,-70
13518,206,52,71,-69
13519,207,52,72,-68
13520,208,52,72,-68
13521,209,52,72,-66
13522,210,52,72,-66
13523,211,52,73,-65
13524,212,52,73,-65
13525,213,52,73,-64
13526,214,52,73,-64
13527,215,52,74,-62
13528,216,52,74,-62
13529,217,52,74,-61
13530,218,52,74,-61
13531,219,52,75,-60
13532,220,52,75,-60
13533,221,52,75,-59
13534,222,52,76,-58
13535,223,52,76,-57
13536,224,52,76,-57
13537,225,52,76,-56
13538,226,52,76,-56
13539,227,52,77,-55
13540,228,52,77,-55
13541,229,52,77,-54
13542,230,52,77,-54
13543,231,52,78,-53
13544,232,52,78,-53
13545,233,52,78,-53
13546,234,52,78,-52
13547,235,52,78,-52
13548,236,52,79,-51
13549,237,52,79,-51
13550,238,52,79,-50
13551,239,52,79,-50
13552,240,52,79,-50
13553,241,52,79,-49
13554,242,52,80,-48
13555,243,52,80,-48
13556,244,52,80,-48
13557,245,52,80,-48
13558,246,52,80,-46
13559,247,52,80,-46
13560,248,52,80,-46
13561,249,52,81,-46
13562,250,52,81,-46
13563,251,52,81,-45
13564,252,52,81,-45
13565,253,52,81,-45
13566,254,52,81,-45
13567,255,52,81,-44
13568,0,53,-82,-43
13569,1,53,-82,-43
13570,2,53,-81,-44
13571,3,53,-81,-44
13572,4,53,-81,-45
13573,5,53,-81,-45
13574,6,53,-81,-45
13575,7,53,-81,-45
13576,8,53,-81,-46
13577,9,53,-81,-46
13578,10,53,-80,-46
13579,11,53,-80,-46
13580,12,53,-80,-48
13581,13,53,-80,-48
13582,14,53,-80,-48
13583,15,53,-80,-48
13584,16,53,-80,-48
13585,17,53,-79,-49
13586,18,53,-79,-50
13587,19,53,-79,-50
13588,20,53,-79,-50
13589,21,53,-79,-51
13590,22,53,-78,-52
13591,23,53,-78,-52
13592,24,53,-78,-52
13593,25,53,-78,-53
13594,26,53,-78,-53
13595,27,53,-77,-54
13596,28,53,-77,-54
13597,29,53,-77,-55
13598,30,53,-77,-55
13599,31,53,-76,-56
13600,32,53,-76,-56
13601,33,53,-76,-57
13602,34,53,-76,-57
13603,35,53,-76,-57
13604,36,53,-75,-59
13605,37,53,-75,-59
13606,38,53,-75,-60
13607,39,53,-75,-60
13608,40,53,-74,-61
13609,41,53,-74,-62
13610,42,53,-74,-62
13611,43,53,-73,-64
13612,44,53,-73,-64
13613,45,53,-73,-65
13614,46,53,-73,-65
13615,47,53,-72,-66
13616,48,53,-72,-66
13617,49,53,-72,-68
13618,50,53,-72,-68
13619,51,53,-71,-69
13620,52,53,-71,-70
13621,53,53,-70,-70
13622,54,53,-70,-71
13623,55,53,-69,-71
13624,56,53,-68,-72
13625,57,53,-67,-72
13626,58,53,-66,-72
13627,59,53,-65,-73
13628,60,53,-65,-73
13629,61,53,-64,-73
13630,62,53,-62,-74
13631,63,53,-62,-74
13632,64,53,-61,-74
13633,65,53,-60,-75
13634,66,53,-59,-75
13635,67,53,-57,-76
13636,68,53,-57,-76
13637,69,53,-56,-76
13638,70,53,-55,-77
13639,71,53,-54,-77
13640,72,53,-53,-78
13641,73,53,-52,-78
13642,74,53,-51,-79
13643,75,53,-50,-79
13644,76,53,-48,-80
13645,77,53,-48,-80
13646,78,53,-46,-80
13647,79,53,-45,-81
13648,80,53,-45,-81
13649,81,53,-43,-82
13650,82,53,-42,-82
13651,83,53,-41,-83
13652,84,53,-39,-83
13653,85,53,-39,-83
13654,86,53,-38,-84
13655,87,53,-36,-85
13656,88,53,-35,-85
13657,89,53,-34,-85
13658,90,53,-32,-86
13659,91,53,-31,-87
13660,92,53,-30,-87
13661,93,53,-29,-88
13662,94,53,-27,-88
13663,95,53,-26,-89
13664,96,53,-25,-89
13665,97,53,-23,-90
13666,98,53,-22,-90
13667,99,53,-20,-91
13668,100,53,-19,-91
13669,101,53,-17,-92
13670,102,53,-17,-93
13671,103,53,-15,-93
13672,104,53,-13,-94
13673,105,53,-12,-94
13674,106,53,-10,-95
13675,107,53,-8,-96
13676,108,53,-7,-96
13677,109,53,-5,-97
13678,110,53,-3,-98
13679,111,53,-2,-98
13680,112,53,-1,-99
13681,113,53,0,-100
13682,114,53,0,-100
13683,115,53,0,-100
13684,116,53,0,-100
13685,117,53,0,-100
13686,118,53,0,-100
13687,119,53,0,-100
13688,120,53,0,-100
13689,121,53,0,-100
13690,122,53,0,-100
13691,123,53,0,-100
13692,124,53,0,-100
13693,125,53,0,-100
13694,126,53,0,-100
13695,127,53,0,-100
13696,128,53,0,-100
13697,129,53,0,-100
13698,130,53,0,-100
13699,131,53,0,-100
13700,132,53,0,-100
13701,133,53,0,-100
13702,134,53,0,-100
13703,135,53,0,-100
13704,136,53,0,-100
13705,137,53,0,-100
13706,138,53,0,-100
13707,139,53,0,-100
13708,140,53,0,-100
13709,141,53,0,-100
13710,142,53,0,-100
13711,143,53,0,-100
13712,144,53,1,-99
13713,145,53,2,-98
13714,146,53,3,-98
13715,147,53,5,-97
13716,148,53,7,-96
13717,149,53,8,-96
13718,150,53,10,-95
13719,151,53,12,-94
13720,152,53,13,-94
13721,153,53,15,-93
13722,154,53,17,-93
13723,155,53,17,-92
13724,156,53,19,-91
13725,157,53,20,-91
13726,158,53,22,-90
13727,159,53,23,-90
13728,160,53,25,-89
13729,161,53,26,-89
13730,162,53,27,-88
13731,163,53,29,-88
13732,164,53,30,-87
13733,165,53,31,-87
13734,166,53,32,-86
13735,167,53,34,-85
13736,168,53,35,-85
13737,169,53,36,-85
13738,170,53,38,-84
13739,171,53,39,-83
13740,172,53,39,-83
13741,173,53,41,-83
13742,174,53,42,-82
13743,175,53,43,-82
13744,176,53,45,-81
13745,177,53,45,-81
13746,178,53,46,-80
13747,179,53,48,-80
13748,180,53,48,-80
13749,181,53,50,-79
13750,182,53,51,-79
13751,183,53,52,-78
13752,184,53,53,-78
13753,185,53,54,-77
13754,186,53,55,-77
13755,187,53,56,-76
13756,188,53,57,-76
13757,189,53,57,-76
13758,190,53,59,-75
13759,191,53,60,-75
13760,192,53,61,-74
13761,193,53,62,-74
13762,194,53,62,-74
13763,195,53,64,-73
13764,196,53,65,-73
13765,197,53,65,-73
13766,198,53,66,-72
13767,199,53,67,-72
13768,200,53,68,-72
13769,201,53,69,-71
13770,202,53,70,-71
13771,203,53,70,-70
13772,204,53,71,-70
13773,205,53,71,-69
13774,206,53,72,-68
13775,207,53,72,-68
13776,208,53,72,-66
13777,209,53,72,-66
13778,210,53,73,-65
13779,211,53,73,-65
13780,212,53,73,-64
13781,213,53,73,-64
13782,214,53,74,-62
13783,215,53,74,-62
13784,216,53,74,-61
13785,217,53,75,-60
13786,218,53,75,-60
13787,219,53,75,-59
13788,220,53,75,-59
13789,221,53,76,-57
13790,222,53,76,-57
13791,223,53,76,-57
13792,224,53,76,-56
13793,225,53,76,-56
13794,226,53,77,-55
13795,227,53,77,-55
13796,228,53,77,-54
13797,229,53,77,-54
13798,230,53,78,-53
13799,231,53,78,-53
13800,232,53,78,-52
13801,233,53,78,-52
13802,234,53,78,-52
13803,235,53,79,-51
13804,236,53,79,-50
13805,237,53,79,-50
13806,238,53,79,-50
13807,239,53,79,-49
13808,240,53,80,-48
13809,241,53,80,-48
13810,242,53,80,-48
13811,243,53,80,-48
13812,244,53,80,-48
13813,245,53,80,-46
13814,246,53,80,-46
13815,247,53,81,-46
13816,248,53,81,-46
13817,249,53,81,-45
13818,250,53,81,-45
13819,251,53,81,-45
13820,252,53,81,-45
13821,253,53,81,-44
13822,254,53,81,-44
13823,255,53,82,-43
13824,0,54,-82,-43
13825,1,54,-82,-43
13826,2,54,-82,-43
13827,3,54,-82,-43
13828,4,54,-81,-44
13829,5,54,-81,-44
13830,6,54,-81,-45
13831,7,54,-81,-45
13832,8,54,-81,-45
13833,9,54,-81,-46
13834,10,54,-81,-46
13835,11,54,-80,-46
13836,12,54,-80,-46
13837,13,54,-80,-46
13838,14,54,-80,-48
13839,15,54,-80,-48
13840,16,54,-80,-48
13841,17,54,-80,-48
13842,18,54,-79,-49
13843,19,54,-79,-50
13844,20,54,-79,-50
13845,21,54,-79,-50
13846,22,54,-79,-51
13847,23,54,-79,-51
13848,24,54,-78,-52
13849,25,54,-78,-52
13850,26,54,-78,-53
13851,27,54,-78,-53
13852,28,54,-77,-54
13853,29,54,-77,-54
13854,30,54,-77,-54
13855,31,54,-77,-55
13856,32,54,-77,-55
13857,33,54,-76,-56
13858,34,54,-76,-56
13859,35,54,-76,-57
13860,36,54,-76,-57
13861,37,54,-75,-59
13862,38,54,-75,-59
13863,39,54,-75,-60
13864,40,54,-75,-60
13865,41,54,-74,-61
13866,42,54,-74,-61
13867,43,54,-74,-62
13868,44,54,-74,-62
13869,45,54,-73,-64
13870,46,54,-73,-64
13871,47,54,-73,-65
13872,48,54,-73,-66
13873,49,54,-72,-66
13874,50,54,-72,-68
13875,51,54,-72,-68
13876,52,54,-71,-69
13877,53,54,-71,-70
13878,54,54,-70,-70
13879,55,54,-70,-71
13880,56,54,-69,-71
13881,57,54,-68,-72
13882,58,54,-67,-72
13883,59,54,-66,-72
13884,60,54,-65,-73
13885,61,54,-64,-73
13886,62,54,-64,-73
13887,63,54,-62,-74
13888,64,54,-61,-74
13889,65,54,-61,-74
13890,66,54,-60,-75
13891,67,54,-59,-75
13892,68,54,-57,-76
13893,69,54,-56,-76
13894,70,54,-55,-77
13895,71,54,-54,-77
13896,72,54,-54,-77
13897,73,54,-53,-78
13898,74,54,-52,-78
13899,75,54,-50,-79
13900,76,54,-50,-79
13901,77,54,-48,-80
13902,78,54,-47,-80
13903,79,54,-46,-81
13904,80,54,-45,-81
13905,81,54,-44,-81
13906,82,54,-43,-82
13907,83,54,-41,-82
13908,84,54,-41,-83
13909,85,54,-39,-83
13910,86,54,-38,-84
13911,87,54,-37,-84
13912,88,54,-36,-85
13913,89,54,-34,-85
13914,90,54,-33,-86
13915,91,54,-31,-87
13916,92,54,-30,-87
13917,93,54,-29,-87
13918,94,54,-27,-88
13919,95,54,-27,-88
13920,96,54,-25,-89
13921,97,54,-24,-90
13922,98,54,-22,-90
13923,99,54,-21,-91
13924,100,54,-19,-91
13925,101,54,-18,-92
13926,102,54,-17,-93
13927,103,54,-15,-93
13928,104,54,-14,-94
13929,105,54,-12,-94
13930,106,54,-10,-95
13931,107,54,-9,-96
13932,108,54,-7,-96
13933,109,54,-5,-97
13934,110,54,-4,-97
13935,111,54,-2,-98
13936,112,54,-1,-99
13937,113,54,0,-100
13938,114,54,0,-100
13939,115,54,0,-100
13940,116,54,0,-100
13941,117,54,0,-100
13942,118,54,0,-100
13943,119,54,0,-100
13944,120,54,0,-100
13945,121,54,0,-100
13946,122,54,0,-100
13947,123,54,0,-100
13948,124,54,0,-100
13949,125,54,0,-100
13950,126,54,0,-100
13951,127,54,0,-100
13952,128,54,0,-100
13953,129,54,0,-100
13954,130,54,0,-100
13955,131,54,0,-100
13956,132,54,0,-100
13957,133,54,0,-100
13958,134,54,0,-100
13959,135,54,0,-100
13960,136,54,0,-100
13961,137,54,0,-100
13962,138,54,0,-100
13963,139,54,0,-100
13964,140,54,0,-100
13965,141,54,0,-100
13966,142,54,0,-100
13967,143,54,0,-100
13968,144,54,1,-99
13969,145,54,2,-98
13970,146,54,4,-97
13971,147,54,5,-97
13972,148,54,7,-96
13973,149,54,9,-96
13974,150,54,10,-95
13975,151,54,12,-94
13976,152,54,14,-94
13977,153,54,15,-93
13978,154,54,17,-93
13979,155,54,18,-92
13980,156,54,19,-91
13981,157,54,21,-91
13982,158,54,22,-90
13983,159,54,24,-90
13984,160,54,25,-89
13985,161,54,27,-88
13986,162,54,27,-88
13987,163,54,29,-87
13988,164,54,30,-87
13989,165,54,31,-87
13990,166,54,33,-86
13991,167,54,34,-85
13992,168,54,36,-85
13993,169,54,37,-84
13994,170,54,38,-84
13995,171,54,39,-83
13996,172,54,41,-83
13997,173,54,41,-82
13998,174,54,43,-82
13999,175,54,44,-81
14000,176,54,45,-81
14001,177,54,46,-81
14002,178,54,47,-80
14003,179,54,48,-80
14004,180,54,50,-79
14005,181,54,50,-79
14006,182,54,52,-78
14007,183,54,53,-78
14008,184,54,54,-77
14009,185,54,54,-77
14010,186,54,55,-77
14011,187,54,56,-76
14012,188,54,57,-76
14013,189,54,59,-75
14014,190,54,60,-75
14015,191,54,61,-74
14016,192,54,61,-74
14017,193,54,62,-74
14018,194,54,64,-73
14019,195,54,64,-73
14020,196,54,65,-73
14021,197,54,66,-72
14022,198,54,67,-72
14023,199,54,68,-72
14024,200,54,69,-71
14025,201,54,70,-71
14026,202,54,70,-70
14027,203,54,71,-70
14028,204,54,71,-69
14029,205,54,72,-68
14030,206,54,72,-68
14031,207,54,72,-66
14032,208,54,73,-66
14033,209,54,73,-65
14034,210,54,73,-64
14035,211,54,73,-64
14036,212,54,74,-62
14037,213,54,74,-62
14038,214,54,74,-61
14039,215,54,74,-61
14040,216,54,75,-60
14041,217,54,75,-60
14042,218,54,75,-59
14043,219,54,75,-59
14044,220,54,76,-57
14045,221,54,76,-57
14046,222,54,76,-56
14047,223,54,76,-56
14048,224,54,77,-55
14049,225,54,77,-55
14050,226,54,77,-54
14051,227,54,77,-54
14052,228,54,77,-54
14053,229,54,78,-53
14054,230,54,78,-53
14055,231,54,78,-52
14056,232,54,78,-52
14057,233,54,79,-51
14058,234,54,79,-51
14059,235,54,79,-50
14060,236,54,79,-50
14061,237,54,79,-50
14062,238,54,79,-49
14063,239,54,80,-48
14064,240,54,80,-48
14065,241,54,80,-48
14066,242,54,80,-48
14067,243,54,80,-46
14068,244,54,80,-46
14069,245,54,80,-46
14070,246,54,81,-46
14071,247,54,81,-46
14072,248,54,81,-45
14073,249,54,81,-45
14074,250,54,81,-45
14075,251,54,81,-44
14076,252,54,81,-44
14077,253,54,82,-43
14078,254,54,82,-43
14079,255,54,82,-43
14080,0,55,-82,-42
14081,1,55,-82,-42
14082,2,55,-82,-43
14083,3,55,-82,-43
14084,4,55,-82,-43
14085,5,55,-82,-43
14086,6,55,-81,-44
14087,7,55,-81,-44
14088,8,55,-81,-45
14089,9,55,-81,-45
14090,10,55,-81,-45
14091,11,55,-81,-46
14092,12,55,-81,-46
14093,13,55,-80,-46
14094,14,55,-80,-46
14095,15,55,-80,-46
14096,16,55,-80,-48
14097,17,55,-80,-48
14098,18,55,-80,-48
14099,19,55,-80,-48
14100,20,55,-79,-49
14101,21,55,-79,-50
14102,22,55,-79,-50
14103,23,55,-79,-50
14104,24,55,-79,-51
14105,25,55,-78,-52
14106,26,55,-78,-52
14107,27,55,-78,-52
14108,28,55,-78,-53
14109,29,55,-78,-53
14110,30,55,-77,-54
14111,31,55,-77,-54
14112,32,55,-77,-55
14113,33,55,-77,-55
14114,34,55,-76,-56
14115,35,55,-76,-56
14116,36,55,-76,-57
14117,37,55,-76,-57
14118,38,55,-76,-58
14119,39,55,-75,-59
14120,40,55,-75,-60
14121,41,55,-75,-60
14122,42,55,-74,-61
14123,43,55,-74,-61
14124,44,55,-74,-62
14125,45,55,-74,-62
14126,46,55,-73,-64
14127,47,55,-73,-64
14128,48,55,-73,-65
14129,49,55,-73,-66
14130,50,55,-72,-66
14131,51,55,-72,-67
14132,52,55,-72,-68
14133,53,55,-71,-69
14134,54,55,-71,-70
14135,55,55,-70,-70
14136,56,55,-70,-71
14137,57,55,-69,-71
14138,58,55,-68,-72
14139,59,55,-67,-72
14140,60,55,-66,-72
14141,61,55,-65,-73
14142,62,55,-64,-73
14143,63,55,-64,-73
14144,64,55,-62,-74
14145,65,55,-61,-74
14146,66,55,-60,-75
14147,67,55,-60,-75
14148,68,55,-58,-76
14149,69,55,-57,-76
14150,70,55,-56,-76
14151,71,55,-55,-77
14152,72,55,-54,-77
14153,73,55,-53,-78
14154,74,55,-52,-78
14155,75,55,-51,-79
14156,76,55,-50,-79
14157,77,55,-49,-79
14158,78,55,-48,-80
14159,79,55,-46,-80
14160,80,55,-46,-81
14161,81,55,-45,-81
14162,82,55,-43,-82
14163,83,55,-42,-82
14164,84,55,-41,-83
14165,85,55,-39,-83
14166,86,55,-39,-83
14167,87,55,-37,-84
14168,88,55,-36,-85
14169,89,55,-35,-85
14170,90,55,-33,-86
14171,91,55,-32,-86
14172,92,55,-31,-87
14173,93,55,-29,-87
14174,94,55,-28,-88
14175,95,55,-27,-88
14176,96,55,-26,-89
14177,97,55,-24,-90
14178,98,55,-23,-90
14179,99,55,-21,-91
14180,100,55,-19,-91
14181,101,55,-19,-92
14182,102,55,-17,-93
14183,103,55,-15,-93
14184,104,55,-14,-94
14185,105,55,-12,-94
14186,106,55,-10,-95
14187,107,55,-9,-96
14188,108,55,-7,-96
14189,109,55,-5,-97
14190,110,55,-4,-97
14191,111,55,-2,-98
14192,112,55,-1,-99
14193,113,55,0,-100
14194,114,55,0,-100
14195,115,55,0,-100
14196,116,55,0,-100
14197,117,55,0,-100
14198,118,55,0,-100
14199,119,55,0,-100
14200,120,55,0,-100
14201,121,55,0,-100
14202,122,55,0,-100
14203,123,55,0,-100
14204,124,55,0,-100
14205,125,55,0,-100
14206,126,55,0,-100
14207,127,55,0,-100
14208,128,55,0,-100
14209,129,55,0,-100
14210,130,55,0,-100
14211,131,55,0,-100
14212,132,55,0,-100
14213,133,55,0,-100
14214,134,55,0,-100
14215,135,55,0,-100
14216,136,55,0,-100
14217,137,55,0,-100
14218,138,55,0,-100
14219,139,55,0,-100
14220,140,55,0,-100
14221,141,55,0,-100
14222,142,55,0,-100
14223,143,55,0,-100
14224,144,55,1,-99
14225,145,55,2,-98
14226,146,55,4,-97
14227,147,55,5,-97
14228,148,55,7,-96
14229,149,55,9,-96
14230,150,55,10,-95
14231,151,55,12,-94
14232,152,55,14,-94
14233,153,55,15,-93
14234,154,55,17,-93
14235,155,55,19,-92
14236,156,55,19,-91
14237,157,55,21,-91
14238,158,55,23,-90
14239,159,55,24,-90
14240,160,55,26,-89
14241,161,55,27,-88
14242,162,55,28,-88
14243,163,55,29,-87
14244,164,55,31,-87
14245,165,55,32,-86
14246,166,55,33,-86
14247,167,55,35,-85
14248,168,55,36,-85
14249,169,55,37,-84
14250,170,55,39,-83
14251,171,55,39,-83
14252,172,55,41,-83
14253,173,55,42,-82
14254,174,55,43,-82
14255,175,55,45,-81
14256,176,55,46,-81
14257,177,55,46,-80
14258,178,55,48,-80
14259,179,55,49,-79
14260,180,55,50,-79
14261,181,55,51,-79
14262,182,55,52,-78
14263,183,55,53,-78
14264,184,55,54,-77
14265,185,55,55,-77
14266,186,55,56,-76
14267,187,55,57,-76
14268,188,55,58,-76
14269,189,55,60,-75
14270,190,55,60,-75
14271,191,55,61,-74
14272,192,55,62,-74
14273,193,55,64,-73
14274,194,55,64,-73
14275,195,55,65,-73
14276,196,55,66,-72
14277,197,55,67,-72
14278,198,55,68,-72
14279,199,55,69,-71
14280,200,55,70,-71
14281,201,55,70,-70
14282,202,55,71,-70
14283,203,55,71,-69
14284,204,55,72,-68
14285,205,55,72,-67
14286,206,55,72,-66
14287,207,55,73,-66
14288,208,55,73,-65
14289,209,55,73,-64
14290,210,55,73,-64
14291,211,55,74,-62
14292,212,55,74,-62
14293,213,55,74,-61
14294,214,55,74,-61
14295,215,55,75,-60
14296,216,55,75,-60
14297,217,55,75,-59
14298,218,55,76,-58
14299,219,55,76,-57
14300,220,55,76,-57
14301,221,55,76,-56
14302,222,55,76,-56
14303,223,55,77,-55
14304,224,55,77,-55
14305,225,55,77,-54
14306,226,55,77,-54
14307,227,55,78,-53
14308,228,55,78,-53
14309,229,55,78,-52
14310,230,55,78,-52
14311,231,55,78,-52
14312,232,55,79,-51
14313,233,55,79,-50
14314,234,55,79,-50
14315,235,55,79,-50
14316,236,55,79,-49
14317,237,55,80,-48
14318,238,55,80,-48
14319,239,55,80,-48
14320,240,55,80,-48
14321,241,55,80,-46
14322,242,55,80,-46
14323,243,55,80,-46
14324,244,55,81,-46
14325,245,55,81,-46
14326,246,55,81,-45
14327,247,55,81,-45
14328,248,55,81,-45
14329,249,55,81,-44
14330,250,55,81,-44
14331,251,55,82,-43
14332,252,55,82,-43
14333,253,55,82,-43
14334,254,55,82,-43
14335,255,55,82,-42
14336,0,56,-82,-41
14337,1,56,-82,-41
14338,2,56,-82,-42
14339,3,56,-82,-43
14340,4,56,-82,-43
14341,5,56,-82,-43
14342,6,56,-82,-43
14343,7,56,-82,-43
14344,8,56,-81,-44
14345,9,56,-81,-45
14346,10,56,-81,-45
14347,11,56,-81,-45
14348,12,56,-81,-45
14349,13,56,-81,-46
14350,14,56,-81,-46
14351,15,56,-80,-46
14352,16,56,-80,-46
14353,17,56,-80,-48
14354,18,56,-80,-48
14355,19,56,-80,-48
14356,20,56,-80,-48
14357,21,56,-80,-48
14358,22,56,-79,-50
14359,23,56,-79,-50
14360,24,56,-79,-50
14361,25,56,-79,-51
14362,26,56,-79,-51
14363,27,56,-78,-52
14364,28,56,-78,-52
14365,29,56,-78,-53
14366,30,56,-78,-53
14367,31,56,-77,-54
14368,32,56,-77,-54
14369,33,56,-77,-55
14370,34,56,-77,-55
14371,35,56,-76,-56
14372,36,56,-76,-56
14373,37,56,-76,-57
14374,38,56,-76,-57
14375,39,56,-76,-58
14376,40,56,-75,-59
14377,41,56,-75,-60
14378,42,56,-75,-60
14379,43,56,-74,-61
14380,44,56,-74,-61
14381,45,56,-74,-62
14382,46,56,-74,-62
14383,47,56,-73,-64
14384,48,56,-73,-64
14385,49,56,-73,-65
14386,50,56,-73,-66
14387,51,56,-72,-66
14388,52,56,-72,-67
14389,53,56,-72,-68
14390,54,56,-71,-69
14391,55,56,-71,-70
14392,56,56,-70,-70
14393,57,56,-70,-71
14394,58,56,-69,-71
14395,59,56,-68,-72
14396,60,56,-67,-72
14397,61,56,-66,-72
14398,62,56,-65,-73
14399,63,56,-64,-73
14400,64,56,-64,-73
14401,65,56,-62,-74
14402,66,56,-61,-74
14403,67,56,-60,-75
14404,68,56,-59,-75
14405,69,56,-58,-76
14406,70,56,-57,-76
14407,71,56,-56,-76
14408,72,56,-55,-77
14409,73,56,-54,-77
14410,74,56,-53,-78
14411,75,56,-52,-78
14412,76,56,-51,-79
14413,77,56,-50,-79
14414,78,56,-48,-80
14415,79,56,-48,-80
14416,80,56,-46,-80
14417,81,56,-45,-81
14418,82,56,-44,-81
14419,83,56,-43,-82
14420,84,56,-41,-82
14421,85,56,-41,-83
14422,86,56,-39,-83
14423,87,56,-38,-84
14424,88,56,-37,-84
14425,89,56,-35,-85
14426,90,56,-34,-85
14427,91,56,-33,-86
14428,92,56,-31,-87
14429,93,56,-30,-87
14430,94,56,-29,-88
14431,95,56,-27,-88
14432,96,56,-26,-89
14433,97,56,-25,-89
14434,98,56,-23,-90
14435,99,56,-21,-91
14436,100,56,-20,-91
14437,101,56,-19,-92
14438,102,56,-17,-93
14439,103,56,-16,-93
14440,104,56,-14,-94
14441,105,56,-12,-94
14442,106,56,-11,-95
14443,107,56,-9,-96
14444,108,56,-7,-96
14445,109,56,-5,-97
14446,110,56,-4,-97
14447,111,56,-2,-98
14448,112,56,-1,-99
14449,113,56,0,-100
14450,114,56,0,-100
14451,115,56,0,-100
14452,116,56,0,-100
14453,117,56,0,-100
14454,118,56,0,-100
14455,119,56,0,-100
14456,120,56,0,-100
14457,121,56,0,-100
14458,122,56,0,-100
14459,123,56,0,-100
14460,124,56,0,-100
14461,125,56,0,-100
14462,126,56,0,-100
14463,127,56,0,-100
14464,128,56,0,-100
14465,129,56,0,-100
14466,130,56,0,-100
14467,131,56,0,-100
14468,132,56,0,-100
14469,133,56,0,-100
14470,134,56,0,-100
14471,135,56,0,-100
14472,136,56,0,-100
14473,137,56,0,-100
14474,138,56,0,-100
14475,139,56,0,-100
14476,140,56,0,-100
14477,141,56,0,-100
14478,142,56,0,-100
14479,143,56,0,-100
14480,144,56,1,-99
14481,145,56,2,-98
14482,146,56,4,-97
14483,147,56,5,-97
14484,148,56,7,-96
14485,149,56,9,-96
14486,150,56,11,-95
14487,151,56,12,-94
14488,152,56,14,-94
14489,153,56,16,-93
14490,154,56,17,-93
14491,155,56,19,-92
14492,156,56,20,-91
14493,157,56,21,-91
14494,158,56,23,-90
14495,159,56,25,-89
14496,160,56,26,-89
14497,161,56,27,-88
14498,162,56,29,-88
14499,163,56,30,-87
14500,164,56,31,-87
14501,165,56,33,-86
14502,166,56,34,-85
14503,167,56,35,-85
14504,168,56,37,-84
14505,169,56,38,-84
14506,170,56,39,-83
14507,171,56,41,-83
14508,172,56,41,-82
14509,173,56,43,-82
14510,174,56,44,-81
14511,175,56,45,-81
14512,176,56,46,-80
14513,177,56,48,-80
14514,178,56,48,-80
14515,179,56,50,-79
14516,180,56,51,-79
14517,181,56,52,-78
14518,182,56,53,-78
14519,183,56,54,-77
14520,184,56,55,-77
14521,185,56,56,-76
14522,186,56,57,-76
14523,187,56,58,-76
14524,188,56,59,-75
14525,189,56,60,-75
14526,190,56,61,-74
14527,191,56,62,-74
14528,192,56,64,-73
14529,193,56,64,-73
14530,194,56,65,-73
14531,195,56,66,-72
14532,196,56,67,-72
14533,197,56,68,-72
14534,198,56,69,-71
14535,199,56,70,-71
14536,200,56,70,-70
14537,201,56,71,-70
14538,202,56,71,-69
14539,203,56,72,-68
14540,204,56,72,-67
14541,205,56,72,-66
14542,206,56,73,-66
14543,207,56,73,-65
14544,208,56,73,-64
14545,209,56,73,-64
14546,210,56,74,-62
14547,211,56,74,-62
14548,212,56,74,-61
14549,213,56,74,-61
14550,214,56,75,-60
14551,215,56,75,-60
14552,216,56,75,-59
14553,217,56,76,-58
14554,218,56,76,-57
14555,219,56,76,-57
14556,220,56,76,-56
14557,221,56,76,-56
14558,222,56,77,-55
14559,223,56,77,-55
14560,224,56,77,-54
14561,225,56,77,-54
14562,226,56,78,-53
14563,227,56,78,-53
14564,228,56,78,-52
14565,229,56,78,-52
14566,230,56,79,-51
14567,231,56,79,-51
14568,232,56,79,-50
14569,233,56,79,-50
14570,234,56,79,-50
14571,235,56,80,-48
14572,236,56,80,-48
14573,237,56,80,-48
14574,238,56,80,-48
14575,239,56,80,-48
14576,240,56,80,-46
14577,241,56,80,-46
14578,242,56,81,-46
14579,243,56,81,-46
14580,244,56,81,-45
14581,245,56,81,-45
14582,246,56,81,-45
14583,247,56,81,-45
14584,248,56,81,-44
14585,249,56,82,-43
14586,250,56,82,-43
14587,251,56,82,-43
14588,252,56,82,-43
14589,253,56,82,-43
14590,254,56,82,-42
14591,255,56,82,-41
14592,0,57,-83,-41
14593,1,57,-83,-41
14594,2,57,-82,-41
14595,3,57,-82,-41
14596,4,57,-82,-42
14597,5,57,-82,-43
14598,6,57,-82,-43
14599,7,57,-82,-43
14600,8,57,-82,-43
14601,9,57,-82,-43
14602,10,57,-81,-44
14603,11,57,-81,-45
14604,12,57,-81,-45
14605,13,57,-81,-45
14606,14,57,-81,-45
14607,15,57,-81,-46
14608,16,57,-81,-46
14609,17,57,-80,-46
14610,18,57,-80,-46
14611,19,57,-80,-48
14612,20,57,-80,-48
14613,21,57,-80,-48
14614,22,57,-80,-48
14615,23,57,-79,-49
14616,24,57,-79,-50
14617,25,57,-79,-50
14618,26,57,-79,-50
14619,27,57,-79,-51
14620,28,57,-78,-52
14621,29,57,-78,-52
14622,30,57,-78,-52
14623,31,57,-78,-53
14624,32,57,-78,-53
14625,33,57,-77,-54
14626,34,57,-77,-54
14627,35,57,-77,-55
14628,36,57,-77,-55
14629,37,57,-76,-56
14630,38,57,-76,-56
14631,39,57,-76,-57
14632,40,57,-76,-57
14633,41,57,-75,-59
14634,42,57,-75,-59
14635,43,57,-75,-60
14636,44,57,-74,-61
14637,45,57,-74,-61
14638,46,57,-74,-62
14639,47,57,-74,-62
14640,48,57,-73,-64
14641,49,57,-73,-64
14642,50,57,-73,-65
14643,51,57,-73,-66
14644,52,57,-72,-66
14645,53,57,-72,-67
14646,54,57,-72,-68
14647,55,57,-71,-69
14648,56,57,-71,-70
14649,57,57,-70,-70
14650,58,57,-70,-71
14651,59,57,-69,-71
14652,60,57,-68,-72
14653,61,57,-67,-72
14654,62,57,-66,-72
14655,63,57,-65,-73
14656,64,57,-64,-73
14657,65,57,-64,-73
14658,66,57,-62,-74
14659,67,57,-61,-74
14660,68,57,-60,-75
14661,69,57,-59,-75
14662,70,57,-57,-76
14663,71,57,-57,-76
14664,72,57,-56,-76
14665,73,57,-55,-77
14666,74,57,-54,-77
14667,75,57,-53,-78
14668,76,57,-52,-78
14669,77,57,-50,-79
14670,78,57,-50,-79
14671,79,57,-48,-80
14672,80,57,-46,-80
14673,81,57,-46,-81
14674,82,57,-45,-81
14675,83,57,-43,-82
14676,84,57,-42,-82
14677,85,57,-41,-83
14678,86,57,-39,-83
14679,87,57,-39,-83
14680,88,57,-37,-84
14681,89,57,-36,-85
14682,90,57,-34,-85
14683,91,57,-33,-86
14684,92,57,-32,-86
14685,93,57,-30,-87
14686,94,57,-29,-87
14687,95,57,-27,-88
14688,96,57,-27,-88
14689,97,57,-25,-89
14690,98,57,-23,-90
14691,99,57,-22,-90
14692,100,57,-20,-91
14693,101,57,-19,-92
14694,102,57,-17,-92
14695,103,57,-16,-93
14696,104,57,-14,-94
14697,105,57,-13,-94
14698,106,57,-11,-95
14699,107,57,-9,-96
14700,108,57,-7,-96
14701,109,57,-6,-97
14702,110,57,-4,-97
14703,111,57,-2,-98
14704,112,57,-1,-99
14705,113,57,0,-100
14706,114,57,0,-100
14707,115,57,0,-100
14708,116,57,0,-100
14709,117,57,0,-100
14710,118,57,0,-100
14711,119,57,0,-100
14712,120,57,0,-100
14713,121,57,0,-100
14714,122,57,0,-100
14715,123,57,0,-100
14716,124,57,0,-100
14717,125,57,0,-100
14718,126,57,0,-100
14719,127,57,0,-100
14720,128,57,0,-100
14721,129,57,0,-100
14722,130,57,0,-100
14723,131,57,0,-100
14724,132,57,0,-100
14725,133,57,0,-100
14726,134,57,0,-100
14727,135,57,0,-100
14728,136,57,0,-100
14729,137,57,0,-100
14730,138,57,0,-100
14731,139,57,0,-100
14732,140,57,0,-100
14733,141,57,0,-100
14734,142,57,0,-100
14735,143,57,0,-100
14736,144,57,1,-99
14737,145,57,2,-98
14738,146,57,4,-97
14739,147,57,6,-97
14740,148,57,7,-96
14741,149,57,9,-96
14742,150,57,11,-95
14743,151,57,13,-94
14744,152,57,14,-94
14745,153,57,16,-93
14746,154,57,17,-92
14747,155,57,19,-92
14748,156,57,20,-91
14749,157,57,22,-90
14750,158,57,23,-90
14751,159,57,25,-89
14752,160,57,27,-88
14753,161,57,27,-88
14754,162,57,29,-87
14755,163,57,30,-87
14756,164,57,32,-86
14757,165,57,33,-86
14758,166,57,34,-85
14759,167,57,36,-85
14760,168,57,37,-84
14761,169,57,39,-83
14762,170,57,39,-83
14763,171,57,41,-83
14764,172,57,42,-82
14765,173,57,43,-82
14766,174,57,45,-81
14767,175,57,46,-81
14768,176,57,46,-80
14769,177,57,48,-80
14770,178,57,50,-79
14771,179,57,50,-79
14772,180,57,52,-78
14773,181,57,53,-78
14774,182,57,54,-77
14775,183,57,55,-77
14776,184,57,56,-76
14777,185,57,57,-76
14778,186,57,57,-76
14779,187,57,59,-75
14780,188,57,60,-75
14781,189,57,61,-74
14782,190,57,62,-74
14783,191,57,64,-73
14784,192,57,64,-73
14785,193,57,65,-73
14786,194,57,66,-72
14787,195,57,67,-72
14788,196,57,68,-72
14789,197,57,69,-71
14790,198,57,70,-71
14791,199,57,70,-70
14792,200,57,71,-70
14793,201,57,71,-69
14794,202,57,72,-68
14795,203,57,72,-67
14796,204,57,72,-66
14797,205,57,73,-66
14798,206,57,73,-65
14799,207,57,73,-64
14800,208,57,73,-64
14801,209,57,74,-62
14802,210,57,74,-62
14803,211,57,74,-61
14804,212,57,74,-61
14805,213,57,75,-60
14806,214,57,75,-59
14807,215,57,75,-59
14808,216,57,76,-57
14809,217,57,76,-57
14810,218,57,76,-56
14811,219,57,76,-56
14812,220,57,77,-55
14813,221,57,77,-55
14814,222,57,77,-54
14815,223,57,77,-54
14816,224,57,78,-53
14817,225,57,78,-53
14818,226,57,78,-52
14819,227,57,78,-52
14820,228,57,78,-52
14821,229,57,79,-51
14822,230,57,79,-50
14823,231,57,79,-50
14824,232,57,79,-50
14825,233,57,79,-49
14826,234,57,80,-48
14827,235,57,80,-48
14828,236,57,80,-48
14829,237,57,80,-48
14830,238,57,80,-46
14831,239,57,80,-46
14832,240,57,81,-46
14833,241,57,81,-46
14834,242,57,81,-45
14835,243,57,81,-45
14836,244,57,81,-45
14837,245,57,81,-45
14838,246,57,81,-44
14839,247,57,82,-43
14840,248,57,82,-43
14841,249,57,82,-43
14842,250,57,82,-43
14843,251,57,82,-43
14844,252,57,82,-42
14845,253,57,82,-41
14846,254,57,82,-41
14847,255,57,83,-41
14848,0,58,-83,-40
14849,1,58,-83,-41
14850,2,58,-83,-41
14851,3,58,-83,-41
14852,4,58,-82,-41
14853,5,58,-82,-41
14854,6,58,-82,-42
14855,7,58,-82,-43
14856,8,58,-82,-43
14857,9,58,-82,-43
14858,10,58,-82,-43
14859,11,58,-82,-43
14860,12,58,-81,-44
14861,13,58,-81,-45
14862,14,58,-81,-45
14863,15,58,-81,-45
14864,16,58,-81,-46
14865,17,58,-81,-46
14866,18,58,-80,-46
14867,19,58,-80,-46
14868,20,58,-80,-46
14869,21,58,-80,-48
14870,22,58,-80,-48
14871,23,58,-80,-48
14872,24,58,-80,-48
14873,25,58,-79,-50
14874,26,58,-79,-50
14875,27,58,-79,-50
14876,28,58,-79,-51
14877,29,58,-79,-51
14878,30,58,-78,-52
14879,31,58,-78,-52
14880,32,58,-78,-53
14881,33,58,-78,-53
14882,34,58,-77,-54
14883,35,58,-77,-54
14884,36,58,-77,-55
14885,37,58,-77,-55
14886,38,58,-76,-56
14887,39,58,-76,-56
14888,40,58,-76,-57
14889,41,58,-76,-57
14890,42,58,-76,-58
14891,43,58,-75,-59
14892,44,58,-75,-60
14893,45,58,-75,-60
14894,46,58,-74,-61
14895,47,58,-74,-62
14896,48,58,-74,-62
14897,49,58,-73,-64
14898,50,58,-73,-64
14899,51,58,-73,-65
14900,52,58,-73,-65
14901,53,58,-72,-66
14902,54,58,-72,-67
14903,55,58,-72,-68
14904,56,58,-71,-69
14905,57,58,-71,-70
14906,58,58,-70,-70
14907,59,58,-70,-71
14908,60,58,-68,-71
14909,61,58,-68,-72
14910,62,58,-66,-72
14911,63,58,-66,-72
14912,64,58,-65,-73
14913,65,58,-64,-73
14914,66,58,-62,-74
14915,67,58,-62,-74
14916,68,58,-61,-74
14917,69,58,-60,-75
14918,70,58,-59,-75
14919,71,58,-57,-76
14920,72,58,-56,-76
14921,73,58,-55,-77
14922,74,58,-54,-77
14923,75,58,-53,-78
14924,76,58,-52,-78
14925,77,58,-51,-79
14926,78,58,-50,-79
14927,79,58,-48,-80
14928,80,58,-48,-80
14929,81,58,-46,-80
14930,82,58,-45,-81
14931,83,58,-44,-81
14932,84,58,-43,-82
14933,85,58,-41,-82
14934,86,58,-41,-83
14935,87,58,-39,-83
14936,88,58,-38,-84
14937,89,58,-36,-85
14938,90,58,-35,-85
14939,91,58,-34,-85
14940,92,58,-32,-86
14941,93,58,-31,-87
14942,94,58,-29,-87
14943,95,58,-28,-88
14944,96,58,-27,-88
14945,97,58,-25,-89
14946,98,58,-24,-90
14947,99,58,-22,-90
14948,100,58,-21,-91
14949,101,58,-19,-91
14950,102,58,-17,-92
14951,103,58,-16,-93
14952,104,58,-15,-93
14953,105,58,-13,-94
14954,106,58,-11,-95
14955,107,58,-9,-95
14956,108,58,-7,-96
14957,109,58,-6,-97
14958,110,58,-4,-97
14959,111,58,-3,-98
14960,112,58,-1,-98
14961,113,58,0,-98
14962,114,58,0,-98
14963,115,58,0,-98
14964,116,58,0,-98
14965,117,58,0,-98
14966,118,58,0,-98
14967,119,58,0,-98
14968,120,58,0,-98
14969,121,58,0,-98
14970,122,58,0,-98
14971,123,58,0,-98
14972,124,58,0,-98
14973,125,58,0,-98
14974,126,58,0,-98
14975,127,58,0,-98
14976,128,58,0,-98
14977,129,58,0,-98
14978,130,58,0,-98
14979,131,58,0,-98
14980,132,58,0,-98
14981,133,58,0,-98
14982,134,58,0,-98
14983,135,58,0,-98
14984,136,58,0,-98
14985,137,58,0,-98
14986,138,58,0,-98
14987,139,58,0,-98
14988,140,58,0,-98
14989,141,58,0,-98
14990,142,58,0,-98
14991,143,58,0,-98
14992,144,58,1,-98
14993,145,58,3,-98
14994,146,58,4,-97
14995,147,58,6,-97
14996,148,58,7,-96
14997,149,58,9,-95
14998,150,58,11,-95
14999,151,58,13,-94
15000,152,58,15,-93
15001,153,58,16,-93
15002,154,58,17,-92
15003,155,58,19,-91
15004,156,58,21,-91
15005,157,58,22,-90
15006,158,58,24,-90
15007,159,58,25,-89
15008,160,58,27,-88
15009,161,58,28,-88
15010,162,58,29,-87
15011,163,58,31,-87
15012,164,58,32,-86
15013,165,58,34,-85
15014,166,58,35,-85
15015,167,58,36,-85
15016,168,58,38,-84
15017,169,58,39,-83
15018,170,58,41,-83
15019,171,58,41,-82
15020,172,58,43,-82
15021,173,58,44,-81
15022,174,58,45,-81
15023,175,58,46,-80
15024,176,58,48,-80
15025,177,58,48,-80
15026,178,58,50,-79
15027,179,58,51,-79
15028,180,58,52,-78
15029,181,58,53,-78
15030,182,58,54,-77
15031,183,58,55,-77
15032,184,58,56,-76
15033,185,58,57,-76
15034,186,58,59,-75
15035,187,58,60,-75
15036,188,58,61,-74
15037,189,58,62,-74
15038,190,58,62,-74
15039,191,58,64,-73
15040,192,58,65,-73
15041,193,58,66,-72
15042,194,58,66,-72
15043,195,58,68,-72
15044,196,58,68,-71
15045,197,58,70,-71
15046,198,58,70,-70
15047,199,58,71,-70
15048,200,58,71,-69
15049,201,58,72,-68
15050,202,58,72,-67
15051,203,58,72,-66
15052,204,58,73,-65
15053,205,58,73,-65
15054,206,58,73,-64
15055,207,58,73,-64
15056,208,58,74,-62
15057,209,58,74,-62
15058,210,58,74,-61
15059,211,58,75,-60
15060,212,58,75,-60
15061,213,58,75,-59
15062,214,58,76,-58
15063,215,58,76,-57
15064,216,58,76,-57
15065,217,58,76,-56
15066,218,58,76,-56
15067,219,58,77,-55
15068,220,58,77,-55
15069,221,58,77,-54
15070,222,58,77,-54
15071,223,58,78,-53
15072,224,58,78,-53
15073,225,58,78,-52
15074,226,58,78,-52
15075,227,58,79,-51
15076,228,58,79,-51
15077,229,58,79,-50
15078,230,58,79,-50
15079,231,58,79,-50
15080,232,58,80,-48
15081,233,58,80,-48
15082,234,58,80,-48
15083,235,58,80,-48
15084,236,58,80,-46
15085,237,58,80,-46
15086,238,58,80,-46
15087,239,58,81,-46
15088,240,58,81,-46
15089,241,58,81,-45
15090,242,58,81,-45
15091,243,58,81,-45
15092,244,58,81,-44
15093,245,58,82,-43
15094,246,58,82,-43
15095,247,58,82,-43
15096,248,58,82,-43
15097,249,58,82,-43
15098,250,58,82,-42
15099,251,58,82,-41
15100,252,58,82,-41
15101,253,58,83,-41
15102,254,58,83,-41
15103,255,58,83,-41
15104,0,59,-83,-39
15105,1,59,-83,-39
15106,2,59,-83,-40
15107,3,59,-83,-41
15108,4,59,-83,-41
15109,5,59,-83,-41
15110,6,59,-82,-41
15111,7,59,-82,-41
15112,8,59,-82,-42
15113,9,59,-82,-43
15114,10,59,-82,-43
15115,11,59,-82,-43
15116,12,59,-82,-43
15117,13,59,-81,-44
15118,14,59,-81,-44
15119,15,59,-81,-45
15120,16,59,-81,-45
15121,17,59,-81,-45
15122,18,59,-81,-46
15123,19,59,-81,-46
15124,20,59,-80,-46
15125,21,59,-80,-46
15126,22,59,-80,-48
15127,23,59,-80,-48
15128,24,59,-80,-48
15129,25,59,-80,-48
15130,26,59,-79,-49
15131,27,59,-79,-50
15132,28,59,-79,-50
15133,29,59,-79,-50
15134,30,59,-79,-51
15135,31,59,-79,-51
15136,32,59,-78,-52
15137,33,59,-78,-52
15138,34,59,-78,-53
15139,35,59,-78,-53
15140,36,59,-77,-54
15141,37,59,-77,-54
15142,38,59,-77,-55
15143,39,59,-77,-55
15144,40,59,-76,-56
15145,41,59,-76,-57
15146,42,59,-76,-57
15147,43,59,-76,-58
15148,44,59,-75,-59
15149,45,59,-75,-60
15150,46,59,-75,-60
15151,47,59,-74,-61
15152,48,59,-74,-61
15153,49,59,-74,-62
15154,50,59,-73,-64
15155,51,59,-73,-64
15156,52,59,-73,-65
15157,53,59,-73,-65
15158,54,59,-72,-66
15159,55,59,-72,-67
15160,56,59,-72,-68
15161,57,59,-71,-69
15162,58,59,-71,-70
15163,59,59,-70,-70
15164,60,59,-70,-71
15165,61,59,-68,-71
15166,62,59,-68,-72
15167,63,59,-66,-72
15168,64,59,-66,-73
15169,65,59,-65,-73
15170,66,59,-64,-73
15171,67,59,-62,-74
15172,68,59,-62,-74
15173,69,59,-61,-74
15174,70,59,-60,-75
15175,71,59,-59,-75
15176,72,59,-57,-76
15177,73,59,-56,-76
15178,74,59,-55,-77
15179,75,59,-54,-77
15180,76,59,-53,-78
15181,77,59,-52,-78
15182,78,59,-51,-79
15183,79,59,-50,-79
15184,80,59,-48,-80
15185,81,59,-46,-80
15186,82,59,-46,-81
15187,83,59,-45,-81
15188,84,59,-43,-82
15189,85,59,-43,-82
15190,86,59,-41,-83
15191,87,59,-39,-83
15192,88,59,-39,-83
15193,89,59,-37,-84
15194,90,59,-36,-85
15195,91,59,-34,-85
15196,92,59,-33,-86
15197,93,59,-31,-87
15198,94,59,-30,-87
15199,95,59,-29,-88
15200,96,59,-27,-88
15201,97,59,-26,-89
15202,98,59,-24,-90
15203,99,59,-22,-90
15204,100,59,-21,-91
15205,101,59,-20,-91
15206,102,59,-18,-92
15207,103,59,-16,-93
15208,104,59,-15,-93
15209,105,59,-13,-94
15210,106,59,-11,-95
15211,107,59,-9,-95
15212,108,59,-8,-96
15213,109,59,-7,-96
15214,110,59,-5,-96
15215,111,59,-3,-96
15216,112,59,-1,-96
15217,113,59,0,-96
15218,114,59,0,-96
15219,115,59,0,-96
15220,116,59,0,-96
15221,117,59,0,-96
15222,118,59,0,-96
15223,119,59,0,-96
15224,120,59,0,-96
15225,121,59,0,-96
15226,122,59,0,-96
15227,123,59,0,-96
15228,124,59,0,-96
15229,125,59,0,-96
15230,126,59,0,-96
15231,127,59,0,-96
15232,128,59,0,-96
15233,129,59,0,-96
15234,130,59,0,-96
15235,131,59,0,-96
15236,132,59,0,-96
15237,133,59,0,-96
15238,134,59,0,-96
15239,135,59,0,-96
15240,136,59,0,-96
15241,137,59,0,-96
15242,138,59,0,-96
15243,139,59,0,-96
15244,140,59,0,-96
15245,141,59,0,-96
15246,142,59,0,-96
15247,143,59,0,-96
15248,144,59,1,-96
15249,145,59,3,-96
15250,146,59,5,-96
15251,147,59,7,-96
15252,148,59,8,-96
15253,149,59,9,-95
15254,150,59,11,-95
15255,151,59,13,-94
15256,152,59,15,-93
15257,153,59,16,-93
15258,154,59,18,-92
15259,155,59,20,-91
15260,156,59,21,-91
15261,157,59,22,-90
15262,158,59,24,-90
15263,159,59,26,-89
15264,160,59,27,-88
15265,161,59,29,-88
15266,162,59,30,-87
15267,163,59,31,-87
15268,164,59,33,-86
15269,165,59,34,-85
15270,166,59,36,-85
15271,167,59,37,-84
15272,168,59,39,-83
15273,169,59,39,-83
15274,170,59,41,-83
15275,171,59,43,-82
15276,172,59,43,-82
15277,173,59,45,-81
15278,174,59,46,-81
15279,175,59,46,-80
15280,176,59,48,-80
15281,177,59,50,-79
15282,178,59,51,-79
15283,179,59,52,-78
15284,180,59,53,-78
15285,181,59,54,-77
15286,182,59,55,-77
15287,183,59,56,-76
15288,184,59,57,-76
15289,185,59,59,-75
15290,186,59,60,-75
15291,187,59,61,-74
15292,188,59,62,-74
15293,189,59,62,-74
15294,190,59,64,-73
15295,191,59,65,-73
15296,192,59,66,-73
15297,193,59,66,-72
15298,194,59,68,-72
15299,195,59,68,-71
15300,196,59,70,-71
15301,197,59,70,-70
15302,198,59,71,-70
15303,199,59,71,-69
15304,200,59,72,-68
15305,201,59,72,-67
15306,202,59,72,-66
15307,203,59,73,-65
15308,204,59,73,-65
15309,205,59,73,-64
15310,206,59,73,-64
15311,207,59,74,-62
15312,208,59,74,-61
15313,209,59,74,-61
15314,210,59,75,-60
15315,211,59,75,-60
15316,212,59,75,-59
15317,213,59,76,-58
15318,214,59,76,-57
15319,215,59,76,-57
15320,216,59,76,-56
15321,217,59,77,-55
15322,218,59,77,-55
15323,219,59,77,-54
15324,220,59,77,-54
15325,221,59,78,-53
15326,222,59,78,-53
15327,223,59,78,-52
15328,224,59,78,-52
15329,225,59,79,-51
15330,226,59,79,-51
15331,227,59,79,-50
15332,228,59,79,-50
15333,229,59,79,-50
15334,230,59,79,-49
15335,231,59,80,-48
15336,232,59,80,-48
15337,233,59,80,-48
15338,234,59,80,-48
15339,235,59,80,-46
15340,236,59,80,-46
15341,237,59,81,-46
15342,238,59,81,-46
15343,239,59,81,-45
15344,240,59,81,-45
15345,241,59,81,-45
15346,242,59,81,-44
15347,243,59,81,-44
15348,244,59,82,-43
15349,245,59,82,-43
15350,246,59,82,-43
15351,247,59,82,-43
15352,248,59,82,-42
15353,249,59,82,-41
15354,250,59,82,-41
15355,251,59,83,-41
15356,252,59,83,-41
15357,253,59,83,-41
15358,254,59,83,-40
15359,255,59,83,-39
15360,0,60,-83,-39
15361,1,60,-83,-39
15362,2,60,-83,-39
15363,3,60,-83,-39
15364,4,60,-83,-40
15365,5,60,-83,-41
15366,6,60,-83,-41
15367,7,60,-83,-41
15368,8,60,-82,-41
15369,9,60,-82,-41
15370,10,60,-82,-42
15371,11,60,-82,-43
15372,12,60,-82,-43
15373,13,60,-82,-43
15374,14,60,-82,-43
15375,15,60,-81,-44
15376,16,60,-81,-44
15377,17,60,-81,-45
15378,18,60,-81,-45
15379,19,60,-81,-45
15380,20,60,-81,-46
15381,21,60,-81,-46
15382,22,60,-80,-46
15383,23,60,-80,-46
15384,24,60,-80,-48
15385,25,60,-80,-48
15386,26,60,-80,-48
15387,27,60,-80,-48
15388,28,60,-79,-49
15389,29,60,-79,-50
15390,30,60,-79,-50
15391,31,60,-79,-51
15392,32,60,-79,-51
15393,33,60,-78,-52
15394,34,60,-78,-52
15395,35,60,-78,-53
15396,36,60,-78,-53
15397,37,60,-77,-54
15398,38,60,-77,-54
15399,39,60,-77,-55
15400,40,60,-77,-55
15401,41,60,-76,-56
15402,42,60,-76,-56
15403,43,60,-76,-57
15404,44,60,-76,-57
15405,45,60,-75,-59
15406,46,60,-75,-60
15407,47,60,-75,-60
15408,48,60,-74,-61
15409,49,60,-74,-61
15410,50,60,-74,-62
15411,51,60,-74,-62
15412,52,60,-73,-64
15413,53,60,-73,-65
15414,54,60,-73,-65
15415,55,60,-72,-66
15416,56,60,-72,-67
15417,57,60,-72,-68
15418,58,60,-71,-68
15419,59,60,-71,-70
15420,60,60,-70,-70
15421,61,60,-70,-71
15422,62,60,-68,-71
15423,63,60,-68,-72
15424,64,60,-66,-72
15425,65,60,-66,-73
15426,66,60,-65,-73
15427,67,60,-64,-73
15428,68,60,-62,-74
15429,69,60,-61,-74
15430,70,60,-61,-74
15431,71,60,-60,-75
15432,72,60,-58,-76
15433,73,60,-57,-76
15434,74,60,-56,-76
15435,75,60,-55,-77
15436,76,60,-54,-77
15437,77,60,-53,-78
15438,78,60,-52,-78
15439,79,60,-50,-79
15440,80,60,-49,-79
15441,81,60,-48,-80
15442,82,60,-46,-80
15443,83,60,-45,-81
15444,84,60,-44,-81
15445,85,60,-43,-82
15446,86,60,-41,-82
15447,87,60,-41,-83
15448,88,60,-39,-83
15449,89,60,-38,-84
15450,90,60,-36,-85
15451,91,60,-35,-85
15452,92,60,-33,-86
15453,93,60,-32,-86
15454,94,60,-30,-87
15455,95,60,-29,-87
15456,96,60,-28,-88
15457,97,60,-26,-89
15458,98,60,-24,-89
15459,99,60,-23,-90
15460,100,60,-22,-90
15461,101,60,-20,-91
15462,102,60,-18,-92
15463,103,60,-16,-93
15464,104,60,-15,-93
15465,105,60,-14,-94
15466,106,60,-12,-94
15467,107,60,-10,-94
15468,108,60,-8,-94
15469,109,60,-7,-94
15470,110,60,-5,-94
15471,111,60,-3,-94
15472,112,60,-1,-94
15473,113,60,0,-94
15474,114,60,0,-94
15475,115,60,0,-94
15476,116,60,0,-94
15477,117,60,0,-94
15478,118,60,0,-94
15479,119,60,0,-94
15480,120,60,0,-94
15481,121,60,0,-94
15482,122,60,0,-94
15483,123,60,0,-94
15484,124,60,0,-94
15485,125,60,0,-94
15486,126,60,0,-94
15487,127,60,0,-94
15488,128,60,0,-94
15489,129,60,0,-94
15490,130,60,0,-94
15491,131,60,0,-94
15492,132,60,0,-94
15493,133,60,0,-94
15494,134,60,0,-94
15495,135,60,0,-94
15496,136,60,0,-94
15497,137,60,0,-94
15498,138,60,0,-94
15499,139,60,0,-94
15500,140,60,0,-94
15501,141,60,0,-94
15502,142,60,0,-94
15503,143,60,0,-94
15504,144,60,1,-94
15505,145,60,3,-94
15506,146,60,5,-94
15507,147,60,7,-94
15508,148,60,8,-94
15509,149,60,10,-94
15510,150,60,12,-94
15511,151,60,14,-94
15512,152,60,15,-93
15513,153,60,16,-93
15514,154,60,18,-92
15515,155,60,20,-91
15516,156,60,22,-90
15517,157,60,23,-90
15518,158,60,24,-89
15519,159,60,26,-89
15520,160,60,28,-88
15521,161,60,29,-87
15522,162,60,30,-87
15523,163,60,32,-86
15524,164,60,33,-86
15525,165,60,35,-85
15526,166,60,36,-85
15527,167,60,38,-84
15528,168,60,39,-83
15529,169,60,41,-83
15530,170,60,41,-82
15531,171,60,43,-82
15532,172,60,44,-81
15533,173,60,45,-81
15534,174,60,46,-80
15535,175,60,48,-80
15536,176,60,49,-79
15537,177,60,50,-79
15538,178,60,52,-78
15539,179,60,53,-78
15540,180,60,54,-77
15541,181,60,55,-77
15542,182,60,56,-76
15543,183,60,57,-76
15544,184,60,58,-76
15545,185,60,60,-75
15546,186,60,61,-74
15547,187,60,61,-74
15548,188,60,62,-74
15549,189,60,64,-73
15550,190,60,65,-73
15551,191,60,66,-73
15552,192,60,66,-72
15553,193,60,68,-72
15554,194,60,68,-71
15555,195,60,70,-71
15556,196,60,70,-70
15557,197,60,71,-70
15558,198,60,71,-68
15559,199,60,72,-68
15560,200,60,72,-67
15561,201,60,72,-66
15562,202,60,73,-65
15563,203,60,73,-65
15564,204,60,73,-64
15565,205,60,74,-62
15566,206,60,74,-62
15567,207,60,74,-61
15568,208,60,74,-61
15569,209,60,75,-60
15570,210,60,75,-60
15571,211,60,75,-59
15572,212,60,76,-57
15573,213,60,76,-57
15574,214,60,76,-56
15575,215,60,76,-56
15576,216,60,77,-55
15577,217,60,77,-55
15578,218,60,77,-54
15579,219,60,77,-54
15580,220,60,78,-53
15581,221,60,78,-53
15582,222,60,78,-52
15583,223,60,78,-52
15584,224,60,79,-51
15585,225,60,79,-51
15586,226,60,79,-50
15587,227,60,79,-50
15588,228,60,79,-49
15589,229,60,80,-48
15590,230,60,80,-48
15591,231,60,80,-48
15592,232,60,80,-48
15593,233,60,80,-46
15594,234,60,80,-46
15595,235,60,81,-46
15596,236,60,81,-46
15597,237,60,81,-45
15598,238,60,81,-45
15599,239,60,81,-45
15600,240,60,81,-44
15601,241,60,81,-44
15602,242,60,82,-43
15603,243,60,82,-43
15604,244,60,82,-43
15605,245,60,82,-43
15606,246,60,82,-42
15607,247,60,82,-41
15608,248,60,82,-41
15609,249,60,83,-41
15610,250,60,83,-41
15611,251,60,83,-41
15612,252,60,83,-40
15613,253,60,83,-39
15614,254,60,83,-39
15615,255,60,83,-39
15616,0,61,-84,-38
15617,1,61,-83,-39
15618,2,61,-83,-39
15619,3,61,-83,-39
15620,4,61,-83,-39
15621,5,61,-83,-39
15622,6,61,-83,-40
15623,7,61,-83,-41
15624,8,61,-83,-41
15625,9,61,-83,-41
15626,10,61,-82,-41
15627,11,61,-82,-41
15628,12,61,-82,-42
15629,13,61,-82,-43
15630,14,61,-82,-43
15631,15,61,-82,-43
15632,16,61,-82,-43
15633,17,61,-81,-44
15634,18,61,-81,-45
15635,19,61,-81,-45
15636,20,61,-81,-45
15637,21,61,-81,-45
15638,22,61,-81,-46
15639,23,61,-80,-46
15640,24,61,-80,-46
15641,25,61,-80,-46
15642,26,61,-80,-48
15643,27,61,-80,-48
15644,28,61,-80,-48
15645,29,61,-80,-48
15646,30,61,-79,-50
15647,31,61,-79,-50
15648,32,61,-79,-50
15649,33,61,-79,-51
15650,34,61,-79,-51
15651,35,61,-78,-52
15652,36,61,-78,-52
15653,37,61,-78,-53
15654,38,61,-78,-53
15655,39,61,-77,-54
15656,40,61,-77,-55
15657,41,61,-77,-55
15658,42,61,-76,-56
15659,43,61,-76,-56
15660,44,61,-76,-57
15661,45,61,-76,-57
15662,46,61,-75,-59
15663,47,61,-75,-59
15664,48,61,-75,-60
15665,49,61,-74,-61
15666,50,61,-74,-61
15667,51,61,-74,-62
15668,52,61,-74,-62
15669,53,61,-73,-64
15670,54,61,-73,-64
15671,55,61,-73,-65
15672,56,61,-72,-66
15673,57,61,-72,-67
15674,58,61,-72,-68
15675,59,61,-71,-68
15676,60,61,-71,-70
15677,61,61,-70,-70
15678,62,61,-70,-71
15679,63,61,-68,-71
15680,64,61,-68,-72
15681,65,61,-66,-72
15682,66,61,-66,-73
15683,67,61,-65,-73
15684,68,61,-64,-73
15685,69,61,-62,-74
15686,70,61,-61,-74
15687,71,61,-60,-75
15688,72,61,-59,-75
15689,73,61,-57,-76
15690,74,61,-57,-76
15691,75,61,-56,-76
15692,76,61,-54,-77
15693,77,61,-53,-78
15694,78,61,-52,-78
15695,79,61,-51,-79
15696,80,61,-50,-79
15697,81,61,-48,-80
15698,82,61,-48,-80
15699,83,61,-46,-81
15700,84,61,-45,-81
15701,85,61,-43,-82
15702,86,61,-43,-82
15703,87,61,-41,-83
15704,88,61,-39,-83
15705,89,61,-38,-84
15706,90,61,-37,-84
15707,91,61,-35,-85
15708,92,61,-34,-85
15709,93,61,-32,-86
15710,94,61,-31,-87
15711,95,61,-30,-87
15712,96,61,-28,-88
15713,97,61,-27,-88
15714,98,61,-25,-89
15715,99,61,-23,-90
15716,100,61,-22,-90
15717,101,61,-20,-91
15718,102,61,-19,-92
15719,103,61,-17,-92
15720,104,61,-16,-92
15721,105,61,-14,-92
15722,106,61,-12,-92
15723,107,61,-10,-92
15724,108,61,-8,-92
15725,109,61,-7,-92
15726,110,61,-5,-92
15727,111,61,-3,-92
15728,112,61,-1,-92
15729,113,61,0,-92
15730,114,61,0,-92
15731,115,61,0,-92
15732,116,61,0,-92
15733,117,61,0,-92
15734,118,61,0,-92
15735,119,61,0,-92
15736,120,61,0,-92
15737,121,61,0,-92
15738,122,61,0,-92
15739,123,61,0,-92
15740,124,61,0,-92
15741,125,61,0,-92
15742,126,61,0,-92
15743,127,61,0,-92
15744,128,61,0,-92
15745,129,61,0,-92
15746,130,61,0,-92
15747,131,61,0,-92
15748,132,61,0,-92
15749,133,61,0,-92
15750,134,61,0,-92
15751,135,61,0,-92
15752,136,61,0,-92
15753,137,61,0,-92
15754,138,61,0,-92
15755,139,61,0,-92
15756,140,61,0,-92
15757,141,61,0,-92
15758,142,61,0,-92
15759,143,61,0,-92
15760,144,61,1,-92
15761,145,61,3,-92
15762,146,61,5,-92
15763,147,61,7,-92
15764,148,61,8,-92
15765,149,61,10,-92
15766,150,61,12,-92
15767,151,61,14,-92
15768,152,61,16,-92
15769,153,61,17,-92
15770,154,61,19,-92
15771,155,61,20,-91
15772,156,61,22,-90
15773,157,61,23,-90
15774,158,61,25,-89
15775,159,61,27,-88
15776,160,61,28,-88
15777,161,61,30,-87
15778,162,61,31,-87
15779,163,61,32,-86
15780,164,61,34,-85
15781,165,61,35,-85
15782,166,61,37,-84
15783,167,61,38,-84
15784,168,61,39,-83
15785,169,61,41,-83
15786,170,61,43,-82
15787,171,61,43,-82
15788,172,61,45,-81
15789,173,61,46,-81
15790,174,61,48,-80
15791,175,61,48,-80
15792,176,61,50,-79
15793,177,61,51,-79
15794,178,61,52,-78
15795,179,61,53,-78
15796,180,61,54,-77
15797,181,61,56,-76
15798,182,61,57,-76
15799,183,61,57,-76
15800,184,61,59,-75
15801,185,61,60,-75
15802,186,61,61,-74
15803,187,61,62,-74
15804,188,61,64,-73
15805,189,61,65,-73
15806,190,61,66,-73
15807,191,61,66,-72
15808,192,61,68,-72
15809,193,61,68,-71
15810,194,61,70,-71
15811,195,61,70,-70
15812,196,61,71,-70
15813,197,61,71,-68
15814,198,61,72,-68
15815,199,61,72,-67
15816,200,61,72,-66
15817,201,61,73,-65
15818,202,61,73,-64
15819,203,61,73,-64
15820,204,61,74,-62
15821,205,61,74,-62
15822,206,61,74,-61
15823,207,61,74,-61
15824,208,61,75,-60
15825,209,61,75,-59
15826,210,61,75,-59
15827,211,61,76,-57
15828,212,61,76,-57
15829,213,61,76,-56
15830,214,61,76,-56
15831,215,61,77,-55
15832,216,61,77,-55
15833,217,61,77,-54
15834,218,61,78,-53
15835,219,61,78,-53
15836,220,61,78,-52
15837,221,61,78,-52
15838,222,61,79,-51
15839,223,61,79,-51
15840,224,61,79,-50
15841,225,61,79,-50
15842,226,61,79,-50
15843,227,61,80,-48
15844,228,61,80,-48
15845,229,61,80,-48
15846,230,61,80,-48
15847,231,61,80,-46
15848,232,61,80,-46
15849,233,61,80,-46
15850,234,61,81,-46
15851,235,61,81,-45
15852,236,61,81,-45
15853,237,61,81,-45
15854,238,61,81,-45
15855,239,61,81,-44
15856,240,61,82,-43
15857,241,61,82,-43
15858,242,61,82,-43
15859,243,61,82,-43
15860,244,61,82,-42
15861,245,61,82,-41
15862,246,61,82,-41
15863,247,61,83,-41
15864,248,61,83,-41
15865,249,61,83,-41
15866,250,61,83,-40
15867,251,61,83,-39
15868,252,61,83,-39
15869,253,61,83,-39
15870,254,61,83,-39
15871,255,61,83,-39
15872,0,62,-84,-38
15873,1,62,-84,-38
15874,2,62,-84,-38
15875,3,62,-83,-39
15876,4,62,-83,-39
15877,5,62,-83,-39
15878,6,62,-83,-39
15879,7,62,-83,-39
15880,8,62,-83,-40
15881,9,62,-83,-41
15882,10,62,-83,-41
15883,11,62,-83,-41
15884,12,62,-82,-41
15885,13,62,-82,-41
15886,14,62,-82,-42
15887,15,62,-82,-43
15888,16,62,-82,-43
15889,17,62,-82,-43
15890,18,62,-82,-43
15891,19,62,-81,-44
15892,20,62,-81,-45
15893,21,62,-81,-45
15894,22,62,-81,-45
15895,23,62,-81,-45
15896,24,62,-81,-46
15897,25,62,-80,-46
15898,26,62,-80,-46
15899,27,62,-80,-47
15900,28,62,-80,-48
15901,29,62,-80,-48
15902,30,62,-80,-48
15903,31,62,-79,-49
15904,32,62,-79,-50
15905,33,62,-79,-50
15906,34,62,-79,-50
15907,35,62,-79,-51
15908,36,62,-78,-52
15909,37,62,-78,-52
15910,38,62,-78,-53
15911,39,62,-78,-53
15912,40,62,-77,-54
15913,41,62,-77,-54
15914,42,62,-77,-55
15915,43,62,-77,-55
15916,44,62,-76,-56
15917,45,62,-76,-57
15918,46,62,-76,-57
15919,47,62,-76,-58
15920,48,62,-75,-59
15921,49,62,-75,-60
15922,50,62,-75,-60
15923,51,62,-74,-61
15924,52,62,-74,-62
15925,53,62,-74,-62
15926,54,62,-73,-64
15927,55,62,-73,-64
15928,56,62,-73,-65
15929,57,62,-72,-66
15930,58,62,-72,-66
15931,59,62,-72,-68
15932,60,62,-71,-68
15933,61,62,-71,-70
15934,62,62,-70,-70
15935,63,62,-70,-71
15936,64,62,-68,-71
15937,65,62,-68,-72
15938,66,62,-66,-72
15939,67,62,-65,-73
15940,68,62,-65,-73
15941,69,62,-64,-73
15942,70,62,-62,-74
15943,71,62,-61,-74
15944,72,62,-60,-75
15945,73,62,-59,-75
15946,74,62,-57,-76
15947,75,62,-56,-76
15948,76,62,-55,-77
15949,77,62,-54,-77
15950,78,62,-53,-78
15951,79,62,-52,-78
15952,80,62,-51,-79
15953,81,62,-50,-79
15954,82,62,-48,-80
15955,83,62,-46,-80
15956,84,62,-46,-81
15957,85,62,-45,-81
15958,86,62,-43,-82
15959,87,62,-41,-82
15960,88,62,-41,-83
15961,89,62,-39,-83
15962,90,62,-38,-84
15963,91,62,-36,-85
15964,92,62,-34,-85
15965,93,62,-33,-86
15966,94,62,-31,-87
15967,95,62,-30,-87
15968,96,62,-29,-88
15969,97,62,-27,-88
15970,98,62,-25,-89
15971,99,62,-23,-90
15972,100,62,-22,-90
15973,101,62,-21,-91
15974,102,62,-19,-91
15975,103,62,-17,-91
15976,104,62,-16,-91
15977,105,62,-14,-91
15978,106,62,-12,-91
15979,107,62,-10,-91
15980,108,62,-8,-91
15981,109,62,-7,-91
15982,110,62,-5,-91
15983,111,62,-3,-91
15984,112,62,-1,-91
15985,113,62,0,-91
15986,114,62,0,-91
15987,115,62,0,-91
15988,116,62,0,-91
15989,117,62,0,-91
15990,118,62,0,-91
15991,119,62,0,-91
15992,120,62,0,-91
15993,121,62,0,-91
15994,122,62,0,-91
15995,123,62,0,-91
15996,124,62,0,-91
15997,125,62,0,-91
15998,126,62,0,-91
15999,127,62,0,-91
16000,128,62,0,-91
16001,129,62,0,-91
16002,130,62,0,-91
16003,131,62,0,-91
16004,132,62,0,-91
16005,133,62,0,-91
16006,134,62,0,-91
16007,135,62,0,-91
16008,136,62,0,-91
16009,137,62,0,-91
16010,138,62,0,-91
16011,139,62,0,-91
16012,140,62,0,-91
16013,141,62,0,-91
16014,142,62,0,-91
16015,143,62,0,-91
16016,144,62,1,-91
16017,145,62,3,-91
16018,146,62,5,-91
16019,147,62,7,-91
16020,148,62,8,-91
16021,149,62,10,-91
16022,150,62,12,-91
16023,151,62,14,-91
16024,152,62,16,-91
16025,153,62,17,-91
16026,154,62,19,-91
16027,155,62,21,-91
16028,156,62,22,-90
16029,157,62,23,-90
16030,158,62,25,-89
16031,159,62,27,-88
16032,160,62,29,-88
16033,161,62,30,-87
16034,162,62,31,-87
16035,163,62,33,-86
16036,164,62,34,-85
16037,165,62,36,-85
16038,166,62,38,-84
16039,167,62,39,-83
16040,168,62,41,-83
16041,169,62,41,-82
16042,170,62,43,-82
16043,171,62,45,-81
16044,172,62,46,-81
16045,173,62,46,-80
16046,174,62,48,-80
16047,175,62,50,-79
16048,176,62,51,-79
16049,177,62,52,-78
16050,178,62,53,-78
16051,179,62,54,-77
16052,180,62,55,-77
16053,181,62,56,-76
16054,182,62,57,-76
16055,183,62,59,-75
16056,184,62,60,-75
16057,185,62,61,-74
16058,186,62,62,-74
16059,187,62,64,-73
16060,188,62,65,-73
16061,189,62,65,-73
16062,190,62,66,-72
16063,191,62,68,-72
16064,192,62,68,-71
16065,193,62,70,-71
16066,194,62,70,-70
16067,195,62,71,-70
16068,196,62,71,-68
16069,197,62,72,-68
16070,198,62,72,-66
16071,199,62,72,-66
16072,200,62,73,-65
16073,201,62,73,-64
16074,202,62,73,-64
16075,203,62,74,-62
16076,204,62,74,-62
16077,205,62,74,-61
16078,206,62,75,-60
16079,207,62,75,-60
16080,208,62,75,-59
16081,209,62,76,-58
16082,210,62,76,-57
16083,211,62,76,-57
16084,212,62,76,-56
16085,213,62,77,-55
16086,214,62,77,-55
16087,215,62,77,-54
16088,216,62,77,-54
16089,217,62,78,-53
16090,218,62,78,-53
16091,219,62,78,-52
16092,220,62,78,-52
16093,221,62,79,-51
16094,222,62,79,-50
16095,223,62,79,-50
16096,224,62,79,-50
16097,225,62,79,-49
16098,226,62,80,-48
16099,227,62,80,-48
16100,228,62,80,-48
16101,229,62,80,-47
16102,230,62,80,-46
16103,231,62,80,-46
16104,232,62,81,-46
16105,233,62,81,-45
16106,234,62,81,-45
16107,235,62,81,-45
16108,236,62,81,-45
16109,237,62,81,-44
16110,238,62,82,-43
16111,239,62,82,-43
16112,240,62,82,-43
16113,241,62,82,-43
16114,242,62,82,-42
16115,243,62,82,-41
16116,244,62,82,-41
16117,245,62,83,-41
16118,246,62,83,-41
16119,247,62,83,-41
16120,248,62,83,-40
16121,249,62,83,-39
16122,250,62,83,-39
16123,251,62,83,-39
16124,252,62,83,-39
16125,253,62,83,-39
16126,254,62,84,-38
16127,255,62,84,-38
16128,0,63,-84,-37
16129,1,63,-84,-37
16130,2,63,-84,-38
16131,3,63,-84,-38
16132,4,63,-84,-38
16133,5,63,-83,-39
16134,6,63,-83,-39
16135,7,63,-83,-39
16136,8,63,-83,-39
16137,9,63,-83,-39
16138,10,63,-83,-40
16139,11,63,-83,-41
16140,12,63,-83,-41
16141,13,63,-83,-41
16142,14,63,-82,-41
16143,15,63,-82,-41
16144,16,63,-82,-42
16145,17,63,-82,-43
16146,18,63,-82,-43
16147,19,63,-82,-43
16148,20,63,-82,-43
16149,21,63,-81,-44
16150,22,63,-81,-45
16151,23,63,-81,-45
16152,24,63,-81,-45
16153,25,63,-81,-46
16154,26,63,-81,-46
16155,27,63,-80,-46
16156,28,63,-80,-46
16157,29,63,-80,-48
16158,30,63,-80,-48
16159,31,63,-80,-48
16160,32,63,-80,-48
16161,33,63,-79,-49
16162,34,63,-79,-50
16163,35,63,-79,-50
16164,36,63,-79,-51
16165,37,63,-79,-51
16166,38,63,-78,-52
16167,39,63,-78,-52
16168,40,63,-78,-53
16169,41,63,-77,-54
16170,42,63,-77,-54
16171,43,63,-77,-55
16172,44,63,-77,-55
16173,45,63,-76,-56
16174,46,63,-76,-56
16175,47,63,-76,-57
16176,48,63,-76,-57
16177,49,63,-75,-59
16178,50,63,-75,-60
16179,51,63,-75,-60
16180,52,63,-74,-61
16181,53,63,-74,-62
16182,54,63,-74,-62
16183,55,63,-73,-64
16184,56,63,-73,-64
16185,57,63,-73,-65
16186,58,63,-72,-66
16187,59,63,-72,-66
16188,60,63,-72,-68
16189,61,63,-71,-68
16190,62,63,-71,-70
16191,63,63,-70,-70
16192,64,63,-69,-71
16193,65,63,-68,-71
16194,66,63,-68,-72
16195,67,63,-66,-72
16196,68,63,-65,-73
16197,69,63,-64,-73
16198,70,63,-64,-73
16199,71,63,-62,-74
16200,72,63,-61,-74
16201,73,63,-60,-75
16202,74,63,-59,-75
16203,75,63,-57,-76
16204,76,63,-56,-76
16205,77,63,-55,-77
16206,78,63,-54,-77
16207,79,63,-53,-78
16208,80,63,-52,-78
16209,81,63,-50,-79
16210,82,63,-49,-79
16211,83,63,-48,-80
16212,84,63,-46,-80
16213,85,63,-45,-81
16214,86,63,-44,-81
16215,87,63,-43,-82
16216,88,63,-41,-83
16217,89,63,-39,-83
16218,90,63,-38,-84
16219,91,63,-37,-84
16220,92,63,-35,-85
16221,93,63,-33,-86
16222,94,63,-32,-86
16223,95,63,-31,-87
16224,96,63,-29,-87
16225,97,63,-27,-88
16226,98,63,-26,-89
16227,99,63,-24,-89
16228,100,63,-23,-89
16229,101,63,-21,-89
16230,102,63,-19,-89
16231,103,63,-17,-89
16232,104,63,-16,-89
16233,105,63,-14,-89
16234,106,63,-12,-89
16235,107,63,-10,-89
16236,108,63,-8,-89
16237,109,63,-7,-89
16238,110,63,-5,-89
16239,111,63,-3,-89
16240,112,63,-1,-89
16241,113,63,0,-89
16242,114,63,0,-89
16243,115,63,0,-89
16244,116,63,0,-89
16245,117,63,0,-89
16246,118,63,0,-89
16247,119,63,0,-89
16248,120,63,0,-89
16249,121,63,0,-89
16250,122,63,0,-89
16251,123,63,0,-89
16252,124,63,0,-89
16253,125,63,0,-89
16254,126,63,0,-89
16255,127,63,0,-89
16256,128,63,0,-89
16257,129,63,0,-89
16258,130,63,0,-89
16259,131,63,0,-89
16260,132,63,0,-89
16261,133,63,0,-89
16262,134,63,0,-89
16263,135,63,0,-89
16264,136,63,0,-89
16265,137,63,0,-89
16266,138,63,0,-89
16267,139,63,0,-89
16268,140,63,0,-89
16269,141,63,0,-89
16270,142,63,0,-89
16271,143,63,0,-89
16272,144,63,1,-89
16273,145,63,3,-89
16274,146,63,5,-89
16275,147,63,7,-89
16276,148,63,8,-89
16277,149,63,10,-89
16278,150,63,12,-89
16279,151,63,14,-89
16280,152,63,16,-89
16281,153,63,17,-89
16282,154,63,19,-89
16283,155,63,21,-89
16284,156,63,23,-89
16285,157,63,24,-89
16286,158,63,26,-89
16287,159,63,27,-88
16288,160,63,29,-87
16289,161,63,31,-87
16290,162,63,32,-86
16291,163,63,33,-86
16292,164,63,35,-85
16293,165,63,37,-84
16294,166,63,38,-84
16295,167,63,39,-83
16296,168,63,41,-83
16297,169,63,43,-82
16298,170,63,44,-81
16299,171,63,45,-81
16300,172,63,46,-80
16301,173,63,48,-80
16302,174,63,49,-79
16303,175,63,50,-79
16304,176,63,52,-78
16305,177,63,53,-78
16306,178,63,54,-77
16307,179,63,55,-77
16308,180,63,56,-76
16309,181,63,57,-76
16310,182,63,59,-75
16311,183,63,60,-75
16312,184,63,61,-74
16313,185,63,62,-74
16314,186,63,64,-73
16315,187,63,64,-73
16316,188,63,65,-73
16317,189,63,66,-72
16318,190,63,68,-72
16319,191,63,68,-71
16320,192,63,69,-71
16321,193,63,70,-70
16322,194,63,71,-70
16323,195,63,71,-68
16324,196,63,72,-68
16325,197,63,72,-66
16326,198,63,72,-66
16327,199,63,73,-65
16328,200,63,73,-64
16329,201,63,73,-64
16330,202,63,74,-62
16331,203,63,74,-62
16332,204,63,74,-61
16333,205,63,75,-60
16334,206,63,75,-60
16335,207,63,75,-59
16336,208,63,76,-57
16337,209,63,76,-57
16338,210,63,76,-56
16339,211,63,76,-56
16340,212,63,77,-55
16341,213,63,77,-55
16342,214,63,77,-54
16343,215,63,77,-54
16344,216,63,78,-53
16345,217,63,78,-52
16346,218,63,78,-52
16347,219,63,79,-51
16348,220,63,79,-51
16349,221,63,79,-50
16350,222,63,79,-50
16351,223,63,79,-49
16352,224,63,80,-48
16353,225,63,80,-48
16354,226,63,80,-48
16355,227,63,80,-48
16356,228,63,80,-46
16357,229,63,80,-46
16358,230,63,81,-46
16359,231,63,81,-46
16360,232,63,81,-45
16361,233,63,81,-45
16362,234,63,81,-45
16363,235,63,81,-44
16364,236,63,82,-43
16365,237,63,82,-43
16366,238,63,82,-43
16367,239,63,82,-43
16368,240,63,82,-42
16369,241,63,82,-41
16370,242,63,82,-41
16371,243,63,83,-41
16372,244,63,83,-41
16373,245,63,83,-41
16374,246,63,83,-40
16375,247,63,83,-39
16376,248,63,83,-39
16377,249,63,83,-39
16378,250,63,83,-39
16379,251,63,83,-39
16380,252,63,84,-38
16381,253,63,84,-38
16382,254,63,84,-38
16383,255,63,84,-37
16384,0,64,-85,-36
16385,1,64,-84,-37
16386,2,64,-84,-37
16387,3,64,-84,-37
16388,4,64,-84,-38
16389,5,64,-84,-38
16390,6,64,-84,-38
16391,7,64,-84,-38
16392,8,64,-83,-39
16393,9,64,-83,-39
16394,10,64,-83,-39
16395,11,64,-83,-39
16396,12,64,-83,-40
16397,13,64,-83,-41
16398,14,64,-83,-41
16399,15,64,-83,-41
16400,16,64,-82,-41
16401,17,64,-82,-41
16402,18,64,-82,-42
16403,19,64,-82,-43
16404,20,64,-82,-43
16405,21,64,-82,-43
16406,22,64,-82,-43
16407,23,64,-81,-44
16408,24,64,-81,-45
16409,25,64,-81,-45
16410,26,64,-81,-45
16411,27,64,-81,-46
16412,28,64,-81,-46
16413,29,64,-80,-46
16414,30,64,-80,-46
16415,31,64,-80,-48
16416,32,64,-80,-48
16417,33,64,-80,-48
16418,34,64,-79,-49
16419,35,64,-79,-50
16420,36,64,-79,-50
16421,37,64,-79,-50
16422,38,64,-79,-51
16423,39,64,-78,-52
16424,40,64,-78,-52
16425,41,64,-78,-53
16426,42,64,-78,-53
16427,43,64,-77,-54
16428,44,64,-77,-54
16429,45,64,-77,-55
16430,46,64,-76,-56
16431,47,64,-76,-56
16432,48,64,-76,-57
16433,49,64,-76,-57
16434,50,64,-75,-59
16435,51,64,-75,-60
16436,52,64,-75,-60
16437,53,64,-74,-61
16438,54,64,-74,-61
16439,55,64,-74,-62
16440,56,64,-73,-64
16441,57,64,-73,-64
16442,58,64,-73,-65
16443,59,64,-73,-66
16444,60,64,-72,-66
16445,61,64,-72,-68
16446,62,64,-71,-68
16447,63,64,-71,-69
16448,64,64,-70,-70
16449,65,64,-69,-71
16450,66,64,-68,-71
16451,67,64,-68,-72
16452,68,64,-66,-72
16453,69,64,-65,-73
16454,70,64,-64,-73
16455,71,64,-64,-73
16456,72,64,-62,-74
16457,73,64,-61,-74
16458,74,64,-60,-75
16459,75,64,-58,-76
16460,76,64,-57,-76
16461,77,64,-56,-76
16462,78,64,-55,-77
16463,79,64,-54,-77
16464,80,64,-52,-78
16465,81,64,-51,-79
16466,82,64,-50,-79
16467,83,64,-48,-80
16468,84,64,-46,-80
16469,85,64,-46,-81
16470,86,64,-45,-81
16471,87,64,-43,-82
16472,88,64,-41,-82
16473,89,64,-40,-83
16474,90,64,-39,-83
16475,91,64,-37,-84
16476,92,64,-36,-85
16477,93,64,-34,-85
16478,94,64,-32,-86
16479,95,64,-31,-86
16480,96,64,-30,-87
16481,97,64,-28,-87
16482,98,64,-26,-87
16483,99,64,-24,-87
16484,100,64,-23,-87
16485,101,64,-21,-87
16486,102,64,-19,-87
16487,103,64,-17,-87
16488,104,64,-16,-87
16489,105,64,-14,-87
16490,106,64,-12,-87
16491,107,64,-10,-87
16492,108,64,-8,-87
16493,109,64,-7,-87
16494,110,64,-5,-87
16495,111,64,-3,-87
16496,112,64,-1,-87
16497,113,64,0,-87
16498,114,64,0,-87
16499,115,64,0,-87
16500,116,64,0,-87
16501,117,64,0,-87
16502,118,64,0,-87
16503,119,64,0,-87
16504,120,64,0,-87
16505,121,64,0,-87
16506,122,64,0,-87
16507,123,64,0,-87
16508,124,64,0,-87
16509,125,64,0,-87
16510,126,64,0,-87
16511,127,64,0,-87
16512,128,64,0,-87
16513,129,64,0,-87
16514,130,64,0,-87
16515,131,64,0,-87
16516,132,64,0,-87
16517,133,64,0,-87
16518,134,64,0,-87
16519,135,64,0,-87
16520,136,64,0,-87
16521,137,64,0,-87
16522,138,64,0,-87
16523,139,64,0,-87
16524,140,64,0,-87
16525,141,64,0,-87
16526,142,64,0,-87
16527,143,64,0,-87
16528,144,64,1,-87
16529,145,64,3,-87
16530,146,64,5,-87
16531,147,64,7,-87
16532,148,64,8,-87
16533,149,64,10,-87
16534,150,64,12,-87
16535,151,64,14,-87
16536,152,64,16,-87
16537,153,64,17,-87
16538,154,64,19,-87
16539,155,64,21,-87
16540,156,64,23,-87
16541,157,64,24,-87
16542,158,64,26,-87
16543,159,64,28,-87
16544,160,64,30,-87
16545,161,64,31,-86
16546,162,64,32,-86
16547,163,64,34,-85
16548,164,64,36,-85
16549,165,64,37,-84
16550,166,64,39,-83
16551,167,64,40,-83
16552,168,64,41,-82
16553,169,64,43,-82
16554,170,64,45,-81
16555,171,64,46,-81
16556,172,64,46,-80
16557,173,64,48,-80
16558,174,64,50,-79
16559,175,64,51,-79
16560,176,64,52,-78
16561,177,64,54,-77
16562,178,64,55,-77
16563,179,64,56,-76
16564,180,64,57,-76
16565,181,64,58,-76
16566,182,64,60,-75
16567,183,64,61,-74
16568,184,64,62,-74
16569,185,64,64,-73
16570,186,64,64,-73
16571,187,64,65,-73
16572,188,64,66,-72
16573,189,64,68,-72
16574,190,64,68,-71
16575,191,64,69,-71
16576,192,64,70,-70
16577,193,64,71,-69
16578,194,64,71,-68
16579,195,64,72,-68
16580,196,64,72,-66
16581,197,64,73,-66
16582,198,64,73,-65
16583,199,64,73,-64
16584,200,64,73,-64
16585,201,64,74,-62
16586,202,64,74,-61
16587,203,64,74,-61
16588,204,64,75,-60
16589,205,64,75,-60
16590,206,64,75,-59
16591,207,64,76,-57
16592,208,64,76,-57
16593,209,64,76,-56
16594,210,64,76,-56
16595,211,64,77,-55
16596,212,64,77,-54
16597,213,64,77,-54
16598,214,64,78,-53
16599,215,64,78,-53
16600,216,64,78,-52
16601,217,64,78,-52
16602,218,64,79,-51
16603,219,64,79,-50
16604,220,64,79,-50
16605,221,64,79,-50
16606,222,64,79,-49
16607,223,64,80,-48
16608,224,64,80,-48
16609,225,64,80,-48
16610,226,64,80,-46
16611,227,64,80,-46
16612,228,64,81,-46
16613,229,64,81,-46
16614,230,64,81,-45
16615,231,64,81,-45
16616,232,64,81,-45
16617,233,64,81,-44
16618,234,64,82,-43
16619,235,64,82,-43
16620,236,64,82,-43
16621,237,64,82,-43
16622,238,64,82,-42
16623,239,64,82,-41
16624,240,64,82,-41
16625,241,64,83,-41
16626,242,64,83,-41
16627,243,64,83,-41
16628,244,64,83,-40
16629,245,64,83,-39
16630,246,64,83,-39
16631,247,64,83,-39
16632,248,64,83,-39
16633,249,64,84,-38
16634,250,64,84,-38
16635,251,64,84,-38
16636,252,64,84,-38
16637,253,64,84,-37
16638,254,64,84,-37
16639,255,64,84,-37
16640,0,65,-85,-36
16641,1,65,-85,-36
16642,2,65,-85,-36
16643,3,65,-85,-36
16644,4,65,-84,-37
16645,5,65,-84,-37
16646,6,65,-84,-37
16647,7,65,-84,-38
16648,8,65,-84,-38
16649,9,65,-84,-38
16650,10,65,-83,-39
16651,11,65,-83,-39
16652,12,65,-83,-39
16653,13,65,-83,-39
16654,14,65,-83,-40
16655,15,65,-83,-40
16656,16,65,-83,-41
16657,17,65,-83,-41
16658,18,65,-82,-41
16659,19,65,-82,-41
16660,20,65,-82,-42
16661,21,65,-82,-43
16662,22,65,-82,-43
16663,23,65,-82,-43
16664,24,65,-82,-43
16665,25,65,-81,-44
16666,26,65,-81,-45
16667,27,65,-81,-45
16668,28,65,-81,-45
16669,29,65,-81,-46
16670,30,65,-80,-46
16671,31,65,-80,-46
16672,32,65,-80,-46
16673,33,65,-80,-48
16674,34,65,-80,-48
16675,35,65,-80,-48
16676,36,65,-79,-49
16677,37,65,-79,-50
16678,38,65,-79,-50
16679,39,65,-79,-51
16680,40,65,-79,-51
16681,41,65,-78,-52
16682,42,65,-78,-53
16683,43,65,-78,-53
16684,44,65,-77,-54
16685,45,65,-77,-54
16686,46,65,-77,-55
16687,47,65,-77,-55
16688,48,65,-76,-56
16689,49,65,-76,-57
16690,50,65,-76,-57
16691,51,65,-76,-58
16692,52,65,-75,-59
16693,53,65,-75,-60
16694,54,65,-74,-61
16695,55,65,-74,-61
16696,56,65,-74,-62
16697,57,65,-73,-64
16698,58,65,-73,-64
16699,59,65,-73,-65
16700,60,65,-73,-66
16701,61,65,-72,-66
16702,62,65,-72,-68
16703,63,65,-71,-68
16704,64,65,-71,-69
16705,65,65,-70,-70
16706,66,65,-69,-71
16707,67,65,-68,-71
16708,68,65,-68,-72
16709,69,65,-66,-72
16710,70,65,-65,-73
16711,71,65,-64,-73
16712,72,65,-62,-74
16713,73,65,-62,-74
16714,74,65,-61,-74
16715,75,65,-60,-75
16716,76,65,-58,-76
16717,77,65,-57,-76
16718,78,65,-55,-77
16719,79,65,-54,-77
16720,80,65,-53,-78
16721,81,65,-52,-78
16722,82,65,-50,-79
16723,83,65,-49,-79
16724,84,65,-48,-80
16725,85,65,-46,-80
16726,86,65,-45,-81
16727,87,65,-44,-81
16728,88,65,-42,-82
16729,89,65,-41,-83
16730,90,65,-40,-83
16731,91,65,-38,-84
16732,92,65,-36,-84
16733,93,65,-35,-85
16734,94,65,-33,-85
16735,95,65,-32,-85
16736,96,65,-30,-85
16737,97,65,-28,-85
16738,98,65,-26,-85
16739,99,65,-24,-85
16740,100,65,-23,-85
16741,101,65,-21,-85
16742,102,65,-19,-85
16743,103,65,-17,-85
16744,104,65,-16,-85
16745,105,65,-14,-85
16746,106,65,-12,-85
16747,107,65,-10,-85
16748,108,65,-8,-85
16749,109,65,-7,-85
16750,110,65,-5,-85
16751,111,65,-3,-85
16752,112,65,-1,-85
16753,113,65,0,-85
16754,114,65,0,-85
16755,115,65,0,-85
16756,116,65,0,-85
16757,117,65,0,-85
16758,118,65,0,-85
16759,119,65,0,-85
16760,120,65,0,-85
16761,121,65,0,-85
16762,122,65,0,-85
16763,123,65,0,-85
16764,124,65,0,-85
16765,125,65,0,-85
16766,126,65,0,-85
16767,127,65,0,-85
16768,128,65,0,-85
16769,129,65,0,-85
16770,130,65,0,-85
16771,131,65,0,-85
16772,132,65,0,-85
16773,133,65,0,-85
16774,134,65,0,-85
16775,135,65,0,-85
16776,136,65,0,-85
16777,137,65,0,-85
16778,138,65,0,-85
16779,139,65,0,-85
16780,140,65,0,-85
16781,141,65,0,-85
16782,142,65,0,-85
16783,143,65,0,-85
16784,144,65,1,-85
16785,145,65,3,-85
16786,146,65,5,-85
16787,147,65,7,-85
16788,148,65,8,-85
16789,149,65,10,-85
16790,150,65,12,-85
16791,151,65,14,-85
16792,152,65,16,-85
16793,153,65,17,-85
16794,154,65,19,-85
16795,155,65,21,-85
16796,156,65,23,-85
16797,157,65,24,-85
16798,158,65,26,-85
16799,159,65,28,-85
16800,160,65,30,-85
16801,161,65,32,-85
16802,162,65,33,-85
16803,163,65,35,-85
16804,164,65,36,-84
16805,165,65,38,-84
16806,166,65,40,-83
16807,167,65,41,-83
16808,168,65,42,-82
16809,169,65,44,-81
16810,170,65,45,-81
16811,171,65,46,-80
16812,172,65,48,-80
16813,173,65,49,-79
16814,174,65,50,-79
16815,175,65,52,-78
16816,176,65,53,-78
16817,177,65,54,-77
16818,178,65,55,-77
16819,179,65,57,-76
16820,180,65,58,-76
16821,181,65,60,-75
16822,182,65,61,-74
16823,183,65,62,-74
16824,184,65,62,-74
16825,185,65,64,-73
16826,186,65,65,-73
16827,187,65,66,-72
16828,188,65,68,-72
16829,189,65,68,-71
16830,190,65,69,-71
16831,191,65,70,-70
16832,192,65,71,-69
16833,193,65,71,-68
16834,194,65,72,-68
16835,195,65,72,-66
16836,196,65,73,-66
16837,197,65,73,-65
16838,198,65,73,-64
16839,199,65,73,-64
16840,200,65,74,-62
16841,201,65,74,-61
16842,202,65,74,-61
16843,203,65,75,-60
16844,204,65,75,-59
16845,205,65,76,-58
16846,206,65,76,-57
16847,207,65,76,-57
16848,208,65,76,-56
16849,209,65,77,-55
16850,210,65,77,-55
16851,211,65,77,-54
16852,212,65,77,-54
16853,213,65,78,-53
16854,214,65,78,-53
16855,215,65,78,-52
16856,216,65,79,-51
16857,217,65,79,-51
16858,218,65,79,-50
16859,219,65,79,-50
16860,220,65,79,-49
16861,221,65,80,-48
16862,222,65,80,-48
16863,223,65,80,-48
16864,224,65,80,-46
16865,225,65,80,-46
16866,226,65,80,-46
16867,227,65,81,-46
16868,228,65,81,-45
16869,229,65,81,-45
16870,230,65,81,-45
16871,231,65,81,-44
16872,232,65,82,-43
16873,233,65,82,-43
16874,234,65,82,-43
16875,235,65,82,-43
16876,236,65,82,-42
16877,237,65,82,-41
16878,238,65,82,-41
16879,239,65,83,-41
16880,240,65,83,-41
16881,241,65,83,-40
16882,242,65,83,-40
16883,243,65,83,-39
16884,244,65,83,-39
16885,245,65,83,-39
16886,246,65,83,-39
16887,247,65,84,-38
16888,248,65,84,-38
16889,249,65,84,-38
16890,250,65,84,-37
16891,251,65,84,-37
16892,252,65,84,-37
16893,253,65,85,-36
16894,254,65,85,-36
16895,255,65,85,-36
16896,0,66,-85,-35
16897,1,66,-85,-35
16898,2,66,-85,-35
16899,3,66,-85,-36
16900,4,66,-85,-36
16901,5,66,-85,-36
16902,6,66,-84,-37
16903,7,66,-84,-37
16904,8,66,-84,-37
16905,9,66,-84,-38
16906,10,66,-84,-38
16907,11,66,-84,-38
16908,12,66,-83,-39
16909,13,66,-83,-39
16910,14,66,-83,-39
16911,15,66,-83,-39
16912,16,66,-83,-40
16913,17,66,-83,-40
16914,18,66,-83,-41
16915,19,66,-83,-41
16916,20,66,-82,-41
16917,21,66,-82,-41
16918,22,66,-82,-42
16919,23,66,-82,-43
16920,24,66,-82,-43
16921,25,66,-82,-43
16922,26,66,-81,-44
16923,27,66,-81,-44
16924,28,66,-81,-45
16925,29,66,-81,-45
16926,30,66,-81,-45
16927,31,66,-81,-46
16928,32,66,-80,-46
16929,33,66,-80,-46
16930,34,66,-80,-48
16931,35,66,-80,-48
16932,36,66,-80,-48
16933,37,66,-80,-48
16934,38,66,-79,-50
16935,39,66,-79,-50
16936,40,66,-79,-50
16937,41,66,-79,-51
16938,42,66,-78,-52
16939,43,66,-78,-52
16940,44,66,-78,-53
16941,45,66,-78,-53
16942,46,66,-77,-54
16943,47,66,-77,-55
16944,48,66,-77,-55
16945,49,66,-76,-56
16946,50,66,-76,-56
16947,51,66,-76,-57
16948,52,66,-76,-58
16949,53,66,-75,-59
16950,54,66,-75,-60
16951,55,66,-75,-60
16952,56,66,-74,-61
16953,57,66,-74,-62
16954,58,66,-74,-62
16955,59,66,-73,-64
16956,60,66,-73,-65
16957,61,66,-73,-66
16958,62,66,-72,-66
16959,63,66,-72,-68
16960,64,66,-71,-68
16961,65,66,-71,-69
16962,66,66,-70,-70
16963,67,66,-69,-71
16964,68,66,-68,-71
16965,69,66,-67,-72
16966,70,66,-66,-72
16967,71,66,-65,-73
16968,72,66,-64,-73
16969,73,66,-62,-74
16970,74,66,-61,-74
16971,75,66,-60,-75
16972,76,66,-59,-75
16973,77,66,-57,-76
16974,78,66,-56,-76
16975,79,66,-55,-77
16976,80,66,-54,-77
16977,81,66,-53,-78
16978,82,66,-52,-78
16979,83,66,-50,-79
16980,84,66,-49,-79
16981,85,66,-47,-80
16982,86,66,-46,-80
16983,87,66,-45,-81
16984,88,66,-43,-82
16985,89,66,-41,-82
16986,90,66,-41,-83
16987,91,66,-39,-83
16988,92,66,-37,-83
16989,93,66,-35,-83
16990,94,66,-33,-83
16991,95,66,-32,-83
16992,96,66,-30,-83
16993,97,66,-28,-83
16994,98,66,-26,-83
16995,99,66,-24,-83
16996,100,66,-23,-83
16997,101,66,-21,-83
16998,102,66,-19,-83
16999,103,66,-17,-83
17000,104,66,-16,-83
17001,105,66,-14,-83
17002,106,66,-12,-83
17003,107,66,-10,-83
17004,108,66,-8,-83
17005,109,66,-7,-83
17006,110,66,-5,-83
17007,111,66,-3,-83
17008,112,66,-1,-83
17009,113,66,0,-83
17010,114,66,0,-83
17011,115,66,0,-83
17012,116,66,0,-83
17013,117,66,0,-83
17014,118,66,0,-83
17015,119,66,0,-83
17016,120,66,0,-83
17017,121,66,0,-83
17018,122,66,0,-83
17019,123,66,0,-83
17020,124,66,0,-83
17021,125,66,0,-83
17022,126,66,0,-83
17023,127,66,0,-83
17024,128,66,0,-83
17025,129,66,0,-83
17026,130,66,0,-83
17027,131,66,0,-83
17028,132,66,0,-83
17029,133,66,0,-83
17030,134,66,0,-83
17031,135,66,0,-83
17032,136,66,0,-83
17033,137,66,0,-83
17034,138,66,0,-83
17035,139,66,0,-83
17036,140,66,0,-83
17037,141,66,0,-83
17038,142,66,0,-83
17039,143,66,0,-83
17040,144,66,1,-83
17041,145,66,3,-83
17042,146,66,5,-83
17043,147,66,7,-83
17044,148,66,8,-83
17045,149,66,10,-83
17046,150,66,12,-83
17047,151,66,14,-83
17048,152,66,16,-83
17049,153,66,17,-83
17050,154,66,19,-83
17051,155,66,21,-83
17052,156,66,23,-83
17053,157,66,24,-83
17054,158,66,26,-83
17055,159,66,28,-83
17056,160,66,30,-83
17057,161,66,32,-83
17058,162,66,33,-83
17059,163,66,35,-83
17060,164,66,37,-83
17061,165,66,39,-83
17062,166,66,41,-83
17063,167,66,41,-82
17064,168,66,43,-82
17065,169,66,45,-81
17066,170,66,46,-80
17067,171,66,47,-80
17068,172,66,49,-79
17069,173,66,50,-79
17070,174,66,52,-78
17071,175,66,53,-78
17072,176,66,54,-77
17073,177,66,55,-77
17074,178,66,56,-76
17075,179,66,57,-76
17076,180,66,59,-75
17077,181,66,60,-75
17078,182,66,61,-74
17079,183,66,62,-74
17080,184,66,64,-73
17081,185,66,65,-73
17082,186,66,66,-72
17083,187,66,67,-72
17084,188,66,68,-71
17085,189,66,69,-71
17086,190,66,70,-70
17087,191,66,71,-69
17088,192,66,71,-68
17089,193,66,72,-68
17090,194,66,72,-66
17091,195,66,73,-66
17092,196,66,73,-65
17093,197,66,73,-64
17094,198,66,74,-62
17095,199,66,74,-62
17096,200,66,74,-61
17097,201,66,75,-60
17098,202,66,75,-60
17099,203,66,75,-59
17100,204,66,76,-58
17101,205,66,76,-57
17102,206,66,76,-56
17103,207,66,76,-56
17104,208,66,77,-55
17105,209,66,77,-55
17106,210,66,77,-54
17107,211,66,78,-53
17108,212,66,78,-53
17109,213,66,78,-52
17110,214,66,78,-52
17111,215,66,79,-51
17112,216,66,79,-50
17113,217,66,79,-50
17114,218,66,79,-50
17115,219,66,80,-48
17116,220,66,80,-48
17117,221,66,80,-48
17118,222,66,80,-48
17119,223,66,80,-46
17120,224,66,80,-46
17121,225,66,81,-46
17122,226,66,81,-45
17123,227,66,81,-45
17124,228,66,81,-45
17125,229,66,81,-44
17126,230,66,81,-44
17127,231,66,82,-43
17128,232,66,82,-43
17129,233,66,82,-43
17130,234,66,82,-42
17131,235,66,82,-41
17132,236,66,82,-41
17133,237,66,83,-41
17134,238,66,83,-41
17135,239,66,83,-40
17136,240,66,83,-40
17137,241,66,83,-39
17138,242,66,83,-39
17139,243,66,83,-39
17140,244,66,83,-39
17141,245,66,84,-38
17142,246,66,84,-38
17143,247,66,84,-38
17144,248,66,84,-37
17145,249,66,84,-37
17146,250,66,84,-37
17147,251,66,85,-36
17148,252,66,85,-36
17149,253,66,85,-36
17150,254,66,85,-35
17151,255,66,85,-35
17152,0,67,-85,-34
17153,1,67,-85,-34
17154,2,67,-85,-35
17155,3,67,-85,-35
17156,4,67,-85,-35
17157,5,67,-85,-36
17158,6,67,-85,-36
17159,7,67,-85,-36
17160,8,67,-84,-37
17161,9,67,-84,-37
17162,10,67,-84,-37
17163,11,67,-84,-38
17164,12,67,-84,-38
17165,13,67,-84,-38
17166,14,67,-83,-39
17167,15,67,-83,-39
17168,16,67,-83,-39
17169,17,67,-83,-39
17170,18,67,-83,-39
17171,19,67,-83,-40
17172,20,67,-83,-41
17173,21,67,-83,-41
17174,22,67,-82,-41
17175,23,67,-82,-41
17176,24,67,-82,-42
17177,25,67,-82,-43
17178,26,67,-82,-43
17179,27,67,-82,-43
17180,28,67,-81,-44
17181,29,67,-81,-45
17182,30,67,-81,-45
17183,31,67,-81,-45
17184,32,67,-81,-46
17185,33,67,-81,-46
17186,34,67,-80,-46
17187,35,67,-80,-46
17188,36,67,-80,-48
17189,37,67,-80,-48
17190,38,67,-80,-48
17191,39,67,-79,-49
17192,40,67,-79,-50
17193,41,67,-79,-50
17194,42,67,-79,-51
17195,43,67,-79,-51
17196,44,67,-78,-52
17197,45,67,-78,-53
17198,46,67,-78,-53
17199,47,67,-77,-54
17200,48,67,-77,-54
17201,49,67,-77,-55
17202,50,67,-77,-55
17203,51,67,-76,-56
17204,52,67,-76,-57
17205,53,67,-76,-57
17206,54,67,-75,-59
17207,55,67,-75,-60
17208,56,67,-75,-60
17209,57,67,-74,-61
17210,58,67,-74,-62
17211,59,67,-74,-62
17212,60,67,-73,-64
17213,61,67,-73,-65
17214,62,67,-73,-65
17215,63,67,-72,-66
17216,64,67,-72,-68
17217,65,67,-71,-68
17218,66,67,-71,-69
17219,67,67,-70,-70
17220,68,67,-69,-71
17221,69,67,-68,-71
17222,70,67,-67,-72
17223,71,67,-66,-72
17224,72,67,-65,-73
17225,73,67,-64,-73
17226,74,67,-62,-74
17227,75,67,-61,-74
17228,76,67,-60,-75
17229,77,67,-59,-75
17230,78,67,-57,-76
17231,79,67,-56,-76
17232,80,67,-55,-77
17233,81,67,-54,-77
17234,82,67,-52,-78
17235,83,67,-51,-79
17236,84,67,-49,-79
17237,85,67,-48,-80
17238,86,67,-47,-80
17239,87,67,-45,-81
17240,88,67,-44,-82
17241,89,67,-42,-82
17242,90,67,-41,-82
17243,91,67,-39,-82
17244,92,67,-37,-82
17245,93,67,-35,-82
17246,94,67,-33,-82
17247,95,67,-32,-82
17248,96,67,-30,-82
17249,97,67,-28,-82
17250,98,67,-26,-82
17251,99,67,-24,-82
17252,100,67,-23,-82
17253,101,67,-21,-82
17254,102,67,-19,-82
17255,103,67,-17,-82
17256,104,67,-16,-82
17257,105,67,-14,-82
17258,106,67,-12,-82
17259,107,67,-10,-82
17260,108,67,-8,-82
17261,109,67,-7,-82
17262,110,67,-5,-82
17263,111,67,-3,-82
17264,112,67,-1,-82
17265,113,67,0,-82
17266,114,67,0,-82
17267,115,67,0,-82
17268,116,67,0,-82
17269,117,67,0,-82
17270,118,67,0,-82
17271,119,67,0,-82
17272,120,67,0,-82
17273,121,67,0,-82
17274,122,67,0,-82
17275,123,67,0,-82
17276,124,67,0,-82
17277,125,67,0,-82
17278,126,67,0,-82
17279,127,67,0,-82
17280,128,67,0,-82
17281,129,67,0,-82
17282,130,67,0,-82
17283,131,67,0,-82
17284,132,67,0,-82
17285,133,67,0,-82
17286,134,67,0,-82
17287,135,67,0,-82
17288,136,67,0,-82
17289,137,67,0,-82
17290,138,67,0,-82
17291,139,67,0,-82
17292,140,67,0,-82
17293,141,67,0,-82
17294,142,67,0,-82
17295,143,67,0,-82
17296,144,67,1,-82
17297,145,67,3,-82
17298,146,67,5,-82
17299,147,67,7,-82
17300,148,67,8,-82
17301,149,67,10,-82
17302,150,67,12,-82
17303,151,67,14,-82
17304,152,67,16,-82
17305,153,67,17,-82
17306,154,67,19,-82
17307,155,67,21,-82
17308,156,67,23,-82
17309,157,67,24,-82
17310,158,67,26,-82
17311,159,67,28,-82
17312,160,67,30,-82
17313,161,67,32,-82
17314,162,67,33,-82
17315,163,67,35,-82
17316,164,67,37,-82
17317,165,67,39,-82
17318,166,67,41,-82
17319,167,67,42,-82
17320,168,67,44,-82
17321,169,67,45,-81
17322,170,67,47,-80
17323,171,67,48,-80
17324,172,67,49,-79
17325,173,67,51,-79
17326,174,67,52,-78
17327,175,67,54,-77
17328,176,67,55,-77
17329,177,67,56,-76
17330,178,67,57,-76
17331,179,67,59,-75
17332,180,67,60,-75
17333,181,67,61,-74
17334,182,67,62,-74
17335,183,67,64,-73
17336,184,67,65,-73
17337,185,67,66,-72
17338,186,67,67,-72
17339,187,67,68,-71
17340,188,67,69,-71
17341,189,67,70,-70
17342,190,67,71,-69
17343,191,67,71,-68
17344,192,67,72,-68
17345,193,67,72,-66
17346,194,67,73,-65
17347,195,67,73,-65
17348,196,67,73,-64
17349,197,67,74,-62
17350,198,67,74,-62
17351,199,67,74,-61
17352,200,67,75,-60
17353,201,67,75,-60
17354,202,67,75,-59
17355,203,67,76,-57
17356,204,67,76,-57
17357,205,67,76,-56
17358,206,67,77,-55
17359,207,67,77,-55
17360,208,67,77,-54
17361,209,67,77,-54
17362,210,67,78,-53
17363,211,67,78,-53
17364,212,67,78,-52
17365,213,67,79,-51
17366,214,67,79,-51
17367,215,67,79,-50
17368,216,67,79,-50
17369,217,67,79,-49
17370,218,67,80,-48
17371,219,67,80,-48
17372,220,67,80,-48
17373,221,67,80,-46
17374,222,67,80,-46
17375,223,67,81,-46
17376,224,67,81,-46
17377,225,67,81,-45
17378,226,67,81,-45
17379,227,67,81,-45
17380,228,67,81,-44
17381,229,67,82,-43
17382,230,67,82,-43
17383,231,67,82,-43
17384,232,67,82,-42
17385,233,67,82,-41
17386,234,67,82,-41
17387,235,67,83,-41
17388,236,67,83,-41
17389,237,67,83,-40
17390,238,67,83,-39
17391,239,67,83,-39
17392,240,67,83,-39
17393,241,67,83,-39
17394,242,67,83,-39
17395,243,67,84,-38
17396,244,67,84,-38
17397,245,67,84,-38
17398,246,67,84,-37
17399,247,67,84,-37
17400,248,67,84,-37
17401,249,67,85,-36
17402,250,67,85,-36
17403,251,67,85,-36
17404,252,67,85,-35
17405,253,67,85,-35
17406,254,67,85,-35
17407,255,67,85,-34
17408,0,68,-86,-33
17409,1,68,-85,-34
17410,2,68,-85,-34
17411,3,68,-85,-34
17412,4,68,-85,-35
17413,5,68,-85,-35
17414,6,68,-85,-35
17415,7,68,-85,-36
17416,8,68,-85,-36
17417,9,68,-85,-36
17418,10,68,-84,-37
17419,11,68,-84,-37
17420,12,68,-84,-37
17421,13,68,-84,-38
17422,14,68,-84,-38
17423,15,68,-84,-38
17424,16,68,-83,-39
17425,17,68,-83,-39
17426,18,68,-83,-39
17427,19,68,-83,-39
17428,20,68,-83,-39
17429,21,68,-83,-40
17430,22,68,-83,-41
17431,23,68,-83,-41
17432,24,68,-82,-41
17433,25,68,-82,-41
17434,26,68,-82,-42
17435,27,68,-82,-43
17436,28,68,-82,-43
17437,29,68,-82,-43
17438,30,68,-81,-44
17439,31,68,-81,-45
17440,32,68,-81,-45
17441,33,68,-81,-45
17442,34,68,-81,-46
17443,35,68,-81,-46
17444,36,68,-80,-46
17445,37,68,-80,-46
17446,38,68,-80,-48
17447,39,68,-80,-48
17448,40,68,-80,-48
17449,41,68,-79,-50
17450,42,68,-79,-50
17451,43,68,-79,-50
17452,44,68,-79,-51
17453,45,68,-78,-52
17454,46,68,-78,-52
17455,47,68,-78,-53
17456,48,68,-78,-53
17457,49,68,-77,-54
17458,50,68,-77,-55
17459,51,68,-77,-55
17460,52,68,-76,-56
17461,53,68,-76,-57
17462,54,68,-76,-57
17463,55,68,-76,-58
17464,56,68,-75,-59
17465,57,68,-75,-60
17466,58,68,-74,-61
17467,59,68,-74,-62
17468,60,68,-74,-62
17469,61,68,-73,-64
17470,62,68,-73,-65
17471,63,68,-73,-65
17472,64,68,-72,-66
17473,65,68,-72,-68
17474,66,68,-71,-68
17475,67,68,-71,-69
17476,68,68,-70,-70
17477,69,68,-69,-71
17478,70,68,-68,-71
17479,71,68,-67,-72
17480,72,68,-66,-72
17481,73,68,-65,-73
17482,74,68,-64,-73
17483,75,68,-62,-74
17484,76,68,-61,-74
17485,77,68,-60,-75
17486,78,68,-59,-75
17487,79,68,-57,-76
17488,80,68,-55,-77
17489,81,68,-55,-77
17490,82,68,-53,-78
17491,83,68,-52,-78
17492,84,68,-50,-79
17493,85,68,-48,-79
17494,86,68,-48,-80
17495,87,68,-46,-80
17496,88,68,-44,-80
17497,89,68,-42,-80
17498,90,68,-41,-80
17499,91,68,-39,-80
17500,92,68,-37,-80
17501,93,68,-35,-80
17502,94,68,-33,-80
17503,95,68,-32,-80
17504,96,68,-30,-80
17505,97,68,-28,-80
17506,98,68,-26,-80
17507,99,68,-24,-80
17508,100,68,-23,-80
17509,101,68,-21,-80
17510,102,68,-19,-80
17511,103,68,-17,-80
17512,104,68,-16,-80
17513,105,68,-14,-80
17514,106,68,-12,-80
17515,107,68,-10,-80
17516,108,68,-8,-80
17517,109,68,-7,-80
17518,110,68,-5,-80
17519,111,68,-3,-80
17520,112,68,-1,-80
17521,113,68,0,-80
17522,114,68,0,-80
17523,115,68,0,-80
17524,116,68,0,-80
17525,117,68,0,-80
17526,118,68,0,-80
17527,119,68,0,-80
17528,120,68,0,-80
17529,121,68,0,-80
17530,122,68,0,-80
17531,123,68,0,-80
17532,124,68,0,-80
17533,125,68,0,-80
17534,126,68,0,-80
17535,127,68,0,-80
17536,128,68,0,-80
17537,129,68,0,-80
17538,130,68,0,-80
17539,131,68,0,-80
17540,132,68,0,-80
17541,133,68,0,-80
17542,134,68,0,-80
17543,135,68,0,-80
17544,136,68,0,-80
17545,137,68,0,-80
17546,138,68,0,-80
17547,139,68,0,-80
17548,140,68,0,-80
17549,141,68,0,-80
17550,142,68,0,-80
17551,143,68,0,-80
17552,144,68,1,-80
17553,145,68,3,-80
17554,146,68,5,-80
17555,147,68,7,-80
17556,148,68,8,-80
17557,149,68,10,-80
17558,150,68,12,-80
17559,151,68,14,-80
17560,152,68,16,-80
17561,153,68,17,-80
17562,154,68,19,-80
17563,155,68,21,-80
17564,156,68,23,-80
17565,157,68,24,-80
17566,158,68,26,-80
17567,159,68,28,-80
17568,160,68,30,-80
17569,161,68,32,-80
17570,162,68,33,-80
17571,163,68,35,-80
17572,164,68,37,-80
17573,165,68,39,-80
17574,166,68,41,-80
17575,167,68,42,-80
17576,168,68,44,-80
17577,169,68,46,-80
17578,170,68,48,-80
17579,171,68,48,-79
17580,172,68,50,-79
17581,173,68,52,-78
17582,174,68,53,-78
17583,175,68,55,-77
17584,176,68,55,-77
17585,177,68,57,-76
17586,178,68,59,-75
17587,179,68,60,-75
17588,180,68,61,-74
17589,181,68,62,-74
17590,182,68,64,-73
17591,183,68,65,-73
17592,184,68,66,-72
17593,185,68,67,-72
17594,186,68,68,-71
17595,187,68,69,-71
17596,188,68,70,-70
17597,189,68,71,-69
17598,190,68,71,-68
17599,191,68,72,-68
17600,192,68,72,-66
17601,193,68,73,-65
17602,194,68,73,-65
17603,195,68,73,-64
17604,196,68,74,-62
17605,197,68,74,-62
17606,198,68,74,-61
17607,199,68,75,-60
17608,200,68,75,-59
17609,201,68,76,-58
17610,202,68,76,-57
17611,203,68,76,-57
17612,204,68,76,-56
17613,205,68,77,-55
17614,206,68,77,-55
17615,207,68,77,-54
17616,208,68,78,-53
17617,209,68,78,-53
17618,210,68,78,-52
17619,211,68,78,-52
17620,212,68,79,-51
17621,213,68,79,-50
17622,214,68,79,-50
17623,215,68,79,-50
17624,216,68,80,-48
17625,217,68,80,-48
17626,218,68,80,-48
17627,219,68,80,-46
17628,220,68,80,-46
17629,221,68,81,-46
17630,222,68,81,-46
17631,223,68,81,-45
17632,224,68,81,-45
17633,225,68,81,-45
17634,226,68,81,-44
17635,227,68,82,-43
17636,228,68,82,-43
17637,229,68,82,-43
17638,230,68,82,-42
17639,231,68,82,-41
17640,232,68,82,-41
17641,233,68,83,-41
17642,234,68,83,-41
17643,235,68,83,-40
17644,236,68,83,-39
17645,237,68,83,-39
17646,238,68,83,-39
17647,239,68,83,-39
17648,240,68,83,-39
17649,241,68,84,-38
17650,242,68,84,-38
17651,243,68,84,-38
17652,244,68,84,-37
17653,245,68,84,-37
17654,246,68,84,-37
17655,247,68,85,-36
17656,248,68,85,-36
17657,249,68,85,-36
17658,250,68,85,-35
17659,251,68,85,-35
17660,252,68,85,-35
17661,253,68,85,-34
17662,254,68,85,-34
17663,255,68,85,-34
17664,0,69,-86,-33
17665,1,69,-86,-33
17666,2,69,-86,-33
17667,3,69,-85,-34
17668,4,69,-85,-34
17669,5,69,-85,-34
17670,6,69,-85,-35
17671,7,69,-85,-35
17672,8,69,-85,-35
17673,9,69,-85,-35
17674,10,69,-85,-36
17675,11,69,-85,-36
17676,12,69,-85,-36
17677,13,69,-84,-37
17678,14,69,-84,-37
17679,15,69,-84,-37
17680,16,69,-84,-38
17681,17,69,-84,-38
17682,18,69,-83,-39
17683,19,69,-83,-39
17684,20,69,-83,-39
17685,21,69,-83,-39
17686,22,69,-83,-39
17687,23,69,-83,-40
17688,24,69,-83,-41
17689,25,69,-83,-41
17690,26,69,-82,-41
17691,27,69,-82,-41
17692,28,69,-82,-42
17693,29,69,-82,-43
17694,30,69,-82,-43
17695,31,69,-82,-43
17696,32,69,-81,-44
17697,33,69,-81,-45
17698,34,69,-81,-45
17699,35,69,-81,-45
17700,36,69,-81,-46
17701,37,69,-80,-46
17702,38,69,-80,-46
17703,39,69,-80,-48
17704,40,69,-80,-48
17705,41,69,-80,-48
17706,42,69,-80,-48
17707,43,69,-79,-50
17708,44,69,-79,-50
17709,45,69,-79,-51
17710,46,69,-79,-51
17711,47,69,-78,-52
17712,48,69,-78,-53
17713,49,69,-78,-53
17714,50,69,-77,-54
17715,51,69,-77,-54
17716,52,69,-77,-55
17717,53,69,-76,-56
17718,54,69,-76,-56
17719,55,69,-76,-57
17720,56,69,-76,-58
17721,57,69,-75,-59
17722,58,69,-75,-60
17723,59,69,-74,-61
17724,60,69,-74,-61
17725,61,69,-74,-62
17726,62,69,-73,-64
17727,63,69,-73,-64
17728,64,69,-73,-65
17729,65,69,-72,-66
17730,66,69,-72,-67
17731,67,69,-71,-68
17732,68,69,-71,-69
17733,69,69,-70,-70
17734,70,69,-69,-71
17735,71,69,-68,-71
17736,72,69,-67,-72
17737,73,69,-66,-72
17738,74,69,-65,-73
17739,75,69,-64,-73
17740,76,69,-62,-74
17741,77,69,-61,-74
17742,78,69,-60,-75
17743,79,69,-58,-76
17744,80,69,-57,-76
17745,81,69,-56,-77
17746,82,69,-54,-77
17747,83,69,-53,-78
17748,84,69,-51,-78
17749,85,69,-49,-78
17750,86,69,-48,-78
17751,87,69,-46,-78
17752,88,69,-44,-78
17753,89,69,-42,-78
17754,90,69,-41,-78
17755,91,69,-39,-78
17756,92,69,-37,-78
17757,93,69,-35,-78
17758,94,69,-33,-78
17759,95,69,-32,-78
17760,96,69,-30,-78
17761,97,69,-28,-78
17762,98,69,-26,-78
17763,99,69,-24,-78
17764,100,69,-23,-78
17765,101,69,-21,-78
17766,102,69,-19,-78
17767,103,69,-17,-78
17768,104,69,-16,-78
17769,105,69,-14,-78
17770,106,69,-12,-78
17771,107,69,-10,-78
17772,108,69,-8,-78
17773,109,69,-7,-78
17774,110,69,-5,-78
17775,111,69,-3,-78
17776,112,69,-1,-78
17777,113,69,0,-78
17778,114,69,0,-78
17779,115,69,0,-78
17780,116,69,0,-78
17781,117,69,0,-78
17782,118,69,0,-78
17783,119,69,0,-78
17784,120,69,0,-78
17785,121,69,0,-78
17786,122,69,0,-78
17787,123,69,0,-78
17788,124,69,0,-78
17789,125,69,0,-78
17790,126,69,0,-78
17791,127,69,0,-78
17792,128,69,0,-78
17793,129,69,0,-78
17794,130,69,0,-78
17795,131,69,0,-78
17796,132,69,0,-78
17797,133,69,0,-78
17798,134,69,0,-78
17799,135,69,0,-78
17800,136,69,0,-78
17801,137,69,0,-78
17802,138,69,0,-78
17803,139,69,0,-78
17804,140,69,0,-78
17805,141,69,0,-78
17806,142,69,0,-78
17807,143,69,0,-78
17808,144,69,1,-78
17809,145,69,3,-78
17810,146,69,5,-78
17811,147,69,7,-78
17812,148,69,8,-78
17813,149,69,10,-78
17814,150,69,12,-78
17815,151,69,14,-78
17816,152,69,16,-78
17817,153,69,17,-78
17818,154,69,19,-78
17819,155,69,21,-78
17820,156,69,23,-78
17821,157,69,24,-78
17822,158,69,26,-78
17823,159,69,28,-78
17824,160,69,30,-78
17825,161,69,32,-78
17826,162,69,33,-78
17827,163,69,35,-78
17828,164,69,37,-78
17829,165,69,39,-78
17830,166,69,41,-78
17831,167,69,42,-78
17832,168,69,44,-78
17833,169,69,46,-78
17834,170,69,48,-78
17835,171,69,49,-78
17836,172,69,51,-78
17837,173,69,53,-78
17838,174,69,54,-77
17839,175,69,56,-77
17840,176,69,57,-76
17841,177,69,58,-76
17842,178,69,60,-75
17843,179,69,61,-74
17844,180,69,62,-74
17845,181,69,64,-73
17846,182,69,65,-73
17847,183,69,66,-72
17848,184,69,67,-72
17849,185,69,68,-71
17850,186,69,69,-71
17851,187,69,70,-70
17852,188,69,71,-69
17853,189,69,71,-68
17854,190,69,72,-67
17855,191,69,72,-66
17856,192,69,73,-65
17857,193,69,73,-64
17858,194,69,73,-64
17859,195,69,74,-62
17860,196,69,74,-61
17861,197,69,74,-61
17862,198,69,75,-60
17863,199,69,75,-59
17864,200,69,76,-58
17865,201,69,76,-57
17866,202,69,76,-56
17867,203,69,76,-56
17868,204,69,77,-55
17869,205,69,77,-54
17870,206,69,77,-54
17871,207,69,78,-53
17872,208,69,78,-53
17873,209,69,78,-52
17874,210,69,79,-51
17875,211,69,79,-51
17876,212,69,79,-50
17877,213,69,79,-50
17878,214,69,80,-48
17879,215,69,80,-48
17880,216,69,80,-48
17881,217,69,80,-48
17882,218,69,80,-46
17883,219,69,80,-46
17884,220,69,81,-46
17885,221,69,81,-45
17886,222,69,81,-45
17887,223,69,81,-45
17888,224,69,81,-44
17889,225,69,82,-43
17890,226,69,82,-43
17891,227,69,82,-43
17892,228,69,82,-42
17893,229,69,82,-41
17894,230,69,82,-41
17895,231,69,83,-41
17896,232,69,83,-41
17897,233,69,83,-40
17898,234,69,83,-39
17899,235,69,83,-39
17900,236,69,83,-39
17901,237,69,83,-39
17902,238,69,83,-39
17903,239,69,84,-38
17904,240,69,84,-38
17905,241,69,84,-37
17906,242,69,84,-37
17907,243,69,84,-37
17908,244,69,85,-36
17909,245,69,85,-36
17910,246,69,85,-36
17911,247,69,85,-35
17912,248,69,85,-35
17913,249,69,85,-35
17914,250,69,85,-35
17915,251,69,85,-34
17916,252,69,85,-34
17917,253,69,85,-34
17918,254,69,86,-33
17919,255,69,86,-33
17920,0,70,-86,-32
17921,1,70,-86,-32
17922,2,70,-86,-33
17923,3,70,-86,-33
17924,4,70,-86,-33
17925,5,70,-86,-33
17926,6,70,-85,-34
17927,7,70,-85,-34
17928,8,70,-85,-34
17929,9,70,-85,-35
17930,10,70,-85,-35
17931,11,70,-85,-35
17932,12,70,-85,-36
17933,13,70,-85,-36
17934,14,70,-85,-36
17935,15,70,-84,-37
17936,16,70,-84,-37
17937,17,70,-84,-37
17938,18,70,-84,-38
17939,19,70,-84,-38
17940,20,70,-84,-38
17941,21,70,-83,-39
17942,22,70,-83,-39
17943,23,70,-83,-39
17944,24,70,-83,-39
17945,25,70,-83,-40
17946,26,70,-83,-41
17947,27,70,-83,-41
17948,28,70,-82,-41
17949,29,70,-82,-41
17950,30,70,-82,-43
17951,31,70,-82,-43
17952,32,70,-82,-43
17953,33,70,-82,-43
17954,34,70,-81,-44
17955,35,70,-81,-45
17956,36,70,-81,-45
17957,37,70,-81,-45
17958,38,70,-81,-46
17959,39,70,-80,-46
17960,40,70,-80,-46
17961,41,70,-80,-48
17962,42,70,-80,-48
17963,43,70,-80,-48
17964,44,70,-79,-49
17965,45,70,-79,-50
17966,46,70,-79,-50
17967,47,70,-79,-51
17968,48,70,-78,-52
17969,49,70,-78,-52
17970,50,70,-78,-53
17971,51,70,-78,-53
17972,52,70,-77,-54
17973,53,70,-77,-55
17974,54,70,-77,-55
17975,55,70,-76,-56
17976,56,70,-76,-57
17977,57,70,-76,-57
17978,58,70,-75,-59
17979,59,70,-75,-60
17980,60,70,-74,-61
17981,61,70,-74,-61
17982,62,70,-74,-62
17983,63,70,-73,-64
17984,64,70,-73,-64
17985,65,70,-73,-65
17986,66,70,-72,-66
17987,67,70,-72,-67
17988,68,70,-71,-68
17989,69,70,-71,-69
17990,70,70,-70,-70
17991,71,70,-69,-71
17992,72,70,-68,-71
17993,73,70,-67,-72
17994,74,70,-66,-73
17995,75,70,-65,-73
17996,76,70,-64,-73
17997,77,70,-62,-74
17998,78,70,-61,-75
17999,79,70,-59,-75
18000,80,70,-58,-76
18001,81,70,-57,-76
18002,82,70,-55,-76
18003,83,70,-53,-76
18004,84,70,-51,-76
18005,85,70,-49,-76
18006,86,70,-48,-76
18007,87,70,-46,-76
18008,88,70,-44,-76
18009,89,70,-42,-76
18010,90,70,-41,-76
18011,91,70,-39,-76
18012,92,70,-37,-76
18013,93,70,-35,-76
18014,94,70,-33,-76
18015,95,70,-32,-76
18016,96,70,-30,-76
18017,97,70,-28,-76
18018,98,70,-26,-76
18019,99,70,-24,-76
18020,100,70,-23,-76
18021,101,70,-21,-76
18022,102,70,-19,-76
18023,103,70,-17,-76
18024,104,70,-16,-76
18025,105,70,-14,-76
18026,106,70,-12,-76
18027,107,70,-10,-76
18028,108,70,-8,-76
18029,109,70,-7,-76
18030,110,70,-5,-76
18031,111,70,-3,-76
18032,112,70,-1,-76
18033,113,70,0,-76
18034,114,70,0,-76
18035,115,70,0,-76
18036,116,70,0,-76
18037,117,70,0,-76
18038,118,70,0,-76
18039,119,70,0,-76
18040,120,70,0,-76
18041,121,70,0,-76
18042,122,70,0,-76
18043,123,70,0,-76
18044,124,70,0,-76
18045,125,70,0,-76
18046,126,70,0,-76
18047,127,70,0,-76
18048,128,70,0,-76
18049,129,70,0,-76
18050,130,70,0,-76
18051,131,70,0,-76
18052,132,70,0,-76
18053,133,70,0,-76
18054,134,70,0,-76
18055,135,70,0,-76
18056,136,70,0,-76
18057,137,70,0,-76
18058,138,70,0,-76
18059,139,70,0,-76
18060,140,70,0,-76
18061,141,70,0,-76
18062,142,70,0,-76
18063,143,70,0,-76
18064,144,70,1,-76
18065,145,70,3,-76
18066,146,70,5,-76
18067,147,70,7,-76
18068,148,70,8,-76
18069,149,70,10,-76
18070,150,70,12,-76
18071,151,70,14,-76
18072,152,70,16,-76
18073,153,70,17,-76
18074,154,70,19,-76
18075,155,70,21,-76
18076,156,70,23,-76
18077,157,70,24,-76
18078,158,70,26,-76
18079,159,70,28,-76
18080,160,70,30,-76
18081,161,70,32,-76
18082,162,70,33,-76
18083,163,70,35,-76
18084,164,70,37,-76
18085,165,70,39,-76
18086,166,70,41,-76
18087,167,70,42,-76
18088,168,70,44,-76
18089,169,70,46,-76
18090,170,70,48,-76
18091,171,70,49,-76
18092,172,70,51,-76
18093,173,70,53,-76
18094,174,70,55,-76
18095,175,70,57,-76
18096,176,70,58,-76
18097,177,70,59,-75
18098,178,70,61,-75
18099,179,70,62,-74
18100,180,70,64,-73
18101,181,70,65,-73
18102,182,70,66,-73
18103,183,70,67,-72
18104,184,70,68,-71
18105,185,70,69,-71
18106,186,70,70,-70
18107,187,70,71,-69
18108,188,70,71,-68
18109,189,70,72,-67
18110,190,70,72,-66
18111,191,70,73,-65
18112,192,70,73,-64
18113,193,70,73,-64
18114,194,70,74,-62
18115,195,70,74,-61
18116,196,70,74,-61
18117,197,70,75,-60
18118,198,70,75,-59
18119,199,70,76,-57
18120,200,70,76,-57
18121,201,70,76,-56
18122,202,70,77,-55
18123,203,70,77,-55
18124,204,70,77,-54
18125,205,70,78,-53
18126,206,70,78,-53
18127,207,70,78,-52
18128,208,70,78,-52
18129,209,70,79,-51
18130,210,70,79,-50
18131,211,70,79,-50
18132,212,70,79,-49
18133,213,70,80,-48
18134,214,70,80,-48
18135,215,70,80,-48
18136,216,70,80,-46
18137,217,70,80,-46
18138,218,70,81,-46
18139,219,70,81,-45
18140,220,70,81,-45
18141,221,70,81,-45
18142,222,70,81,-44
18143,223,70,82,-43
18144,224,70,82,-43
18145,225,70,82,-43
18146,226,70,82,-43
18147,227,70,82,-41
18148,228,70,82,-41
18149,229,70,83,-41
18150,230,70,83,-41
18151,231,70,83,-40
18152,232,70,83,-39
18153,233,70,83,-39
18154,234,70,83,-39
18155,235,70,83,-39
18156,236,70,84,-38
18157,237,70,84,-38
18158,238,70,84,-38
18159,239,70,84,-37
18160,240,70,84,-37
18161,241,70,84,-37
18162,242,70,85,-36
18163,243,70,85,-36
18164,244,70,85,-36
18165,245,70,85,-35
18166,246,70,85,-35
18167,247,70,85,-35
18168,248,70,85,-34
18169,249,70,85,-34
18170,250,70,85,-34
18171,251,70,86,-33
18172,252,70,86,-33
18173,253,70,86,-33
18174,254,70,86,-33
18175,255,70,86,-32
18176,0,71,-87,-31
18177,1,71,-86,-32
18178,2,71,-86,-32
18179,3,71,-86,-32
18180,4,71,-86,-32
18181,5,71,-86,-33
18182,6,71,-86,-33
18183,7,71,-86,-33
18184,8,71,-85,-34
18185,9,71,-85,-34
18186,10,71,-85,-34
18187,11,71,-85,-35
18188,12,71,-85,-35
18189,13,71,-85,-35
18190,14,71,-85,-36
18191,15,71,-85,-36
18192,16,71,-85,-36
18193,17,71,-84,-37
18194,18,71,-84,-37
18195,19,71,-84,-37
18196,20,71,-84,-38
18197,21,71,-84,-38
18198,22,71,-84,-38
18199,23,71,-83,-39
18200,24,71,-83,-39
18201,25,71,-83,-39
18202,26,71,-83,-39
18203,27,71,-83,-40
18204,28,71,-83,-41
18205,29,71,-83,-41
18206,30,71,-82,-41
18207,31,71,-82,-41
18208,32,71,-82,-43
18209,33,71,-82,-43
18210,34,71,-82,-43
18211,35,71,-82,-43
18212,36,71,-81,-44
18213,37,71,-81,-45
18214,38,71,-81,-45
18215,39,71,-81,-46
18216,40,71,-81,-46
18217,41,71,-80,-46
18218,42,71,-80,-46
18219,43,71,-80,-48
18220,44,71,-80,-48
18221,45,71,-80,-48
18222,46,71,-79,-50
18223,47,71,-79,-50
18224,48,71,-79,-51
18225,49,71,-79,-51
18226,50,71,-78,-52
18227,51,71,-78,-53
18228,52,71,-78,-53
18229,53,71,-77,-54
18230,54,71,-77,-54
18231,55,71,-77,-55
18232,56,71,-76,-56
18233,57,71,-76,-57
18234,58,71,-76,-57
18235,59,71,-75,-59
18236,60,71,-75,-60
18237,61,71,-75,-60
18238,62,71,-74,-61
18239,63,71,-74,-62
18240,64,71,-73,-64
18241,65,71,-73,-64
18242,66,71,-73,-65
18243,67,71,-72,-66
18244,68,71,-72,-67
18245,69,71,-71,-68
18246,70,71,-71,-69
18247,71,71,-70,-70
18248,72,71,-69,-71
18249,73,71,-68,-72
18250,74,71,-67,-72
18251,75,71,-66,-73
18252,76,71,-65,-73
18253,77,71,-63,-73
18254,78,71,-62,-74
18255,79,71,-60,-74
18256,80,71,-58,-74
18257,81,71,-57,-74
18258,82,71,-55,-74
18259,83,71,-53,-74
18260,84,71,-51,-74
18261,85,71,-49,-74
18262,86,71,-48,-74
18263,87,71,-46,-74
18264,88,71,-44,-74
18265,89,71,-42,-74
18266,90,71,-41,-74
18267,91,71,-39,-74
18268,92,71,-37,-74
18269,93,71,-35,-74
18270,94,71,-33,-74
18271,95,71,-32,-74
18272,96,71,-30,-74
18273,97,71,-28,-74
18274,98,71,-26,-74
18275,99,71,-24,-74
18276,100,71,-23,-74
18277,101,71,-21,-74
18278,102,71,-19,-74
18279,103,71,-17,-74
18280,104,71,-16,-74
18281,105,71,-14,-74
18282,106,71,-12,-74
18283,107,71,-10,-74
18284,108,71,-8,-74
18285,109,71,-7,-74
18286,110,71,-5,-74
18287,111,71,-3,-74
18288,112,71,-1,-74
18289,113,71,0,-74
18290,114,71,0,-74
18291,115,71,0,-74
18292,116,71,0,-74
18293,117,71,0,-74
18294,118,71,0,-74
18295,119,71,0,-74
18296,120,71,0,-74
18297,121,71,0,-74
18298,122,71,0,-74
18299,123,71,0,-74
18300,124,71,0,-74
18301,125,71,0,-74
18302,126,71,0,-74
18303,127,71,0,-74
18304,128,71,0,-74
18305,129,71,0,-74
18306,130,71,0,-74
18307,131,71,0,-74
18308,132,71,0,-74
18309,133,71,0,-74
18310,134,71,0,-74
18311,135,71,0,-74
18312,136,71,0,-74
18313,137,71,0,-74
18314,138,71,0,-74
18315,139,71,0,-74
18316,140,71,0,-74
18317,141,71,0,-74
18318,142,71,0,-74
18319,143,71,0,-74
18320,144,71,1,-74
18321,145,71,3,-74
18322,146,71,5,-74
18323,147,71,7,-74
18324,148,71,8,-74
18325,149,71,10,-74
18326,150,71,12,-74
18327,151,71,14,-74
18328,152,71,16,-74
18329,153,71,17,-74
18330,154,71,19,-74
18331,155,71,21,-74
18332,156,71,23,-74
18333,157,71,24,-74
18334,158,71,26,-74
18335,159,71,28,-74
18336,160,71,30,-74
18337,161,71,32,-74
18338,162,71,33,-74
18339,163,71,35,-74
18340,164,71,37,-74
18341,165,71,39,-74
18342,166,71,41,-74
18343,167,71,42,-74
18344,168,71,44,-74
18345,169,71,46,-74
18346,170,71,48,-74
18347,171,71,49,-74
18348,172,71,51,-74
18349,173,71,53,-74
18350,174,71,55,-74
18351,175,71,57,-74
18352,176,71,58,-74
18353,177,71,60,-74
18354,178,71,62,-74
18355,179,71,63,-73
18356,180,71,65,-73
18357,181,71,66,-73
18358,182,71,67,-72
18359,183,71,68,-72
18360,184,71,69,-71
18361,185,71,70,-70
18362,186,71,71,-69
18363,187,71,71,-68
18364,188,71,72,-67
18365,189,71,72,-66
18366,190,71,73,-65
18367,191,71,73,-64
18368,192,71,73,-64
18369,193,71,74,-62
18370,194,71,74,-61
18371,195,71,75,-60
18372,196,71,75,-60
18373,197,71,75,-59
18374,198,71,76,-57
18375,199,71,76,-57
18376,200,71,76,-56
18377,201,71,77,-55
18378,202,71,77,-54
18379,203,71,77,-54
18380,204,71,78,-53
18381,205,71,78,-53
18382,206,71,78,-52
18383,207,71,79,-51
18384,208,71,79,-51
18385,209,71,79,-50
18386,210,71,79,-50
18387,211,71,80,-48
18388,212,71,80,-48
18389,213,71,80,-48
18390,214,71,80,-46
18391,215,71,80,-46
18392,216,71,81,-46
18393,217,71,81,-46
18394,218,71,81,-45
18395,219,71,81,-45
18396,220,71,81,-44
18397,221,71,82,-43
18398,222,71,82,-43
18399,223,71,82,-43
18400,224,71,82,-43
18401,225,71,82,-41
18402,226,71,82,-41
18403,227,71,83,-41
18404,228,71,83,-41
18405,229,71,83,-40
18406,230,71,83,-39
18407,231,71,83,-39
18408,232,71,83,-39
18409,233,71,83,-39
18410,234,71,84,-38
18411,235,71,84,-38
18412,236,71,84,-38
18413,237,71,84,-37
18414,238,71,84,-37
18415,239,71,84,-37
18416,240,71,85,-36
18417,241,71,85,-36
18418,242,71,85,-36
18419,243,71,85,-35
18420,244,71,85,-35
18421,245,71,85,-35
18422,246,71,85,-34
18423,247,71,85,-34
18424,248,71,85,-34
18425,249,71,86,-33
18426,250,71,86,-33
18427,251,71,86,-33
18428,252,71,86,-32
18429,253,71,86,-32
18430,254,71,86,-32
18431,255,71,86,-32
18432,0,72,-87,-31
18433,1,72,-87,-31
18434,2,72,-87,-31
18435,3,72,-87,-31
18436,4,72,-86,-32
18437,5,72,-86,-32
18438,6,72,-86,-32
18439,7,72,-86,-33
18440,8,72,-86,-33
18441,9,72,-86,-33
18442,10,72,-86,-33
18443,11,72,-85,-34
18444,12,72,-85,-34
18445,13,72,-85,-34
18446,14,72,-85,-35
18447,15,72,-85,-35
18448,16,72,-85,-35
18449,17,72,-85,-36
18450,18,72,-85,-36
18451,19,72,-85,-36
18452,20,72,-84,-37
18453,21,72,-84,-37
18454,22,72,-84,-38
18455,23,72,-84,-38
18456,24,72,-84,-38
18457,25,72,-83,-39
18458,26,72,-83,-39
18459,27,72,-83,-39
18460,28,72,-83,-39
18461,29,72,-83,-40
18462,30,72,-83,-41
18463,31,72,-83,-41
18464,32,72,-82,-41
18465,33,72,-82,-42
18466,34,72,-82,-43
18467,35,72,-82,-43
18468,36,72,-82,-43
18469,37,72,-82,-43
18470,38,72,-81,-44
18471,39,72,-81,-45
18472,40,72,-81,-45
18473,41,72,-81,-46
18474,42,72,-80,-46
18475,43,72,-80,-46
18476,44,72,-80,-48
18477,45,72,-80,-48
18478,46,72,-80,-48
18479,47,72,-79,-49
18480,48,72,-79,-50
18481,49,72,-79,-50
18482,50,72,-79,-51
18483,51,72,-78,-52
18484,52,72,-78,-52
18485,53,72,-78,-53
18486,54,72,-77,-54
18487,55,72,-77,-54
18488,56,72,-77,-55
18489,57,72,-76,-56
18490,58,72,-76,-56
18491,59,72,-76,-57
18492,60,72,-76,-58
18493,61,72,-75,-59
18494,62,72,-75,-60
18495,63,72,-74,-61
18496,64,72,-74,-62
18497,65,72,-74,-62
18498,66,72,-73,-64
18499,67,72,-73,-65
18500,68,72,-72,-66
18501,69,72,-72,-67
18502,70,72,-71,-68
18503,71,72,-71,-69
18504,72,72,-70,-70
18505,73,72,-69,-71
18506,74,72,-68,-72
18507,75,72,-66,-72
18508,76,72,-66,-73
18509,77,72,-64,-73
18510,78,72,-62,-73
18511,79,72,-60,-73
18512,80,72,-58,-73
18513,81,72,-57,-73
18514,82,72,-55,-73
18515,83,72,-53,-73
18516,84,72,-51,-73
18517,85,72,-49,-73
18518,86,72,-48,-73
18519,87,72,-46,-73
18520,88,72,-44,-73
18521,89,72,-42,-73
18522,90,72,-41,-73
18523,91,72,-39,-73
18524,92,72,-37,-73
18525,93,72,-35,-73
18526,94,72,-33,-73
18527,95,72,-32,-73
18528,96,72,-30,-73
18529,97,72,-28,-73
18530,98,72,-26,-73
18531,99,72,-24,-73
18532,100,72,-23,-73
18533,101,72,-21,-73
18534,102,72,-19,-73
18535,103,72,-17,-73
18536,104,72,-16,-73
18537,105,72,-14,-73
18538,106,72,-12,-73
18539,107,72,-10,-73
18540,108,72,-8,-73
18541,109,72,-7,-73
18542,110,72,-5,-73
18543,111,72,-3,-73
18544,112,72,-1,-73
18545,113,72,0,-73
18546,114,72,0,-73
18547,115,72,0,-73
18548,116,72,0,-73
18549,117,72,0,-73
18550,118,72,0,-73
18551,119,72,0,-73
18552,120,72,0,-73
18553,121,72,0,-73
18554,122,72,0,-73
18555,123,72,0,-73
18556,124,72,0,-73
18557,125,72,0,-73
18558,126,72,0,-73
18559,127,72,0,-73
18560,128,72,0,-73
18561,129,72,0,-73
18562,130,72,0,-73
18563,131,72,0,-73
18564,132,72,0,-73
18565,133,72,0,-73
18566,134,72,0,-73
18567,135,72,0,-73
18568,136,72,0,-73
18569,137,72,0,-73
18570,138,72,0,-73
18571,139,72,0,-73
18572,140,72,0,-73
18573,141,72,0,-73
18574,142,72,0,-73
18575,143,72,0,-73
18576,144,72,1,-73
18577,145,72,3,-73
18578,146,72,5,-73
18579,147,72,7,-73
18580,148,72,8,-73
18581,149,72,10,-73
18582,150,72,12,-73
18583,151,72,14,-73
18584,152,72,16,-73
18585,153,72,17,-73
18586,154,72,19,-73
18587,155,72,21,-73
18588,156,72,23,-73
18589,157,72,24,-73
18590,158,72,26,-73
18591,159,72,28,-73
18592,160,72,30,-73
18593,161,72,32,-73
18594,162,72,33,-73
18595,163,72,35,-73
18596,164,72,37,-73
18597,165,72,39,-73
18598,166,72,41,-73
18599,167,72,42,-73
18600,168,72,44,-73
18601,169,72,46,-73
18602,170,72,48,-73
18603,171,72,49,-73
18604,172,72,51,-73
18605,173,72,53,-73
18606,174,72,55,-73
18607,175,72,57,-73
18608,176,72,58,-73
18609,177,72,60,-73
18610,178,72,62,-73
18611,179,72,64,-73
18612,180,72,66,-73
18613,181,72,66,-72
18614,182,72,68,-72
18615,183,72,69,-71
18616,184,72,70,-70
18617,185,72,71,-69
18618,186,72,71,-68
18619,187,72,72,-67
18620,188,72,72,-66
18621,189,72,73,-65
18622,190,72,73,-64
18623,191,72,74,-62
18624,192,72,74,-62
18625,193,72,74,-61
18626,194,72,75,-60
18627,195,72,75,-59
18628,196,72,76,-58
18629,197,72,76,-57
18630,198,72,76,-56
18631,199,72,76,-56
18632,200,72,77,-55
18633,201,72,77,-54
18634,202,72,77,-54
18635,203,72,78,-53
18636,204,72,78,-52
18637,205,72,78,-52
18638,206,72,79,-51
18639,207,72,79,-50
18640,208,72,79,-50
18641,209,72,79,-49
18642,210,72,80,-48
18643,211,72,80,-48
18644,212,72,80,-48
18645,213,72,80,-46
18646,214,72,80,-46
18647,215,72,81,-46
18648,216,72,81,-45
18649,217,72,81,-45
18650,218,72,81,-44
18651,219,72,82,-43
18652,220,72,82,-43
18653,221,72,82,-43
18654,222,72,82,-43
18655,223,72,82,-42
18656,224,72,82,-41
18657,225,72,83,-41
18658,226,72,83,-41
18659,227,72,83,-40
18660,228,72,83,-39
18661,229,72,83,-39
18662,230,72,83,-39
18663,231,72,83,-39
18664,232,72,84,-38
18665,233,72,84,-38
18666,234,72,84,-38
18667,235,72,84,-37
18668,236,72,84,-37
18669,237,72,85,-36
18670,238,72,85,-36
18671,239,72,85,-36
18672,240,72,85,-35
18673,241,72,85,-35
18674,242,72,85,-35
18675,243,72,85,-34
18676,244,72,85,-34
18677,245,72,85,-34
18678,246,72,86,-33
18679,247,72,86,-33
18680,248,72,86,-33
18681,249,72,86,-33
18682,250,72,86,-32
18683,251,72,86,-32
18684,252,72,86,-32
18685,253,72,87,-31
18686,254,72,87,-31
18687,255,72,87,-31
18688,0,73,-87,-30
18689,1,73,-87,-30
18690,2,73,-87,-30
18691,3,73,-87,-31
18692,4,73,-87,-31
18693,5,73,-87,-31
18694,6,73,-86,-32
18695,7,73,-86,-32
18696,8,73,-86,-32
18697,9,73,-86,-32
18698,10,73,-86,-33
18699,11,73,-86,-33
18700,12,73,-86,-33
18701,13,73,-85,-34
18702,14,73,-85,-34
18703,15,73,-85,-34
18704,16,73,-85,-35
18705,17,73,-85,-35
18706,18,73,-85,-35
18707,19,73,-85,-36
18708,20,73,-85,-36
18709,21,73,-85,-36
18710,22,73,-84,-37
18711,23,73,-84,-37
18712,24,73,-84,-37
18713,25,73,-84,-38
18714,26,73,-84,-38
18715,27,73,-83,-39
18716,28,73,-83,-39
18717,29,73,-83,-39
18718,30,73,-83,-39
18719,31,73,-83,-40
18720,32,73,-83,-41
18721,33,73,-83,-41
18722,34,73,-82,-41
18723,35,73,-82,-42
18724,36,73,-82,-43
18725,37,73,-82,-43
18726,38,73,-82,-43
18727,39,73,-81,-44
18728,40,73,-81,-45
18729,41,73,-81,-45
18730,42,73,-81,-45
18731,43,73,-81,-46
18732,44,73,-80,-46
18733,45,73,-80,-46
18734,46,73,-80,-48
18735,47,73,-80,-48
18736,48,73,-80,-48
18737,49,73,-79,-49
18738,50,73,-79,-50
18739,51,73,-79,-50
18740,52,73,-79,-51
18741,53,73,-78,-52
18742,54,73,-78,-53
18743,55,73,-78,-53
18744,56,73,-77,-54
18745,57,73,-77,-55
18746,58,73,-77,-55
18747,59,73,-76,-56
18748,60,73,-76,-57
18749,61,73,-76,-57
18750,62,73,-75,-59
18751,63,73,-75,-60
18752,64,73,-74,-61
18753,65,73,-74,-62
18754,66,73,-74,-62
18755,67,73,-73,-64
18756,68,73,-73,-65
18757,69,73,-72,-66
18758,70,73,-72,-67
18759,71,73,-72,-68
18760,72,73,-71,-69
18761,73,73,-70,-70
18762,74,73,-69,-71
18763,75,73,-67,-71
18764,76,73,-66,-71
18765,77,73,-64,-71
18766,78,73,-62,-71
18767,79,73,-60,-71
18768,80,73,-58,-71
18769,81,73,-57,-71
18770,82,73,-55,-71
18771,83,73,-53,-71
18772,84,73,-51,-71
18773,85,73,-49,-71
18774,86,73,-48,-71
18775,87,73,-46,-71
18776,88,73,-44,-71
18777,89,73,-42,-71
18778,90,73,-41,-71
18779,91,73,-39,-71
18780,92,73,-37,-71
18781,93,73,-35,-71
18782,94,73,-33,-71
18783,95,73,-32,-71
18784,96,73,-30,-71
18785,97,73,-28,-71
18786,98,73,-26,-71
18787,99,73,-24,-71
18788,100,73,-23,-71
18789,101,73,-21,-71
18790,102,73,-19,-71
18791,103,73,-17,-71
18792,104,73,-16,-71
18793,105,73,-14,-71
18794,106,73,-12,-71
18795,107,73,-10,-71
18796,108,73,-8,-71
18797,109,73,-7,-71
18798,110,73,-5,-71
18799,111,73,-3,-71
18800,112,73,-1,-71
18801,113,73,0,-71
18802,114,73,0,-71
18803,115,73,0,-71
18804,116,73,0,-71
18805,117,73,0,-71
18806,118,73,0,-71
18807,119,73,0,-71
18808,120,73,0,-71
18809,121,73,0,-71
18810,122,73,0,-71
18811,123,73,0,-71
18812,124,73,0,-71
18813,125,73,0,-71
18814,126,73,0,-71
18815,127,73,0,-71
18816,128,73,0,-71
18817,129,73,0,-71
18818,130,73,0,-71
18819,131,73,0,-71
18820,132,73,0,-71
18821,133,73,0,-71
18822,134,73,0,-71
18823,135,73,0,-71
18824,136,73,0,-71
18825,137,73,0,-71
18826,138,73,0,-71
18827,139,73,0,-71
18828,140,73,0,-71
18829,141,73,0,-71
18830,142,73,0,-71
18831,143,73,0,-71
18832,144,73,1,-71
18833,145,73,3,-71
18834,146,73,5,-71
18835,147,73,7,-71
18836,148,73,8,-71
18837,149,73,10,-71
18838,150,73,12,-71
18839,151,73,14,-71
18840,152,73,16,-71
18841,153,73,17,-71
18842,154,73,19,-71
18843,155,73,21,-71
18844,156,73,23,-71
18845,157,73,24,-71
18846,158,73,26,-71
18847,159,73,28,-71
18848,160,73,30,-71
18849,161,73,32,-71
18850,162,73,33,-71
18851,163,73,35,-71
18852,164,73,37,-71
18853,165,73,39,-71
18854,166,73,41,-71
18855,167,73,42,-71
18856,168,73,44,-71
18857,169,73,46,-71
18858,170,73,48,-71
18859,171,73,49,-71
18860,172,73,51,-71
18861,173,73,53,-71
18862,174,73,55,-71
18863,175,73,57,-71
18864,176,73,58,-71
18865,177,73,60,-71
18866,178,73,62,-71
18867,179,73,64,-71
18868,180,73,66,-71
18869,181,73,67,-71
18870,182,73,69,-71
18871,183,73,70,-70
18872,184,73,71,-69
18873,185,73,72,-68
18874,186,73,72,-67
18875,187,73,72,-66
18876,188,73,73,-65
18877,189,73,73,-64
18878,190,73,74,-62
18879,191,73,74,-62
18880,192,73,74,-61
18881,193,73,75,-60
18882,194,73,75,-59
18883,195,73,76,-57
18884,196,73,76,-57
18885,197,73,76,-56
18886,198,73,77,-55
18887,199,73,77,-55
18888,200,73,77,-54
18889,201,73,78,-53
18890,202,73,78,-53
18891,203,73,78,-52
18892,204,73,79,-51
18893,205,73,79,-50
18894,206,73,79,-50
18895,207,73,79,-49
18896,208,73,80,-48
18897,209,73,80,-48
18898,210,73,80,-48
18899,211,73,80,-46
18900,212,73,80,-46
18901,213,73,81,-46
18902,214,73,81,-45
18903,215,73,81,-45
18904,216,73,81,-45
18905,217,73,81,-44
18906,218,73,82,-43
18907,219,73,82,-43
18908,220,73,82,-43
18909,221,73,82,-42
18910,222,73,82,-41
18911,223,73,83,-41
18912,224,73,83,-41
18913,225,73,83,-40
18914,226,73,83,-39
18915,227,73,83,-39
18916,228,73,83,-39
18917,229,73,83,-39
18918,230,73,84,-38
18919,231,73,84,-38
18920,232,73,84,-37
18921,233,73,84,-37
18922,234,73,84,-37
18923,235,73,85,-36
18924,236,73,85,-36
18925,237,73,85,-36
18926,238,73,85,-35
18927,239,73,85,-35
18928,240,73,85,-35
18929,241,73,85,-34
18930,242,73,85,-34
18931,243,73,85,-34
18932,244,73,86,-33
18933,245,73,86,-33
18934,246,73,86,-33
18935,247,73,86,-32
18936,248,73,86,-32
18937,249,73,86,-32
18938,250,73,86,-32
18939,251,73,87,-31
18940,252,73,87,-31
18941,253,73,87,-31
18942,254,73,87,-30
18943,255,73,87,-30
18944,0,74,-87,-29
18945,1,74,-87,-29
18946,2,74,-87,-30
18947,3,74,-87,-30
18948,4,74,-87,-30
18949,5,74,-87,-30
18950,6,74,-87,-31
18951,7,74,-87,-31
18952,8,74,-87,-31
18953,9,74,-86,-32
18954,10,74,-86,-32
18955,11,74,-86,-32
18956,12,74,-86,-33
18957,13,74,-86,-33
18958,14,74,-86,-33
18959,15,74,-86,-33
18960,16,74,-85,-34
18961,17,74,-85,-34
18962,18,74,-85,-34
18963,19,74,-85,-35
18964,20,74,-85,-35
18965,21,74,-85,-36
18966,22,74,-85,-36
18967,23,74,-85,-36
18968,24,74,-84,-37
18969,25,74,-84,-37
18970,26,74,-84,-37
18971,27,74,-84,-38
18972,28,74,-84,-38
18973,29,74,-83,-39
18974,30,74,-83,-39
18975,31,74,-83,-39
18976,32,74,-83,-39
18977,33,74,-83,-40
18978,34,74,-83,-41
18979,35,74,-83,-41
18980,36,74,-82,-41
18981,37,74,-82,-42
18982,38,74,-82,-43
18983,39,74,-82,-43
18984,40,74,-82,-43
18985,41,74,-81,-44
18986,42,74,-81,-45
18987,43,74,-81,-45
18988,44,74,-81,-45
18989,45,74,-81,-46
18990,46,74,-80,-46
18991,47,74,-80,-46
18992,48,74,-80,-48
18993,49,74,-80,-48
18994,50,74,-80,-48
18995,51,74,-79,-50
18996,52,74,-79,-50
18997,53,74,-79,-51
18998,54,74,-78,-52
18999,55,74,-78,-52
19000,56,74,-78,-53
19001,57,74,-77,-54
19002,58,74,-77,-54
19003,59,74,-77,-55
19004,60,74,-76,-56
19005,61,74,-76,-57
19006,62,74,-76,-57
19007,63,74,-75,-59
19008,64,74,-75,-60
19009,65,74,-74,-61
19010,66,74,-74,-61
19011,67,74,-74,-62
19012,68,74,-73,-64
19013,69,74,-73,-65
19014,70,74,-73,-66
19015,71,74,-72,-67
19016,72,74,-72,-68
19017,73,74,-71,-69
19018,74,74,-69,-69
19019,75,74,-67,-69
19020,76,74,-66,-69
19021,77,74,-64,-69
19022,78,74,-62,-69
19023,79,74,-60,-69
19024,80,74,-58,-69
19025,81,74,-57,-69
19026,82,74,-55,-69
19027,83,74,-53,-69
19028,84,74,-51,-69
19029,85,74,-49,-69
19030,86,74,-48,-69
19031,87,74,-46,-69
19032,88,74,-44,-69
19033,89,74,-42,-69
19034,90,74,-41,-69
19035,91,74,-39,-69
19036,92,74,-37,-69
19037,93,74,-35,-69
19038,94,74,-33,-69
19039,95,74,-32,-69
19040,96,74,-30,-69
19041,97,74,-28,-69
19042,98,74,-26,-69
19043,99,74,-24,-69
19044,100,74,-23,-69
19045,101,74,-21,-69
19046,102,74,-19,-69
19047,103,74,-17,-69
19048,104,74,-16,-69
19049,105,74,-14,-69
19050,106,74,-12,-69
19051,107,74,-10,-69
19052,108,74,-8,-69
19053,109,74,-7,-69
19054,110,74,-5,-69
19055,111,74,-3,-69
19056,112,74,-1,-69
19057,113,74,0,-69
19058,114,74,0,-69
19059,115,74,0,-69
19060,116,74,0,-69
19061,117,74,0,-69
19062,118,74,0,-69
19063,119,74,0,-69
19064,120,74,0,-69
19065,121,74,0,-69
19066,122,74,0,-69
19067,123,74,0,-69
19068,124,74,0,-69
19069,125,74,0,-69
19070,126,74,0,-69
19071,127,74,0,-69
19072,128,74,0,-69
19073,129,74,0,-69
19074,130,74,0,-69
19075,131,74,0,-69
19076,132,74,0,-69
19077,133,74,0,-69
19078,134,74,0,-69
19079,135,74,0,-69
19080,136,74,0,-69
19081,137,74,0,-69
19082,138,74,0,-69
19083,139,74,0,-69
19084,140,74,0,-69
19085,141,74,0,-69
19086,142,74,0,-69
19087,143,74,0,-69
19088,144,74,1,-69
19089,145,74,3,-69
19090,146,74,5,-69
19091,147,74,7,-69
19092,148,74,8,-69
19093,149,74,10,-69
19094,150,74,12,-69
19095,151,74,14,-69
19096,152,74,16,-69
19097,153,74,17,-69
19098,154,74,19,-69
19099,155,74,21,-69
19100,156,74,23,-69
19101,157,74,24,-69
19102,158,74,26,-69
19103,159,74,28,-69
19104,160,74,30,-69
19105,161,74,32,-69
19106,162,74,33,-69
19107,163,74,35,-69
19108,164,74,37,-69
19109,165,74,39,-69
19110,166,74,41,-69
19111,167,74,42,-69
19112,168,74,44,-69
19113,169,74,46,-69
19114,170,74,48,-69
19115,171,74,49,-69
19116,172,74,51,-69
19117,173,74,53,-69
19118,174,74,55,-69
19119,175,74,57,-69
19120,176,74,58,-69
19121,177,74,60,-69
19122,178,74,62,-69
19123,179,74,64,-69
19124,180,74,66,-69
19125,181,74,67,-69
19126,182,74,69,-69
19127,183,74,71,-69
19128,184,74,72,-68
19129,185,74,72,-67
19130,186,74,73,-66
19131,187,74,73,-65
19132,188,74,73,-64
19133,189,74,74,-62
19134,190,74,74,-61
19135,191,74,74,-61
19136,192,74,75,-60
19137,193,74,75,-59
19138,194,74,76,-57
19139,195,74,76,-57
19140,196,74,76,-56
19141,197,74,77,-55
19142,198,74,77,-54
19143,199,74,77,-54
19144,200,74,78,-53
19145,201,74,78,-52
19146,202,74,78,-52
19147,203,74,79,-51
19148,204,74,79,-50
19149,205,74,79,-50
19150,206,74,80,-48
19151,207,74,80,-48
19152,208,74,80,-48
19153,209,74,80,-46
19154,210,74,80,-46
19155,211,74,81,-46
19156,212,74,81,-45
19157,213,74,81,-45
19158,214,74,81,-45
19159,215,74,81,-44
19160,216,74,82,-43
19161,217,74,82,-43
19162,218,74,82,-43
19163,219,74,82,-42
19164,220,74,82,-41
19165,221,74,83,-41
19166,222,74,83,-41
19167,223,74,83,-40
19168,224,74,83,-39
19169,225,74,83,-39
19170,226,74,83,-39
19171,227,74,83,-39
19172,228,74,84,-38
19173,229,74,84,-38
19174,230,74,84,-37
19175,231,74,84,-37
19176,232,74,84,-37
19177,233,74,85,-36
19178,234,74,85,-36
19179,235,74,85,-36
19180,236,74,85,-35
19181,237,74,85,-35
19182,238,74,85,-34
19183,239,74,85,-34
19184,240,74,85,-34
19185,241,74,86,-33
19186,242,74,86,-33
19187,243,74,86,-33
19188,244,74,86,-33
19189,245,74,86,-32
19190,246,74,86,-32
19191,247,74,86,-32
19192,248,74,87,-31
19193,249,74,87,-31
19194,250,74,87,-31
19195,251,74,87,-30
19196,252,74,87,-30
19197,253,74,87,-30
19198,254,74,87,-30
19199,255,74,87,-29
19200,0,75,-88,-29
19201,1,75,-87,-29
19202,2,75,-87,-29
19203,3,75,-87,-29
19204,4,75,-87,-29
19205,5,75,-87,-30
19206,6,75,-87,-30
19207,7,75,-87,-30
19208,8,75,-87,-31
19209,9,75,-87,-31
19210,10,75,-87,-31
19211,11,75,-87,-31
19212,12,75,-86,-32
19213,13,75,-86,-32
19214,14,75,-86,-32
19215,15,75,-86,-33
19216,16,75,-86,-33
19217,17,75,-86,-33
19218,18,75,-85,-34
19219,19,75,-85,-34
19220,20,75,-85,-34
19221,21,75,-85,-35
19222,22,75,-85,-35
19223,23,75,-85,-35
19224,24,75,-85,-36
19225,25,75,-85,-36
19226,26,75,-84,-37
19227,27,75,-84,-37
19228,28,75,-84,-37
19229,29,75,-84,-38
19230,30,75,-84,-38
19231,31,75,-83,-39
19232,32,75,-83,-39
19233,33,75,-83,-39
19234,34,75,-83,-39
19235,35,75,-83,-40
19236,36,75,-83,-41
19237,37,75,-83,-41
19238,38,75,-82,-41
19239,39,75,-82,-42
19240,40,75,-82,-43
19241,41,75,-82,-43
19242,42,75,-82,-43
19243,43,75,-81,-44
19244,44,75,-81,-45
19245,45,75,-81,-45
19246,46,75,-81,-46
19247,47,75,-81,-46
19248,48,75,-80,-46
19249,49,75,-80,-48
19250,50,75,-80,-48
19251,51,75,-80,-48
19252,52,75,-79,-49
19253,53,75,-79,-50
19254,54,75,-79,-50
19255,55,75,-79,-51
19256,56,75,-78,-52
19257,57,75,-78,-53
19258,58,75,-78,-53
19259,59,75,-77,-54
19260,60,75,-77,-55
19261,61,75,-76,-56
19262,62,75,-76,-56
19263,63,75,-76,-57
19264,64,75,-76,-58
19265,65,75,-75,-60
19266,66,75,-75,-60
19267,67,75,-74,-61
19268,68,75,-74,-62
19269,69,75,-73,-64
19270,70,75,-73,-65
19271,71,75,-73,-66
19272,72,75,-72,-66
19273,73,75,-71,-67
19274,74,75,-69,-67
19275,75,75,-67,-67
19276,76,75,-66,-67
19277,77,75,-64,-67
19278,78,75,-62,-67
19279,79,75,-60,-67
19280,80,75,-58,-67
19281,81,75,-57,-67
19282,82,75,-55,-67
19283,83,75,-53,-67
19284,84,75,-51,-67
19285,85,75,-49,-67
19286,86,75,-48,-67
19287,87,75,-46,-67
19288,88,75,-44,-67
19289,89,75,-42,-67
19290,90,75,-41,-67
19291,91,75,-39,-67
19292,92,75,-37,-67
19293,93,75,-35,-67
19294,94,75,-33,-67
19295,95,75,-32,-67
19296,96,75,-30,-67
19297,97,75,-28,-67
19298,98,75,-26,-67
19299,99,75,-24,-67
19300,100,75,-23,-67
19301,101,75,-21,-67
19302,102,75,-19,-67
19303,103,75,-17,-67
19304,104,75,-16,-67
19305,105,75,-14,-67
19306,106,75,-12,-67
19307,107,75,-10,-67
19308,108,75,-8,-67
19309,109,75,-7,-67
19310,110,75,-5,-67
19311,111,75,-3,-67
19312,112,75,-1,-67
19313,113,75,0,-67
19314,114,75,0,-67
19315,115,75,0,-67
19316,116,75,0,-67
19317,117,75,0,-67
19318,118,75,0,-67
19319,119,75,0,-67
19320,120,75,0,-67
19321,121,75,0,-67
19322,122,75,0,-67
19323,123,75,0,-67
19324,124,75,0,-67
19325,125,75,0,-67
19326,126,75,0,-67
19327,127,75,0,-67
19328,128,75,0,-67
19329,129,75,0,-67
19330,130,75,0,-67
19331,131,75,0,-67
19332,132,75,0,-67
19333,133,75,0,-67
19334,134,75,0,-67
19335,135,75,0,-67
19336,136,75,0,-67
19337,137,75,0,-67
19338,138,75,0,-67
19339,139,75,0,-67
19340,140,75,0,-67
19341,141,75,0,-67
19342,142,75,0,-67
19343,143,75,0,-67
19344,144,75,1,-67
19345,145,75,3,-67
19346,146,75,5,-67
19347,147,75,7,-67
19348,148,75,8,-67
19349,149,75,10,-67
19350,150,75,12,-67
19351,151,75,14,-67
19352,152,75,16,-67
19353,153,75,17,-67
19354,154,75,19,-67
19355,155,75,21,-67
19356,156,75,23,-67
19357,157,75,24,-67
19358,158,75,26,-67
19359,159,75,28,-67
19360,160,75,30,-67
19361,161,75,32,-67
19362,162,75,33,-67
19363,163,75,35,-67
19364,164,75,37,-67
19365,165,75,39,-67
19366,166,75,41,-67
19367,167,75,42,-67
19368,168,75,44,-67
19369,169,75,46,-67
19370,170,75,48,-67
19371,171,75,49,-67
19372,172,75,51,-67
19373,173,75,53,-67
19374,174,75,55,-67
19375,175,75,57,-67
19376,176,75,58,-67
19377,177,75,60,-67
19378,178,75,62,-67
19379,179,75,64,-67
19380,180,75,66,-67
19381,181,75,67,-67
19382,182,75,69,-67
19383,183,75,71,-67
19384,184,75,72,-66
19385,185,75,73,-66
19386,186,75,73,-65
19387,187,75,73,-64
19388,188,75,74,-62
19389,189,75,74,-61
19390,190,75,75,-60
19391,191,75,75,-60
19392,192,75,76,-58
19393,193,75,76,-57
19394,194,75,76,-56
19395,195,75,76,-56
19396,196,75,77,-55
19397,197,75,77,-54
19398,198,75,78,-53
19399,199,75,78,-53
19400,200,75,78,-52
19401,201,75,79,-51
19402,202,75,79,-50
19403,203,75,79,-50
19404,204,75,79,-49
19405,205,75,80,-48
19406,206,75,80,-48
19407,207,75,80,-48
19408,208,75,80,-46
19409,209,75,81,-46
19410,210,75,81,-46
19411,211,75,81,-45
19412,212,75,81,-45
19413,213,75,81,-44
19414,214,75,82,-43
19415,215,75,82,-43
19416,216,75,82,-43
19417,217,75,82,-42
19418,218,75,82,-41
19419,219,75,83,-41
19420,220,75,83,-41
19421,221,75,83,-40
19422,222,75,83,-39
19423,223,75,83,-39
19424,224,75,83,-39
19425,225,75,83,-39
19426,226,75,84,-38
19427,227,75,84,-38
19428,228,75,84,-37
19429,229,75,84,-37
19430,230,75,84,-37
19431,231,75,85,-36
19432,232,75,85,-36
19433,233,75,85,-35
19434,234,75,85,-35
19435,235,75,85,-35
19436,236,75,85,-34
19437,237,75,85,-34
19438,238,75,85,-34
19439,239,75,86,-33
19440,240,75,86,-33
19441,241,75,86,-33
19442,242,75,86,-32
19443,243,75,86,-32
19444,244,75,86,-32
19445,245,75,87,-31
19446,246,75,87,-31
19447,247,75,87,-31
19448,248,75,87,-31
19449,249,75,87,-30
19450,250,75,87,-30
19451,251,75,87,-30
19452,252,75,87,-29
19453,253,75,87,-29
19454,254,75,87,-29
19455,255,75,87,-29
19456,0,76,-88,-28
19457,1,76,-88,-29
19458,2,76,-88,-29
19459,3,76,-88,-29
19460,4,76,-87,-29
19461,5,76,-87,-29
19462,6,76,-87,-29
19463,7,76,-87,-29
19464,8,76,-87,-30
19465,9,76,-87,-30
19466,10,76,-87,-30
19467,11,76,-87,-31
19468,12,76,-87,-31
19469,13,76,-87,-31
19470,14,76,-86,-32
19471,15,76,-86,-32
19472,16,76,-86,-32
19473,17,76,-86,-32
19474,18,76,-86,-33
19475,19,76,-86,-33
19476,20,76,-86,-33
19477,21,76,-85,-34
19478,22,76,-85,-34
19479,23,76,-85,-35
19480,24,76,-85,-35
19481,25,76,-85,-35
19482,26,76,-85,-36
19483,27,76,-85,-36
19484,28,76,-85,-36
19485,29,76,-84,-37
19486,30,76,-84,-37
19487,31,76,-84,-38
19488,32,76,-84,-38
19489,33,76,-84,-38
19490,34,76,-83,-39
19491,35,76,-83,-39
19492,36,76,-83,-39
19493,37,76,-83,-40
19494,38,76,-83,-41
19495,39,76,-83,-41
19496,40,76,-82,-41
19497,41,76,-82,-42
19498,42,76,-82,-43
19499,43,76,-82,-43
19500,44,76,-82,-43
19501,45,76,-81,-44
19502,46,76,-81,-45
19503,47,76,-81,-45
19504,48,76,-81,-46
19505,49,76,-80,-46
19506,50,76,-80,-46
19507,51,76,-80,-48
19508,52,76,-80,-48
19509,53,76,-80,-48
19510,54,76,-79,-50
19511,55,76,-79,-50
19512,56,76,-79,-51
19513,57,76,-78,-52
19514,58,76,-78,-52
19515,59,76,-78,-53
19516,60,76,-77,-54
19517,61,76,-77,-54
19518,62,76,-77,-55
19519,63,76,-76,-56
19520,64,76,-76,-57
19521,65,76,-76,-58
19522,66,76,-75,-59
19523,67,76,-75,-60
19524,68,76,-74,-61
19525,69,76,-74,-62
19526,70,76,-73,-64
19527,71,76,-73,-65
19528,72,76,-73,-66
19529,73,76,-71,-66
19530,74,76,-69,-66
19531,75,76,-67,-66
19532,76,76,-66,-66
19533,77,76,-64,-66
19534,78,76,-62,-66
19535,79,76,-60,-66
19536,80,76,-58,-66
19537,81,76,-57,-66
19538,82,76,-55,-66
19539,83,76,-53,-66
19540,84,76,-51,-66
19541,85,76,-49,-66
19542,86,76,-48,-66
19543,87,76,-46,-66
19544,88,76,-44,-66
19545,89,76,-42,-66
19546,90,76,-41,-66
19547,91,76,-39,-66
19548,92,76,-37,-66
19549,93,76,-35,-66
19550,94,76,-33,-66
19551,95,76,-32,-66
19552,96,76,-30,-66
19553,97,76,-28,-66
19554,98,76,-26,-66
19555,99,76,-24,-66
19556,100,76,-23,-66
19557,101,76,-21,-66
19558,102,76,-19,-66
19559,103,76,-17,-66
19560,104,76,-16,-66
19561,105,76,-14,-66
19562,106,76,-12,-66
19563,107,76,-10,-66
19564,108,76,-8,-66
19565,109,76,-7,-66
19566,110,76,-5,-66
19567,111,76,-3,-66
19568,112,76,-1,-66
19569,113,76,0,-66
19570,114,76,0,-66
19571,115,76,0,-66
19572,116,76,0,-66
19573,117,76,0,-66
19574,118,76,0,-66
19575,119,76,0,-66
19576,120,76,0,-66
19577,121,76,0,-66
19578,122,76,0,-66
19579,123,76,0,-66
19580,124,76,0,-66
19581,125,76,0,-66
19582,126,76,0,-66
19583,127,76,0,-66
19584,128,76,0,-66
19585,129,76,0,-66
19586,130,76,0,-66
19587,131,76,0,-66
19588,132,76,0,-66
19589,133,76,0,-66
19590,134,76,0,-66
19591,135,76,0,-66
19592,136,76,0,-66
19593,137,76,0,-66
19594,138,76,0,-66
19595,139,76,0,-66
19596,140,76,0,-66
19597,141,76,0,-66
19598,142,76,0,-66
19599,143,76,0,-66
19600,144,76,1,-66
19601,145,76,3,-66
19602,146,76,5,-66
19603,147,76,7,-66
19604,148,76,8,-66
19605,149,76,10,-66
19606,150,76,12,-66
19607,151,76,14,-66
19608,152,76,16,-66
19609,153,76,17,-66
19610,154,76,19,-66
19611,155,76,21,-66
19612,156,76,23,-66
19613,157,76,24,-66
19614,158,76,26,-66
19615,159,76,28,-66
19616,160,76,30,-66
19617,161,76,32,-66
19618,162,76,33,-66
19619,163,76,35,-66
19620,164,76,37,-66
19621,165,76,39,-66
19622,166,76,41,-66
19623,167,76,42,-66
19624,168,76,44,-66
19625,169,76,46,-66
19626,170,76,48,-66
19627,171,76,49,-66
19628,172,76,51,-66
19629,173,76,53,-66
19630,174,76,55,-66
19631,175,76,57,-66
19632,176,76,58,-66
19633,177,76,60,-66
19634,178,76,62,-66
19635,179,76,64,-66
19636,180,76,66,-66
19637,181,76,67,-66
19638,182,76,69,-66
19639,183,76,71,-66
19640,184,76,73,-66
19641,185,76,73,-65
19642,186,76,73,-64
19643,187,76,74,-62
19644,188,76,74,-61
19645,189,76,75,-60
19646,190,76,75,-59
19647,191,76,76,-58
19648,192,76,76,-57
19649,193,76,76,-56
19650,194,76,77,-55
19651,195,76,77,-54
19652,196,76,77,-54
19653,197,76,78,-53
19654,198,76,78,-52
19655,199,76,78,-52
19656,200,76,79,-51
19657,201,76,79,-50
19658,202,76,79,-50
19659,203,76,80,-48
19660,204,76,80,-48
19661,205,76,80,-48
19662,206,76,80,-46
19663,207,76,80,-46
19664,208,76,81,-46
19665,209,76,81,-45
19666,210,76,81,-45
19667,211,76,81,-44
19668,212,76,82,-43
19669,213,76,82,-43
19670,214,76,82,-43
19671,215,76,82,-42
19672,216,76,82,-41
19673,217,76,83,-41
19674,218,76,83,-41
19675,219,76,83,-40
19676,220,76,83,-39
19677,221,76,83,-39
19678,222,76,83,-39
19679,223,76,84,-38
19680,224,76,84,-38
19681,225,76,84,-38
19682,226,76,84,-37
19683,227,76,84,-37
19684,228,76,85,-36
19685,229,76,85,-36
19686,230,76,85,-36
19687,231,76,85,-35
19688,232,76,85,-35
19689,233,76,85,-35
19690,234,76,85,-34
19691,235,76,85,-34
19692,236,76,86,-33
19693,237,76,86,-33
19694,238,76,86,-33
19695,239,76,86,-32
19696,240,76,86,-32
19697,241,76,86,-32
19698,242,76,86,-32
19699,243,76,87,-31
19700,244,76,87,-31
19701,245,76,87,-31
19702,246,76,87,-30
19703,247,76,87,-30
19704,248,76,87,-30
19705,249,76,87,-29
19706,250,76,87,-29
19707,251,76,87,-29
19708,252,76,87,-29
19709,253,76,88,-29
19710,254,76,88,-29
19711,255,76,88,-29
19712,0,77,-88,-27
19713,1,77,-88,-27
19714,2,77,-88,-27
19715,3,77,-88,-28
19716,4,77,-88,-29
19717,5,77,-88,-29
19718,6,77,-88,-29
19719,7,77,-87,-29
19720,8,77,-87,-29
19721,9,77,-87,-29
19722,10,77,-87,-29
19723,11,77,-87,-30
19724,12,77,-87,-30
19725,13,77,-87,-30
19726,14,77,-87,-31
19727,15,77,-87,-31
19728,16,77,-87,-31
19729,17,77,-86,-32
19730,18,77,-86,-32
19731,19,77,-86,-32
19732,20,77,-86,-33
19733,21,77,-86,-33
19734,22,77,-86,-33
19735,23,77,-85,-34
19736,24,77,-85,-34
19737,25,77,-85,-34
19738,26,77,-85,-35
19739,27,77,-85,-35
19740,28,77,-85,-35
19741,29,77,-85,-36
19742,30,77,-85,-36
19743,31,77,-84,-37
19744,32,77,-84,-37
19745,33,77,-84,-38
19746,34,77,-84,-38
19747,35,77,-84,-38
19748,36,77,-83,-39
19749,37,77,-83,-39
19750,38,77,-83,-39
19751,39,77,-83,-40
19752,40,77,-83,-41
19753,41,77,-83,-41
19754,42,77,-82,-41
19755,43,77,-82,-42
19756,44,77,-82,-43
19757,45,77,-82,-43
19758,46,77,-82,-43
19759,47,77,-81,-44
19760,48,77,-81,-45
19761,49,77,-81,-45
19762,50,77,-81,-46
19763,51,77,-80,-46
19764,52,77,-80,-46
19765,53,77,-80,-48
19766,54,77,-80,-48
19767,55,77,-79,-49
19768,56,77,-79,-50
19769,57,77,-79,-50
19770,58,77,-79,-51
19771,59,77,-78,-52
19772,60,77,-78,-53
19773,61,77,-78,-53
19774,62,77,-77,-54
19775,63,77,-77,-55
19776,64,77,-76,-56
19777,65,77,-76,-57
19778,66,77,-76,-57
19779,67,77,-75,-59
19780,68,77,-75,-60
19781,69,77,-74,-61
19782,70,77,-74,-62
19783,71,77,-73,-63
19784,72,77,-73,-64
19785,73,77,-71,-64
19786,74,77,-69,-64
19787,75,77,-67,-64
19788,76,77,-66,-64
19789,77,77,-64,-64
19790,78,77,-62,-64
19791,79,77,-60,-64
19792,80,77,-58,-64
19793,81,77,-57,-64
19794,82,77,-55,-64
19795,83,77,-53,-64
19796,84,77,-51,-64
19797,85,77,-49,-64
19798,86,77,-48,-64
19799,87,77,-46,-64
19800,88,77,-44,-64
19801,89,77,-42,-64
19802,90,77,-41,-64
19803,91,77,-39,-64
19804,92,77,-37,-64
19805,93,77,-35,-64
19806,94,77,-33,-64
19807,95,77,-32,-64
19808,96,77,-30,-64
19809,97,77,-28,-64
19810,98,77,-26,-64
19811,99,77,-24,-64
19812,100,77,-23,-64
19813,101,77,-21,-64
19814,102,77,-19,-64
19815,103,77,-17,-64
19816,104,77,-16,-64
19817,105,77,-14,-64
19818,106,77,-12,-64
19819,107,77,-10,-64
19820,108,77,-8,-64
19821,109,77,-7,-64
19822,110,77,-5,-64
19823,111,77,-3,-64
19824,112,77,-1,-64
19825,113,77,0,-64
19826,114,77,0,-64
19827,115,77,0,-64
19828,116,77,0,-64
19829,117,77,0,-64
19830,118,77,0,-64
19831,119,77,0,-64
19832,120,77,0,-64
19833,121,77,0,-64
19834,122,77,0,-64
19835,123,77,0,-64
19836,124,77,0,-64
19837,125,77,0,-64
19838,126,77,0,-64
19839,127,77,0,-64
19840,128,77,0,-64
19841,129,77,0,-64
19842,130,77,0,-64
19843,131,77,0,-64
19844,132,77,0,-64
19845,133,77,0,-64
19846,134,77,0,-64
19847,135,77,0,-64
19848,136,77,0,-64
19849,137,77,0,-64
19850,138,77,0,-64
19851,139,77,0,-64
19852,140,77,0,-64
19853,141,77,0,-64
19854,142,77,0,-64
19855,143,77,0,-64
19856,144,77,1,-64
19857,145,77,3,-64
19858,146,77,5,-64
19859,147,77,7,-64
19860,148,77,8,-64
19861,149,77,10,-64
19862,150,77,12,-64
19863,151,77,14,-64
19864,152,77,16,-64
19865,153,77,17,-64
19866,154,77,19,-64
19867,155,77,21,-64
19868,156,77,23,-64
19869,157,77,24,-64
19870,158,77,26,-64
19871,159,77,28,-64
19872,160,77,30,-64
19873,161,77,32,-64
19874,162,77,33,-64
19875,163,77,35,-64
19876,164,77,37,-64
19877,165,77,39,-64
19878,166,77,41,-64
19879,167,77,42,-64
19880,168,77,44,-64
19881,169,77,46,-64
19882,170,77,48,-64
19883,171,77,49,-64
19884,172,77,51,-64
19885,173,77,53,-64
19886,174,77,55,-64
19887,175,77,57,-64
19888,176,77,58,-64
19889,177,77,60,-64
19890,178,77,62,-64
19891,179,77,64,-64
19892,180,77,66,-64
19893,181,77,67,-64
19894,182,77,69,-64
19895,183,77,71,-64
19896,184,77,73,-64
19897,185,77,73,-63
19898,186,77,74,-62
19899,187,77,74,-61
19900,188,77,75,-60
19901,189,77,75,-59
19902,190,77,76,-57
19903,191,77,76,-57
19904,192,77,76,-56
19905,193,77,77,-55
19906,194,77,77,-54
19907,195,77,78,-53
19908,196,77,78,-53
19909,197,77,78,-52
19910,198,77,79,-51
19911,199,77,79,-50
19912,200,77,79,-50
19913,201,77,79,-49
19914,202,77,80,-48
19915,203,77,80,-48
19916,204,77,80,-46
19917,205,77,80,-46
19918,206,77,81,-46
19919,207,77,81,-45
19920,208,77,81,-45
19921,209,77,81,-44
19922,210,77,82,-43
19923,211,77,82,-43
19924,212,77,82,-43
19925,213,77,82,-42
19926,214,77,82,-41
19927,215,77,83,-41
19928,216,77,83,-41
19929,217,77,83,-40
19930,218,77,83,-39
19931,219,77,83,-39
19932,220,77,83,-39
19933,221,77,84,-38
19934,222,77,84,-38
19935,223,77,84,-38
19936,224,77,84,-37
19937,225,77,84,-37
19938,226,77,85,-36
19939,227,77,85,-36
19940,228,77,85,-35
19941,229,77,85,-35
19942,230,77,85,-35
19943,231,77,85,-34
19944,232,77,85,-34
19945,233,77,85,-34
19946,234,77,86,-33
19947,235,77,86,-33
19948,236,77,86,-33
19949,237,77,86,-32
19950,238,77,86,-32
19951,239,77,86,-32
19952,240,77,87,-31
19953,241,77,87,-31
19954,242,77,87,-31
19955,243,77,87,-30
19956,244,77,87,-30
19957,245,77,87,-30
19958,246,77,87,-29
19959,247,77,87,-29
19960,248,77,87,-29
19961,249,77,87,-29
19962,250,77,88,-29
19963,251,77,88,-29
19964,252,77,88,-29
19965,253,77,88,-28
19966,254,77,88,-27
19967,255,77,88,-27
19968,0,78,-88,-27
19969,1,78,-88,-27
19970,2,78,-88,-27
19971,3,78,-88,-27
19972,4,78,-88,-27
19973,5,78,-88,-27
19974,6,78,-88,-28
19975,7,78,-88,-29
19976,8,78,-88,-29
19977,9,78,-88,-29
19978,10,78,-87,-29
19979,11,78,-87,-29
19980,12,78,-87,-29
19981,13,78,-87,-30
19982,14,78,-87,-30
19983,15,78,-87,-30
19984,16,78,-87,-30
19985,17,78,-87,-31
19986,18,78,-87,-31
19987,19,78,-87,-31
19988,20,78,-86,-32
19989,21,78,-86,-32
19990,22,78,-86,-32
19991,23,78,-86,-33
19992,24,78,-86,-33
19993,25,78,-86,-33
19994,26,78,-85,-34
19995,27,78,-85,-34
19996,28,78,-85,-35
19997,29,78,-85,-35
19998,30,78,-85,-35
19999,31,78,-85,-36
20000,32,78,-85,-36
20001,33,78,-84,-37
20002,34,78,-84,-37
20003,35,78,-84,-37
20004,36,78,-84,-38
20005,37,78,-84,-38
20006,38,78,-83,-39
20007,39,78,-83,-39
20008,40,78,-83,-39
20009,41,78,-83,-40
20010,42,78,-83,-41
20011,43,78,-83,-41
20012,44,78,-82,-41
20013,45,78,-82,-42
20014,46,78,-82,-43
20015,47,78,-82,-43
20016,48,78,-82,-43
20017,49,78,-81,-44
20018,50,78,-81,-45
20019,51,78,-81,-45
20020,52,78,-81,-46
20021,53,78,-80,-46
20022,54,78,-80,-47
20023,55,78,-80,-48
20024,56,78,-80,-48
20025,57,78,-79,-50
20026,58,78,-79,-50
20027,59,78,-79,-51
20028,60,78,-78,-52
20029,61,78,-78,-52
20030,62,78,-78,-53
20031,63,78,-77,-54
20032,64,78,-77,-55
20033,65,78,-77,-55
20034,66,78,-76,-56
20035,67,78,-76,-57
20036,68,78,-75,-59
20037,69,78,-75,-60
20038,70,78,-75,-61
20039,71,78,-74,-62
20040,72,78,-73,-62
20041,73,78,-71,-62
20042,74,78,-69,-62
20043,75,78,-67,-62
20044,76,78,-66,-62
20045,77,78,-64,-62
20046,78,78,-62,-62
20047,79,78,-60,-62
20048,80,78,-58,-62
20049,81,78,-57,-62
20050,82,78,-55,-62
20051,83,78,-53,-62
20052,84,78,-51,-62
20053,85,78,-49,-62
20054,86,78,-48,-62
20055,87,78,-46,-62
20056,88,78,-44,-62
20057,89,78,-42,-62
20058,90,78,-41,-62
20059,91,78,-39,-62
20060,92,78,-37,-62
20061,93,78,-35,-62
20062,94,78,-33,-62
20063,95,78,-32,-62
20064,96,78,-30,-62
20065,97,78,-28,-62
20066,98,78,-26,-62
20067,99,78,-24,-62
20068,100,78,-23,-62
20069,101,78,-21,-62
20070,102,78,-19,-62
20071,103,78,-17,-62
20072,104,78,-16,-62
20073,105,78,-14,-62
20074,106,78,-12,-62
20075,107,78,-10,-62
20076,108,78,-8,-62
20077,109,78,-7,-62
20078,110,78,-5,-62
20079,111,78,-3,-62
20080,112,78,-1,-62
20081,113,78,0,-62
20082,114,78,0,-62
20083,115,78,0,-62
20084,116,78,0,-62
20085,117,78,0,-62
20086,118,78,0,-62
20087,119,78,0,-62
20088,120,78,0,-62
20089,121,78,0,-62
20090,122,78,0,-62
20091,123,78,0,-62
20092,124,78,0,-62
20093,125,78,0,-62
20094,126,78,0,-62
20095,127,78,0,-62
20096,128,78,0,-62
20097,129,78,0,-62
20098,130,78,0,-62
20099,131,78,0,-62
20100,132,78,0,-62
20101,133,78,0,-62
20102,134,78,0,-62
20103,135,78,0,-62
20104,136,78,0,-62
20105,137,78,0,-62
20106,138,78,0,-62
20107,139,78,0,-62
20108,140,78,0,-62
20109,141,78,0,-62
20110,142,78,0,-62
20111,143,78,0,-62
20112,144,78,1,-62
20113,145,78,3,-62
20114,146,78,5,-62
20115,147,78,7,-62
20116,148,78,8,-62
20117,149,78,10,-62
20118,150,78,12,-62
20119,151,78,14,-62
20120,152,78,16,-62
20121,153,78,17,-62
20122,154,78,19,-62
20123,155,78,21,-62
20124,156,78,23,-62
20125,157,78,24,-62
20126,158,78,26,-62
20127,159,78,28,-62
20128,160,78,30,-62
20129,161,78,32,-62
20130,162,78,33,-62
20131,163,78,35,-62
20132,164,78,37,-62
20133,165,78,39,-62
20134,166,78,41,-62
20135,167,78,42,-62
20136,168,78,44,-62
20137,169,78,46,-62
20138,170,78,48,-62
20139,171,78,49,-62
20140,172,78,51,-62
20141,173,78,53,-62
20142,174,78,55,-62
20143,175,78,57,-62
20144,176,78,58,-62
20145,177,78,60,-62
20146,178,78,62,-62
20147,179,78,64,-62
20148,180,78,66,-62
20149,181,78,67,-62
20150,182,78,69,-62
20151,183,78,71,-62
20152,184,78,73,-62
20153,185,78,74,-62
20154,186,78,75,-61
20155,187,78,75,-60
20156,188,78,75,-59
20157,189,78,76,-57
20158,190,78,76,-56
20159,191,78,77,-55
20160,192,78,77,-55
20161,193,78,77,-54
20162,194,78,78,-53
20163,195,78,78,-52
20164,196,78,78,-52
20165,197,78,79,-51
20166,198,78,79,-50
20167,199,78,79,-50
20168,200,78,80,-48
20169,201,78,80,-48
20170,202,78,80,-47
20171,203,78,80,-46
20172,204,78,81,-46
20173,205,78,81,-45
20174,206,78,81,-45
20175,207,78,81,-44
20176,208,78,82,-43
20177,209,78,82,-43
20178,210,78,82,-43
20179,211,78,82,-42
20180,212,78,82,-41
20181,213,78,83,-41
20182,214,78,83,-41
20183,215,78,83,-40
20184,216,78,83,-39
20185,217,78,83,-39
20186,218,78,83,-39
20187,219,78,84,-38
20188,220,78,84,-38
20189,221,78,84,-37
20190,222,78,84,-37
20191,223,78,84,-37
20192,224,78,85,-36
20193,225,78,85,-36
20194,226,78,85,-35
20195,227,78,85,-35
20196,228,78,85,-35
20197,229,78,85,-34
20198,230,78,85,-34
20199,231,78,86,-33
20200,232,78,86,-33
20201,233,78,86,-33
20202,234,78,86,-32
20203,235,78,86,-32
20204,236,78,86,-32
20205,237,78,87,-31
20206,238,78,87,-31
20207,239,78,87,-31
20208,240,78,87,-30
20209,241,78,87,-30
20210,242,78,87,-30
20211,243,78,87,-30
20212,244,78,87,-29
20213,245,78,87,-29
20214,246,78,87,-29
20215,247,78,88,-29
20216,248,78,88,-29
20217,249,78,88,-29
20218,250,78,88,-28
20219,251,78,88,-27
20220,252,78,88,-27
20221,253,78,88,-27
20222,254,78,88,-27
20223,255,78,88,-27
20224,0,79,-89,-26
20225,1,79,-88,-27
20226,2,79,-88,-27
20227,3,79,-88,-27
20228,4,79,-88,-27
20229,5,79,-88,-27
20230,6,79,-88,-27
20231,7,79,-88,-27
20232,8,79,-88,-27
20233,9,79,-88,-28
20234,10,79,-88,-29
20235,11,79,-88,-29
20236,12,79,-88,-29
20237,13,79,-87,-29
20238,14,79,-87,-29
20239,15,79,-87,-29
20240,16,79,-87,-30
20241,17,79,-87,-30
20242,18,79,-87,-30
20243,19,79,-87,-31
20244,20,79,-87,-31
20245,21,79,-87,-31
20246,22,79,-87,-31
20247,23,79,-86,-32
20248,24,79,-86,-32
20249,25,79,-86,-33
20250,26,79,-86,-33
20251,27,79,-86,-33
20252,28,79,-85,-34
20253,29,79,-85,-34
20254,30,79,-85,-34
20255,31,79,-85,-35
20256,32,79,-85,-35
20257,33,79,-85,-36
20258,34,79,-85,-36
20259,35,79,-85,-36
20260,36,79,-84,-37
20261,37,79,-84,-37
20262,38,79,-84,-38
20263,39,79,-84,-38
20264,40,79,-83,-39
20265,41,79,-83,-39
20266,42,79,-83,-39
20267,43,79,-83,-40
20268,44,79,-83,-41
20269,45,79,-83,-41
20270,46,79,-82,-41
20271,47,79,-82,-42
20272,48,79,-82,-43
20273,49,79,-82,-43
20274,50,79,-82,-43
20275,51,79,-81,-45
20276,52,79,-81,-45
20277,53,79,-81,-45
20278,54,79,-81,-46
20279,55,79,-80,-46
20280,56,79,-80,-48
20281,57,79,-80,-48
20282,58,79,-80,-48
20283,59,79,-79,-50
20284,60,79,-79,-50
20285,61,79,-79,-51
20286,62,79,-78,-52
20287,63,79,-78,-53
20288,64,79,-77,-54
20289,65,79,-77,-54
20290,66,79,-77,-55
20291,67,79,-76,-56
20292,68,79,-76,-57
20293,69,79,-76,-58
20294,70,79,-75,-59
20295,71,79,-74,-60
20296,72,79,-73,-60
20297,73,79,-71,-60
20298,74,79,-69,-60
20299,75,79,-67,-60
20300,76,79,-66,-60
20301,77,79,-64,-60
20302,78,79,-62,-60
20303,79,79,-60,-60
20304,80,79,-58,-60
20305,81,79,-57,-60
20306,82,79,-55,-60
20307,83,79,-53,-60
20308,84,79,-51,-60
20309,85,79,-49,-60
20310,86,79,-48,-60
20311,87,79,-46,-60
20312,88,79,-44,-60
20313,89,79,-42,-60
20314,90,79,-41,-60
20315,91,79,-39,-60
20316,92,79,-37,-60
20317,93,79,-35,-60
20318,94,79,-33,-60
20319,95,79,-32,-60
20320,96,79,-30,-60
20321,97,79,-28,-60
20322,98,79,-26,-60
20323,99,79,-24,-60
20324,100,79,-23,-60
20325,101,79,-21,-60
20326,102,79,-19,-60
20327,103,79,-17,-60
20328,104,79,-16,-60
20329,105,79,-14,-60
20330,106,79,-12,-60
20331,107,79,-10,-60
20332,108,79,-8,-60
20333,109,79,-7,-60
20334,110,79,-5,-60
20335,111,79,-3,-60
20336,112,79,-1,-60
20337,113,79,0,-60
20338,114,79,0,-60
20339,115,79,0,-60
20340,116,79,0,-60
20341,117,79,0,-60
20342,118,79,0,-60
20343,119,79,0,-60
20344,120,79,0,-60
20345,121,79,0,-60
20346,122,79,0,-60
20347,123,79,0,-60
20348,124,79,0,-60
20349,125,79,0,-60
20350,126,79,0,-60
20351,127,79,0,-60
20352,128,79,0,-60
20353,129,79,0,-60
20354,130,79,0,-60
20355,131,79,0,-60
20356,132,79,0,-60
20357,133,79,0,-60
20358,134,79,0,-60
20359,135,79,0,-60
20360,136,79,0,-60
20361,137,79,0,-60
20362,138,79,0,-60
20363,139,79,0,-60
20364,140,79,0,-60
20365,141,79,0,-60
20366,142,79,0,-60
20367,143,79,0,-60
20368,144,79,1,-60
20369,145,79,3,-60
20370,146,79,5,-60
20371,147,79,7,-60
20372,148,79,8,-60
20373,149,79,10,-60
20374,150,79,12,-60
20375,151,79,14,-60
20376,152,79,16,-60
20377,153,79,17,-60
20378,154,79,19,-60
20379,155,79,21,-60
20380,156,79,23,-60
20381,157,79,24,-60
20382,158,79,26,-60
20383,159,79,28,-60
20384,160,79,30,-60
20385,161,79,32,-60
20386,162,79,33,-60
20387,163,79,35,-60
20388,164,79,37,-60
20389,165,79,39,-60
20390,166,79,41,-60
20391,167,79,42,-60
20392,168,79,44,-60
20393,169,79,46,-60
20394,170,79,48,-60
20395,171,79,49,-60
20396,172,79,51,-60
20397,173,79,53,-60
20398,174,79,55,-60
20399,175,79,57,-60
20400,176,79,58,-60
20401,177,79,60,-60
20402,178,79,62,-60
20403,179,79,64,-60
20404,180,79,66,-60
20405,181,79,67,-60
20406,182,79,69,-60
20407,183,79,71,-60
20408,184,79,73,-60
20409,185,79,74,-60
20410,186,79,75,-59
20411,187,79,76,-58
20412,188,79,76,-57
20413,189,79,76,-56
20414,190,79,77,-55
20415,191,79,77,-54
20416,192,79,77,-54
20417,193,79,78,-53
20418,194,79,78,-52
20419,195,79,79,-51
20420,196,79,79,-50
20421,197,79,79,-50
20422,198,79,80,-48
20423,199,79,80,-48
20424,200,79,80,-48
20425,201,79,80,-46
20426,202,79,81,-46
20427,203,79,81,-45
20428,204,79,81,-45
20429,205,79,81,-45
20430,206,79,82,-43
20431,207,79,82,-43
20432,208,79,82,-43
20433,209,79,82,-42
20434,210,79,82,-41
20435,211,79,83,-41
20436,212,79,83,-41
20437,213,79,83,-40
20438,214,79,83,-39
20439,215,79,83,-39
20440,216,79,83,-39
20441,217,79,84,-38
20442,218,79,84,-38
20443,219,79,84,-37
20444,220,79,84,-37
20445,221,79,85,-36
20446,222,79,85,-36
20447,223,79,85,-36
20448,224,79,85,-35
20449,225,79,85,-35
20450,226,79,85,-34
20451,227,79,85,-34
20452,228,79,85,-34
20453,229,79,86,-33
20454,230,79,86,-33
20455,231,79,86,-33
20456,232,79,86,-32
20457,233,79,86,-32
20458,234,79,87,-31
20459,235,79,87,-31
20460,236,79,87,-31
20461,237,79,87,-31
20462,238,79,87,-30
20463,239,79,87,-30
20464,240,79,87,-30
20465,241,79,87,-29
20466,242,79,87,-29
20467,243,79,87,-29
20468,244,79,88,-29
20469,245,79,88,-29
20470,246,79,88,-29
20471,247,79,88,-28
20472,248,79,88,-27
20473,249,79,88,-27
20474,250,79,88,-27
20475,251,79,88,-27
20476,252,79,88,-27
20477,253,79,88,-27
20478,254,79,88,-27
20479,255,79,88,-27
20480,0,80,-89,-26
20481,1,80,-89,-26
20482,2,80,-89,-26
20483,3,80,-89,-26
20484,4,80,-89,-26
20485,5,80,-88,-27
20486,6,80,-88,-27
20487,7,80,-88,-27
20488,8,80,-88,-27
20489,9,80,-88,-27
20490,10,80,-88,-27
20491,11,80,-88,-27
20492,12,80,-88,-28
20493,13,80,-88,-29
20494,14,80,-88,-29
20495,15,80,-88,-29
20496,16,80,-87,-29
20497,17,80,-87,-29
20498,18,80,-87,-29
20499,19,80,-87,-30
20500,20,80,-87,-30
20501,21,80,-87,-30
20502,22,80,-87,-31
20503,23,80,-87,-31
20504,24,80,-87,-31
20505,25,80,-86,-32
20506,26,80,-86,-32
20507,27,80,-86,-32
20508,28,80,-86,-33
20509,29,80,-86,-33
20510,30,80,-86,-33
20511,31,80,-85,-34
20512,32,80,-85,-34
20513,33,80,-85,-35
20514,34,80,-85,-35
20515,35,80,-85,-35
20516,36,80,-85,-36
20517,37,80,-85,-36
20518,38,80,-84,-37
20519,39,80,-84,-37
20520,40,80,-84,-38
20521,41,80,-84,-38
20522,42,80,-83,-39
20523,43,80,-83,-39
20524,44,80,-83,-39
20525,45,80,-83,-40
20526,46,80,-83,-41
20527,47,80,-83,-41
20528,48,80,-82,-41
20529,49,80,-82,-42
20530,50,80,-82,-43
20531,51,80,-82,-43
20532,52,80,-81,-44
20533,53,80,-81,-45
20534,54,80,-81,-45
20535,55,80,-81,-46
20536,56,80,-80,-46
20537,57,80,-80,-46
20538,58,80,-80,-48
20539,59,80,-80,-48
20540,60,80,-79,-49
20541,61,80,-79,-50
20542,62,80,-79,-51
20543,63,80,-78,-52
20544,64,80,-78,-52
20545,65,80,-78,-53
20546,66,80,-77,-54
20547,67,80,-77,-55
20548,68,80,-77,-55
20549,69,80,-76,-57
20550,70,80,-76,-58
20551,71,80,-74,-58
20552,72,80,-73,-58
20553,73,80,-71,-58
20554,74,80,-69,-58
20555,75,80,-67,-58
20556,76,80,-66,-58
20557,77,80,-64,-58
20558,78,80,-62,-58
20559,79,80,-60,-58
20560,80,80,-58,-58
20561,81,80,-57,-58
20562,82,80,-55,-58
20563,83,80,-53,-58
20564,84,80,-51,-58
20565,85,80,-49,-58
20566,86,80,-48,-58
20567,87,80,-46,-58
20568,88,80,-44,-58
20569,89,80,-42,-58
20570,90,80,-41,-58
20571,91,80,-39,-58
20572,92,80,-37,-58
20573,93,80,-35,-58
20574,94,80,-33,-58
20575,95,80,-32,-58
20576,96,80,-30,-58
20577,97,80,-28,-58
20578,98,80,-26,-58
20579,99,80,-24,-58
20580,100,80,-23,-58
20581,101,80,-21,-58
20582,102,80,-19,-58
20583,103,80,-17,-58
20584,104,80,-16,-58
20585,105,80,-14,-58
20586,106,80,-12,-58
20587,107,80,-10,-58
20588,108,80,-8,-58
20589,109,80,-7,-58
20590,110,80,-5,-58
20591,111,80,-3,-58
20592,112,80,-1,-58
20593,113,80,0,-58
20594,114,80,0,-58
20595,115,80,0,-58
20596,116,80,0,-58
20597,117,80,0,-58
20598,118,80,0,-58
20599,119,80,0,-58
20600,120,80,0,-58
20601,121,80,0,-58
20602,122,80,0,-58
20603,123,80,0,-58
20604,124,80,0,-58
20605,125,80,0,-58
20606,126,80,0,-58
20607,127,80,0,-58
20608,128,80,0,-58
20609,129,80,0,-58
20610,130,80,0,-58
20611,131,80,0,-58
20612,132,80,0,-58
20613,133,80,0,-58
20614,134,80,0,-58
20615,135,80,0,-58
20616,136,80,0,-58
20617,137,80,0,-58
20618,138,80,0,-58
20619,139,80,0,-58
20620,140,80,0,-58
20621,141,80,0,-58
20622,142,80,0,-58
20623,143,80,0,-58
20624,144,80,1,-58
20625,145,80,3,-58
20626,146,80,5,-58
20627,147,80,7,-58
20628,148,80,8,-58
20629,149,80,10,-58
20630,150,80,12,-58
20631,151,80,14,-58
20632,152,80,16,-58
20633,153,80,17,-58
20634,154,80,19,-58
20635,155,80,21,-58
20636,156,80,23,-58
20637,157,80,24,-58
20638,158,80,26,-58
20639,159,80,28,-58
20640,160,80,30,-58
20641,161,80,32,-58
20642,162,80,33,-58
20643,163,80,35,-58
20644,164,80,37,-58
20645,165,80,39,-58
20646,166,80,41,-58
20647,167,80,42,-58
20648,168,80,44,-58
20649,169,80,46,-58
20650,170,80,48,-58
20651,171,80,49,-58
20652,172,80,51,-58
20653,173,80,53,-58
20654,174,80,55,-58
20655,175,80,57,-58
20656,176,80,58,-58
20657,177,80,60,-58
20658,178,80,62,-58
20659,179,80,64,-58
20660,180,80,66,-58
20661,181,80,67,-58
20662,182,80,69,-58
20663,183,80,71,-58
20664,184,80,73,-58
20665,185,80,74,-58
20666,186,80,76,-58
20667,187,80,76,-57
20668,188,80,77,-55
20669,189,80,77,-55
20670,190,80,77,-54
20671,191,80,78,-53
20672,192,80,78,-52
20673,193,80,78,-52
20674,194,80,79,-51
20675,195,80,79,-50
20676,196,80,79,-49
20677,197,80,80,-48
20678,198,80,80,-48
20679,199,80,80,-46
20680,200,80,80,-46
20681,201,80,81,-46
20682,202,80,81,-45
20683,203,80,81,-45
20684,204,80,81,-44
20685,205,80,82,-43
20686,206,80,82,-43
20687,207,80,82,-42
20688,208,80,82,-41
20689,209,80,83,-41
20690,210,80,83,-41
20691,211,80,83,-40
20692,212,80,83,-39
20693,213,80,83,-39
20694,214,80,83,-39
20695,215,80,84,-38
20696,216,80,84,-38
20697,217,80,84,-37
20698,218,80,84,-37
20699,219,80,85,-36
20700,220,80,85,-36
20701,221,80,85,-35
20702,222,80,85,-35
20703,223,80,85,-35
20704,224,80,85,-34
20705,225,80,85,-34
20706,226,80,86,-33
20707,227,80,86,-33
20708,228,80,86,-33
20709,229,80,86,-32
20710,230,80,86,-32
20711,231,80,86,-32
20712,232,80,87,-31
20713,233,80,87,-31
20714,234,80,87,-31
20715,235,80,87,-30
20716,236,80,87,-30
20717,237,80,87,-30
20718,238,80,87,-29
20719,239,80,87,-29
20720,240,80,87,-29
20721,241,80,88,-29
20722,242,80,88,-29
20723,243,80,88,-29
20724,244,80,88,-28
20725,245,80,88,-27
20726,246,80,88,-27
20727,247,80,88,-27
20728,248,80,88,-27
20729,249,80,88,-27
20730,250,80,88,-27
20731,251,80,88,-27
20732,252,80,89,-26
20733,253,80,89,-26
20734,254,80,89,-26
20735,255,80,89,-26
20736,0,81,-89,-25
20737,1,81,-89,-25
20738,2,81,-89,-25
20739,3,81,-89,-25
20740,4,81,-89,-26
20741,5,81,-89,-26
20742,6,81,-89,-26
20743,7,81,-89,-26
20744,8,81,-88,-27
20745,9,81,-88,-27
20746,10,81,-88,-27
20747,11,81,-88,-27
20748,12,81,-88,-27
20749,13,81,-88,-27
20750,14,81,-88,-27
20751,15,81,-88,-28
20752,16,81,-88,-29
20753,17,81,-88,-29
20754,18,81,-88,-29
20755,19,81,-87,-29
20756,20,81,-87,-29
20757,21,81,-87,-29
20758,22,81,-87,-30
20759,23,81,-87,-30
20760,24,81,-87,-30
20761,25,81,-87,-31
20762,26,81,-87,-31
20763,27,81,-87,-31
20764,28,81,-86,-32
20765,29,81,-86,-32
20766,30,81,-86,-32
20767,31,81,-86,-33
20768,32,81,-86,-33
20769,33,81,-85,-34
20770,34,81,-85,-34
20771,35,81,-85,-34
20772,36,81,-85,-35
20773,37,81,-85,-35
20774,38,81,-85,-36
20775,39,81,-85,-36
20776,40,81,-84,-37
20777,41,81,-84,-37
20778,42,81,-84,-38
20779,43,81,-84,-38
20780,44,81,-83,-39
20781,45,81,-83,-39
20782,46,81,-83,-39
20783,47,81,-83,-40
20784,48,81,-83,-41
20785,49,81,-83,-41
20786,50,81,-82,-41
20787,51,81,-82,-42
20788,52,81,-82,-43
20789,53,81,-82,-43
20790,54,81,-81,-44
20791,55,81,-81,-45
20792,56,81,-81,-45
20793,57,81,-81,-46
20794,58,81,-80,-46
20795,59,81,-80,-46
20796,60,81,-80,-48
20797,61,81,-80,-48
20798,62,81,-79,-50
20799,63,81,-79,-50
20800,64,81,-79,-51
20801,65,81,-78,-52
20802,66,81,-78,-53
20803,67,81,-77,-54
20804,68,81,-77,-55
20805,69,81,-77,-56
20806,70,81,-76,-57
20807,71,81,-74,-57
20808,72,81,-73,-57
20809,73,81,-71,-57
20810,74,81,-69,-57
20811,75,81,-67,-57
20812,76,81,-66,-57
20813,77,81,-64,-57
20814,78,81,-62,-57
20815,79,81,-60,-57
20816,80,81,-58,-57
20817,81,81,-57,-57
20818,82,81,-55,-57
20819,83,81,-53,-57
20820,84,81,-51,-57
20821,85,81,-49,-57
20822,86,81,-48,-57
20823,87,81,-46,-57
20824,88,81,-44,-57
20825,89,81,-42,-57
20826,90,81,-41,-57
20827,91,81,-39,-57
20828,92,81,-37,-57
20829,93,81,-35,-57
20830,94,81,-33,-57
20831,95,81,-32,-57
20832,96,81,-30,-57
20833,97,81,-28,-57
20834,98,81,-26,-57
20835,99,81,-24,-57
20836,100,81,-23,-57
20837,101,81,-21,-57
20838,102,81,-19,-57
20839,103,81,-17,-57
20840,104,81,-16,-57
20841,105,81,-14,-57
20842,106,81,-12,-57
20843,107,81,-10,-57
20844,108,81,-8,-57
20845,109,81,-7,-57
20846,110,81,-5,-57
20847,111,81,-3,-57
20848,112,81,-1,-57
20849,113,81,0,-57
20850,114,81,0,-57
20851,115,81,0,-57
20852,116,81,0,-57
20853,117,81,0,-57
20854,118,81,0,-57
20855,119,81,0,-57
20856,120,81,0,-57
20857,121,81,0,-57
20858,122,81,0,-57
20859,123,81,0,-57
20860,124,81,0,-57
20861,125,81,0,-57
20862,126,81,0,-57
20863,127,81,0,-57
20864,128,81,0,-57
20865,129,81,0,-57
20866,130,81,0,-57
20867,131,81,0,-57
20868,132,81,0,-57
20869,133,81,0,-57
20870,134,81,0,-57
20871,135,81,0,-57
20872,136,81,0,-57
20873,137,81,0,-57
20874,138,81,0,-57
20875,139,81,0,-57
20876,140,81,0,-57
20877,141,81,0,-57
20878,142,81,0,-57
20879,143,81,0,-57
20880,144,81,1,-57
20881,145,81,3,-57
20882,146,81,5,-57
20883,147,81,7,-57
20884,148,81,8,-57
20885,149,81,10,-57
20886,150,81,12,-57
20887,151,81,14,-57
20888,152,81,16,-57
20889,153,81,17,-57
20890,154,81,19,-57
20891,155,81,21,-57
20892,156,81,23,-57
20893,157,81,24,-57
20894,158,81,26,-57
20895,159,81,28,-57
20896,160,81,30,-57
20897,161,81,32,-57
20898,162,81,33,-57
20899,163,81,35,-57
20900,164,81,37,-57
20901,165,81,39,-57
20902,166,81,41,-57
20903,167,81,42,-57
20904,168,81,44,-57
20905,169,81,46,-57
20906,170,81,48,-57
20907,171,81,49,-57
20908,172,81,51,-57
20909,173,81,53,-57
20910,174,81,55,-57
20911,175,81,57,-57
20912,176,81,58,-57
20913,177,81,60,-57
20914,178,81,62,-57
20915,179,81,64,-57
20916,180,81,66,-57
20917,181,81,67,-57
20918,182,81,69,-57
20919,183,81,71,-57
20920,184,81,73,-57
20921,185,81,74,-57
20922,186,81,76,-57
20923,187,81,77,-56
20924,188,81,77,-55
20925,189,81,77,-54
20926,190,81,78,-53
20927,191,81,78,-52
20928,192,81,79,-51
20929,193,81,79,-50
20930,194,81,79,-50
20931,195,81,80,-48
20932,196,81,80,-48
20933,197,81,80,-46
20934,198,81,80,-46
20935,199,81,81,-46
20936,200,81,81,-45
20937,201,81,81,-45
20938,202,81,81,-44
20939,203,81,82,-43
20940,204,81,82,-43
20941,205,81,82,-42
20942,206,81,82,-41
20943,207,81,83,-41
20944,208,81,83,-41
20945,209,81,83,-40
20946,210,81,83,-39
20947,211,81,83,-39
20948,212,81,83,-39
20949,213,81,84,-38
20950,214,81,84,-38
20951,215,81,84,-37
20952,216,81,84,-37
20953,217,81,85,-36
20954,218,81,85,-36
20955,219,81,85,-35
20956,220,81,85,-35
20957,221,81,85,-34
20958,222,81,85,-34
20959,223,81,85,-34
20960,224,81,86,-33
20961,225,81,86,-33
20962,226,81,86,-32
20963,227,81,86,-32
20964,228,81,86,-32
20965,229,81,87,-31
20966,230,81,87,-31
20967,231,81,87,-31
20968,232,81,87,-30
20969,233,81,87,-30
20970,234,81,87,-30
20971,235,81,87,-29
20972,236,81,87,-29
20973,237,81,87,-29
20974,238,81,88,-29
20975,239,81,88,-29
20976,240,81,88,-29
20977,241,81,88,-28
20978,242,81,88,-27
20979,243,81,88,-27
20980,244,81,88,-27
20981,245,81,88,-27
20982,246,81,88,-27
20983,247,81,88,-27
20984,248,81,88,-27
20985,249,81,89,-26
20986,250,81,89,-26
20987,251,81,89,-26
20988,252,81,89,-26
20989,253,81,89,-25
20990,254,81,89,-25
20991,255,81,89,-25
20992,0,82,-90,-24
20993,1,82,-90,-24
20994,2,82,-90,-24
20995,3,82,-89,-25
20996,4,82,-89,-25
20997,5,82,-89,-25
20998,6,82,-89,-25
20999,7,82,-89,-26
21000,8,82,-89,-26
21001,9,82,-89,-26
21002,10,82,-89,-26
21003,11,82,-88,-27
21004,12,82,-88,-27
21005,13,82,-88,-27
21006,14,82,-88,-27
21007,15,82,-88,-27
21008,16,82,-88,-27
21009,17,82,-88,-27
21010,18,82,-88,-28
21011,19,82,-88,-29
21012,20,82,-88,-29
21013,21,82,-88,-29
21014,22,82,-87,-29
21015,23,82,-87,-29
21016,24,82,-87,-29
21017,25,82,-87,-30
21018,26,82,-87,-30
21019,27,82,-87,-30
21020,28,82,-87,-31
21021,29,82,-87,-31
21022,30,82,-87,-31
21023,31,82,-86,-32
21024,32,82,-86,-32
21025,33,82,-86,-33
21026,34,82,-86,-33
21027,35,82,-86,-33
21028,36,82,-85,-34
21029,37,82,-85,-34
21030,38,82,-85,-35
21031,39,82,-85,-35
21032,40,82,-85,-36
21033,41,82,-85,-36
21034,42,82,-84,-37
21035,43,82,-84,-37
21036,44,82,-84,-37
21037,45,82,-84,-38
21038,46,82,-84,-38
21039,47,82,-83,-39
21040,48,82,-83,-39
21041,49,82,-83,-40
21042,50,82,-83,-41
21043,51,82,-83,-41
21044,52,82,-82,-41
21045,53,82,-82,-42
21046,54,82,-82,-43
21047,55,82,-82,-43
21048,56,82,-81,-44
21049,57,82,-81,-45
21050,58,82,-81,-45
21051,59,82,-81,-46
21052,60,82,-80,-46
21053,61,82,-80,-48
21054,62,82,-80,-48
21055,63,82,-79,-49
21056,64,82,-79,-50
21057,65,82,-79,-50
21058,66,82,-78,-52
21059,67,82,-78,-52
21060,68,82,-78,-53
21061,69,82,-77,-54
21062,70,82,-76,-55
21063,71,82,-74,-55
21064,72,82,-73,-55
21065,73,82,-71,-55
21066,74,82,-69,-55
21067,75,82,-67,-55
21068,76,82,-66,-55
21069,77,82,-64,-55
21070,78,82,-62,-55
21071,79,82,-60,-55
21072,80,82,-58,-55
21073,81,82,-57,-55
21074,82,82,-55,-55
21075,83,82,-53,-55
21076,84,82,-51,-55
21077,85,82,-49,-55
21078,86,82,-48,-55
21079,87,82,-46,-55
21080,88,82,-44,-55
21081,89,82,-42,-55
21082,90,82,-41,-55
21083,91,82,-39,-55
21084,92,82,-37,-55
21085,93,82,-35,-55
21086,94,82,-33,-55
21087,95,82,-32,-55
21088,96,82,-30,-55
21089,97,82,-28,-55
21090,98,82,-26,-55
21091,99,82,-24,-55
21092,100,82,-23,-55
21093,101,82,-21,-55
21094,102,82,-19,-55
21095,103,82,-17,-55
21096,104,82,-16,-55
21097,105,82,-14,-55
21098,106,82,-12,-55
21099,107,82,-10,-55
21100,108,82,-8,-55
21101,109,82,-7,-55
21102,110,82,-5,-55
21103,111,82,-3,-55
21104,112,82,-1,-55
21105,113,82,0,-55
21106,114,82,0,-55
21107,115,82,0,-55
21108,116,82,0,-55
21109,117,82,0,-55
21110,118,82,0,-55
21111,119,82,0,-55
21112,120,82,0,-55
21113,121,82,0,-55
21114,122,82,0,-55
21115,123,82,0,-55
21116,124,82,0,-55
21117,125,82,0,-55
21118,126,82,0,-55
21119,127,82,0,-55
21120,128,82,0,-55
21121,129,82,0,-55
21122,130,82,0,-55
21123,131,82,0,-55
21124,132,82,0,-55
21125,133,82,0,-55
21126,134,82,0,-55
21127,135,82,0,-55
21128,136,82,0,-55
21129,137,82,0,-55
21130,138,82,0,-55
21131,139,82,0,-55
21132,140,82,0,-55
21133,141,82,0,-55
21134,142,82,0,-55
21135,143,82,0,-55
21136,144,82,1,-55
21137,145,82,3,-55
21138,146,82,5,-55
21139,147,82,7,-55
21140,148,82,8,-55
21141,149,82,10,-55
21142,150,82,12,-55
21143,151,82,14,-55
21144,152,82,16,-55
21145,153,82,17,-55
21146,154,82,19,-55
21147,155,82,21,-55
21148,156,82,23,-55
21149,157,82,24,-55
21150,158,82,26,-55
21151,159,82,28,-55
21152,160,82,30,-55
21153,161,82,32,-55
21154,162,82,33,-55
21155,163,82,35,-55
21156,164,82,37,-55
21157,165,82,39,-55
21158,166,82,41,-55
21159,167,82,42,-55
21160,168,82,44,-55
21161,169,82,46,-55
21162,170,82,48,-55
21163,171,82,49,-55
21164,172,82,51,-55
21165,173,82,53,-55
21166,174,82,55,-55
21167,175,82,57,-55
21168,176,82,58,-55
21169,177,82,60,-55
21170,178,82,62,-55
21171,179,82,64,-55
21172,180,82,66,-55
21173,181,82,67,-55
21174,182,82,69,-55
21175,183,82,71,-55
21176,184,82,73,-55
21177,185,82,74,-55
21178,186,82,76,-55
21179,187,82,77,-54
21180,188,82,78,-53
21181,189,82,78,-52
21182,190,82,78,-52
21183,191,82,79,-50
21184,192,82,79,-50
21185,193,82,79,-49
21186,194,82,80,-48
21187,195,82,80,-48
21188,196,82,80,-46
21189,197,82,81,-46
21190,198,82,81,-45
21191,199,82,81,-45
21192,200,82,81,-44
21193,201,82,82,-43
21194,202,82,82,-43
21195,203,82,82,-42
21196,204,82,82,-41
21197,205,82,83,-41
21198,206,82,83,-41
21199,207,82,83,-40
21200,208,82,83,-39
21201,209,82,83,-39
21202,210,82,84,-38
21203,211,82,84,-38
21204,212,82,84,-37
21205,213,82,84,-37
21206,214,82,84,-37
21207,215,82,85,-36
21208,216,82,85,-36
21209,217,82,85,-35
21210,218,82,85,-35
21211,219,82,85,-34
21212,220,82,85,-34
21213,221,82,86,-33
21214,222,82,86,-33
21215,223,82,86,-33
21216,224,82,86,-32
21217,225,82,86,-32
21218,226,82,87,-31
21219,227,82,87,-31
21220,228,82,87,-31
21221,229,82,87,-30
21222,230,82,87,-30
21223,231,82,87,-30
21224,232,82,87,-29
21225,233,82,87,-29
21226,234,82,87,-29
21227,235,82,88,-29
21228,236,82,88,-29
21229,237,82,88,-29
21230,238,82,88,-28
21231,239,82,88,-27
21232,240,82,88,-27
21233,241,82,88,-27
21234,242,82,88,-27
21235,243,82,88,-27
21236,244,82,88,-27
21237,245,82,88,-27
21238,246,82,89,-26
21239,247,82,89,-26
21240,248,82,89,-26
21241,249,82,89,-26
21242,250,82,89,-25
21243,251,82,89,-25
21244,252,82,89,-25
21245,253,82,89,-25
21246,254,82,90,-24
21247,255,82,90,-24
21248,0,83,-90,-23
21249,1,83,-90,-23
21250,2,83,-90,-24
21251,3,83,-90,-24
21252,4,83,-90,-24
21253,5,83,-90,-24
21254,6,83,-90,-24
21255,7,83,-89,-25
21256,8,83,-89,-25
21257,9,83,-89,-25
21258,10,83,-89,-25
21259,11,83,-89,-26
21260,12,83,-89,-26
21261,13,83,-89,-26
21262,14,83,-88,-27
21263,15,83,-88,-27
21264,16,83,-88,-27
21265,17,83,-88,-27
21266,18,83,-88,-27
21267,19,83,-88,-27
21268,20,83,-88,-27
21269,21,83,-88,-28
21270,22,83,-88,-29
21271,23,83,-88,-29
21272,24,83,-88,-29
21273,25,83,-87,-29
21274,26,83,-87,-29
21275,27,83,-87,-29
21276,28,83,-87,-30
21277,29,83,-87,-30
21278,30,83,-87,-30
21279,31,83,-87,-31
21280,32,83,-87,-31
21281,33,83,-86,-32
21282,34,83,-86,-32
21283,35,83,-86,-32
21284,36,83,-86,-33
21285,37,83,-86,-33
21286,38,83,-85,-34
21287,39,83,-85,-34
21288,40,83,-85,-35
21289,41,83,-85,-35
21290,42,83,-85,-35
21291,43,83,-85,-36
21292,44,83,-85,-36
21293,45,83,-84,-37
21294,46,83,-84,-37
21295,47,83,-84,-38
21296,48,83,-84,-38
21297,49,83,-83,-39
21298,50,83,-83,-39
21299,51,83,-83,-39
21300,52,83,-83,-41
21301,53,83,-83,-41
21302,54,83,-82,-41
21303,55,83,-82,-42
21304,56,83,-82,-43
21305,57,83,-82,-43
21306,58,83,-81,-44
21307,59,83,-81,-45
21308,60,83,-81,-45
21309,61,83,-81,-46
21310,62,83,-80,-46
21311,63,83,-80,-48
21312,64,83,-80,-48
21313,65,83,-79,-49
21314,66,83,-79,-50
21315,67,83,-79,-51
21316,68,83,-78,-52
21317,69,83,-78,-53
21318,70,83,-76,-53
21319,71,83,-74,-53
21320,72,83,-73,-53
21321,73,83,-71,-53
21322,74,83,-69,-53
21323,75,83,-67,-53
21324,76,83,-66,-53
21325,77,83,-64,-53
21326,78,83,-62,-53
21327,79,83,-60,-53
21328,80,83,-58,-53
21329,81,83,-57,-53
21330,82,83,-55,-53
21331,83,83,-53,-53
21332,84,83,-51,-53
21333,85,83,-49,-53
21334,86,83,-48,-53
21335,87,83,-46,-53
21336,88,83,-44,-53
21337,89,83,-42,-53
21338,90,83,-41,-53
21339,91,83,-39,-53
21340,92,83,-37,-53
21341,93,83,-35,-53
21342,94,83,-33,-53
21343,95,83,-32,-53
21344,96,83,-30,-53
21345,97,83,-28,-53
21346,98,83,-26,-53
21347,99,83,-24,-53
21348,100,83,-23,-53
21349,101,83,-21,-53
21350,102,83,-19,-53
21351,103,83,-17,-53
21352,104,83,-16,-53
21353,105,83,-14,-53
21354,106,83,-12,-53
21355,107,83,-10,-53
21356,108,83,-8,-53
21357,109,83,-7,-53
21358,110,83,-5,-53
21359,111,83,-3,-53
21360,112,83,-1,-53
21361,113,83,0,-53
21362,114,83,0,-53
21363,115,83,0,-53
21364,116,83,0,-53
21365,117,83,0,-53
21366,118,83,0,-53
21367,119,83,0,-53
21368,120,83,0,-53
21369,121,83,0,-53
21370,122,83,0,-53
21371,123,83,0,-53
21372,124,83,0,-53
21373,125,83,0,-53
21374,126,83,0,-53
21375,127,83,0,-53
21376,128,83,0,-53
21377,129,83,0,-53
21378,130,83,0,-53
21379,131,83,0,-53
21380,132,83,0,-53
21381,133,83,0,-53
21382,134,83,0,-53
21383,135,83,0,-53
21384,136,83,0,-53
21385,137,83,0,-53
21386,138,83,0,-53
21387,139,83,0,-53
21388,140,83,0,-53
21389,141,83,0,-53
21390,142,83,0,-53
21391,143,83,0,-53
21392,144,83,1,-53
21393,145,83,3,-53
21394,146,83,5,-53
21395,147,83,7,-53
21396,148,83,8,-53
21397,149,83,10,-53
21398,150,83,12,-53
21399,151,83,14,-53
21400,152,83,16,-53
21401,153,83,17,-53
21402,154,83,19,-53
21403,155,83,21,-53
21404,156,83,23,-53
21405,157,83,24,-53
21406,158,83,26,-53
21407,159,83,28,-53
21408,160,83,30,-53
21409,161,83,32,-53
21410,162,83,33,-53
21411,163,83,35,-53
21412,164,83,37,-53
21413,165,83,39,-53
21414,166,83,41,-53
21415,167,83,42,-53
21416,168,83,44,-53
21417,169,83,46,-53
21418,170,83,48,-53
21419,171,83,49,-53
21420,172,83,51,-53
21421,173,83,53,-53
21422,174,83,55,-53
21423,175,83,57,-53
21424,176,83,58,-53
21425,177,83,60,-53
21426,178,83,62,-53
21427,179,83,64,-53
21428,180,83,66,-53
21429,181,83,67,-53
21430,182,83,69,-53
21431,183,83,71,-53
21432,184,83,73,-53
21433,185,83,74,-53
21434,186,83,76,-53
21435,187,83,78,-53
21436,188,83,78,-52
21437,189,83,79,-51
21438,190,83,79,-50
21439,191,83,79,-49
21440,192,83,80,-48
21441,193,83,80,-48
21442,194,83,80,-46
21443,195,83,81,-46
21444,196,83,81,-45
21445,197,83,81,-45
21446,198,83,81,-44
21447,199,83,82,-43
21448,200,83,82,-43
21449,201,83,82,-42
21450,202,83,82,-41
21451,203,83,83,-41
21452,204,83,83,-41
21453,205,83,83,-39
21454,206,83,83,-39
21455,207,83,83,-39
21456,208,83,84,-38
21457,209,83,84,-38
21458,210,83,84,-37
21459,211,83,84,-37
21460,212,83,85,-36
21461,213,83,85,-36
21462,214,83,85,-35
21463,215,83,85,-35
21464,216,83,85,-35
21465,217,83,85,-34
21466,218,83,85,-34
21467,219,83,86,-33
21468,220,83,86,-33
21469,221,83,86,-32
21470,222,83,86,-32
21471,223,83,86,-32
21472,224,83,87,-31
21473,225,83,87,-31
21474,226,83,87,-30
21475,227,83,87,-30
21476,228,83,87,-30
21477,229,83,87,-29
21478,230,83,87,-29
21479,231,83,87,-29
21480,232,83,88,-29
21481,233,83,88,-29
21482,234,83,88,-29
21483,235,83,88,-28
21484,236,83,88,-27
21485,237,83,88,-27
21486,238,83,88,-27
21487,239,83,88,-27
21488,240,83,88,-27
21489,241,83,88,-27
21490,242,83,88,-27
21491,243,83,89,-26
21492,244,83,89,-26
21493,245,83,89,-26
21494,246,83,89,-25
21495,247,83,89,-25
21496,248,83,89,-25
21497,249,83,89,-25
21498,250,83,90,-24
21499,251,83,90,-24
21500,252,83,90,-24
21501,253,83,90,-24
21502,254,83,90,-24
21503,255,83,90,-23
21504,0,84,-90,-22
21505,1,84,-90,-23
21506,2,84,-90,-23
21507,3,84,-90,-23
21508,4,84,-90,-23
21509,5,84,-90,-23
21510,6,84,-90,-24
21511,7,84,-90,-24
21512,8,84,-90,-24
21513,9,84,-90,-24
21514,10,84,-89,-25
21515,11,84,-89,-25
21516,12,84,-89,-25
21517,13,84,-89,-25
21518,14,84,-89,-26
21519,15,84,-89,-26
21520,16,84,-89,-26
21521,17,84,-89,-26
21522,18,84,-88,-27
21523,19,84,-88,-27
21524,20,84,-88,-27
21525,21,84,-88,-27
21526,22,84,-88,-27
21527,23,84,-88,-27
21528,24,84,-88,-27
21529,25,84,-88,-29
21530,26,84,-88,-29
21531,27,84,-88,-29
21532,28,84,-87,-29
21533,29,84,-87,-29
21534,30,84,-87,-29
21535,31,84,-87,-30
21536,32,84,-87,-30
21537,33,84,-87,-31
21538,34,84,-87,-31
21539,35,84,-87,-31
21540,36,84,-86,-32
21541,37,84,-86,-32
21542,38,84,-86,-33
21543,39,84,-86,-33
21544,40,84,-86,-33
21545,41,84,-85,-34
21546,42,84,-85,-34
21547,43,84,-85,-35
21548,44,84,-85,-35
21549,45,84,-85,-36
21550,46,84,-85,-36
21551,47,84,-84,-37
21552,48,84,-84,-37
21553,49,84,-84,-38
21554,50,84,-84,-38
21555,51,84,-83,-39
21556,52,84,-83,-39
21557,53,84,-83,-39
21558,54,84,-83,-41
21559,55,84,-83,-41
21560,56,84,-82,-41
21561,57,84,-82,-42
21562,58,84,-82,-43
21563,59,84,-82,-43
21564,60,84,-81,-44
21565,61,84,-81,-45
21566,62,84,-81,-46
21567,63,84,-80,-46
21568,64,84,-80,-46
21569,65,84,-80,-48
21570,66,84,-79,-49
21571,67,84,-79,-49
21572,68,84,-79,-50
21573,69,84,-78,-51
21574,70,84,-76,-51
21575,71,84,-74,-51
21576,72,84,-73,-51
21577,73,84,-71,-51
21578,74,84,-69,-51
21579,75,84,-67,-51
21580,76,84,-66,-51
21581,77,84,-64,-51
21582,78,84,-62,-51
21583,79,84,-60,-51
21584,80,84,-58,-51
21585,81,84,-57,-51
21586,82,84,-55,-51
21587,83,84,-53,-51
21588,84,84,-51,-51
21589,85,84,-49,-51
21590,86,84,-48,-51
21591,87,84,-46,-51
21592,88,84,-44,-51
21593,89,84,-42,-51
21594,90,84,-41,-51
21595,91,84,-39,-51
21596,92,84,-37,-51
21597,93,84,-35,-51
21598,94,84,-33,-51
21599,95,84,-32,-51
21600,96,84,-30,-51
21601,97,84,-28,-51
21602,98,84,-26,-51
21603,99,84,-24,-51
21604,100,84,-23,-51
21605,101,84,-21,-51
21606,102,84,-19,-51
21607,103,84,-17,-51
21608,104,84,-16,-51
21609,105,84,-14,-51
21610,106,84,-12,-51
21611,107,84,-10,-51
21612,108,84,-8,-51
21613,109,84,-7,-51
21614,110,84,-5,-51
21615,111,84,-3,-51
21616,112,84,-1,-51
21617,113,84,0,-51
21618,114,84,0,-51
21619,115,84,0,-51
21620,116,84,0,-51
21621,117,84,0,-51
21622,118,84,0,-51
21623,119,84,0,-51
21624,120,84,0,-51
21625,121,84,0,-51
21626,122,84,0,-51
21627,123,84,0,-51
21628,124,84,0,-51
21629,125,84,0,-51
21630,126,84,0,-51
21631,127,84,0,-51
21632,128,84,0,-51
21633,129,84,0,-51
21634,130,84,0,-51
21635,131,84,0,-51
21636,132,84,0,-51
21637,133,84,0,-51
21638,134,84,0,-51
21639,135,84,0,-51
21640,136,84,0,-51
21641,137,84,0,-51
21642,138,84,0,-51
21643,139,84,0,-51
21644,140,84,0,-51
21645,141,84,0,-51
21646,142,84,0,-51
21647,143,84,0,-51
21648,144,84,1,-51
21649,145,84,3,-51
21650,146,84,5,-51
21651,147,84,7,-51
21652,148,84,8,-51
21653,149,84,10,-51
21654,150,84,12,-51
21655,151,84,14,-51
21656,152,84,16,-51
21657,153,84,17,-51
21658,154,84,19,-51
21659,155,84,21,-51
21660,156,84,23,-51
21661,157,84,24,-51
21662,158,84,26,-51
21663,159,84,28,-51
21664,160,84,30,-51
21665,161,84,32,-51
21666,162,84,33,-51
21667,163,84,35,-51
21668,164,84,37,-51
21669,165,84,39,-51
21670,166,84,41,-51
21671,167,84,42,-51
21672,168,84,44,-51
21673,169,84,46,-51
21674,170,84,48,-51
21675,171,84,49,-51
21676,172,84,51,-51
21677,173,84,53,-51
21678,174,84,55,-51
21679,175,84,57,-51
21680,176,84,58,-51
21681,177,84,60,-51
21682,178,84,62,-51
21683,179,84,64,-51
21684,180,84,66,-51
21685,181,84,67,-51
21686,182,84,69,-51
21687,183,84,71,-51
21688,184,84,73,-51
21689,185,84,74,-51
21690,186,84,76,-51
21691,187,84,78,-51
21692,188,84,79,-50
21693,189,84,79,-49
21694,190,84,79,-49
21695,191,84,80,-48
21696,192,84,80,-46
21697,193,84,80,-46
21698,194,84,81,-46
21699,195,84,81,-45
21700,196,84,81,-44
21701,197,84,82,-43
21702,198,84,82,-43
21703,199,84,82,-42
21704,200,84,82,-41
21705,201,84,83,-41
21706,202,84,83,-41
21707,203,84,83,-39
21708,204,84,83,-39
21709,205,84,83,-39
21710,206,84,84,-38
21711,207,84,84,-38
21712,208,84,84,-37
21713,209,84,84,-37
21714,210,84,85,-36
21715,211,84,85,-36
21716,212,84,85,-35
21717,213,84,85,-35
21718,214,84,85,-34
21719,215,84,85,-34
21720,216,84,86,-33
21721,217,84,86,-33
21722,218,84,86,-33
21723,219,84,86,-32
21724,220,84,86,-32
21725,221,84,87,-31
21726,222,84,87,-31
21727,223,84,87,-31
21728,224,84,87,-30
21729,225,84,87,-30
21730,226,84,87,-29
21731,227,84,87,-29
21732,228,84,87,-29
21733,229,84,88,-29
21734,230,84,88,-29
21735,231,84,88,-29
21736,232,84,88,-27
21737,233,84,88,-27
21738,234,84,88,-27
21739,235,84,88,-27
21740,236,84,88,-27
21741,237,84,88,-27
21742,238,84,88,-27
21743,239,84,89,-26
21744,240,84,89,-26
21745,241,84,89,-26
21746,242,84,89,-26
21747,243,84,89,-25
21748,244,84,89,-25
21749,245,84,89,-25
21750,246,84,89,-25
21751,247,84,90,-24
21752,248,84,90,-24
21753,249,84,90,-24
21754,250,84,90,-24
21755,251,84,90,-23
21756,252,84,90,-23
21757,253,84,90,-23
21758,254,84,90,-23
21759,255,84,90,-23
21760,0,85,-90,-22
21761,1,85,-90,-22
21762,2,85,-90,-22
21763,3,85,-90,-22
21764,4,85,-90,-22
21765,5,85,-90,-23
21766,6,85,-90,-23
21767,7,85,-90,-23
21768,8,85,-90,-23
21769,9,85,-90,-23
21770,10,85,-90,-24
21771,11,85,-90,-24
21772,12,85,-90,-24
21773,13,85,-90,-24
21774,14,85,-89,-25
21775,15,85,-89,-25
21776,16,85,-89,-25
21777,17,85,-89,-25
21778,18,85,-89,-26
21779,19,85,-89,-26
21780,20,85,-89,-26
21781,21,85,-88,-27
21782,22,85,-88,-27
21783,23,85,-88,-27
21784,24,85,-88,-27
21785,25,85,-88,-27
21786,26,85,-88,-27
21787,27,85,-88,-27
21788,28,85,-88,-29
21789,29,85,-88,-29
21790,30,85,-88,-29
21791,31,85,-87,-29
21792,32,85,-87,-29
21793,33,85,-87,-30
21794,34,85,-87,-30
21795,35,85,-87,-30
21796,36,85,-87,-31
21797,37,85,-87,-31
21798,38,85,-87,-31
21799,39,85,-86,-32
21800,40,85,-86,-32
21801,41,85,-86,-33
21802,42,85,-86,-33
21803,43,85,-85,-34
21804,44,85,-85,-34
21805,45,85,-85,-35
21806,46,85,-85,-35
21807,47,85,-85,-36
21808,48,85,-85,-36
21809,49,85,-84,-37
21810,50,85,-84,-37
21811,51,85,-84,-38
21812,52,85,-84,-38
21813,53,85,-83,-39
21814,54,85,-83,-39
21815,55,85,-83,-39
21816,56,85,-83,-41
21817,57,85,-83,-41
21818,58,85,-82,-41
21819,59,85,-82,-43
21820,60,85,-82,-43
21821,61,85,-82,-43
21822,62,85,-81,-45
21823,63,85,-81,-45
21824,64,85,-81,-46
21825,65,85,-80,-46
21826,66,85,-80,-47
21827,67,85,-80,-48
21828,68,85,-79,-48
21829,69,85,-78,-49
21830,70,85,-76,-49
21831,71,85,-74,-49
21832,72,85,-73,-49
21833,73,85,-71,-49
21834,74,85,-69,-49
21835,75,85,-67,-49
21836,76,85,-66,-49
21837,77,85,-64,-49
21838,78,85,-62,-49
21839,79,85,-60,-49
21840,80,85,-58,-49
21841,81,85,-57,-49
21842,82,85,-55,-49
21843,83,85,-53,-49
21844,84,85,-51,-49
21845,85,85,-49,-49
21846,86,85,-48,-49
21847,87,85,-46,-49
21848,88,85,-44,-49
21849,89,85,-42,-49
21850,90,85,-41,-49
21851,91,85,-39,-49
21852,92,85,-37,-49
21853,93,85,-35,-49
21854,94,85,-33,-49
21855,95,85,-32,-49
21856,96,85,-30,-49
21857,97,85,-28,-49
21858,98,85,-26,-49
21859,99,85,-24,-49
21860,100,85,-23,-49
21861,101,85,-21,-49
21862,102,85,-19,-49
21863,103,85,-17,-49
21864,104,85,-16,-49
21865,105,85,-14,-49
21866,106,85,-12,-49
21867,107,85,-10,-49
21868,108,85,-8,-49
21869,109,85,-7,-49
21870,110,85,-5,-49
21871,111,85,-3,-49
21872,112,85,-1,-49
21873,113,85,0,-49
21874,114,85,0,-49
21875,115,85,0,-49
21876,116,85,0,-49
21877,117,85,0,-49
21878,118,85,0,-49
21879,119,85,0,-49
21880,120,85,0,-49
21881,121,85,0,-49
21882,122,85,0,-49
21883,123,85,0,-49
21884,124,85,0,-49
21885,125,85,0,-49
21886,126,85,0,-49
21887,127,85,0,-49
21888,128,85,0,-49
21889,129,85,0,-49
21890,130,85,0,-49
21891,131,85,0,-49
21892,132,85,0,-49
21893,133,85,0,-49
21894,134,85,0,-49
21895,135,85,0,-49
21896,136,85,0,-49
21897,137,85,0,-49
21898,138,85,0,-49
21899,139,85,0,-49
21900,140,85,0,-49
21901,141,85,0,-49
21902,142,85,0,-49
21903,143,85,0,-49
21904,144,85,1,-49
21905,145,85,3,-49
21906,146,85,5,-49
21907,147,85,7,-49
21908,148,85,8,-49
21909,149,85,10,-49
21910,150,85,12,-49
21911,151,85,14,-49
21912,152,85,16,-49
21913,153,85,17,-49
21914,154,85,19,-49
21915,155,85,21,-49
21916,156,85,23,-49
21917,157,85,24,-49
21918,158,85,26,-49
21919,159,85,28,-49
21920,160,85,30,-49
21921,161,85,32,-49
21922,162,85,33,-49
21923,163,85,35,-49
21924,164,85,37,-49
21925,165,85,39,-49
21926,166,85,41,-49
21927,167,85,42,-49
21928,168,85,44,-49
21929,169,85,46,-49
21930,170,85,48,-49
21931,171,85,49,-49
21932,172,85,51,-49
21933,173,85,53,-49
21934,174,85,55,-49
21935,175,85,57,-49
21936,176,85,58,-49
21937,177,85,60,-49
21938,178,85,62,-49
21939,179,85,64,-49
21940,180,85,66,-49
21941,181,85,67,-49
21942,182,85,69,-49
21943,183,85,71,-49
21944,184,85,73,-49
21945,185,85,74,-49
21946,186,85,76,-49
21947,187,85,78,-49
21948,188,85,79,-48
21949,189,85,80,-48
21950,190,85,80,-47
21951,191,85,80,-46
21952,192,85,81,-46
21953,193,85,81,-45
21954,194,85,81,-45
21955,195,85,82,-43
21956,196,85,82,-43
21957,197,85,82,-43
21958,198,85,82,-41
21959,199,85,83,-41
21960,200,85,83,-41
21961,201,85,83,-39
21962,202,85,83,-39
21963,203,85,83,-39
21964,204,85,84,-38
21965,205,85,84,-38
21966,206,85,84,-37
21967,207,85,84,-37
21968,208,85,85,-36
21969,209,85,85,-36
21970,210,85,85,-35
21971,211,85,85,-35
21972,212,85,85,-34
21973,213,85,85,-34
21974,214,85,86,-33
21975,215,85,86,-33
21976,216,85,86,-32
21977,217,85,86,-32
21978,218,85,87,-31
21979,219,85,87,-31
21980,220,85,87,-31
21981,221,85,87,-30
21982,222,85,87,-30
21983,223,85,87,-30
21984,224,85,87,-29
21985,225,85,87,-29
21986,226,85,88,-29
21987,227,85,88,-29
21988,228,85,88,-29
21989,229,85,88,-27
21990,230,85,88,-27
21991,231,85,88,-27
21992,232,85,88,-27
21993,233,85,88,-27
21994,234,85,88,-27
21995,235,85,88,-27
21996,236,85,89,-26
21997,237,85,89,-26
21998,238,85,89,-26
21999,239,85,89,-25
22000,240,85,89,-25
22001,241,85,89,-25
22002,242,85,89,-25
22003,243,85,90,-24
22004,244,85,90,-24
22005,245,85,90,-24
22006,246,85,90,-24
22007,247,85,90,-23
22008,248,85,90,-23
22009,249,85,90,-23
22010,250,85,90,-23
22011,251,85,90,-23
22012,252,85,90,-22
22013,253,85,90,-22
22014,254,85,90,-22
22015,255,85,90,-22
22016,0,86,-91,-21
22017,1,86,-91,-21
22018,2,86,-91,-21
22019,3,86,-91,-21
22020,4,86,-90,-22
22021,5,86,-90,-22
22022,6,86,-90,-22
22023,7,86,-90,-22
22024,8,86,-90,-22
22025,9,86,-90,-23
22026,10,86,-90,-23
22027,11,86,-90,-23
22028,12,86,-90,-23
22029,13,86,-90,-24
22030,14,86,-90,-24
22031,15,86,-90,-24
22032,16,86,-90,-24
22033,17,86,-89,-25
22034,18,86,-89,-25
22035,19,86,-89,-25
22036,20,86,-89,-25
22037,21,86,-89,-26
22038,22,86,-89,-26
22039,23,86,-89,-26
22040,24,86,-88,-27
22041,25,86,-88,-27
22042,26,86,-88,-27
22043,27,86,-88,-27
22044,28,86,-88,-27
22045,29,86,-88,-27
22046,30,86,-88,-27
22047,31,86,-88,-29
22048,32,86,-88,-29
22049,33,86,-88,-29
22050,34,86,-87,-29
22051,35,86,-87,-29
22052,36,86,-87,-30
22053,37,86,-87,-30
22054,38,86,-87,-30
22055,39,86,-87,-31
22056,40,86,-87,-31
22057,41,86,-86,-32
22058,42,86,-86,-32
22059,43,86,-86,-32
22060,44,86,-86,-33
22061,45,86,-86,-33
22062,46,86,-85,-34
22063,47,86,-85,-34
22064,48,86,-85,-35
22065,49,86,-85,-35
22066,50,86,-85,-36
22067,51,86,-85,-36
22068,52,86,-84,-37
22069,53,86,-84,-38
22070,54,86,-84,-38
22071,55,86,-83,-39
22072,56,86,-83,-39
22073,57,86,-83,-39
22074,58,86,-83,-41
22075,59,86,-83,-41
22076,60,86,-82,-41
22077,61,86,-82,-43
22078,62,86,-82,-43
22079,63,86,-81,-44
22080,64,86,-81,-45
22081,65,86,-81,-45
22082,66,86,-80,-46
22083,67,86,-80,-47
22084,68,86,-80,-48
22085,69,86,-78,-48
22086,70,86,-76,-48
22087,71,86,-74,-48
22088,72,86,-73,-48
22089,73,86,-71,-48
22090,74,86,-69,-48
22091,75,86,-67,-48
22092,76,86,-66,-48
22093,77,86,-64,-48
22094,78,86,-62,-48
22095,79,86,-60,-48
22096,80,86,-58,-48
22097,81,86,-57,-48
22098,82,86,-55,-48
22099,83,86,-53,-48
22100,84,86,-51,-48
22101,85,86,-49,-48
22102,86,86,-48,-48
22103,87,86,-46,-48
22104,88,86,-44,-48
22105,89,86,-42,-48
22106,90,86,-41,-48
22107,91,86,-39,-48
22108,92,86,-37,-48
22109,93,86,-35,-48
22110,94,86,-33,-48
22111,95,86,-32,-48
22112,96,86,-30,-48
22113,97,86,-28,-48
22114,98,86,-26,-48
22115,99,86,-24,-48
22116,100,86,-23,-48
22117,101,86,-21,-48
22118,102,86,-19,-48
22119,103,86,-17,-48
22120,104,86,-16,-48
22121,105,86,-14,-48
22122,106,86,-12,-48
22123,107,86,-10,-48
22124,108,86,-8,-48
22125,109,86,-7,-48
22126,110,86,-5,-48
22127,111,86,-3,-48
22128,112,86,-1,-48
22129,113,86,0,-48
22130,114,86,0,-48
22131,115,86,0,-48
22132,116,86,0,-48
22133,117,86,0,-48
22134,118,86,0,-48
22135,119,86,0,-48
22136,120,86,0,-48
22137,121,86,0,-48
22138,122,86,0,-48
22139,123,86,0,-48
22140,124,86,0,-48
22141,125,86,0,-48
22142,126,86,0,-48
22143,127,86,0,-48
22144,128,86,0,-48
22145,129,86,0,-48
22146,130,86,0,-48
22147,131,86,0,-48
22148,132,86,0,-48
22149,133,86,0,-48
22150,134,86,0,-48
22151,135,86,0,-48
22152,136,86,0,-48
22153,137,86,0,-48
22154,138,86,0,-48
22155,139,86,0,-48
22156,140,86,0,-48
22157,141,86,0,-48
22158,142,86,0,-48
22159,143,86,0,-48
22160,144,86,1,-48
22161,145,86,3,-48
22162,146,86,5,-48
22163,147,86,7,-48
22164,148,86,8,-48
22165,149,86,10,-48
22166,150,86,12,-48
22167,151,86,14,-48
22168,152,86,16,-48
22169,153,86,17,-48
22170,154,86,19,-48
22171,155,86,21,-48
22172,156,86,23,-48
22173,157,86,24,-48
22174,158,86,26,-48
22175,159,86,28,-48
22176,160,86,30,-48
22177,161,86,32,-48
22178,162,86,33,-48
22179,163,86,35,-48
22180,164,86,37,-48
22181,165,86,39,-48
22182,166,86,41,-48
22183,167,86,42,-48
22184,168,86,44,-48
22185,169,86,46,-48
22186,170,86,48,-48
22187,171,86,49,-48
22188,172,86,51,-48
22189,173,86,53,-48
22190,174,86,55,-48
22191,175,86,57,-48
22192,176,86,58,-48
22193,177,86,60,-48
22194,178,86,62,-48
22195,179,86,64,-48
22196,180,86,66,-48
22197,181,86,67,-48
22198,182,86,69,-48
22199,183,86,71,-48
22200,184,86,73,-48
22201,185,86,74,-48
22202,186,86,76,-48
22203,187,86,78,-48
22204,188,86,80,-48
22205,189,86,80,-47
22206,190,86,80,-46
22207,191,86,81,-45
22208,192,86,81,-45
22209,193,86,81,-44
22210,194,86,82,-43
22211,195,86,82,-43
22212,196,86,82,-41
22213,197,86,83,-41
22214,198,86,83,-41
22215,199,86,83,-39
22216,200,86,83,-39
22217,201,86,83,-39
22218,202,86,84,-38
22219,203,86,84,-38
22220,204,86,84,-37
22221,205,86,85,-36
22222,206,86,85,-36
22223,207,86,85,-35
22224,208,86,85,-35
22225,209,86,85,-34
22226,210,86,85,-34
22227,211,86,86,-33
22228,212,86,86,-33
22229,213,86,86,-32
22230,214,86,86,-32
22231,215,86,86,-32
22232,216,86,87,-31
22233,217,86,87,-31
22234,218,86,87,-30
22235,219,86,87,-30
22236,220,86,87,-30
22237,221,86,87,-29
22238,222,86,87,-29
22239,223,86,88,-29
22240,224,86,88,-29
22241,225,86,88,-29
22242,226,86,88,-27
22243,227,86,88,-27
22244,228,86,88,-27
22245,229,86,88,-27
22246,230,86,88,-27
22247,231,86,88,-27
22248,232,86,88,-27
22249,233,86,89,-26
22250,234,86,89,-26
22251,235,86,89,-26
22252,236,86,89,-25
22253,237,86,89,-25
22254,238,86,89,-25
22255,239,86,89,-25
22256,240,86,90,-24
22257,241,86,90,-24
22258,242,86,90,-24
22259,243,86,90,-24
22260,244,86,90,-23
22261,245,86,90,-23
22262,246,86,90,-23
22263,247,86,90,-23
22264,248,86,90,-22
22265,249,86,90,-22
22266,250,86,90,-22
22267,251,86,90,-22
22268,252,86,90,-22
22269,253,86,91,-21
22270,254,86,91,-21
22271,255,86,91,-21
22272,0,87,-91,-20
22273,1,87,-91,-20
22274,2,87,-91,-20
22275,3,87,-91,-21
22276,4,87,-91,-21
22277,5,87,-91,-21
22278,6,87,-91,-21
22279,7,87,-91,-21
22280,8,87,-90,-22
22281,9,87,-90,-22
22282,10,87,-90,-22
22283,11,87,-90,-22
22284,12,87,-90,-22
22285,13,87,-90,-23
22286,14,87,-90,-23
22287,15,87,-90,-23
22288,16,87,-90,-23
22289,17,87,-90,-24
22290,18,87,-90,-24
22291,19,87,-90,-24
22292,20,87,-90,-24
22293,21,87,-89,-25
22294,22,87,-89,-25
22295,23,87,-89,-25
22296,24,87,-89,-26
22297,25,87,-89,-26
22298,26,87,-89,-26
22299,27,87,-89,-26
22300,28,87,-88,-27
22301,29,87,-88,-27
22302,30,87,-88,-27
22303,31,87,-88,-27
22304,32,87,-88,-27
22305,33,87,-88,-27
22306,34,87,-88,-29
22307,35,87,-88,-29
22308,36,87,-88,-29
22309,37,87,-87,-29
22310,38,87,-87,-29
22311,39,87,-87,-30
22312,40,87,-87,-30
22313,41,87,-87,-30
22314,42,87,-87,-31
22315,43,87,-87,-31
22316,44,87,-86,-32
22317,45,87,-86,-32
22318,46,87,-86,-33
22319,47,87,-86,-33
22320,48,87,-85,-34
22321,49,87,-85,-34
22322,50,87,-85,-35
22323,51,87,-85,-35
22324,52,87,-85,-36
22325,53,87,-85,-36
22326,54,87,-84,-37
22327,55,87,-84,-37
22328,56,87,-84,-38
22329,57,87,-83,-39
22330,58,87,-83,-39
22331,59,87,-83,-39
22332,60,87,-83,-41
22333,61,87,-83,-41
22334,62,87,-82,-41
22335,63,87,-82,-43
22336,64,87,-82,-43
22337,65,87,-81,-44
22338,66,87,-81,-45
22339,67,87,-81,-45
22340,68,87,-80,-46
22341,69,87,-78,-46
22342,70,87,-76,-46
22343,71,87,-74,-46
22344,72,87,-73,-46
22345,73,87,-71,-46
22346,74,87,-69,-46
22347,75,87,-67,-46
22348,76,87,-66,-46
22349,77,87,-64,-46
22350,78,87,-62,-46
22351,79,87,-60,-46
22352,80,87,-58,-46
22353,81,87,-57,-46
22354,82,87,-55,-46
22355,83,87,-53,-46
22356,84,87,-51,-46
22357,85,87,-49,-46
22358,86,87,-48,-46
22359,87,87,-46,-46
22360,88,87,-44,-46
22361,89,87,-42,-46
22362,90,87,-41,-46
22363,91,87,-39,-46
22364,92,87,-37,-46
22365,93,87,-35,-46
22366,94,87,-33,-46
22367,95,87,-32,-46
22368,96,87,-30,-46
22369,97,87,-28,-46
22370,98,87,-26,-46
22371,99,87,-24,-46
22372,100,87,-23,-46
22373,101,87,-21,-46
22374,102,87,-19,-46
22375,103,87,-17,-46
22376,104,87,-16,-46
22377,105,87,-14,-46
22378,106,87,-12,-46
22379,107,87,-10,-46
22380,108,87,-8,-46
22381,109,87,-7,-46
22382,110,87,-5,-46
22383,111,87,-3,-46
22384,112,87,-1,-46
22385,113,87,0,-46
22386,114,87,0,-46
22387,115,87,0,-46
22388,116,87,0,-46
22389,117,87,0,-46
22390,118,87,0,-46
22391,119,87,0,-46
22392,120,87,0,-46
22393,121,87,0,-46
22394,122,87,0,-46
22395,123,87,0,-46
22396,124,87,0,-46
22397,125,87,0,-46
22398,126,87,0,-46
22399,127,87,0,-46
22400,128,87,0,-46
22401,129,87,0,-46
22402,130,87,0,-46
22403,131,87,0,-46
22404,132,87,0,-46
22405,133,87,0,-46
22406,134,87,0,-46
22407,135,87,0,-46
22408,136,87,0,-46
22409,137,87,0,-46
22410,138,87,0,-46
22411,139,87,0,-46
22412,140,87,0,-46
22413,141,87,0,-46
22414,142,87,0,-46
22415,143,87,0,-46
22416,144,87,1,-46
22417,145,87,3,-46
22418,146,87,5,-46
22419,147,87,7,-46
22420,148,87,8,-46
22421,149,87,10,-46
22422,150,87,12,-46
22423,151,87,14,-46
22424,152,87,16,-46
22425,153,87,17,-46
22426,154,87,19,-46
22427,155,87,21,-46
22428,156,87,23,-46
22429,157,87,24,-46
22430,158,87,26,-46
22431,159,87,28,-46
22432,160,87,30,-46
22433,161,87,32,-46
22434,162,87,33,-46
22435,163,87,35,-46
22436,164,87,37,-46
22437,165,87,39,-46
22438,166,87,41,-46
22439,167,87,42,-46
22440,168,87,44,-46
22441,169,87,46,-46
22442,170,87,48,-46
22443,171,87,49,-46
22444,172,87,51,-46
22445,173,87,53,-46
22446,174,87,55,-46
22447,175,87,57,-46
22448,176,87,58,-46
22449,177,87,60,-46
22450,178,87,62,-46
22451,179,87,64,-46
22452,180,87,66,-46
22453,181,87,67,-46
22454,182,87,69,-46
22455,183,87,71,-46
22456,184,87,73,-46
22457,185,87,74,-46
22458,186,87,76,-46
22459,187,87,78,-46
22460,188,87,80,-46
22461,189,87,81,-45
22462,190,87,81,-45
22463,191,87,81,-44
22464,192,87,82,-43
22465,193,87,82,-43
22466,194,87,82,-41
22467,195,87,83,-41
22468,196,87,83,-41
22469,197,87,83,-39
22470,198,87,83,-39
22471,199,87,83,-39
22472,200,87,84,-38
22473,201,87,84,-37
22474,202,87,84,-37
22475,203,87,85,-36
22476,204,87,85,-36
22477,205,87,85,-35
22478,206,87,85,-35
22479,207,87,85,-34
22480,208,87,85,-34
22481,209,87,86,-33
22482,210,87,86,-33
22483,211,87,86,-32
22484,212,87,86,-32
22485,213,87,87,-31
22486,214,87,87,-31
22487,215,87,87,-30
22488,216,87,87,-30
22489,217,87,87,-30
22490,218,87,87,-29
22491,219,87,87,-29
22492,220,87,88,-29
22493,221,87,88,-29
22494,222,87,88,-29
22495,223,87,88,-27
22496,224,87,88,-27
22497,225,87,88,-27
22498,226,87,88,-27
22499,227,87,88,-27
22500,228,87,88,-27
22501,229,87,89,-26
22502,230,87,89,-26
22503,231,87,89,-26
22504,232,87,89,-26
22505,233,87,89,-25
22506,234,87,89,-25
22507,235,87,89,-25
22508,236,87,90,-24
22509,237,87,90,-24
22510,238,87,90,-24
22511,239,87,90,-24
22512,240,87,90,-23
22513,241,87,90,-23
22514,242,87,90,-23
22515,243,87,90,-23
22516,244,87,90,-22
22517,245,87,90,-22
22518,246,87,90,-22
22519,247,87,90,-22
22520,248,87,90,-22
22521,249,87,91,-21
22522,250,87,91,-21
22523,251,87,91,-21
22524,252,87,91,-21
22525,253,87,91,-21
22526,254,87,91,-20
22527,255,87,91,-20
22528,0,88,-91,-19
22529,1,88,-91,-19
22530,2,88,-91,-19
22531,3,88,-91,-20
22532,4,88,-91,-20
22533,5,88,-91,-20
22534,6,88,-91,-20
22535,7,88,-91,-20
22536,8,88,-91,-21
22537,9,88,-91,-21
22538,10,88,-91,-21
22539,11,88,-91,-21
22540,12,88,-90,-22
22541,13,88,-90,-22
22542,14,88,-90,-22
22543,15,88,-90,-22
22544,16,88,-90,-22
22545,17,88,-90,-23
22546,18,88,-90,-23
22547,19,88,-90,-23
22548,20,88,-90,-23
22549,21,88,-90,-24
22550,22,88,-90,-24
22551,23,88,-90,-24
22552,24,88,-89,-25
22553,25,88,-89,-25
22554,26,88,-89,-25
22555,27,88,-89,-25
22556,28,88,-89,-26
22557,29,88,-89,-26
22558,30,88,-89,-26
22559,31,88,-88,-27
22560,32,88,-88,-27
22561,33,88,-88,-27
22562,34,88,-88,-27
22563,35,88,-88,-27
22564,36,88,-88,-27
22565,37,88,-88,-29
22566,38,88,-88,-29
22567,39,88,-87,-29
22568,40,88,-87,-29
22569,41,88,-87,-29
22570,42,88,-87,-30
22571,43,88,-87,-30
22572,44,88,-87,-31
22573,45,88,-87,-31
22574,46,88,-87,-31
22575,47,88,-86,-32
22576,48,88,-86,-32
22577,49,88,-86,-33
22578,50,88,-86,-33
22579,51,88,-85,-34
22580,52,88,-85,-34
22581,53,88,-85,-35
22582,54,88,-85,-36
22583,55,88,-85,-36
22584,56,88,-84,-37
22585,57,88,-84,-37
22586,58,88,-84,-38
22587,59,88,-83,-39
22588,60,88,-83,-39
22589,61,88,-83,-39
22590,62,88,-83,-41
22591,63,88,-83,-41
22592,64,88,-82,-41
22593,65,88,-82,-42
22594,66,88,-82,-43
22595,67,88,-82,-44
22596,68,88,-80,-44
22597,69,88,-78,-44
22598,70,88,-76,-44
22599,71,88,-74,-44
22600,72,88,-73,-44
22601,73,88,-71,-44
22602,74,88,-69,-44
22603,75,88,-67,-44
22604,76,88,-66,-44
22605,77,88,-64,-44
22606,78,88,-62,-44
22607,79,88,-60,-44
22608,80,88,-58,-44
22609,81,88,-57,-44
22610,82,88,-55,-44
22611,83,88,-53,-44
22612,84,88,-51,-44
22613,85,88,-49,-44
22614,86,88,-48,-44
22615,87,88,-46,-44
22616,88,88,-44,-44
22617,89,88,-42,-44
22618,90,88,-41,-44
22619,91,88,-39,-44
22620,92,88,-37,-44
22621,93,88,-35,-44
22622,94,88,-33,-44
22623,95,88,-32,-44
22624,96,88,-30,-44
22625,97,88,-28,-44
22626,98,88,-26,-44
22627,99,88,-24,-44
22628,100,88,-23,-44
22629,101,88,-21,-44
22630,102,88,-19,-44
22631,103,88,-17,-44
22632,104,88,-16,-44
22633,105,88,-14,-44
22634,106,88,-12,-44
22635,107,88,-10,-44
22636,108,88,-8,-44
22637,109,88,-7,-44
22638,110,88,-5,-44
22639,111,88,-3,-44
22640,112,88,-1,-44
22641,113,88,0,-44
22642,114,88,0,-44
22643,115,88,0,-44
22644,116,88,0,-44
22645,117,88,0,-44
22646,118,88,0,-44
22647,119,88,0,-44
22648,120,88,0,-44
22649,121,88,0,-44
22650,122,88,0,-44
22651,123,88,0,-44
22652,124,88,0,-44
22653,125,88,0,-44
22654,126,88,0,-44
22655,127,88,0,-44
22656,128,88,0,-44
22657,129,88,0,-44
22658,130,88,0,-44
22659,131,88,0,-44
22660,132,88,0,-44
22661,133,88,0,-44
22662,134,88,0,-44
22663,135,88,0,-44
22664,136,88,0,-44
22665,137,88,0,-44
22666,138,88,0,-44
22667,139,88,0,-44
22668,140,88,0,-44
22669,141,88,0,-44
22670,142,88,0,-44
22671,143,88,0,-44
22672,144,88,1,-44
22673,145,88,3,-44
22674,146,88,5,-44
22675,147,88,7,-44
22676,148,88,8,-44
22677,149,88,10,-44
22678,150,88,12,-44
22679,151,88,14,-44
22680,152,88,16,-44
22681,153,88,17,-44
22682,154,88,19,-44
22683,155,88,21,-44
22684,156,88,23,-44
22685,157,88,24,-44
22686,158,88,26,-44
22687,159,88,28,-44
22688,160,88,30,-44
22689,161,88,32,-44
22690,162,88,33,-44
22691,163,88,35,-44
22692,164,88,37,-44
22693,165,88,39,-44
22694,166,88,41,-44
22695,167,88,42,-44
22696,168,88,44,-44
22697,169,88,46,-44
22698,170,88,48,-44
22699,171,88,49,-44
22700,172,88,51,-44
22701,173,88,53,-44
22702,174,88,55,-44
22703,175,88,57,-44
22704,176,88,58,-44
22705,177,88,60,-44
22706,178,88,62,-44
22707,179,88,64,-44
22708,180,88,66,-44
22709,181,88,67,-44
22710,182,88,69,-44
22711,183,88,71,-44
22712,184,88,73,-44
22713,185,88,74,-44
22714,186,88,76,-44
22715,187,88,78,-44
22716,188,88,80,-44
22717,189,88,82,-44
22718,190,88,82,-43
22719,191,88,82,-42
22720,192,88,82,-41
22721,193,88,83,-41
22722,194,88,83,-41
22723,195,88,83,-39
22724,196,88,83,-39
22725,197,88,83,-39
22726,198,88,84,-38
22727,199,88,84,-37
22728,200,88,84,-37
22729,201,88,85,-36
22730,202,88,85,-36
22731,203,88,85,-35
22732,204,88,85,-34
22733,205,88,85,-34
22734,206,88,86,-33
22735,207,88,86,-33
22736,208,88,86,-32
22737,209,88,86,-32
22738,210,88,87,-31
22739,211,88,87,-31
22740,212,88,87,-31
22741,213,88,87,-30
22742,214,88,87,-30
22743,215,88,87,-29
22744,216,88,87,-29
22745,217,88,87,-29
22746,218,88,88,-29
22747,219,88,88,-29
22748,220,88,88,-27
22749,221,88,88,-27
22750,222,88,88,-27
22751,223,88,88,-27
22752,224,88,88,-27
22753,225,88,88,-27
22754,226,88,89,-26
22755,227,88,89,-26
22756,228,88,89,-26
22757,229,88,89,-25
22758,230,88,89,-25
22759,231,88,89,-25
22760,232,88,89,-25
22761,233,88,90,-24
22762,234,88,90,-24
22763,235,88,90,-24
22764,236,88,90,-23
22765,237,88,90,-23
22766,238,88,90,-23
22767,239,88,90,-23
22768,240,88,90,-22
22769,241,88,90,-22
22770,242,88,90,-22
22771,243,88,90,-22
22772,244,88,90,-22
22773,245,88,91,-21
22774,246,88,91,-21
22775,247,88,91,-21
22776,248,88,91,-21
22777,249,88,91,-20
22778,250,88,91,-20
22779,251,88,91,-20
22780,252,88,91,-20
22781,253,88,91,-20
22782,254,88,91,-19
22783,255,88,91,-19
22784,0,89,-92,-19
22785,1,89,-92,-19
22786,2,89,-91,-19
22787,3,89,-91,-19
22788,4,89,-91,-19
22789,5,89,-91,-19
22790,6,89,-91,-19
22791,7,89,-91,-20
22792,8,89,-91,-20
22793,9,89,-91,-20
22794,10,89,-91,-20
22795,11,89,-91,-20
22796,12,89,-91,-21
22797,13,89,-91,-21
22798,14,89,-91,-21
22799,15,89,-91,-21
22800,16,89,-90,-22
22801,17,89,-90,-22
22802,18,89,-90,-22
22803,19,89,-90,-22
22804,20,89,-90,-22
22805,21,89,-90,-23
22806,22,89,-90,-23
22807,23,89,-90,-23
22808,24,89,-90,-24
22809,25,89,-90,-24
22810,26,89,-90,-24
22811,27,89,-90,-24
22812,28,89,-89,-25
22813,29,89,-89,-25
22814,30,89,-89,-25
22815,31,89,-89,-26
22816,32,89,-89,-26
22817,33,89,-89,-26
22818,34,89,-88,-27
22819,35,89,-88,-27
22820,36,89,-88,-27
22821,37,89,-88,-27
22822,38,89,-88,-27
22823,39,89,-88,-27
22824,40,89,-88,-29
22825,41,89,-88,-29
22826,42,89,-87,-29
22827,43,89,-87,-29
22828,44,89,-87,-29
22829,45,89,-87,-30
22830,46,89,-87,-30
22831,47,89,-87,-31
22832,48,89,-87,-31
22833,49,89,-86,-32
22834,50,89,-86,-32
22835,51,89,-86,-33
22836,52,89,-86,-33
22837,53,89,-85,-34
22838,54,89,-85,-34
22839,55,89,-85,-35
22840,56,89,-85,-35
22841,57,89,-85,-36
22842,58,89,-85,-36
22843,59,89,-84,-37
22844,60,89,-84,-38
22845,61,89,-84,-38
22846,62,89,-83,-39
22847,63,89,-83,-39
22848,64,89,-83,-40
22849,65,89,-83,-41
22850,66,89,-82,-41
22851,67,89,-82,-42
22852,68,89,-80,-42
22853,69,89,-78,-42
22854,70,89,-76,-42
22855,71,89,-74,-42
22856,72,89,-73,-42
22857,73,89,-71,-42
22858,74,89,-69,-42
22859,75,89,-67,-42
22860,76,89,-66,-42
22861,77,89,-64,-42
22862,78,89,-62,-42
22863,79,89,-60,-42
22864,80,89,-58,-42
22865,81,89,-57,-42
22866,82,89,-55,-42
22867,83,89,-53,-42
22868,84,89,-51,-42
22869,85,89,-49,-42
22870,86,89,-48,-42
22871,87,89,-46,-42
22872,88,89,-44,-42
22873,89,89,-42,-42
22874,90,89,-41,-42
22875,91,89,-39,-42
22876,92,89,-37,-42
22877,93,89,-35,-42
22878,94,89,-33,-42
22879,95,89,-32,-42
22880,96,89,-30,-42
22881,97,89,-28,-42
22882,98,89,-26,-42
22883,99,89,-24,-42
22884,100,89,-23,-42
22885,101,89,-21,-42
22886,102,89,-19,-42
22887,103,89,-17,-42
22888,104,89,-16,-42
22889,105,89,-14,-42
22890,106,89,-12,-42
22891,107,89,-10,-42
22892,108,89,-8,-42
22893,109,89,-7,-42
22894,110,89,-5,-42
22895,111,89,-3,-42
22896,112,89,-1,-42
22897,113,89,0,-42
22898,114,89,0,-42
22899,115,89,0,-42
22900,116,89,0,-42
22901,117,89,0,-42
22902,118,89,0,-42
22903,119,89,0,-42
22904,120,89,0,-42
22905,121,89,0,-42
22906,122,89,0,-42
22907,123,89,0,-42
22908,124,89,0,-42
22909,125,89,0,-42
22910,126,89,0,-42
22911,127,89,0,-42
22912,128,89,0,-42
22913,129,89,0,-42
22914,130,89,0,-42
22915,131,89,0,-42
22916,132,89,0,-42
22917,133,89,0,-42
22918,134,89,0,-42
22919,135,89,0,-42
22920,136,89,0,-42
22921,137,89,0,-42
22922,138,89,0,-42
22923,139,89,0,-42
22924,140,89,0,-42
22925,141,89,0,-42
22926,142,89,0,-42
22927,143,89,0,-42
22928,144,89,1,-42
22929,145,89,3,-42
22930,146,89,5,-42
22931,147,89,7,-42
22932,148,89,8,-42
22933,149,89,10,-42
22934,150,89,12,-42
22935,151,89,14,-42
22936,152,89,16,-42
22937,153,89,17,-42
22938,154,89,19,-42
22939,155,89,21,-42
22940,156,89,23,-42
22941,157,89,24,-42
22942,158,89,26,-42
22943,159,89,28,-42
22944,160,89,30,-42
22945,161,89,32,-42
22946,162,89,33,-42
22947,163,89,35,-42
22948,164,89,37,-42
22949,165,89,39,-42
22950,166,89,41,-42
22951,167,89,42,-42
22952,168,89,44,-42
22953,169,89,46,-42
22954,170,89,48,-42
22955,171,89,49,-42
22956,172,89,51,-42
22957,173,89,53,-42
22958,174,89,55,-42
22959,175,89,57,-42
22960,176,89,58,-42
22961,177,89,60,-42
22962,178,89,62,-42
22963,179,89,64,-42
22964,180,89,66,-42
22965,181,89,67,-42
22966,182,89,69,-42
22967,183,89,71,-42
22968,184,89,73,-42
22969,185,89,74,-42
22970,186,89,76,-42
22971,187,89,78,-42
22972,188,89,80,-42
22973,189,89,82,-42
22974,190,89,82,-41
22975,191,89,83,-41
22976,192,89,83,-40
22977,193,89,83,-39
22978,194,89,83,-39
22979,195,89,84,-38
22980,196,89,84,-38
22981,197,89,84,-37
22982,198,89,85,-36
22983,199,89,85,-36
22984,200,89,85,-35
22985,201,89,85,-35
22986,202,89,85,-34
22987,203,89,85,-34
22988,204,89,86,-33
22989,205,89,86,-33
22990,206,89,86,-32
22991,207,89,86,-32
22992,208,89,87,-31
22993,209,89,87,-31
22994,210,89,87,-30
22995,211,89,87,-30
22996,212,89,87,-29
22997,213,89,87,-29
22998,214,89,87,-29
22999,215,89,88,-29
23000,216,89,88,-29
23001,217,89,88,-27
23002,218,89,88,-27
23003,219,89,88,-27
23004,220,89,88,-27
23005,221,89,88,-27
23006,222,89,88,-27
23007,223,89,89,-26
23008,224,89,89,-26
23009,225,89,89,-26
23010,226,89,89,-25
23011,227,89,89,-25
23012,228,89,89,-25
23013,229,89,90,-24
23014,230,89,90,-24
23015,231,89,90,-24
23016,232,89,90,-24
23017,233,89,90,-23
23018,234,89,90,-23
23019,235,89,90,-23
23020,236,89,90,-22
23021,237,89,90,-22
23022,238,89,90,-22
23023,239,89,90,-22
23024,240,89,90,-22
23025,241,89,91,-21
23026,242,89,91,-21
23027,243,89,91,-21
23028,244,89,91,-21
23029,245,89,91,-20
23030,246,89,91,-20
23031,247,89,91,-20
23032,248,89,91,-20
23033,249,89,91,-20
23034,250,89,91,-19
23035,251,89,91,-19
23036,252,89,91,-19
23037,253,89,91,-19
23038,254,89,91,-19
23039,255,89,92,-19
23040,0,90,-92,-18
23041,1,90,-92,-19
23042,2,90,-92,-19
23043,3,90,-92,-19
23044,4,90,-92,-19
23045,5,90,-92,-19
23046,6,90,-91,-19
23047,7,90,-91,-19
23048,8,90,-91,-19
23049,9,90,-91,-19
23050,10,90,-91,-19
23051,11,90,-91,-19
23052,12,90,-91,-20
23053,13,90,-91,-20
23054,14,90,-91,-20
23055,15,90,-91,-20
23056,16,90,-91,-21
23057,17,90,-91,-21
23058,18,90,-91,-21
23059,19,90,-91,-21
23060,20,90,-90,-22
23061,21,90,-90,-22
23062,22,90,-90,-22
23063,23,90,-90,-22
23064,24,90,-90,-23
23065,25,90,-90,-23
23066,26,90,-90,-23
23067,27,90,-90,-23
23068,28,90,-90,-24
23069,29,90,-90,-24
23070,30,90,-90,-24
23071,31,90,-89,-25
23072,32,90,-89,-25
23073,33,90,-89,-25
23074,34,90,-89,-25
23075,35,90,-89,-26
23076,36,90,-89,-26
23077,37,90,-89,-26
23078,38,90,-88,-27
23079,39,90,-88,-27
23080,40,90,-88,-27
23081,41,90,-88,-27
23082,42,90,-88,-27
23083,43,90,-88,-28
23084,44,90,-88,-29
23085,45,90,-87,-29
23086,46,90,-87,-29
23087,47,90,-87,-29
23088,48,90,-87,-30
23089,49,90,-87,-30
23090,50,90,-87,-31
23091,51,90,-87,-31
23092,52,90,-86,-32
23093,53,90,-86,-32
23094,54,90,-86,-33
23095,55,90,-86,-33
23096,56,90,-85,-34
23097,57,90,-85,-34
23098,58,90,-85,-35
23099,59,90,-85,-36
23100,60,90,-85,-36
23101,61,90,-84,-37
23102,62,90,-84,-38
23103,63,90,-84,-38
23104,64,90,-83,-39
23105,65,90,-83,-40
23106,66,90,-83,-41
23107,67,90,-82,-41
23108,68,90,-80,-41
23109,69,90,-78,-41
23110,70,90,-76,-41
23111,71,90,-74,-41
23112,72,90,-73,-41
23113,73,90,-71,-41
23114,74,90,-69,-41
23115,75,90,-67,-41
23116,76,90,-66,-41
23117,77,90,-64,-41
23118,78,90,-62,-41
23119,79,90,-60,-41
23120,80,90,-58,-41
23121,81,90,-57,-41
23122,82,90,-55,-41
23123,83,90,-53,-41
23124,84,90,-51,-41
23125,85,90,-49,-41
23126,86,90,-48,-41
23127,87,90,-46,-41
23128,88,90,-44,-41
23129,89,90,-42,-41
23130,90,90,-41,-41
23131,91,90,-39,-41
23132,92,90,-37,-41
23133,93,90,-35,-41
23134,94,90,-33,-41
23135,95,90,-32,-41
23136,96,90,-30,-41
23137,97,90,-28,-41
23138,98,90,-26,-41
23139,99,90,-24,-41
23140,100,90,-23,-41
23141,101,90,-21,-41
23142,102,90,-19,-41
23143,103,90,-17,-41
23144,104,90,-16,-41
23145,105,90,-14,-41
23146,106,90,-12,-41
23147,107,90,-10,-41
23148,108,90,-8,-41
23149,109,90,-7,-41
23150,110,90,-5,-41
23151,111,90,-3,-41
23152,112,90,-1,-41
23153,113,90,0,-41
23154,114,90,0,-41
23155,115,90,0,-41
23156,116,90,0,-41
23157,117,90,0,-41
23158,118,90,0,-41
23159,119,90,0,-41
23160,120,90,0,-41
23161,121,90,0,-41
23162,122,90,0,-41
23163,123,90,0,-41
23164,124,90,0,-41
23165,125,90,0,-41
23166,126,90,0,-41
23167,127,90,0,-41
23168,128,90,0,-41
23169,129,90,0,-41
23170,130,90,0,-41
23171,131,90,0,-41
23172,132,90,0,-41
23173,133,90,0,-41
23174,134,90,0,-41
23175,135,90,0,-41
23176,136,90,0,-41
23177,137,90,0,-41
23178,138,90,0,-41
23179,139,90,0,-41
23180,140,90,0,-41
23181,141,90,0,-41
23182,142,90,0,-41
23183,143,90,0,-41
23184,144,90,1,-41
23185,145,90,3,-41
23186,146,90,5,-41
23187,147,90,7,-41
23188,148,90,8,-41
23189,149,90,10,-41
23190,150,90,12,-41
23191,151,90,14,-41
23192,152,90,16,-41
23193,153,90,17,-41
23194,154,90,19,-41
23195,155,90,21,-41
23196,156,90,23,-41
23197,157,90,24,-41
23198,158,90,26,-41
23199,159,90,28,-41
23200,160,90,30,-41
23201,161,90,32,-41
23202,162,90,33,-41
23203,163,90,35,-41
23204,164,90,37,-41
23205,165,90,39,-41
23206,166,90,41,-41
23207,167,90,42,-41
23208,168,90,44,-41
23209,169,90,46,-41
23210,170,90,48,-41
23211,171,90,49,-41
23212,172,90,51,-41
23213,173,90,53,-41
23214,174,90,55,-41
23215,175,90,57,-41
23216,176,90,58,-41
23217,177,90,60,-41
23218,178,90,62,-41
23219,179,90,64,-41
23220,180,90,66,-41
23221,181,90,67,-41
23222,182,90,69,-41
23223,183,90,71,-41
23224,184,90,73,-41
23225,185,90,74,-41
23226,186,90,76,-41
23227,187,90,78,-41
23228,188,90,80,-41
23229,189,90,82,-41
23230,190,90,83,-41
23231,191,90,83,-40
23232,192,90,83,-39
23233,193,90,84,-38
23234,194,90,84,-38
23235,195,90,84,-37
23236,196,90,85,-36
23237,197,90,85,-36
23238,198,90,85,-35
23239,199,90,85,-34
23240,200,90,85,-34
23241,201,90,86,-33
23242,202,90,86,-33
23243,203,90,86,-32
23244,204,90,86,-32
23245,205,90,87,-31
23246,206,90,87,-31
23247,207,90,87,-30
23248,208,90,87,-30
23249,209,90,87,-29
23250,210,90,87,-29
23251,211,90,87,-29
23252,212,90,88,-29
23253,213,90,88,-28
23254,214,90,88,-27
23255,215,90,88,-27
23256,216,90,88,-27
23257,217,90,88,-27
23258,218,90,88,-27
23259,219,90,89,-26
23260,220,90,89,-26
23261,221,90,89,-26
23262,222,90,89,-25
23263,223,90,89,-25
23264,224,90,89,-25
23265,225,90,89,-25
23266,226,90,90,-24
23267,227,90,90,-24
23268,228,90,90,-24
23269,229,90,90,-23
23270,230,90,90,-23
23271,231,90,90,-23
23272,232,90,90,-23
23273,233,90,90,-22
23274,234,90,90,-22
23275,235,90,90,-22
23276,236,90,90,-22
23277,237,90,91,-21
23278,238,90,91,-21
23279,239,90,91,-21
23280,240,90,91,-21
23281,241,90,91,-20
23282,242,90,91,-20
23283,243,90,91,-20
23284,244,90,91,-20
23285,245,90,91,-19
23286,246,90,91,-19
23287,247,90,91,-19
23288,248,90,91,-19
23289,249,90,91,-19
23290,250,90,91,-19
23291,251,90,92,-19
23292,252,90,92,-19
23293,253,90,92,-19
23294,254,90,92,-19
23295,255,90,92,-19
23296,0,91,-92,-17
23297,1,91,-92,-17
23298,2,91,-92,-17
23299,3,91,-92,-17
23300,4,91,-92,-17
23301,5,91,-92,-18
23302,6,91,-92,-19
23303,7,91,-92,-19
23304,8,91,-92,-19
23305,9,91,-92,-19
23306,10,91,-92,-19
23307,11,91,-91,-19
23308,12,91,-91,-19
23309,13,91,-91,-19
23310,14,91,-91,-19
23311,15,91,-91,-19
23312,16,91,-91,-20
23313,17,91,-91,-20
23314,18,91,-91,-20
23315,19,91,-91,-20
23316,20,91,-91,-21
23317,21,91,-91,-21
23318,22,91,-91,-21
23319,23,91,-91,-21
23320,24,91,-91,-21
23321,25,91,-90,-22
23322,26,91,-90,-22
23323,27,91,-90,-22
23324,28,91,-90,-23
23325,29,91,-90,-23
23326,30,91,-90,-23
23327,31,91,-90,-23
23328,32,91,-90,-24
23329,33,91,-90,-24
23330,34,91,-90,-24
23331,35,91,-89,-25
23332,36,91,-89,-25
23333,37,91,-89,-25
23334,38,91,-89,-26
23335,39,91,-89,-26
23336,40,91,-89,-26
23337,41,91,-88,-27
23338,42,91,-88,-27
23339,43,91,-88,-27
23340,44,91,-88,-27
23341,45,91,-88,-27
23342,46,91,-88,-28
23343,47,91,-88,-29
23344,48,91,-87,-29
23345,49,91,-87,-29
23346,50,91,-87,-29
23347,51,91,-87,-30
23348,52,91,-87,-30
23349,53,91,-87,-31
23350,54,91,-87,-31
23351,55,91,-86,-32
23352,56,91,-86,-33
23353,57,91,-86,-33
23354,58,91,-85,-34
23355,59,91,-85,-34
23356,60,91,-85,-35
23357,61,91,-85,-35
23358,62,91,-85,-36
23359,63,91,-84,-37
23360,64,91,-84,-37
23361,65,91,-84,-38
23362,66,91,-83,-39
23363,67,91,-82,-39
23364,68,91,-80,-39
23365,69,91,-78,-39
23366,70,91,-76,-39
23367,71,91,-74,-39
23368,72,91,-73,-39
23369,73,91,-71,-39
23370,74,91,-69,-39
23371,75,91,-67,-39
23372,76,91,-66,-39
23373,77,91,-64,-39
23374,78,91,-62,-39
23375,79,91,-60,-39
23376,80,91,-58,-39
23377,81,91,-57,-39
23378,82,91,-55,-39
23379,83,91,-53,-39
23380,84,91,-51,-39
23381,85,91,-49,-39
23382,86,91,-48,-39
23383,87,91,-46,-39
23384,88,91,-44,-39
23385,89,91,-42,-39
23386,90,91,-41,-39
23387,91,91,-39,-39
23388,92,91,-37,-39
23389,93,91,-35,-39
23390,94,91,-33,-39
23391,95,91,-32,-39
23392,96,91,-30,-39
23393,97,91,-28,-39
23394,98,91,-26,-39
23395,99,91,-24,-39
23396,100,91,-23,-39
23397,101,91,-21,-39
23398,102,91,-19,-39
23399,103,91,-17,-39
23400,104,91,-16,-39
23401,105,91,-14,-39
23402,106,91,-12,-39
23403,107,91,-10,-39
23404,108,91,-8,-39
23405,109,91,-7,-39
23406,110,91,-5,-39
23407,111,91,-3,-39
23408,112,91,-1,-39
23409,113,91,0,-39
23410,114,91,0,-39
23411,115,91,0,-39
23412,116,91,0,-39
23413,117,91,0,-39
23414,118,91,0,-39
23415,119,91,0,-39
23416,120,91,0,-39
23417,121,91,0,-39
23418,122,91,0,-39
23419,123,91,0,-39
23420,124,91,0,-39
23421,125,91,0,-39
23422,126,91,0,-39
23423,127,91,0,-39
23424,128,91,0,-39
23425,129,91,0,-39
23426,130,91,0,-39
23427,131,91,0,-39
23428,132,91,0,-39
23429,133,91,0,-39
23430,134,91,0,-39
23431,135,91,0,-39
23432,136,91,0,-39
23433,137,91,0,-39
23434,138,91,0,-39
23435,139,91,0,-39
23436,140,91,0,-39
23437,141,91,0,-39
23438,142,91,0,-39
23439,143,91,0,-39
23440,144,91,1,-39
23441,145,91,3,-39
23442,146,91,5,-39
23443,147,91,7,-39
23444,148,91,8,-39
23445,149,91,10,-39
23446,150,91,12,-39
23447,151,91,14,-39
23448,152,91,16,-39
23449,153,91,17,-39
23450,154,91,19,-39
23451,155,91,21,-39
23452,156,91,23,-39
23453,157,91,24,-39
23454,158,91,26,-39
23455,159,91,28,-39
23456,160,91,30,-39
23457,161,91,32,-39
23458,162,91,33,-39
23459,163,91,35,-39
23460,164,91,37,-39
23461,165,91,39,-39
23462,166,91,41,-39
23463,167,91,42,-39
23464,168,91,44,-39
23465,169,91,46,-39
23466,170,91,48,-39
23467,171,91,49,-39
23468,172,91,51,-39
23469,173,91,53,-39
23470,174,91,55,-39
23471,175,91,57,-39
23472,176,91,58,-39
23473,177,91,60,-39
23474,178,91,62,-39
23475,179,91,64,-39
23476,180,91,66,-39
23477,181,91,67,-39
23478,182,91,69,-39
23479,183,91,71,-39
23480,184,91,73,-39
23481,185,91,74,-39
23482,186,91,76,-39
23483,187,91,78,-39
23484,188,91,80,-39
23485,189,91,82,-39
23486,190,91,83,-39
23487,191,91,84,-38
23488,192,91,84,-37
23489,193,91,84,-37
23490,194,91,85,-36
23491,195,91,85,-35
23492,196,91,85,-35
23493,197,91,85,-34
23494,198,91,85,-34
23495,199,91,86,-33
23496,200,91,86,-33
23497,201,91,86,-32
23498,202,91,87,-31
23499,203,91,87,-31
23500,204,91,87,-30
23501,205,91,87,-30
23502,206,91,87,-29
23503,207,91,87,-29
23504,208,91,87,-29
23505,209,91,88,-29
23506,210,91,88,-28
23507,211,91,88,-27
23508,212,91,88,-27
23509,213,91,88,-27
23510,214,91,88,-27
23511,215,91,88,-27
23512,216,91,89,-26
23513,217,91,89,-26
23514,218,91,89,-26
23515,219,91,89,-25
23516,220,91,89,-25
23517,221,91,89,-25
23518,222,91,90,-24
23519,223,91,90,-24
23520,224,91,90,-24
23521,225,91,90,-23
23522,226,91,90,-23
23523,227,91,90,-23
23524,228,91,90,-23
23525,229,91,90,-22
23526,230,91,90,-22
23527,231,91,90,-22
23528,232,91,91,-21
23529,233,91,91,-21
23530,234,91,91,-21
23531,235,91,91,-21
23532,236,91,91,-21
23533,237,91,91,-20
23534,238,91,91,-20
23535,239,91,91,-20
23536,240,91,91,-20
23537,241,91,91,-19
23538,242,91,91,-19
23539,243,91,91,-19
23540,244,91,91,-19
23541,245,91,91,-19
23542,246,91,92,-19
23543,247,91,92,-19
23544,248,91,92,-19
23545,249,91,92,-19
23546,250,91,92,-19
23547,251,91,92,-18
23548,252,91,92,-17
23549,253,91,92,-17
23550,254,91,92,-17
23551,255,91,92,-17
23552,0,92,-93,-17
23553,1,92,-93,-17
23554,2,92,-93,-17
23555,3,92,-93,-17
23556,4,92,-93,-17
23557,5,92,-92,-17
23558,6,92,-92,-17
23559,7,92,-92,-17
23560,8,92,-92,-17
23561,9,92,-92,-17
23562,10,92,-92,-18
23563,11,92,-92,-19
23564,12,92,-92,-19
23565,13,92,-92,-19
23566,14,92,-92,-19
23567,15,92,-92,-19
23568,16,92,-91,-19
23569,17,92,-91,-19
23570,18,92,-91,-19
23571,19,92,-91,-19
23572,20,92,-91,-20
23573,21,92,-91,-20
23574,22,92,-91,-20
23575,23,92,-91,-20
23576,24,92,-91,-20
23577,25,92,-91,-21
23578,26,92,-91,-21
23579,27,92,-91,-21
23580,28,92,-91,-21
23581,29,92,-90,-22
23582,30,92,-90,-22
23583,31,92,-90,-22
23584,32,92,-90,-23
23585,33,92,-90,-23
23586,34,92,-90,-23
23587,35,92,-90,-23
23588,36,92,-90,-24
23589,37,92,-90,-24
23590,38,92,-90,-24
23591,39,92,-89,-25
23592,40,92,-89,-25
23593,41,92,-89,-25
23594,42,92,-89,-26
23595,43,92,-89,-26
23596,44,92,-88,-27
23597,45,92,-88,-27
23598,46,92,-88,-27
23599,47,92,-88,-27
23600,48,92,-88,-27
23601,49,92,-88,-28
23602,50,92,-88,-29
23603,51,92,-87,-29
23604,52,92,-87,-29
23605,53,92,-87,-30
23606,54,92,-87,-30
23607,55,92,-87,-31
23608,56,92,-87,-31
23609,57,92,-86,-32
23610,58,92,-86,-32
23611,59,92,-86,-33
23612,60,92,-86,-33
23613,61,92,-85,-34
23614,62,92,-85,-34
23615,63,92,-85,-35
23616,64,92,-85,-36
23617,65,92,-84,-36
23618,66,92,-83,-37
23619,67,92,-82,-37
23620,68,92,-80,-37
23621,69,92,-78,-37
23622,70,92,-76,-37
23623,71,92,-74,-37
23624,72,92,-73,-37
23625,73,92,-71,-37
23626,74,92,-69,-37
23627,75,92,-67,-37
23628,76,92,-66,-37
23629,77,92,-64,-37
23630,78,92,-62,-37
23631,79,92,-60,-37
23632,80,92,-58,-37
23633,81,92,-57,-37
23634,82,92,-55,-37
23635,83,92,-53,-37
23636,84,92,-51,-37
23637,85,92,-49,-37
23638,86,92,-48,-37
23639,87,92,-46,-37
23640,88,92,-44,-37
23641,89,92,-42,-37
23642,90,92,-41,-37
23643,91,92,-39,-37
23644,92,92,-37,-37
23645,93,92,-35,-37
23646,94,92,-33,-37
23647,95,92,-32,-37
23648,96,92,-30,-37
23649,97,92,-28,-37
23650,98,92,-26,-37
23651,99,92,-24,-37
23652,100,92,-23,-37
23653,101,92,-21,-37
23654,102,92,-19,-37
23655,103,92,-17,-37
23656,104,92,-16,-37
23657,105,92,-14,-37
23658,106,92,-12,-37
23659,107,92,-10,-37
23660,108,92,-8,-37
23661,109,92,-7,-37
23662,110,92,-5,-37
23663,111,92,-3,-37
23664,112,92,-1,-37
23665,113,92,0,-37
23666,114,92,0,-37
23667,115,92,0,-37
23668,116,92,0,-37
23669,117,92,0,-37
23670,118,92,0,-37
23671,119,92,0,-37
23672,120,92,0,-37
23673,121,92,0,-37
23674,122,92,0,-37
23675,123,92,0,-37
23676,124,92,0,-37
23677,125,92,0,-37
23678,126,92,0,-37
23679,127,92,0,-37
23680,128,92,0,-37
23681,129,92,0,-37
23682,130,92,0,-37
23683,131,92,0,-37
23684,132,92,0,-37
23685,133,92,0,-37
23686,134,92,0,-37
23687,135,92,0,-37
23688,136,92,0,-37
23689,137,92,0,-37
23690,138,92,0,-37
23691,139,92,0,-37
23692,140,92,0,-37
23693,141,92,0,-37
23694,142,92,0,-37
23695,143,92,0,-37
23696,144,92,1,-37
23697,145,92,3,-37
23698,146,92,5,-37
23699,147,92,7,-37
23700,148,92,8,-37
23701,149,92,10,-37
23702,150,92,12,-37
23703,151,92,14,-37
23704,152,92,16,-37
23705,153,92,17,-37
23706,154,92,19,-37
23707,155,92,21,-37
23708,156,92,23,-37
23709,157,92,24,-37
23710,158,92,26,-37
23711,159,92,28,-37
23712,160,92,30,-37
23713,161,92,32,-37
23714,162,92,33,-37
23715,163,92,35,-37
23716,164,92,37,-37
23717,165,92,39,-37
23718,166,92,41,-37
23719,167,92,42,-37
23720,168,92,44,-37
23721,169,92,46,-37
23722,170,92,48,-37
23723,171,92,49,-37
23724,172,92,51,-37
23725,173,92,53,-37
23726,174,92,55,-37
23727,175,92,57,-37
23728,176,92,58,-37
23729,177,92,60,-37
23730,178,92,62,-37
23731,179,92,64,-37
23732,180,92,66,-37
23733,181,92,67,-37
23734,182,92,69,-37
23735,183,92,71,-37
23736,184,92,73,-37
23737,185,92,74,-37
23738,186,92,76,-37
23739,187,92,78,-37
23740,188,92,80,-37
23741,189,92,82,-37
23742,190,92,83,-37
23743,191,92,84,-36
23744,192,92,85,-36
23745,193,92,85,-35
23746,194,92,85,-34
23747,195,92,85,-34
23748,196,92,86,-33
23749,197,92,86,-33
23750,198,92,86,-32
23751,199,92,86,-32
23752,200,92,87,-31
23753,201,92,87,-31
23754,202,92,87,-30
23755,203,92,87,-30
23756,204,92,87,-29
23757,205,92,87,-29
23758,206,92,88,-29
23759,207,92,88,-28
23760,208,92,88,-27
23761,209,92,88,-27
23762,210,92,88,-27
23763,211,92,88,-27
23764,212,92,88,-27
23765,213,92,89,-26
23766,214,92,89,-26
23767,215,92,89,-25
23768,216,92,89,-25
23769,217,92,89,-25
23770,218,92,90,-24
23771,219,92,90,-24
23772,220,92,90,-24
23773,221,92,90,-23
23774,222,92,90,-23
23775,223,92,90,-23
23776,224,92,90,-23
23777,225,92,90,-22
23778,226,92,90,-22
23779,227,92,90,-22
23780,228,92,91,-21
23781,229,92,91,-21
23782,230,92,91,-21
23783,231,92,91,-21
23784,232,92,91,-20
23785,233,92,91,-20
23786,234,92,91,-20
23787,235,92,91,-20
23788,236,92,91,-20
23789,237,92,91,-19
23790,238,92,91,-19
23791,239,92,91,-19
23792,240,92,91,-19
23793,241,92,92,-19
23794,242,92,92,-19
23795,243,92,92,-19
23796,244,92,92,-19
23797,245,92,92,-19
23798,246,92,92,-18
23799,247,92,92,-17
23800,248,92,92,-17
23801,249,92,92,-17
23802,250,92,92,-17
23803,251,92,92,-17
23804,252,92,93,-17
23805,253,92,93,-17
23806,254,92,93,-17
23807,255,92,93,-17
23808,0,93,-93,-16
23809,1,93,-93,-16
23810,2,93,-93,-16
23811,3,93,-93,-16
23812,4,93,-93,-17
23813,5,93,-93,-17
23814,6,93,-93,-17
23815,7,93,-93,-17
23816,8,93,-93,-17
23817,9,93,-93,-17
23818,10,93,-92,-17
23819,11,93,-92,-17
23820,12,93,-92,-17
23821,13,93,-92,-17
23822,14,93,-92,-17
23823,15,93,-92,-18
23824,16,93,-92,-19
23825,17,93,-92,-19
23826,18,93,-92,-19
23827,19,93,-92,-19
23828,20,93,-91,-19
23829,21,93,-91,-19
23830,22,93,-91,-19
23831,23,93,-91,-19
23832,24,93,-91,-19
23833,25,93,-91,-20
23834,26,93,-91,-20
23835,27,93,-91,-20
23836,28,93,-91,-20
23837,29,93,-91,-21
23838,30,93,-91,-21
23839,31,93,-91,-21
23840,32,93,-91,-21
23841,33,93,-90,-22
23842,34,93,-90,-22
23843,35,93,-90,-22
23844,36,93,-90,-23
23845,37,93,-90,-23
23846,38,93,-90,-23
23847,39,93,-90,-24
23848,40,93,-90,-24
23849,41,93,-90,-24
23850,42,93,-89,-25
23851,43,93,-89,-25
23852,44,93,-89,-25
23853,45,93,-89,-26
23854,46,93,-89,-26
23855,47,93,-88,-27
23856,48,93,-88,-27
23857,49,93,-88,-27
23858,50,93,-88,-27
23859,51,93,-88,-27
23860,52,93,-88,-28
23861,53,93,-88,-29
23862,54,93,-87,-29
23863,55,93,-87,-29
23864,56,93,-87,-30
23865,57,93,-87,-30
23866,58,93,-87,-31
23867,59,93,-87,-31
23868,60,93,-86,-32
23869,61,93,-86,-32
23870,62,93,-86,-33
23871,63,93,-86,-33
23872,64,93,-85,-34
23873,65,93,-85,-35
23874,66,93,-83,-35
23875,67,93,-82,-35
23876,68,93,-80,-35
23877,69,93,-78,-35
23878,70,93,-76,-35
23879,71,93,-74,-35
23880,72,93,-73,-35
23881,73,93,-71,-35
23882,74,93,-69,-35
23883,75,93,-67,-35
23884,76,93,-66,-35
23885,77,93,-64,-35
23886,78,93,-62,-35
23887,79,93,-60,-35
23888,80,93,-58,-35
23889,81,93,-57,-35
23890,82,93,-55,-35
23891,83,93,-53,-35
23892,84,93,-51,-35
23893,85,93,-49,-35
23894,86,93,-48,-35
23895,87,93,-46,-35
23896,88,93,-44,-35
23897,89,93,-42,-35
23898,90,93,-41,-35
23899,91,93,-39,-35
23900,92,93,-37,-35
23901,93,93,-35,-35
23902,94,93,-33,-35
23903,95,93,-32,-35
23904,96,93,-30,-35
23905,97,93,-28,-35
23906,98,93,-26,-35
23907,99,93,-24,-35
23908,100,93,-23,-35
23909,101,93,-21,-35
23910,102,93,-19,-35
23911,103,93,-17,-35
23912,104,93,-16,-35
23913,105,93,-14,-35
23914,106,93,-12,-35
23915,107,93,-10,-35
23916,108,93,-8,-35
23917,109,93,-7,-35
23918,110,93,-5,-35
23919,111,93,-3,-35
23920,112,93,-1,-35
23921,113,93,0,-35
23922,114,93,0,-35
23923,115,93,0,-35
23924,116,93,0,-35
23925,117,93,0,-35
23926,118,93,0,-35
23927,119,93,0,-35
23928,120,93,0,-35
23929,121,93,0,-35
23930,122,93,0,-35
23931,123,93,0,-35
23932,124,93,0,-35
23933,125,93,0,-35
23934,126,93,0,-35
23935,127,93,0,-35
23936,128,93,0,-35
23937,129,93,0,-35
23938,130,93,0,-35
23939,131,93,0,-35
23940,132,93,0,-35
23941,133,93,0,-35
23942,134,93,0,-35
23943,135,93,0,-35
23944,136,93,0,-35
23945,137,93,0,-35
23946,138,93,0,-35
23947,139,93,0,-35
23948,140,93,0,-35
23949,141,93,0,-35
23950,142,93,0,-35
23951,143,93,0,-35
23952,144,93,1,-35
23953,145,93,3,-35
23954,146,93,5,-35
23955,147,93,7,-35
23956,148,93,8,-35
23957,149,93,10,-35
23958,150,93,12,-35
23959,151,93,14,-35
23960,152,93,16,-35
23961,153,93,17,-35
23962,154,93,19,-35
23963,155,93,21,-35
23964,156,93,23,-35
23965,157,93,24,-35
23966,158,93,26,-35
23967,159,93,28,-35
23968,160,93,30,-35
23969,161,93,32,-35
23970,162,93,33,-35
23971,163,93,35,-35
23972,164,93,37,-35
23973,165,93,39,-35
23974,166,93,41,-35
23975,167,93,42,-35
23976,168,93,44,-35
23977,169,93,46,-35
23978,170,93,48,-35
23979,171,93,49,-35
23980,172,93,51,-35
23981,173,93,53,-35
23982,174,93,55,-35
23983,175,93,57,-35
23984,176,93,58,-35
23985,177,93,60,-35
23986,178,93,62,-35
23987,179,93,64,-35
23988,180,93,66,-35
23989,181,93,67,-35
23990,182,93,69,-35
23991,183,93,71,-35
23992,184,93,73,-35
23993,185,93,74,-35
23994,186,93,76,-35
23995,187,93,78,-35
23996,188,93,80,-35
23997,189,93,82,-35
23998,190,93,83,-35
23999,191,93,85,-35
24000,192,93,85,-34
24001,193,93,86,-33
24002,194,93,86,-33
24003,195,93,86,-32
24004,196,93,86,-32
24005,197,93,87,-31
24006,198,93,87,-31
24007,199,93,87,-30
24008,200,93,87,-30
24009,201,93,87,-29
24010,202,93,87,-29
24011,203,93,88,-29
24012,204,93,88,-28
24013,205,93,88,-27
24014,206,93,88,-27
24015,207,93,88,-27
24016,208,93,88,-27
24017,209,93,88,-27
24018,210,93,89,-26
24019,211,93,89,-26
24020,212,93,89,-25
24021,213,93,89,-25
24022,214,93,89,-25
24023,215,93,90,-24
24024,216,93,90,-24
24025,217,93,90,-24
24026,218,93,90,-23
24027,219,93,90,-23
24028,220,93,90,-23
24029,221,93,90,-22
24030,222,93,90,-22
24031,223,93,90,-22
24032,224,93,91,-21
24033,225,93,91,-21
24034,226,93,91,-21
24035,227,93,91,-21
24036,228,93,91,-20
24037,229,93,91,-20
24038,230,93,91,-20
24039,231,93,91,-20
24040,232,93,91,-19
24041,233,93,91,-19
24042,234,93,91,-19
24043,235,93,91,-19
24044,236,93,91,-19
24045,237,93,92,-19
24046,238,93,92,-19
24047,239,93,92,-19
24048,240,93,92,-19
24049,241,93,92,-18
24050,242,93,92,-17
24051,243,93,92,-17
24052,244,93,92,-17
24053,245,93,92,-17
24054,246,93,92,-17
24055,247,93,93,-17
24056,248,93,93,-17
24057,249,93,93,-17
24058,250,93,93,-17
24059,251,93,93,-17
24060,252,93,93,-17
24061,253,93,93,-16
24062,254,93,93,-16
24063,255,93,93,-16
24064,0,94,-93,-15
24065,1,94,-93,-15
24066,2,94,-93,-15
24067,3,94,-93,-16
24068,4,94,-93,-16
24069,5,94,-93,-16
24070,6,94,-93,-16
24071,7,94,-93,-16
24072,8,94,-93,-16
24073,9,94,-93,-16
24074,10,94,-93,-17
24075,11,94,-93,-17
24076,12,94,-93,-17
24077,13,94,-93,-17
24078,14,94,-93,-17
24079,15,94,-92,-17
24080,16,94,-92,-17
24081,17,94,-92,-17
24082,18,94,-92,-17
24083,19,94,-92,-17
24084,20,94,-92,-19
24085,21,94,-92,-19
24086,22,94,-92,-19
24087,23,94,-92,-19
24088,24,94,-92,-19
24089,25,94,-91,-19
24090,26,94,-91,-19
24091,27,94,-91,-19
24092,28,94,-91,-19
24093,29,94,-91,-20
24094,30,94,-91,-20
24095,31,94,-91,-20
24096,32,94,-91,-20
24097,33,94,-91,-21
24098,34,94,-91,-21
24099,35,94,-91,-21
24100,36,94,-91,-21
24101,37,94,-90,-22
24102,38,94,-90,-22
24103,39,94,-90,-22
24104,40,94,-90,-23
24105,41,94,-90,-23
24106,42,94,-90,-23
24107,43,94,-90,-24
24108,44,94,-90,-24
24109,45,94,-90,-24
24110,46,94,-89,-25
24111,47,94,-89,-25
24112,48,94,-89,-26
24113,49,94,-89,-26
24114,50,94,-89,-26
24115,51,94,-88,-27
24116,52,94,-88,-27
24117,53,94,-88,-27
24118,54,94,-88,-27
24119,55,94,-88,-28
24120,56,94,-88,-29
24121,57,94,-87,-29
24122,58,94,-87,-29
24123,59,94,-87,-30
24124,60,94,-87,-30
24125,61,94,-87,-31
24126,62,94,-87,-31
24127,63,94,-86,-32
24128,64,94,-86,-32
24129,65,94,-85,-33
24130,66,94,-83,-33
24131,67,94,-82,-33
24132,68,94,-80,-33
24133,69,94,-78,-33
24134,70,94,-76,-33
24135,71,94,-74,-33
24136,72,94,-73,-33
24137,73,94,-71,-33
24138,74,94,-69,-33
24139,75,94,-67,-33
24140,76,94,-66,-33
24141,77,94,-64,-33
24142,78,94,-62,-33
24143,79,94,-60,-33
24144,80,94,-58,-33
24145,81,94,-57,-33
24146,82,94,-55,-33
24147,83,94,-53,-33
24148,84,94,-51,-33
24149,85,94,-49,-33
24150,86,94,-48,-33
24151,87,94,-46,-33
24152,88,94,-44,-33
24153,89,94,-42,-33
24154,90,94,-41,-33
24155,91,94,-39,-33
24156,92,94,-37,-33
24157,93,94,-35,-33
24158,94,94,-33,-33
24159,95,94,-32,-33
24160,96,94,-30,-33
24161,97,94,-28,-33
24162,98,94,-26,-33
24163,99,94,-24,-33
24164,100,94,-23,-33
24165,101,94,-21,-33
24166,102,94,-19,-33
24167,103,94,-17,-33
24168,104,94,-16,-33
24169,105,94,-14,-33
24170,106,94,-12,-33
24171,107,94,-10,-33
24172,108,94,-8,-33
24173,109,94,-7,-33
24174,110,94,-5,-33
24175,111,94,-3,-33
24176,112,94,-1,-33
24177,113,94,0,-33
24178,114,94,0,-33
24179,115,94,0,-33
24180,116,94,0,-33
24181,117,94,0,-33
24182,118,94,0,-33
24183,119,94,0,-33
24184,120,94,0,-33
24185,121,94,0,-33
24186,122,94,0,-33
24187,123,94,0,-33
24188,124,94,0,-33
24189,125,94,0,-33
24190,126,94,0,-33
24191,127,94,0,-33
24192,128,94,0,-33
24193,129,94,0,-33
24194,130,94,0,-33
24195,131,94,0,-33
24196,132,94,0,-33
24197,133,94,0,-33
24198,134,94,0,-33
24199,135,94,0,-33
24200,136,94,0,-33
24201,137,94,0,-33
24202,138,94,0,-33
24203,139,94,0,-33
24204,140,94,0,-33
24205,141,94,0,-33
24206,142,94,0,-33
24207,143,94,0,-33
24208,144,94,1,-33
24209,145,94,3,-33
24210,146,94,5,-33
24211,147,94,7,-33
24212,148,94,8,-33
24213,149,94,10,-33
24214,150,94,12,-33
24215,151,94,14,-33
24216,152,94,16,-33
24217,153,94,17,-33
24218,154,94,19,-33
24219,155,94,21,-33
24220,156,94,23,-33
24221,157,94,24,-33
24222,158,94,26,-33
24223,159,94,28,-33
24224,160,94,30,-33
24225,161,94,32,-33
24226,162,94,33,-33
24227,163,94,35,-33
24228,164,94,37,-33
24229,165,94,39,-33
24230,166,94,41,-33
24231,167,94,42,-33
24232,168,94,44,-33
24233,169,94,46,-33
24234,170,94,48,-33
24235,171,94,49,-33
24236,172,94,51,-33
24237,173,94,53,-33
24238,174,94,55,-33
24239,175,94,57,-33
24240,176,94,58,-33
24241,177,94,60,-33
24242,178,94,62,-33
24243,179,94,64,-33
24244,180,94,66,-33
24245,181,94,67,-33
24246,182,94,69,-33
24247,183,94,71,-33
24248,184,94,73,-33
24249,185,94,74,-33
24250,186,94,76,-33
24251,187,94,78,-33
24252,188,94,80,-33
24253,189,94,82,-33
24254,190,94,83,-33
24255,191,94,85,-33
24256,192,94,86,-32
24257,193,94,86,-32
24258,194,94,87,-31
24259,195,94,87,-31
24260,196,94,87,-30
24261,197,94,87,-30
24262,198,94,87,-29
24263,199,94,87,-29
24264,200,94,88,-29
24265,201,94,88,-28
24266,202,94,88,-27
24267,203,94,88,-27
24268,204,94,88,-27
24269,205,94,88,-27
24270,206,94,89,-26
24271,207,94,89,-26
24272,208,94,89,-26
24273,209,94,89,-25
24274,210,94,89,-25
24275,211,94,90,-24
24276,212,94,90,-24
24277,213,94,90,-24
24278,214,94,90,-23
24279,215,94,90,-23
24280,216,94,90,-23
24281,217,94,90,-22
24282,218,94,90,-22
24283,219,94,90,-22
24284,220,94,91,-21
24285,221,94,91,-21
24286,222,94,91,-21
24287,223,94,91,-21
24288,224,94,91,-20
24289,225,94,91,-20
24290,226,94,91,-20
24291,227,94,91,-20
24292,228,94,91,-19
24293,229,94,91,-19
24294,230,94,91,-19
24295,231,94,91,-19
24296,232,94,92,-19
24297,233,94,92,-19
24298,234,94,92,-19
24299,235,94,92,-19
24300,236,94,92,-19
24301,237,94,92,-17
24302,238,94,92,-17
24303,239,94,92,-17
24304,240,94,92,-17
24305,241,94,92,-17
24306,242,94,93,-17
24307,243,94,93,-17
24308,244,94,93,-17
24309,245,94,93,-17
24310,246,94,93,-17
24311,247,94,93,-16
24312,248,94,93,-16
24313,249,94,93,-16
24314,250,94,93,-16
24315,251,94,93,-16
24316,252,94,93,-16
24317,253,94,93,-16
24318,254,94,93,-15
24319,255,94,93,-15
24320,0,95,-94,-14
24321,1,95,-94,-14
24322,2,95,-93,-15
24323,3,95,-93,-15
24324,4,95,-93,-15
24325,5,95,-93,-15
24326,6,95,-93,-15
24327,7,95,-93,-15
24328,8,95,-93,-15
24329,9,95,-93,-16
24330,10,95,-93,-16
24331,11,95,-93,-16
24332,12,95,-93,-16
24333,13,95,-93,-16
24334,14,95,-93,-16
24335,15,95,-93,-17
24336,16,95,-93,-17
24337,17,95,-93,-17
24338,18,95,-93,-17
24339,19,95,-93,-17
24340,20,95,-92,-17
24341,21,95,-92,-17
24342,22,95,-92,-17
24343,23,95,-92,-17
24344,24,95,-92,-17
24345,25,95,-92,-19
24346,26,95,-92,-19
24347,27,95,-92,-19
24348,28,95,-92,-19
24349,29,95,-92,-19
24350,30,95,-91,-19
24351,31,95,-91,-19
24352,32,95,-91,-19
24353,33,95,-91,-19
24354,34,95,-91,-20
24355,35,95,-91,-20
24356,36,95,-91,-20
24357,37,95,-91,-21
24358,38,95,-91,-21
24359,39,95,-91,-21
24360,40,95,-91,-21
24361,41,95,-90,-22
24362,42,95,-90,-22
24363,43,95,-90,-22
24364,44,95,-90,-23
24365,45,95,-90,-23
24366,46,95,-90,-23
24367,47,95,-90,-24
24368,48,95,-90,-24
24369,49,95,-89,-25
24370,50,95,-89,-25
24371,51,95,-89,-25
24372,52,95,-89,-26
24373,53,95,-89,-26
24374,54,95,-88,-27
24375,55,95,-88,-27
24376,56,95,-88,-27
24377,57,95,-88,-27
24378,58,95,-88,-28
24379,59,95,-88,-29
24380,60,95,-87,-29
24381,61,95,-87,-30
24382,62,95,-87,-30
24383,63,95,-87,-31
24384,64,95,-86,-31
24385,65,95,-85,-32
24386,66,95,-83,-32
24387,67,95,-82,-32
24388,68,95,-80,-32
24389,69,95,-78,-32
24390,70,95,-76,-32
24391,71,95,-74,-32
24392,72,95,-73,-32
24393,73,95,-71,-32
24394,74,95,-69,-32
24395,75,95,-67,-32
24396,76,95,-66,-32
24397,77,95,-64,-32
24398,78,95,-62,-32
24399,79,95,-60,-32
24400,80,95,-58,-32
24401,81,95,-57,-32
24402,82,95,-55,-32
24403,83,95,-53,-32
24404,84,95,-51,-32
24405,85,95,-49,-32
24406,86,95,-48,-32
24407,87,95,-46,-32
24408,88,95,-44,-32
24409,89,95,-42,-32
24410,90,95,-41,-32
24411,91,95,-39,-32
24412,92,95,-37,-32
24413,93,95,-35,-32
24414,94,95,-33,-32
24415,95,95,-32,-32
24416,96,95,-30,-32
24417,97,95,-28,-32
24418,98,95,-26,-32
24419,99,95,-24,-32
24420,100,95,-23,-32
24421,101,95,-21,-32
24422,102,95,-19,-32
24423,103,95,-17,-32
24424,104,95,-16,-32
24425,105,95,-14,-32
24426,106,95,-12,-32
24427,107,95,-10,-32
24428,108,95,-8,-32
24429,109,95,-7,-32
24430,110,95,-5,-32
24431,111,95,-3,-32
24432,112,95,-1,-32
24433,113,95,0,-32
24434,114,95,0,-32
24435,115,95,0,-32
24436,116,95,0,-32
24437,117,95,0,-32
24438,118,95,0,-32
24439,119,95,0,-32
24440,120,95,0,-32
24441,121,95,0,-32
24442,122,95,0,-32
24443,123,95,0,-32
24444,124,95,0,-32
24445,125,95,0,-32
24446,126,95,0,-32
24447,127,95,0,-32
24448,128,95,0,-32
24449,129,95,0,-32
24450,130,95,0,-32
24451,131,95,0,-32
24452,132,95,0,-32
24453,133,95,0,-32
24454,134,95,0,-32
24455,135,95,0,-32
24456,136,95,0,-32
24457,137,95,0,-32
24458,138,95,0,-32
24459,139,95,0,-32
24460,140,95,0,-32
24461,141,95,0,-32
24462,142,95,0,-32
24463,143,95,0,-32
24464,144,95,1,-32
24465,145,95,3,-32
24466,146,95,5,-32
24467,147,95,7,-32
24468,148,95,8,-32
24469,149,95,10,-32
24470,150,95,12,-32
24471,151,95,14,-32
24472,152,95,16,-32
24473,153,95,17,-32
24474,154,95,19,-32
24475,155,95,21,-32
24476,156,95,23,-32
24477,157,95,24,-32
24478,158,95,26,-32
24479,159,95,28,-32
24480,160,95,30,-32
24481,161,95,32,-32
24482,162,95,33,-32
24483,163,95,35,-32
24484,164,95,37,-32
24485,165,95,39,-32
24486,166,95,41,-32
24487,167,95,42,-32
24488,168,95,44,-32
24489,169,95,46,-32
24490,170,95,48,-32
24491,171,95,49,-32
24492,172,95,51,-32
24493,173,95,53,-32
24494,174,95,55,-32
24495,175,95,57,-32
24496,176,95,58,-32
24497,177,95,60,-32
24498,178,95,62,-32
24499,179,95,64,-32
24500,180,95,66,-32
24501,181,95,67,-32
24502,182,95,69,-32
24503,183,95,71,-32
24504,184,95,73,-32
24505,185,95,74,-32
24506,186,95,76,-32
24507,187,95,78,-32
24508,188,95,80,-32
24509,189,95,82,-32
24510,190,95,83,-32
24511,191,95,85,-32
24512,192,95,86,-31
24513,193,95,87,-31
24514,194,95,87,-30
24515,195,95,87,-30
24516,196,95,87,-29
24517,197,95,88,-29
24518,198,95,88,-28
24519,199,95,88,-27
24520,200,95,88,-27
24521,201,95,88,-27
24522,202,95,88,-27
24523,203,95,89,-26
24524,204,95,89,-26
24525,205,95,89,-25
24526,206,95,89,-25
24527,207,95,89,-25
24528,208,95,90,-24
24529,209,95,90,-24
24530,210,95,90,-23
24531,211,95,90,-23
24532,212,95,90,-23
24533,213,95,90,-22
24534,214,95,90,-22
24535,215,95,90,-22
24536,216,95,91,-21
24537,217,95,91,-21
24538,218,95,91,-21
24539,219,95,91,-21
24540,220,95,91,-20
24541,221,95,91,-20
24542,222,95,91,-20
24543,223,95,91,-19
24544,224,95,91,-19
24545,225,95,91,-19
24546,226,95,91,-19
24547,227,95,92,-19
24548,228,95,92,-19
24549,229,95,92,-19
24550,230,95,92,-19
24551,231,95,92,-19
24552,232,95,92,-17
24553,233,95,92,-17
24554,234,95,92,-17
24555,235,95,92,-17
24556,236,95,92,-17
24557,237,95,93,-17
24558,238,95,93,-17
24559,239,95,93,-17
24560,240,95,93,-17
24561,241,95,93,-17
24562,242,95,93,-16
24563,243,95,93,-16
24564,244,95,93,-16
24565,245,95,93,-16
24566,246,95,93,-16
24567,247,95,93,-16
24568,248,95,93,-15
24569,249,95,93,-15
24570,250,95,93,-15
24571,251,95,93,-15
24572,252,95,93,-15
24573,253,95,93,-15
24574,254,95,93,-15
24575,255,95,94,-14
24576,0,96,-94,-13
24577,1,96,-94,-14
24578,2,96,-94,-14
24579,3,96,-94,-14
24580,4,96,-94,-14
24581,5,96,-94,-14
24582,6,96,-94,-14
24583,7,96,-94,-14
24584,8,96,-94,-14
24585,9,96,-93,-15
24586,10,96,-93,-15
24587,11,96,-93,-15
24588,12,96,-93,-15
24589,13,96,-93,-15
24590,14,96,-93,-15
24591,15,96,-93,-16
24592,16,96,-93,-16
24593,17,96,-93,-16
24594,18,96,-93,-16
24595,19,96,-93,-16
24596,20,96,-93,-16
24597,21,96,-93,-17
24598,22,96,-93,-17
24599,23,96,-93,-17
24600,24,96,-93,-17
24601,25,96,-93,-17
24602,26,96,-92,-17
24603,27,96,-92,-17
24604,28,96,-92,-17
24605,29,96,-92,-17
24606,30,96,-92,-19
24607,31,96,-92,-19
24608,32,96,-92,-19
24609,33,96,-92,-19
24610,34,96,-91,-19
24611,35,96,-91,-19
24612,36,96,-91,-19
24613,37,96,-91,-19
24614,38,96,-91,-20
24615,39,96,-91,-20
24616,40,96,-91,-20
24617,41,96,-91,-20
24618,42,96,-91,-21
24619,43,96,-91,-21
24620,44,96,-91,-21
24621,45,96,-90,-22
24622,46,96,-90,-22
24623,47,96,-90,-22
24624,48,96,-90,-23
24625,49,96,-90,-23
24626,50,96,-90,-24
24627,51,96,-90,-24
24628,52,96,-90,-24
24629,53,96,-89,-25
24630,54,96,-89,-25
24631,55,96,-89,-26
24632,56,96,-89,-26
24633,57,96,-88,-27
24634,58,96,-88,-27
24635,59,96,-88,-27
24636,60,96,-88,-28
24637,61,96,-88,-28
24638,62,96,-88,-29
24639,63,96,-87,-29
24640,64,96,-87,-30
24641,65,96,-85,-30
24642,66,96,-83,-30
24643,67,96,-82,-30
24644,68,96,-80,-30
24645,69,96,-78,-30
24646,70,96,-76,-30
24647,71,96,-74,-30
24648,72,96,-73,-30
24649,73,96,-71,-30
24650,74,96,-69,-30
24651,75,96,-67,-30
24652,76,96,-66,-30
24653,77,96,-64,-30
24654,78,96,-62,-30
24655,79,96,-60,-30
24656,80,96,-58,-30
24657,81,96,-57,-30
24658,82,96,-55,-30
24659,83,96,-53,-30
24660,84,96,-51,-30
24661,85,96,-49,-30
24662,86,96,-48,-30
24663,87,96,-46,-30
24664,88,96,-44,-30
24665,89,96,-42,-30
24666,90,96,-41,-30
24667,91,96,-39,-30
24668,92,96,-37,-30
24669,93,96,-35,-30
24670,94,96,-33,-30
24671,95,96,-32,-30
24672,96,96,-30,-30
24673,97,96,-28,-30
24674,98,96,-26,-30
24675,99,96,-24,-30
24676,100,96,-23,-30
24677,101,96,-21,-30
24678,102,96,-19,-30
24679,103,96,-17,-30
24680,104,96,-16,-30
24681,105,96,-14,-30
24682,106,96,-12,-30
24683,107,96,-10,-30
24684,108,96,-8,-30
24685,109,96,-7,-30
24686,110,96,-5,-30
24687,111,96,-3,-30
24688,112,96,-1,-30
24689,113,96,0,-30
24690,114,96,0,-30
24691,115,96,0,-30
24692,116,96,0,-30
24693,117,96,0,-30
24694,118,96,0,-30
24695,119,96,0,-30
24696,120,96,0,-30
24697,121,96,0,-30
24698,122,96,0,-30
24699,123,96,0,-30
24700,124,96,0,-30
24701,125,96,0,-30
24702,126,96,0,-30
24703,127,96,0,-30
24704,128,96,0,-30
24705,129,96,0,-30
24706,130,96,0,-30
24707,131,96,0,-30
24708,132,96,0,-30
24709,133,96,0,-30
24710,134,96,0,-30
24711,135,96,0,-30
24712,136,96,0,-30
24713,137,96,0,-30
24714,138,96,0,-30
24715,139,96,0,-30
24716,140,96,0,-30
24717,141,96,0,-30
24718,142,96,0,-30
24719,143,96,0,-30
24720,144,96,1,-30
24721,145,96,3,-30
24722,146,96,5,-30
24723,147,96,7,-30
24724,148,96,8,-30
24725,149,96,10,-30
24726,150,96,12,-30
24727,151,96,14,-30
24728,152,96,16,-30
24729,153,96,17,-30
24730,154,96,19,-30
24731,155,96,21,-30
24732,156,96,23,-30
24733,157,96,24,-30
24734,158,96,26,-30
24735,159,96,28,-30
24736,160,96,30,-30
24737,161,96,32,-30
24738,162,96,33,-30
24739,163,96,35,-30
24740,164,96,37,-30
24741,165,96,39,-30
24742,166,96,41,-30
24743,167,96,42,-30
24744,168,96,44,-30
24745,169,96,46,-30
24746,170,96,48,-30
24747,171,96,49,-30
24748,172,96,51,-30
24749,173,96,53,-30
24750,174,96,55,-30
24751,175,96,57,-30
24752,176,96,58,-30
24753,177,96,60,-30
24754,178,96,62,-30
24755,179,96,64,-30
24756,180,96,66,-30
24757,181,96,67,-30
24758,182,96,69,-30
24759,183,96,71,-30
24760,184,96,73,-30
24761,185,96,74,-30
24762,186,96,76,-30
24763,187,96,78,-30
24764,188,96,80,-30
24765,189,96,82,-30
24766,190,96,83,-30
24767,191,96,85,-30
24768,192,96,87,-30
24769,193,96,87,-29
24770,194,96,88,-29
24771,195,96,88,-28
24772,196,96,88,-28
24773,197,96,88,-27
24774,198,96,88,-27
24775,199,96,88,-27
24776,200,96,89,-26
24777,201,96,89,-26
24778,202,96,89,-25
24779,203,96,89,-25
24780,204,96,90,-24
24781,205,96,90,-24
24782,206,96,90,-24
24783,207,96,90,-23
24784,208,96,90,-23
24785,209,96,90,-22
24786,210,96,90,-22
24787,211,96,90,-22
24788,212,96,91,-21
24789,213,96,91,-21
24790,214,96,91,-21
24791,215,96,91,-20
24792,216,96,91,-20
24793,217,96,91,-20
24794,218,96,91,-20
24795,219,96,91,-19
24796,220,96,91,-19
24797,221,96,91,-19
24798,222,96,91,-19
24799,223,96,92,-19
24800,224,96,92,-19
24801,225,96,92,-19
24802,226,96,92,-19
24803,227,96,92,-17
24804,228,96,92,-17
24805,229,96,92,-17
24806,230,96,92,-17
24807,231,96,93,-17
24808,232,96,93,-17
24809,233,96,93,-17
24810,234,96,93,-17
24811,235,96,93,-17
24812,236,96,93,-16
24813,237,96,93,-16
24814,238,96,93,-16
24815,239,96,93,-16
24816,240,96,93,-16
24817,241,96,93,-16
24818,242,96,93,-15
24819,243,96,93,-15
24820,244,96,93,-15
24821,245,96,93,-15
24822,246,96,93,-15
24823,247,96,93,-15
24824,248,96,94,-14
24825,249,96,94,-14
24826,250,96,94,-14
24827,251,96,94,-14
24828,252,96,94,-14
24829,253,96,94,-14
24830,254,96,94,-14
24831,255,96,94,-14
24832,0,97,-94,-13
24833,1,97,-94,-13
24834,2,97,-94,-13
24835,3,97,-94,-13
24836,4,97,-94,-13
24837,5,97,-94,-13
24838,6,97,-94,-13
24839,7,97,-94,-13
24840,8,97,-94,-14
24841,9,97,-94,-14
24842,10,97,-94,-14
24843,11,97,-94,-14
24844,12,97,-94,-14
24845,13,97,-94,-14
24846,14,97,-94,-14
24847,15,97,-93,-15
24848,16,97,-93,-15
24849,17,97,-93,-15
24850,18,97,-93,-15
24851,19,97,-93,-15
24852,20,97,-93,-15
24853,21,97,-93,-16
24854,22,97,-93,-16
24855,23,97,-93,-16
24856,24,97,-93,-16
24857,25,97,-93,-16
24858,26,97,-93,-17
24859,27,97,-93,-17
24860,28,97,-93,-17
24861,29,97,-93,-17
24862,30,97,-93,-17
24863,31,97,-92,-17
24864,32,97,-92,-17
24865,33,97,-92,-17
24866,34,97,-92,-17
24867,35,97,-92,-19
24868,36,97,-92,-19
24869,37,97,-92,-19
24870,38,97,-92,-19
24871,39,97,-91,-19
24872,40,97,-91,-19
24873,41,97,-91,-19
24874,42,97,-91,-19
24875,43,97,-91,-20
24876,44,97,-91,-20
24877,45,97,-91,-20
24878,46,97,-91,-21
24879,47,97,-91,-21
24880,48,97,-91,-21
24881,49,97,-90,-22
24882,50,97,-90,-22
24883,51,97,-90,-22
24884,52,97,-90,-23
24885,53,97,-90,-23
24886,54,97,-90,-24
24887,55,97,-90,-24
24888,56,97,-89,-25
24889,57,97,-89,-25
24890,58,97,-89,-25
24891,59,97,-89,-26
24892,60,97,-89,-26
24893,61,97,-88,-27
24894,62,97,-88,-27
24895,63,97,-88,-27
24896,64,97,-87,-28
24897,65,97,-85,-28
24898,66,97,-83,-28
24899,67,97,-82,-28
24900,68,97,-80,-28
24901,69,97,-78,-28
24902,70,97,-76,-28
24903,71,97,-74,-28
24904,72,97,-73,-28
24905,73,97,-71,-28
24906,74,97,-69,-28
24907,75,97,-67,-28
24908,76,97,-66,-28
24909,77,97,-64,-28
24910,78,97,-62,-28
24911,79,97,-60,-28
24912,80,97,-58,-28
24913,81,97,-57,-28
24914,82,97,-55,-28
24915,83,97,-53,-28
24916,84,97,-51,-28
24917,85,97,-49,-28
24918,86,97,-48,-28
24919,87,97,-46,-28
24920,88,97,-44,-28
24921,89,97,-42,-28
24922,90,97,-41,-28
24923,91,97,-39,-28
24924,92,97,-37,-28
24925,93,97,-35,-28
24926,94,97,-33,-28
24927,95,97,-32,-28
24928,96,97,-30,-28
24929,97,97,-28,-28
24930,98,97,-26,-28
24931,99,97,-24,-28
24932,100,97,-23,-28
24933,101,97,-21,-28
24934,102,97,-19,-28
24935,103,97,-17,-28
24936,104,97,-16,-28
24937,105,97,-14,-28
24938,106,97,-12,-28
24939,107,97,-10,-28
24940,108,97,-8,-28
24941,109,97,-7,-28
24942,110,97,-5,-28
24943,111,97,-3,-28
24944,112,97,-1,-28
24945,113,97,0,-28
24946,114,97,0,-28
24947,115,97,0,-28
24948,116,97,0,-28
24949,117,97,0,-28
24950,118,97,0,-28
24951,119,97,0,-28
24952,120,97,0,-28
24953,121,97,0,-28
24954,122,97,0,-28
24955,123,97,0,-28
24956,124,97,0,-28
24957,125,97,0,-28
24958,126,97,0,-28
24959,127,97,0,-28
24960,128,97,0,-28
24961,129,97,0,-28
24962,130,97,0,-28
24963,131,97,0,-28
24964,132,97,0,-28
24965,133,97,0,-28
24966,134,97,0,-28
24967,135,97,0,-28
24968,136,97,0,-28
24969,137,97,0,-28
24970,138,97,0,-28
24971,139,97,0,-28
24972,140,97,0,-28
24973,141,97,0,-28
24974,142,97,0,-28
24975,143,97,0,-28
24976,144,97,1,-28
24977,145,97,3,-28
24978,146,97,5,-28
24979,147,97,7,-28
24980,148,97,8,-28
24981,149,97,10,-28
24982,150,97,12,-28
24983,151,97,14,-28
24984,152,97,16,-28
24985,153,97,17,-28
24986,154,97,19,-28
24987,155,97,21,-28
24988,156,97,23,-28
24989,157,97,24,-28
24990,158,97,26,-28
24991,159,97,28,-28
24992,160,97,30,-28
24993,161,97,32,-28
24994,162,97,33,-28
24995,163,97,35,-28
24996,164,97,37,-28
24997,165,97,39,-28
24998,166,97,41,-28
24999,167,97,42,-28
25000,168,97,44,-28
25001,169,97,46,-28
25002,170,97,48,-28
25003,171,97,49,-28
25004,172,97,51,-28
25005,173,97,53,-28
25006,174,97,55,-28
25007,175,97,57,-28
25008,176,97,58,-28
25009,177,97,60,-28
25010,178,97,62,-28
25011,179,97,64,-28
25012,180,97,66,-28
25013,181,97,67,-28
25014,182,97,69,-28
25015,183,97,71,-28
25016,184,97,73,-28
25017,185,97,74,-28
25018,186,97,76,-28
25019,187,97,78,-28
25020,188,97,80,-28
25021,189,97,82,-28
25022,190,97,83,-28
25023,191,97,85,-28
25024,192,97,87,-28
25025,193,97,88,-27
25026,194,97,88,-27
25027,195,97,88,-27
25028,196,97,89,-26
25029,197,97,89,-26
25030,198,97,89,-25
25031,199,97,89,-25
25032,200,97,89,-25
25033,201,97,90,-24
25034,202,97,90,-24
25035,203,97,90,-23
25036,204,97,90,-23
25037,205,97,90,-22
25038,206,97,90,-22
25039,207,97,90,-22
25040,208,97,91,-21
25041,209,97,91,-21
25042,210,97,91,-21
25043,211,97,91,-20
25044,212,97,91,-20
25045,213,97,91,-20
25046,214,97,91,-19
25047,215,97,91,-19
25048,216,97,91,-19
25049,217,97,91,-19
25050,218,97,92,-19
25051,219,97,92,-19
25052,220,97,92,-19
25053,221,97,92,-19
25054,222,97,92,-17
25055,223,97,92,-17
25056,224,97,92,-17
25057,225,97,92,-17
25058,226,97,93,-17
25059,227,97,93,-17
25060,228,97,93,-17
25061,229,97,93,-17
25062,230,97,93,-17
25063,231,97,93,-16
25064,232,97,93,-16
25065,233,97,93,-16
25066,234,97,93,-16
25067,235,97,93,-16
25068,236,97,93,-15
25069,237,97,93,-15
25070,238,97,93,-15
25071,239,97,93,-15
25072,240,97,93,-15
25073,241,97,93,-15
25074,242,97,94,-14
25075,243,97,94,-14
25076,244,97,94,-14
25077,245,97,94,-14
25078,246,97,94,-14
25079,247,97,94,-14
25080,248,97,94,-14
25081,249,97,94,-13
25082,250,97,94,-13
25083,251,97,94,-13
25084,252,97,94,-13
25085,253,97,94,-13
25086,254,97,94,-13
25087,255,97,94,-13
25088,0,98,-94,-12
25089,1,98,-94,-12
25090,2,98,-94,-12
25091,3,98,-94,-12
25092,4,98,-94,-12
25093,5,98,-94,-12
25094,6,98,-94,-12
25095,7,98,-94,-13
25096,8,98,-94,-13
25097,9,98,-94,-13
25098,10,98,-94,-13
25099,11,98,-94,-13
25100,12,98,-94,-13
25101,13,98,-94,-13
25102,14,98,-94,-13
25103,15,98,-94,-14
25104,16,98,-94,-14
25105,17,98,-94,-14
25106,18,98,-94,-14
25107,19,98,-94,-14
25108,20,98,-94,-14
25109,21,98,-93,-15
25110,22,98,-93,-15
25111,23,98,-93,-15
25112,24,98,-93,-15
25113,25,98,-93,-15
25114,26,98,-93,-15
25115,27,98,-93,-16
25116,28,98,-93,-16
25117,29,98,-93,-16
25118,30,98,-93,-16
25119,31,98,-93,-16
25120,32,98,-93,-17
25121,33,98,-93,-17
25122,34,98,-93,-17
25123,35,98,-93,-17
25124,36,98,-92,-17
25125,37,98,-92,-17
25126,38,98,-92,-17
25127,39,98,-92,-17
25128,40,98,-92,-19
25129,41,98,-92,-19
25130,42,98,-92,-19
25131,43,98,-92,-19
25132,44,98,-91,-19
25133,45,98,-91,-19
25134,46,98,-91,-19
25135,47,98,-91,-20
25136,48,98,-91,-20
25137,49,98,-91,-20
25138,50,98,-91,-21
25139,51,98,-91,-21
25140,52,98,-91,-21
25141,53,98,-90,-22
25142,54,98,-90,-22
25143,55,98,-90,-23
25144,56,98,-90,-23
25145,57,98,-90,-23
25146,58,98,-90,-24
25147,59,98,-90,-24
25148,60,98,-89,-24
25149,61,98,-89,-25
25150,62,98,-89,-25
25151,63,98,-89,-26
25152,64,98,-87,-26
25153,65,98,-85,-26
25154,66,98,-83,-26
25155,67,98,-82,-26
25156,68,98,-80,-26
25157,69,98,-78,-26
25158,70,98,-76,-26
25159,71,98,-74,-26
25160,72,98,-73,-26
25161,73,98,-71,-26
25162,74,98,-69,-26
25163,75,98,-67,-26
25164,76,98,-66,-26
25165,77,98,-64,-26
25166,78,98,-62,-26
25167,79,98,-60,-26
25168,80,98,-58,-26
25169,81,98,-57,-26
25170,82,98,-55,-26
25171,83,98,-53,-26
25172,84,98,-51,-26
25173,85,98,-49,-26
25174,86,98,-48,-26
25175,87,98,-46,-26
25176,88,98,-44,-26
25177,89,98,-42,-26
25178,90,98,-41,-26
25179,91,98,-39,-26
25180,92,98,-37,-26
25181,93,98,-35,-26
25182,94,98,-33,-26
25183,95,98,-32,-26
25184,96,98,-30,-26
25185,97,98,-28,-26
25186,98,98,-26,-26
25187,99,98,-24,-26
25188,100,98,-23,-26
25189,101,98,-21,-26
25190,102,98,-19,-26
25191,103,98,-17,-26
25192,104,98,-16,-26
25193,105,98,-14,-26
25194,106,98,-12,-26
25195,107,98,-10,-26
25196,108,98,-8,-26
25197,109,98,-7,-26
25198,110,98,-5,-26
25199,111,98,-3,-26
25200,112,98,-1,-26
25201,113,98,0,-26
25202,114,98,0,-26
25203,115,98,0,-26
25204,116,98,0,-26
25205,117,98,0,-26
25206,118,98,0,-26
25207,119,98,0,-26
25208,120,98,0,-26
25209,121,98,0,-26
25210,122,98,0,-26
25211,123,98,0,-26
25212,124,98,0,-26
25213,125,98,0,-26
25214,126,98,0,-26
25215,127,98,0,-26
25216,128,98,0,-26
25217,129,98,0,-26
25218,130,98,0,-26
25219,131,98,0,-26
25220,132,98,0,-26
25221,133,98,0,-26
25222,134,98,0,-26
25223,135,98,0,-26
25224,136,98,0,-26
25225,137,98,0,-26
25226,138,98,0,-26
25227,139,98,0,-26
25228,140,98,0,-26
25229,141,98,0,-26
25230,142,98,0,-26
25231,143,98,0,-26
25232,144,98,1,-26
25233,145,98,3,-26
25234,146,98,5,-26
25235,147,98,7,-26
25236,148,98,8,-26
25237,149,98,10,-26
25238,150,98,12,-26
25239,151,98,14,-26
25240,152,98,16,-26
25241,153,98,17,-26
25242,154,98,19,-26
25243,155,98,21,-26
25244,156,98,23,-26
25245,157,98,24,-26
25246,158,98,26,-26
25247,159,98,28,-26
25248,160,98,30,-26
25249,161,98,32,-26
25250,162,98,33,-26
25251,163,98,35,-26
25252,164,98,37,-26
25253,165,98,39,-26
25254,166,98,41,-26
25255,167,98,42,-26
25256,168,98,44,-26
25257,169,98,46,-26
25258,170,98,48,-26
25259,171,98,49,-26
25260,172,98,51,-26
25261,173,98,53,-26
25262,174,98,55,-26
25263,175,98,57,-26
25264,176,98,58,-26
25265,177,98,60,-26
25266,178,98,62,-26
25267,179,98,64,-26
25268,180,98,66,-26
25269,181,98,67,-26
25270,182,98,69,-26
25271,183,98,71,-26
25272,184,98,73,-26
25273,185,98,74,-26
25274,186,98,76,-26
25275,187,98,78,-26
25276,188,98,80,-26
25277,189,98,82,-26
25278,190,98,83,-26
25279,191,98,85,-26
25280,192,98,87,-26
25281,193,98,89,-26
25282,194,98,89,-25
25283,195,98,89,-25
25284,196,98,89,-24
25285,197,98,90,-24
25286,198,98,90,-24
25287,199,98,90,-23
25288,200,98,90,-23
25289,201,98,90,-23
25290,202,98,90,-22
25291,203,98,90,-22
25292,204,98,91,-21
25293,205,98,91,-21
25294,206,98,91,-21
25295,207,98,91,-20
25296,208,98,91,-20
25297,209,98,91,-20
25298,210,98,91,-19
25299,211,98,91,-19
25300,212,98,91,-19
25301,213,98,92,-19
25302,214,98,92,-19
25303,215,98,92,-19
25304,216,98,92,-19
25305,217,98,92,-17
25306,218,98,92,-17
25307,219,98,92,-17
25308,220,98,92,-17
25309,221,98,93,-17
25310,222,98,93,-17
25311,223,98,93,-17
25312,224,98,93,-17
25313,225,98,93,-16
25314,226,98,93,-16
25315,227,98,93,-16
25316,228,98,93,-16
25317,229,98,93,-16
25318,230,98,93,-15
25319,231,98,93,-15
25320,232,98,93,-15
25321,233,98,93,-15
25322,234,98,93,-15
25323,235,98,93,-15
25324,236,98,94,-14
25325,237,98,94,-14
25326,238,98,94,-14
25327,239,98,94,-14
25328,240,98,94,-14
25329,241,98,94,-14
25330,242,98,94,-13
25331,243,98,94,-13
25332,244,98,94,-13
25333,245,98,94,-13
25334,246,98,94,-13
25335,247,98,94,-13
25336,248,98,94,-13
25337,249,98,94,-13
25338,250,98,94,-12
25339,251,98,94,-12
25340,252,98,94,-12
25341,253,98,94,-12
25342,254,98,94,-12
25343,255,98,94,-12
25344,0,99,-95,-11
25345,1,99,-95,-11
25346,2,99,-95,-11
25347,3,99,-95,-11
25348,4,99,-95,-11
25349,5,99,-95,-11
25350,6,99,-95,-11
25351,7,99,-94,-12
25352,8,99,-94,-12
25353,9,99,-94,-12
25354,10,99,-94,-12
25355,11,99,-94,-12
25356,12,99,-94,-12
25357,13,99,-94,-12
25358,14,99,-94,-13
25359,15,99,-94,-13
25360,16,99,-94,-13
25361,17,99,-94,-13
25362,18,99,-94,-13
25363,19,99,-94,-13
25364,20,99,-94,-13
25365,21,99,-94,-14
25366,22,99,-94,-14
25367,23,99,-94,-14
25368,24,99,-94,-14
25369,25,99,-94,-14
25370,26,99,-94,-14
25371,27,99,-93,-15
25372,28,99,-93,-15
25373,29,99,-93,-15
25374,30,99,-93,-15
25375,31,99,-93,-15
25376,32,99,-93,-16
25377,33,99,-93,-16
25378,34,99,-93,-16
25379,35,99,-93,-16
25380,36,99,-93,-16
25381,37,99,-93,-17
25382,38,99,-93,-17
25383,39,99,-93,-17
25384,40,99,-93,-17
25385,41,99,-92,-17
25386,42,99,-92,-17
25387,43,99,-92,-17
25388,44,99,-92,-17
25389,45,99,-92,-19
25390,46,99,-92,-19
25391,47,99,-92,-19
25392,48,99,-91,-19
25393,49,99,-91,-19
25394,50,99,-91,-19
25395,51,99,-91,-20
25396,52,99,-91,-20
25397,53,99,-91,-20
25398,54,99,-91,-21
25399,55,99,-91,-21
25400,56,99,-91,-21
25401,57,99,-90,-22
25402,58,99,-90,-22
25403,59,99,-90,-22
25404,60,99,-90,-23
25405,61,99,-90,-23
25406,62,99,-90,-23
25407,63,99,-89,-24
25408,64,99,-87,-24
25409,65,99,-85,-24
25410,66,99,-83,-24
25411,67,99,-82,-24
25412,68,99,-80,-24
25413,69,99,-78,-24
25414,70,99,-76,-24
25415,71,99,-74,-24
25416,72,99,-73,-24
25417,73,99,-71,-24
25418,74,99,-69,-24
25419,75,99,-67,-24
25420,76,99,-66,-24
25421,77,99,-64,-24
25422,78,99,-62,-24
25423,79,99,-60,-24
25424,80,99,-58,-24
25425,81,99,-57,-24
25426,82,99,-55,-24
25427,83,99,-53,-24
25428,84,99,-51,-24
25429,85,99,-49,-24
25430,86,99,-48,-24
25431,87,99,-46,-24
25432,88,99,-44,-24
25433,89,99,-42,-24
25434,90,99,-41,-24
25435,91,99,-39,-24
25436,92,99,-37,-24
25437,93,99,-35,-24
25438,94,99,-33,-24
25439,95,99,-32,-24
25440,96,99,-30,-24
25441,97,99,-28,-24
25442,98,99,-26,-24
25443,99,99,-24,-24
25444,100,99,-23,-24
25445,101,99,-21,-24
25446,102,99,-19,-24
25447,103,99,-17,-24
25448,104,99,-16,-24
25449,105,99,-14,-24
25450,106,99,-12,-24
25451,107,99,-10,-24
25452,108,99,-8,-24
25453,109,99,-7,-24
25454,110,99,-5,-24
25455,111,99,-3,-24
25456,112,99,-1,-24
25457,113,99,0,-24
25458,114,99,0,-24
25459,115,99,0,-24
25460,116,99,0,-24
25461,117,99,0,-24
25462,118,99,0,-24
25463,119,99,0,-24
25464,120,99,0,-24
25465,121,99,0,-24
25466,122,99,0,-24
25467,123,99,0,-24
25468,124,99,0,-24
25469,125,99,0,-24
25470,126,99,0,-24
25471,127,99,0,-24
25472,128,99,0,-24
25473,129,99,0,-24
25474,130,99,0,-24
25475,131,99,0,-24
25476,132,99,0,-24
25477,133,99,0,-24
25478,134,99,0,-24
25479,135,99,0,-24
25480,136,99,0,-24
25481,137,99,0,-24
25482,138,99,0,-24
25483,139,99,0,-24
25484,140,99,0,-24
25485,141,99,0,-24
25486,142,99,0,-24
25487,143,99,0,-24
25488,144,99,1,-24
25489,145,99,3,-24
25490,146,99,5,-24
25491,147,99,7,-24
25492,148,99,8,-24
25493,149,99,10,-24
25494,150,99,12,-24
25495,151,99,14,-24
25496,152,99,16,-24
25497,153,99,17,-24
25498,154,99,19,-24
25499,155,99,21,-24
25500,156,99,23,-24
25501,157,99,24,-24
25502,158,99,26,-24
25503,159,99,28,-24
25504,160,99,30,-24
25505,161,99,32,-24
25506,162,99,33,-24
25507,163,99,35,-24
25508,164,99,37,-24
25509,165,99,39,-24
25510,166,99,41,-24
25511,167,99,42,-24
25512,168,99,44,-24
25513,169,99,46,-24
25514,170,99,48,-24
25515,171,99,49,-24
25516,172,99,51,-24
25517,173,99,53,-24
25518,174,99,55,-24
25519,175,99,57,-24
25520,176,99,58,-24
25521,177,99,60,-24
25522,178,99,62,-24
25523,179,99,64,-24
25524,180,99,66,-24
25525,181,99,67,-24
25526,182,99,69,-24
25527,183,99,71,-24
25528,184,99,73,-24
25529,185,99,74,-24
25530,186,99,76,-24
25531,187,99,78,-24
25532,188,99,80,-24
25533,189,99,82,-24
25534,190,99,83,-24
25535,191,99,85,-24
25536,192,99,87,-24
25537,193,99,89,-24
25538,194,99,90,-23
25539,195,99,90,-23
25540,196,99,90,-23
25541,197,99,90,-22
25542,198,99,90,-22
25543,199,99,90,-22
25544,200,99,91,-21
25545,201,99,91,-21
25546,202,99,91,-21
25547,203,99,91,-20
25548,204,99,91,-20
25549,205,99,91,-20
25550,206,99,91,-19
25551,207,99,91,-19
25552,208,99,91,-19
25553,209,99,92,-19
25554,210,99,92,-19
25555,211,99,92,-19
25556,212,99,92,-17
25557,213,99,92,-17
25558,214,99,92,-17
25559,215,99,92,-17
25560,216,99,93,-17
25561,217,99,93,-17
25562,218,99,93,-17
25563,219,99,93,-17
25564,220,99,93,-16
25565,221,99,93,-16
25566,222,99,93,-16
25567,223,99,93,-16
25568,224,99,93,-16
25569,225,99,93,-15
25570,226,99,93,-15
25571,227,99,93,-15
25572,228,99,93,-15
25573,229,99,93,-15
25574,230,99,94,-14
25575,231,99,94,-14
25576,232,99,94,-14
25577,233,99,94,-14
25578,234,99,94,-14
25579,235,99,94,-14
25580,236,99,94,-13
25581,237,99,94,-13
25582,238,99,94,-13
25583,239,99,94,-13
25584,240,99,94,-13
25585,241,99,94,-13
25586,242,99,94,-13
25587,243,99,94,-12
25588,244,99,94,-12
25589,245,99,94,-12
25590,246,99,94,-12
25591,247,99,94,-12
25592,248,99,94,-12
25593,249,99,94,-12
25594,250,99,95,-11
25595,251,99,95,-11
25596,252,99,95,-11
25597,253,99,95,-11
25598,254,99,95,-11
25599,255,99,95,-11
25600,0,100,-95,-10
25601,1,100,-95,-10
25602,2,100,-95,-10
25603,3,100,-95,-10
25604,4,100,-95,-10
25605,5,100,-95,-10
25606,6,100,-95,-11
25607,7,100,-95,-11
25608,8,100,-95,-11
25609,9,100,-95,-11
25610,10,100,-95,-11
25611,11,100,-95,-11
25612,12,100,-95,-11
25613,13,100,-95,-11
25614,14,100,-94,-12
25615,15,100,-94,-12
25616,16,100,-94,-12
25617,17,100,-94,-12
25618,18,100,-94,-12
25619,19,100,-94,-12
25620,20,100,-94,-12
25621,21,100,-94,-12
25622,22,100,-94,-13
25623,23,100,-94,-13
25624,24,100,-94,-13
25625,25,100,-94,-13
25626,26,100,-94,-13
25627,27,100,-94,-13
25628,28,100,-94,-14
25629,29,100,-94,-14
25630,30,100,-94,-14
25631,31,100,-94,-14
25632,32,100,-94,-14
25633,33,100,-93,-15
25634,34,100,-93,-15
25635,35,100,-93,-15
25636,36,100,-93,-15
25637,37,100,-93,-15
25638,38,100,-93,-16
25639,39,100,-93,-16
25640,40,100,-93,-16
25641,41,100,-93,-16
25642,42,100,-93,-17
25643,43,100,-93,-17
25644,44,100,-93,-17
25645,45,100,-93,-17
25646,46,100,-92,-17
25647,47,100,-92,-17
25648,48,100,-92,-17
25649,49,100,-92,-18
25650,50,100,-92,-19
25651,51,100,-92,-19
25652,52,100,-92,-19
25653,53,100,-91,-19
25654,54,100,-91,-19
25655,55,100,-91,-19
25656,56,100,-91,-20
25657,57,100,-91,-20
25658,58,100,-91,-21
25659,59,100,-91,-21
25660,60,100,-90,-22
25661,61,100,-90,-22
25662,62,100,-90,-22
25663,63,100,-89,-23
25664,64,100,-87,-23
25665,65,100,-85,-23
25666,66,100,-83,-23
25667,67,100,-82,-23
25668,68,100,-80,-23
25669,69,100,-78,-23
25670,70,100,-76,-23
25671,71,100,-74,-23
25672,72,100,-73,-23
25673,73,100,-71,-23
25674,74,100,-69,-23
25675,75,100,-67,-23
25676,76,100,-66,-23
25677,77,100,-64,-23
25678,78,100,-62,-23
25679,79,100,-60,-23
25680,80,100,-58,-23
25681,81,100,-57,-23
25682,82,100,-55,-23
25683,83,100,-53,-23
25684,84,100,-51,-23
25685,85,100,-49,-23
25686,86,100,-48,-23
25687,87,100,-46,-23
25688,88,100,-44,-23
25689,89,100,-42,-23
25690,90,100,-41,-23
25691,91,100,-39,-23
25692,92,100,-37,-23
25693,93,100,-35,-23
25694,94,100,-33,-23
25695,95,100,-32,-23
25696,96,100,-30,-23
25697,97,100,-28,-23
25698,98,100,-26,-23
25699,99,100,-24,-23
25700,100,100,-23,-23
25701,101,100,-21,-23
25702,102,100,-19,-23
25703,103,100,-17,-23
25704,104,100,-16,-23
25705,105,100,-14,-23
25706,106,100,-12,-23
25707,107,100,-10,-23
25708,108,100,-8,-23
25709,109,100,-7,-23
25710,110,100,-5,-23
25711,111,100,-3,-23
25712,112,100,-1,-23
25713,113,100,0,-23
25714,114,100,0,-23
25715,115,100,0,-23
25716,116,100,0,-23
25717,117,100,0,-23
25718,118,100,0,-23
25719,119,100,0,-23
25720,120,100,0,-23
25721,121,100,0,-23
25722,122,100,0,-23
25723,123,100,0,-23
25724,124,100,0,-23
25725,125,100,0,-23
25726,126,100,0,-23
25727,127,100,0,-23
25728,128,100,0,-23
25729,129,100,0,-23
25730,130,100,0,-23
25731,131,100,0,-23
25732,132,100,0,-23
25733,133,100,0,-23
25734,134,100,0,-23
25735,135,100,0,-23
25736,136,100,0,-23
25737,137,100,0,-23
25738,138,100,0,-23
25739,139,100,0,-23
25740,140,100,0,-23
25741,141,100,0,-23
25742,142,100,0,-23
25743,143,100,0,-23
25744,144,100,1,-23
25745,145,100,3,-23
25746,146,100,5,-23
25747,147,100,7,-23
25748,148,100,8,-23
25749,149,100,10,-23
25750,150,100,12,-23
25751,151,100,14,-23
25752,152,100,16,-23
25753,153,100,17,-23
25754,154,100,19,-23
25755,155,100,21,-23
25756,156,100,23,-23
25757,157,100,24,-23
25758,158,100,26,-23
25759,159,100,28,-23
25760,160,100,30,-23
25761,161,100,32,-23
25762,162,100,33,-23
25763,163,100,35,-23
25764,164,100,37,-23
25765,165,100,39,-23
25766,166,100,41,-23
25767,167,100,42,-23
25768,168,100,44,-23
25769,169,100,46,-23
25770,170,100,48,-23
25771,171,100,49,-23
25772,172,100,51,-23
25773,173,100,53,-23
25774,174,100,55,-23
25775,175,100,57,-23
25776,176,100,58,-23
25777,177,100,60,-23
25778,178,100,62,-23
25779,179,100,64,-23
25780,180,100,66,-23
25781,181,100,67,-23
25782,182,100,69,-23
25783,183,100,71,-23
25784,184,100,73,-23
25785,185,100,74,-23
25786,186,100,76,-23
25787,187,100,78,-23
25788,188,100,80,-23
25789,189,100,82,-23
25790,190,100,83,-23
25791,191,100,85,-23
25792,192,100,87,-23
25793,193,100,89,-23
25794,194,100,90,-22
25795,195,100,90,-22
25796,196,100,90,-22
25797,197,100,91,-21
25798,198,100,91,-21
25799,199,100,91,-20
25800,200,100,91,-20
25801,201,100,91,-19
25802,202,100,91,-19
25803,203,100,91,-19
25804,204,100,92,-19
25805,205,100,92,-19
25806,206,100,92,-19
25807,207,100,92,-18
25808,208,100,92,-17
25809,209,100,92,-17
25810,210,100,92,-17
25811,211,100,93,-17
25812,212,100,93,-17
25813,213,100,93,-17
25814,214,100,93,-17
25815,215,100,93,-16
25816,216,100,93,-16
25817,217,100,93,-16
25818,218,100,93,-16
25819,219,100,93,-15
25820,220,100,93,-15
25821,221,100,93,-15
25822,222,100,93,-15
25823,223,100,93,-15
25824,224,100,94,-14
25825,225,100,94,-14
25826,226,100,94,-14
25827,227,100,94,-14
25828,228,100,94,-14
25829,229,100,94,-13
25830,230,100,94,-13
25831,231,100,94,-13
25832,232,100,94,-13
25833,233,100,94,-13
25834,234,100,94,-13
25835,235,100,94,-12
25836,236,100,94,-12
25837,237,100,94,-12
25838,238,100,94,-12
25839,239,100,94,-12
25840,240,100,94,-12
25841,241,100,94,-12
25842,242,100,94,-12
25843,243,100,95,-11
25844,244,100,95,-11
25845,245,100,95,-11
25846,246,100,95,-11
25847,247,100,95,-11
25848,248,100,95,-11
25849,249,100,95,-11
25850,250,100,95,-11
25851,251,100,95,-10
25852,252,100,95,-10
25853,253,100,95,-10
25854,254,100,95,-10
25855,255,100,95,-10
25856,0,101,-96,-9
25857,1,101,-96,-9
25858,2,101,-96,-9
25859,3,101,-96,-9
25860,4,101,-96,-9
25861,5,101,-95,-10
25862,6,101,-95,-10
25863,7,101,-95,-10
25864,8,101,-95,-10
25865,9,101,-95,-10
25866,10,101,-95,-10
25867,11,101,-95,-10
25868,12,101,-95,-10
25869,13,101,-95,-10
25870,14,101,-95,-11
25871,15,101,-95,-11
25872,16,101,-95,-11
25873,17,101,-95,-11
25874,18,101,-95,-11
25875,19,101,-95,-11
25876,20,101,-95,-11
25877,21,101,-95,-11
25878,22,101,-94,-12
25879,23,101,-94,-12
25880,24,101,-94,-12
25881,25,101,-94,-12
25882,26,101,-94,-12
25883,27,101,-94,-12
25884,28,101,-94,-12
25885,29,101,-94,-13
25886,30,101,-94,-13
25887,31,101,-94,-13
25888,32,101,-94,-13
25889,33,101,-94,-13
25890,34,101,-94,-14
25891,35,101,-94,-14
25892,36,101,-94,-14
25893,37,101,-94,-14
25894,38,101,-94,-14
25895,39,101,-93,-15
25896,40,101,-93,-15
25897,41,101,-93,-15
25898,42,101,-93,-15
25899,43,101,-93,-15
25900,44,101,-93,-16
25901,45,101,-93,-16
25902,46,101,-93,-16
25903,47,101,-93,-16
25904,48,101,-93,-17
25905,49,101,-93,-17
25906,50,101,-93,-17
25907,51,101,-92,-17
25908,52,101,-92,-17
25909,53,101,-92,-17
25910,54,101,-92,-18
25911,55,101,-92,-19
25912,56,101,-92,-19
25913,57,101,-92,-19
25914,58,101,-91,-19
25915,59,101,-91,-20
25916,60,101,-91,-20
25917,61,101,-91,-20
25918,62,101,-91,-21
25919,63,101,-89,-21
25920,64,101,-87,-21
25921,65,101,-85,-21
25922,66,101,-83,-21
25923,67,101,-82,-21
25924,68,101,-80,-21
25925,69,101,-78,-21
25926,70,101,-76,-21
25927,71,101,-74,-21
25928,72,101,-73,-21
25929,73,101,-71,-21
25930,74,101,-69,-21
25931,75,101,-67,-21
25932,76,101,-66,-21
25933,77,101,-64,-21
25934,78,101,-62,-21
25935,79,101,-60,-21
25936,80,101,-58,-21
25937,81,101,-57,-21
25938,82,101,-55,-21
25939,83,101,-53,-21
25940,84,101,-51,-21
25941,85,101,-49,-21
25942,86,101,-48,-21
25943,87,101,-46,-21
25944,88,101,-44,-21
25945,89,101,-42,-21
25946,90,101,-41,-21
25947,91,101,-39,-21
25948,92,101,-37,-21
25949,93,101,-35,-21
25950,94,101,-33,-21
25951,95,101,-32,-21
25952,96,101,-30,-21
25953,97,101,-28,-21
25954,98,101,-26,-21
25955,99,101,-24,-21
25956,100,101,-23,-21
25957,101,101,-21,-21
25958,102,101,-19,-21
25959,103,101,-17,-21
25960,104,101,-16,-21
25961,105,101,-14,-21
25962,106,101,-12,-21
25963,107,101,-10,-21
25964,108,101,-8,-21
25965,109,101,-7,-21
25966,110,101,-5,-21
25967,111,101,-3,-21
25968,112,101,-1,-21
25969,113,101,0,-21
25970,114,101,0,-21
25971,115,101,0,-21
25972,116,101,0,-21
25973,117,101,0,-21
25974,118,101,0,-21
25975,119,101,0,-21
25976,120,101,0,-21
25977,121,101,0,-21
25978,122,101,0,-21
25979,123,101,0,-21
25980,124,101,0,-21
25981,125,101,0,-21
25982,126,101,0,-21
25983,127,101,0,-21
25984,128,101,0,-21
25985,129,101,0,-21
25986,130,101,0,-21
25987,131,101,0,-21
25988,132,101,0,-21
25989,133,101,0,-21
25990,134,101,0,-21
25991,135,101,0,-21
25992,136,101,0,-21
25993,137,101,0,-21
25994,138,101,0,-21
25995,139,101,0,-21
25996,140,101,0,-21
25997,141,101,0,-21
25998,142,101,0,-21
25999,143,101,0,-21
26000,144,101,1,-21
26001,145,101,3,-21
26002,146,101,5,-21
26003,147,101,7,-21
26004,148,101,8,-21
26005,149,101,10,-21
26006,150,101,12,-21
26007,151,101,14,-21
26008,152,101,16,-21
26009,153,101,17,-21
26010,154,101,19,-21
26011,155,101,21,-21
26012,156,101,23,-21
26013,157,101,24,-21
26014,158,101,26,-21
26015,159,101,28,-21
26016,160,101,30,-21
26017,161,101,32,-21
26018,162,101,33,-21
26019,163,101,35,-21
26020,164,101,37,-21
26021,165,101,39,-21
26022,166,101,41,-21
26023,167,101,42,-21
26024,168,101,44,-21
26025,169,101,46,-21
26026,170,101,48,-21
26027,171,101,49,-21
26028,172,101,51,-21
26029,173,101,53,-21
26030,174,101,55,-21
26031,175,101,57,-21
26032,176,101,58,-21
26033,177,101,60,-21
26034,178,101,62,-21
26035,179,101,64,-21
26036,180,101,66,-21
26037,181,101,67,-21
26038,182,101,69,-21
26039,183,101,71,-21
26040,184,101,73,-21
26041,185,101,74,-21
26042,186,101,76,-21
26043,187,101,78,-21
26044,188,101,80,-21
26045,189,101,82,-21
26046,190,101,83,-21
26047,191,101,85,-21
26048,192,101,87,-21
26049,193,101,89,-21
26050,194,101,91,-21
26051,195,101,91,-20
26052,196,101,91,-20
26053,197,101,91,-20
26054,198,101,91,-19
26055,199,101,92,-19
26056,200,101,92,-19
26057,201,101,92,-19
26058,202,101,92,-18
26059,203,101,92,-17
26060,204,101,92,-17
26061,205,101,92,-17
26062,206,101,93,-17
26063,207,101,93,-17
26064,208,101,93,-17
26065,209,101,93,-16
26066,210,101,93,-16
26067,211,101,93,-16
26068,212,101,93,-16
26069,213,101,93,-15
26070,214,101,93,-15
26071,215,101,93,-15
26072,216,101,93,-15
26073,217,101,93,-15
26074,218,101,94,-14
26075,219,101,94,-14
26076,220,101,94,-14
26077,221,101,94,-14
26078,222,101,94,-14
26079,223,101,94,-13
26080,224,101,94,-13
26081,225,101,94,-13
26082,226,101,94,-13
26083,227,101,94,-13
26084,228,101,94,-12
26085,229,101,94,-12
26086,230,101,94,-12
26087,231,101,94,-12
26088,232,101,94,-12
26089,233,101,94,-12
26090,234,101,94,-12
26091,235,101,95,-11
26092,236,101,95,-11
26093,237,101,95,-11
26094,238,101,95,-11
26095,239,101,95,-11
26096,240,101,95,-11
26097,241,101,95,-11
26098,242,101,95,-11
26099,243,101,95,-10
26100,244,101,95,-10
26101,245,101,95,-10
26102,246,101,95,-10
26103,247,101,95,-10
26104,248,101,95,-10
26105,249,101,95,-10
26106,250,101,95,-10
26107,251,101,95,-10
26108,252,101,96,-9
26109,253,101,96,-9
26110,254,101,96,-9
26111,255,101,96,-9
26112,0,102,-96,-8
26113,1,102,-96,-8
26114,2,102,-96,-8
26115,3,102,-96,-8
26116,4,102,-96,-9
26117,5,102,-96,-9
26118,6,102,-96,-9
26119,7,102,-96,-9
26120,8,102,-96,-9
26121,9,102,-96,-9
26122,10,102,-96,-9
26123,11,102,-96,-9
26124,12,102,-96,-9
26125,13,102,-96,-9
26126,14,102,-95,-10
26127,15,102,-95,-10
26128,16,102,-95,-10
26129,17,102,-95,-10
26130,18,102,-95,-10
26131,19,102,-95,-10
26132,20,102,-95,-10
26133,21,102,-95,-10
26134,22,102,-95,-10
26135,23,102,-95,-11
26136,24,102,-95,-11
26137,25,102,-95,-11
26138,26,102,-95,-11
26139,27,102,-95,-11
26140,28,102,-95,-11
26141,29,102,-95,-11
26142,30,102,-94,-12
26143,31,102,-94,-12
26144,32,102,-94,-12
26145,33,102,-94,-12
26146,34,102,-94,-12
26147,35,102,-94,-12
26148,36,102,-94,-13
26149,37,102,-94,-13
26150,38,102,-94,-13
26151,39,102,-94,-13
26152,40,102,-94,-13
26153,41,102,-94,-14
26154,42,102,-94,-14
26155,43,102,-94,-14
26156,44,102,-94,-14
26157,45,102,-94,-14
26158,46,102,-93,-15
26159,47,102,-93,-15
26160,48,102,-93,-15
26161,49,102,-93,-15
26162,50,102,-93,-16
26163,51,102,-93,-16
26164,52,102,-93,-16
26165,53,102,-93,-17
26166,54,102,-93,-17
26167,55,102,-93,-17
26168,56,102,-93,-17
26169,57,102,-92,-17
26170,58,102,-92,-17
26171,59,102,-92,-18
26172,60,102,-92,-18
26173,61,102,-92,-19
26174,62,102,-91,-19
26175,63,102,-89,-19
26176,64,102,-87,-19
26177,65,102,-85,-19
26178,66,102,-83,-19
26179,67,102,-82,-19
26180,68,102,-80,-19
26181,69,102,-78,-19
26182,70,102,-76,-19
26183,71,102,-74,-19
26184,72,102,-73,-19
26185,73,102,-71,-19
26186,74,102,-69,-19
26187,75,102,-67,-19
26188,76,102,-66,-19
26189,77,102,-64,-19
26190,78,102,-62,-19
26191,79,102,-60,-19
26192,80,102,-58,-19
26193,81,102,-57,-19
26194,82,102,-55,-19
26195,83,102,-53,-19
26196,84,102,-51,-19
26197,85,102,-49,-19
26198,86,102,-48,-19
26199,87,102,-46,-19
26200,88,102,-44,-19
26201,89,102,-42,-19
26202,90,102,-41,-19
26203,91,102,-39,-19
26204,92,102,-37,-19
26205,93,102,-35,-19
26206,94,102,-33,-19
26207,95,102,-32,-19
26208,96,102,-30,-19
26209,97,102,-28,-19
26210,98,102,-26,-19
26211,99,102,-24,-19
26212,100,102,-23,-19
26213,101,102,-21,-19
26214,102,102,-19,-19
26215,103,102,-17,-19
26216,104,102,-16,-19
26217,105,102,-14,-19
26218,106,102,-12,-19
26219,107,102,-10,-19
26220,108,102,-8,-19
26221,109,102,-7,-19
26222,110,102,-5,-19
26223,111,102,-3,-19
26224,112,102,-1,-19
26225,113,102,0,-19
26226,114,102,0,-19
26227,115,102,0,-19
26228,116,102,0,-19
26229,117,102,0,-19
26230,118,102,0,-19
26231,119,102,0,-19
26232,120,102,0,-19
26233,121,102,0,-19
26234,122,102,0,-19
26235,123,102,0,-19
26236,124,102,0,-19
26237,125,102,0,-19
26238,126,102,0,-19
26239,127,102,0,-19
26240,128,102,0,-19
26241,129,102,0,-19
26242,130,102,0,-19
26243,131,102,0,-19
26244,132,102,0,-19
26245,133,102,0,-19
26246,134,102,0,-19
26247,135,102,0,-19
26248,136,102,0,-19
26249,137,102,0,-19
26250,138,102,0,-19
26251,139,102,0,-19
26252,140,102,0,-19
26253,141,102,0,-19
26254,142,102,0,-19
26255,143,102,0,-19
26256,144,102,1,-19
26257,145,102,3,-19
26258,146,102,5,-19
26259,147,102,7,-19
26260,148,102,8,-19
26261,149,102,10,-19
26262,150,102,12,-19
26263,151,102,14,-19
26264,152,102,16,-19
26265,153,102,17,-19
26266,154,102,19,-19
26267,155,102,21,-19
26268,156,102,23,-19
26269,157,102,24,-19
26270,158,102,26,-19
26271,159,102,28,-19
26272,160,102,30,-19
26273,161,102,32,-19
26274,162,102,33,-19
26275,163,102,35,-19
26276,164,102,37,-19
26277,165,102,39,-19
26278,166,102,41,-19
26279,167,102,42,-19
26280,168,102,44,-19
26281,169,102,46,-19
26282,170,102,48,-19
26283,171,102,49,-19
26284,172,102,51,-19
26285,173,102,53,-19
26286,174,102,55,-19
26287,175,102,57,-19
26288,176,102,58,-19
26289,177,102,60,-19
26290,178,102,62,-19
26291,179,102,64,-19
26292,180,102,66,-19
26293,181,102,67,-19
26294,182,102,69,-19
26295,183,102,71,-19
26296,184,102,73,-19
26297,185,102,74,-19
26298,186,102,76,-19
26299,187,102,78,-19
26300,188,102,80,-19
26301,189,102,82,-19
26302,190,102,83,-19
26303,191,102,85,-19
26304,192,102,87,-19
26305,193,102,89,-19
26306,194,102,91,-19
26307,195,102,92,-19
26308,196,102,92,-18
26309,197,102,92,-18
26310,198,102,92,-17
26311,199,102,92,-17
26312,200,102,93,-17
26313,201,102,93,-17
26314,202,102,93,-17
26315,203,102,93,-17
26316,204,102,93,-16
26317,205,102,93,-16
26318,206,102,93,-16
26319,207,102,93,-15
26320,208,102,93,-15
26321,209,102,93,-15
26322,210,102,93,-15
26323,211,102,94,-14
26324,212,102,94,-14
26325,213,102,94,-14
26326,214,102,94,-14
26327,215,102,94,-14
26328,216,102,94,-13
26329,217,102,94,-13
26330,218,102,94,-13
26331,219,102,94,-13
26332,220,102,94,-13
26333,221,102,94,-12
26334,222,102,94,-12
26335,223,102,94,-12
26336,224,102,94,-12
26337,225,102,94,-12
26338,226,102,94,-12
26339,227,102,95,-11
26340,228,102,95,-11
26341,229,102,95,-11
26342,230,102,95,-11
26343,231,102,95,-11
26344,232,102,95,-11
26345,233,102,95,-11
26346,234,102,95,-10
26347,235,102,95,-10
26348,236,102,95,-10
26349,237,102,95,-10
26350,238,102,95,-10
26351,239,102,95,-10
26352,240,102,95,-10
26353,241,102,95,-10
26354,242,102,95,-10
26355,243,102,96,-9
26356,244,102,96,-9
26357,245,102,96,-9
26358,246,102,96,-9
26359,247,102,96,-9
26360,248,102,96,-9
26361,249,102,96,-9
26362,250,102,96,-9
26363,251,102,96,-9
26364,252,102,96,-9
26365,253,102,96,-8
26366,254,102,96,-8
26367,255,102,96,-8
26368,0,103,-96,-7
26369,1,103,-96,-7
26370,2,103,-96,-7
26371,3,103,-96,-8
26372,4,103,-96,-8
26373,5,103,-96,-8
26374,6,103,-96,-8
26375,7,103,-96,-8
26376,8,103,-96,-8
26377,9,103,-96,-8
26378,10,103,-96,-8
26379,11,103,-96,-8
26380,12,103,-96,-8
26381,13,103,-96,-8
26382,14,103,-96,-9
26383,15,103,-96,-9
26384,16,103,-96,-9
26385,17,103,-96,-9
26386,18,103,-96,-9
26387,19,103,-96,-9
26388,20,103,-96,-9
26389,21,103,-96,-9
26390,22,103,-96,-9
26391,23,103,-95,-10
26392,24,103,-95,-10
26393,25,103,-95,-10
26394,26,103,-95,-10
26395,27,103,-95,-10
26396,28,103,-95,-10
26397,29,103,-95,-10
26398,30,103,-95,-10
26399,31,103,-95,-11
26400,32,103,-95,-11
26401,33,103,-95,-11
26402,34,103,-95,-11
26403,35,103,-95,-11
26404,36,103,-95,-11
26405,37,103,-94,-12
26406,38,103,-94,-12
26407,39,103,-94,-12
26408,40,103,-94,-12
26409,41,103,-94,-12
26410,42,103,-94,-12
26411,43,103,-94,-13
26412,44,103,-94,-13
26413,45,103,-94,-13
26414,46,103,-94,-13
26415,47,103,-94,-13
26416,48,103,-94,-14
26417,49,103,-94,-14
26418,50,103,-94,-14
26419,51,103,-94,-14
26420,52,103,-93,-15
26421,53,103,-93,-15
26422,54,103,-93,-15
26423,55,103,-93,-15
26424,56,103,-93,-16
26425,57,103,-93,-16
26426,58,103,-93,-16
26427,59,103,-93,-16
26428,60,103,-93,-16
26429,61,103,-92,-17
26430,62,103,-91,-17
26431,63,103,-89,-17
26432,64,103,-87,-17
26433,65,103,-85,-17
26434,66,103,-83,-17
26435,67,103,-82,-17
26436,68,103,-80,-17
26437,69,103,-78,-17
26438,70,103,-76,-17
26439,71,103,-74,-17
26440,72,103,-73,-17
26441,73,103,-71,-17
26442,74,103,-69,-17
26443,75,103,-67,-17
26444,76,103,-66,-17
26445,77,103,-64,-17
26446,78,103,-62,-17
26447,79,103,-60,-17
26448,80,103,-58,-17
26449,81,103,-57,-17
26450,82,103,-55,-17
26451,83,103,-53,-17
26452,84,103,-51,-17
26453,85,103,-49,-17
26454,86,103,-48,-17
26455,87,103,-46,-17
26456,88,103,-44,-17
26457,89,103,-42,-17
26458,90,103,-41,-17
26459,91,103,-39,-17
26460,92,103,-35,-17
26461,93,103,-35,-17
26462,94,103,-33,-17
26463,95,103,-32,-17
26464,96,103,-30,-17
26465,97,103,-28,-17
26466,98,103,-26,-17
26467,99,103,-24,-17
26468,100,103,-23,-17
26469,101,103,-21,-17
26470,102,103,-19,-17
26471,103,103,-17,-17
26472,104,103,-16,-17
26473,105,103,-14,-17
26474,106,103,-12,-17
26475,107,103,-10,-17
26476,108,103,-8,-17
26477,109,103,-7,-17
26478,110,103,-5,-17
26479,111,103,-3,-17
26480,112,103,-1,-17
26481,113,103,0,-17
26482,114,103,0,-17
26483,115,103,0,-17
26484,116,103,0,-17
26485,117,103,0,-17
26486,118,103,0,-17
26487,119,103,0,-17
26488,120,103,0,-17
26489,121,103,0,-17
26490,122,103,0,-17
26491,123,103,0,-17
26492,124,103,0,-17
26493,125,103,0,-17
26494,126,103,0,-17
26495,127,103,0,-17
26496,128,103,0,-17
26497,129,103,0,-17
26498,130,103,0,-17
26499,131,103,0,-17
26500,132,103,0,-17
26501,133,103,0,-17
26502,134,103,0,-17
26503,135,103,0,-17
26504,136,103,0,-17
26505,137,103,0,-17
26506,138,103,0,-17
26507,139,103,0,-17
26508,140,103,0,-17
26509,141,103,0,-17
26510,142,103,0,-17
26511,143,103,0,-17
26512,144,103,1,-17
26513,145,103,3,-17
26514,146,103,5,-17
26515,147,103,7,-17
26516,148,103,8,-17
26517,149,103,10,-17
26518,150,103,12,-17
26519,151,103,14,-17
26520,152,103,16,-17
26521,153,103,17,-17
26522,154,103,19,-17
26523,155,103,21,-17
26524,156,103,23,-17
26525,157,103,24,-17
26526,158,103,26,-17
26527,159,103,28,-17
26528,160,103,30,-17
26529,161,103,32,-17
26530,162,103,33,-17
26531,163,103,35,-17
26532,164,103,37,-17
26533,165,103,39,-17
26534,166,103,41,-17
26535,167,103,42,-17
26536,168,103,44,-17
26537,169,103,46,-17
26538,170,103,48,-17
26539,171,103,49,-17
26540,172,103,51,-17
26541,173,103,53,-17
26542,174,103,55,-17
26543,175,103,57,-17
26544,176,103,58,-17
26545,177,103,60,-17
26546,178,103,62,-17
26547,179,103,64,-17
26548,180,103,66,-17
26549,181,103,67,-17
26550,182,103,69,-17
26551,183,103,71,-17
26552,184,103,73,-17
26553,185,103,74,-17
26554,186,103,76,-17
26555,187,103,78,-17
26556,188,103,80,-17
26557,189,103,82,-17
26558,190,103,83,-17
26559,191,103,85,-17
26560,192,103,87,-17
26561,193,103,89,-17
26562,194,103,91,-17
26563,195,103,92,-17
26564,196,103,93,-16
26565,197,103,93,-16
26566,198,103,93,-16
26567,199,103,93,-16
26568,200,103,93,-16
26569,201,103,93,-15
26570,202,103,93,-15
26571,203,103,93,-15
26572,204,103,93,-15
26573,205,103,94,-14
26574,206,103,94,-14
26575,207,103,94,-14
26576,208,103,94,-14
26577,209,103,94,-13
26578,210,103,94,-13
26579,211,103,94,-13
26580,212,103,94,-13
26581,213,103,94,-13
26582,214,103,94,-12
26583,215,103,94,-12
26584,216,103,94,-12
26585,217,103,94,-12
26586,218,103,94,-12
26587,219,103,94,-12
26588,220,103,95,-11
26589,221,103,95,-11
26590,222,103,95,-11
26591,223,103,95,-11
26592,224,103,95,-11
26593,225,103,95,-11
26594,226,103,95,-10
26595,227,103,95,-10
26596,228,103,95,-10
26597,229,103,95,-10
26598,230,103,95,-10
26599,231,103,95,-10
26600,232,103,95,-10
26601,233,103,95,-10
26602,234,103,96,-9
26603,235,103,96,-9
26604,236,103,96,-9
26605,237,103,96,-9
26606,238,103,96,-9
26607,239,103,96,-9
26608,240,103,96,-9
26609,241,103,96,-9
26610,242,103,96,-9
26611,243,103,96,-8
26612,244,103,96,-8
26613,245,103,96,-8
26614,246,103,96,-8
26615,247,103,96,-8
26616,248,103,96,-8
26617,249,103,96,-8
26618,250,103,96,-8
26619,251,103,96,-8
26620,252,103,96,-8
26621,253,103,96,-8
26622,254,103,96,-7
26623,255,103,96,-7
26624,0,104,-97,-6
26625,1,104,-96,-7
26626,2,104,-96,-7
26627,3,104,-96,-7
26628,4,104,-96,-7
26629,5,104,-96,-7
26630,6,104,-96,-7
26631,7,104,-96,-7
26632,8,104,-96,-7
26633,9,104,-96,-7
26634,10,104,-96,-7
26635,11,104,-96,-7
26636,12,104,-96,-7
26637,13,104,-96,-7
26638,14,104,-96,-8
26639,15,104,-96,-8
26640,16,104,-96,-8
26641,17,104,-96,-8
26642,18,104,-96,-8
26643,19,104,-96,-8
26644,20,104,-96,-8
26645,21,104,-96,-8
26646,22,104,-96,-8
26647,23,104,-96,-8
26648,24,104,-96,-9
26649,25,104,-96,-9
26650,26,104,-96,-9
26651,27,104,-96,-9
26652,28,104,-96,-9
26653,29,104,-96,-9
26654,30,104,-96,-9
26655,31,104,-96,-9
26656,32,104,-95,-10
26657,33,104,-95,-10
26658,34,104,-95,-10
26659,35,104,-95,-10
26660,36,104,-95,-10
26661,37,104,-95,-10
26662,38,104,-95,-10
26663,39,104,-95,-11
26664,40,104,-95,-11
26665,41,104,-95,-11
26666,42,104,-95,-11
26667,43,104,-95,-11
26668,44,104,-95,-11
26669,45,104,-94,-12
26670,46,104,-94,-12
26671,47,104,-94,-12
26672,48,104,-94,-12
26673,49,104,-94,-12
26674,50,104,-94,-13
26675,51,104,-94,-13
26676,52,104,-94,-13
26677,53,104,-94,-13
26678,54,104,-94,-14
26679,55,104,-94,-14
26680,56,104,-94,-14
26681,57,104,-94,-14
26682,58,104,-93,-15
26683,59,104,-93,-15
26684,60,104,-93,-15
26685,61,104,-92,-16
26686,62,104,-91,-16
26687,63,104,-89,-16
26688,64,104,-87,-16
26689,65,104,-85,-16
26690,66,104,-83,-16
26691,67,104,-82,-16
26692,68,104,-80,-16
26693,69,104,-78,-16
26694,70,104,-76,-16
26695,71,104,-74,-16
26696,72,104,-73,-16
26697,73,104,-71,-16
26698,74,104,-69,-16
26699,75,104,-67,-16
26700,76,104,-66,-16
26701,77,104,-64,-16
26702,78,104,-62,-16
26703,79,104,-60,-16
26704,80,104,-58,-16
26705,81,104,-57,-16
26706,82,104,-55,-16
26707,83,104,-53,-16
26708,84,104,-51,-16
26709,85,104,-49,-16
26710,86,104,-48,-16
26711,87,104,-46,-16
26712,88,104,-44,-16
26713,89,104,-42,-16
26714,90,104,-41,-16
26715,91,104,-39,-16
26716,92,104,-37,-16
26717,93,104,-35,-16
26718,94,104,-33,-16
26719,95,104,-32,-16
26720,96,104,-30,-16
26721,97,104,-28,-16
26722,98,104,-26,-16
26723,99,104,-24,-16
26724,100,104,-23,-16
26725,101,104,-21,-16
26726,102,104,-19,-16
26727,103,104,-17,-16
26728,104,104,-16,-16
26729,105,104,-14,-16
26730,106,104,-12,-16
26731,107,104,-10,-16
26732,108,104,-8,-16
26733,109,104,-7,-16
26734,110,104,-5,-16
26735,111,104,-3,-16
26736,112,104,-1,-16
26737,113,104,0,-16
26738,114,104,0,-16
26739,115,104,0,-16
26740,116,104,0,-16
26741,117,104,0,-16
26742,118,104,0,-16
26743,119,104,0,-16
26744,120,104,0,-16
26745,121,104,0,-16
26746,122,104,0,-16
26747,123,104,0,-16
26748,124,104,0,-16
26749,125,104,0,-16
26750,126,104,0,-16
26751,127,104,0,-16
26752,128,104,0,-16
26753,129,104,0,-16
26754,130,104,0,-16
26755,131,104,0,-16
26756,132,104,0,-16
26757,133,104,0,-16
26758,134,104,0,-16
26759,135,104,0,-16
26760,136,104,0,-16
26761,137,104,0,-16
26762,138,104,0,-16
26763,139,104,0,-16
26764,140,104,0,-16
26765,141,104,0,-16
26766,142,104,0,-16
26767,143,104,0,-16
26768,144,104,1,-16
26769,145,104,3,-16
26770,146,104,5,-16
26771,147,104,7,-16
26772,148,104,8,-16
26773,149,104,10,-16
26774,150,104,12,-16
26775,151,104,14,-16
26776,152,104,16,-16
26777,153,104,17,-16
26778,154,104,19,-16
26779,155,104,21,-16
26780,156,104,23,-16
26781,157,104,24,-16
26782,158,104,26,-16
26783,159,104,28,-16
26784,160,104,30,-16
26785,161,104,32,-16
26786,162,104,33,-16
26787,163,104,35,-16
26788,164,104,37,-16
26789,165,104,39,-16
26790,166,104,41,-16
26791,167,104,42,-16
26792,168,104,44,-16
26793,169,104,46,-16
26794,170,104,48,-16
26795,171,104,49,-16
26796,172,104,51,-16
26797,173,104,53,-16
26798,174,104,55,-16
26799,175,104,57,-16
26800,176,104,58,-16
26801,177,104,60,-16
26802,178,104,62,-16
26803,179,104,64,-16
26804,180,104,66,-16
26805,181,104,67,-16
26806,182,104,69,-16
26807,183,104,71,-16
26808,184,104,73,-16
26809,185,104,74,-16
26810,186,104,76,-16
26811,187,104,78,-16
26812,188,104,80,-16
26813,189,104,82,-16
26814,190,104,83,-16
26815,191,104,85,-16
26816,192,104,87,-16
26817,193,104,89,-16
26818,194,104,91,-16
26819,195,104,92,-16
26820,196,104,93,-15
26821,197,104,93,-15
26822,198,104,93,-15
26823,199,104,94,-14
26824,200,104,94,-14
26825,201,104,94,-14
26826,202,104,94,-14
26827,203,104,94,-13
26828,204,104,94,-13
26829,205,104,94,-13
26830,206,104,94,-13
26831,207,104,94,-12
26832,208,104,94,-12
26833,209,104,94,-12
26834,210,104,94,-12
26835,211,104,94,-12
26836,212,104,95,-11
26837,213,104,95,-11
26838,214,104,95,-11
26839,215,104,95,-11
26840,216,104,95,-11
26841,217,104,95,-11
26842,218,104,95,-10
26843,219,104,95,-10
26844,220,104,95,-10
26845,221,104,95,-10
26846,222,104,95,-10
26847,223,104,95,-10
26848,224,104,95,-10
26849,225,104,96,-9
26850,226,104,96,-9
26851,227,104,96,-9
26852,228,104,96,-9
26853,229,104,96,-9
26854,230,104,96,-9
26855,231,104,96,-9
26856,232,104,96,-9
26857,233,104,96,-8
26858,234,104,96,-8
26859,235,104,96,-8
26860,236,104,96,-8
26861,237,104,96,-8
26862,238,104,96,-8
26863,239,104,96,-8
26864,240,104,96,-8
26865,241,104,96,-8
26866,242,104,96,-8
26867,243,104,96,-7
26868,244,104,96,-7
26869,245,104,96,-7
26870,246,104,96,-7
26871,247,104,96,-7
26872,248,104,96,-7
26873,249,104,96,-7
26874,250,104,96,-7
26875,251,104,96,-7
26876,252,104,96,-7
26877,253,104,96,-7
26878,254,104,96,-7
26879,255,104,96,-7
26880,0,105,-97,-6
26881,1,105,-97,-6
26882,2,105,-97,-6
26883,3,105,-97,-6
26884,4,105,-97,-6
26885,5,105,-97,-6
26886,6,105,-97,-6
26887,7,105,-97,-6
26888,8,105,-97,-6
26889,9,105,-97,-6
26890,10,105,-97,-6
26891,11,105,-97,-6
26892,12,105,-97,-6
26893,13,105,-97,-6
26894,14,105,-96,-7
26895,15,105,-96,-7
26896,16,105,-96,-7
26897,17,105,-96,-7
26898,18,105,-96,-7
26899,19,105,-96,-7
26900,20,105,-96,-7
26901,21,105,-96,-7
26902,22,105,-96,-7
26903,23,105,-96,-7
26904,24,105,-96,-7
26905,25,105,-96,-8
26906,26,105,-96,-8
26907,27,105,-96,-8
26908,28,105,-96,-8
26909,29,105,-96,-8
26910,30,105,-96,-8
26911,31,105,-96,-8
26912,32,105,-96,-8
26913,33,105,-96,-8
26914,34,105,-96,-9
26915,35,105,-96,-9
26916,36,105,-96,-9
26917,37,105,-96,-9
26918,38,105,-96,-9
26919,39,105,-96,-9
26920,40,105,-96,-9
26921,41,105,-95,-10
26922,42,105,-95,-10
26923,43,105,-95,-10
26924,44,105,-95,-10
26925,45,105,-95,-10
26926,46,105,-95,-10
26927,47,105,-95,-11
26928,48,105,-95,-11
26929,49,105,-95,-11
26930,50,105,-95,-11
26931,51,105,-95,-11
26932,52,105,-94,-12
26933,53,105,-94,-12
26934,54,105,-94,-12
26935,55,105,-94,-12
26936,56,105,-94,-12
26937,57,105,-94,-13
26938,58,105,-94,-13
26939,59,105,-94,-13
26940,60,105,-94,-14
26941,61,105,-92,-14
26942,62,105,-91,-14
26943,63,105,-89,-14
26944,64,105,-87,-14
26945,65,105,-85,-14
26946,66,105,-83,-14
26947,67,105,-82,-14
26948,68,105,-80,-14
26949,69,105,-78,-14
26950,70,105,-76,-14
26951,71,105,-74,-14
26952,72,105,-73,-14
26953,73,105,-71,-14
26954,74,105,-69,-14
26955,75,105,-67,-14
26956,76,105,-66,-14
26957,77,105,-64,-14
26958,78,105,-62,-14
26959,79,105,-60,-14
26960,80,105,-58,-14
26961,81,105,-57,-14
26962,82,105,-55,-14
26963,83,105,-53,-14
26964,84,105,-51,-14
26965,85,105,-49,-14
26966,86,105,-48,-14
26967,87,105,-46,-14
26968,88,105,-44,-14
26969,89,105,-42,-14
26970,90,105,-41,-14
26971,91,105,-39,-14
26972,92,105,-37,-14
26973,93,105,-35,-14
26974,94,105,-33,-14
26975,95,105,-32,-14
26976,96,105,-30,-14
26977,97,105,-28,-14
26978,98,105,-26,-14
26979,99,105,-24,-14
26980,100,105,-23,-14
26981,101,105,-21,-14
26982,102,105,-19,-14
26983,103,105,-17,-14
26984,104,105,-16,-14
26985,105,105,-14,-14
26986,106,105,-12,-14
26987,107,105,-10,-14
26988,108,105,-8,-14
26989,109,105,-7,-14
26990,110,105,-5,-14
26991,111,105,-3,-14
26992,112,105,-1,-14
26993,113,105,0,-14
26994,114,105,0,-14
26995,115,105,0,-14
26996,116,105,0,-14
26997,117,105,0,-14
26998,118,105,0,-14
26999,119,105,0,-14
27000,120,105,0,-14
27001,121,105,0,-14
27002,122,105,0,-14
27003,123,105,0,-14
27004,124,105,0,-14
27005,125,105,0,-14
27006,126,105,0,-14
27007,127,105,0,-14
27008,128,105,0,-14
27009,129,105,0,-14
27010,130,105,0,-14
27011,131,105,0,-14
27012,132,105,0,-14
27013,133,105,0,-14
27014,134,105,0,-14
27015,135,105,0,-14
27016,136,105,0,-14
27017,137,105,0,-14
27018,138,105,0,-14
27019,139,105,0,-14
27020,140,105,0,-14
27021,141,105,0,-14
27022,142,105,0,-14
27023,143,105,0,-14
27024,144,105,1,-14
27025,145,105,3,-14
27026,146,105,5,-14
27027,147,105,7,-14
27028,148,105,8,-14
27029,149,105,10,-14
27030,150,105,12,-14
27031,151,105,14,-14
27032,152,105,16,-14
27033,153,105,17,-14
27034,154,105,19,-14
27035,155,105,21,-14
27036,156,105,23,-14
27037,157,105,24,-14
27038,158,105,26,-14
27039,159,105,28,-14
27040,160,105,30,-14
27041,161,105,32,-14
27042,162,105,33,-14
27043,163,105,35,-14
27044,164,105,37,-14
27045,165,105,39,-14
27046,166,105,41,-14
27047,167,105,42,-14
27048,168,105,44,-14
27049,169,105,46,-14
27050,170,105,48,-14
27051,171,105,49,-14
27052,172,105,51,-14
27053,173,105,53,-14
27054,174,105,55,-14
27055,175,105,57,-14
27056,176,105,58,-14
27057,177,105,60,-14
27058,178,105,62,-14
27059,179,105,64,-14
27060,180,105,66,-14
27061,181,105,67,-14
27062,182,105,69,-14
27063,183,105,71,-14
27064,184,105,73,-14
27065,185,105,74,-14
27066,186,105,76,-14
27067,187,105,78,-14
27068,188,105,80,-14
27069,189,105,82,-14
27070,190,105,83,-14
27071,191,105,85,-14
27072,192,105,87,-14
27073,193,105,89,-14
27074,194,105,91,-14
27075,195,105,92,-14
27076,196,105,94,-14
27077,197,105,94,-13
27078,198,105,94,-13
27079,199,105,94,-13
27080,200,105,94,-12
27081,201,105,94,-12
27082,202,105,94,-12
27083,203,105,94,-12
27084,204,105,94,-12
27085,205,105,95,-11
27086,206,105,95,-11
27087,207,105,95,-11
27088,208,105,95,-11
27089,209,105,95,-11
27090,210,105,95,-10
27091,211,105,95,-10
27092,212,105,95,-10
27093,213,105,95,-10
27094,214,105,95,-10
27095,215,105,95,-10
27096,216,105,96,-9
27097,217,105,96,-9
27098,218,105,96,-9
27099,219,105,96,-9
27100,220,105,96,-9
27101,221,105,96,-9
27102,222,105,96,-9
27103,223,105,96,-8
27104,224,105,96,-8
27105,225,105,96,-8
27106,226,105,96,-8
27107,227,105,96,-8
27108,228,105,96,-8
27109,229,105,96,-8
27110,230,105,96,-8
27111,231,105,96,-8
27112,232,105,96,-7
27113,233,105,96,-7
27114,234,105,96,-7
27115,235,105,96,-7
27116,236,105,96,-7
27117,237,105,96,-7
27118,238,105,96,-7
27119,239,105,96,-7
27120,240,105,96,-7
27121,241,105,96,-7
27122,242,105,96,-7
27123,243,105,97,-6
27124,244,105,97,-6
27125,245,105,97,-6
27126,246,105,97,-6
27127,247,105,97,-6
27128,248,105,97,-6
27129,249,105,97,-6
27130,250,105,97,-6
27131,251,105,97,-6
27132,252,105,97,-6
27133,253,105,97,-6
27134,254,105,97,-6
27135,255,105,97,-6
27136,0,106,-97,-5
27137,1,106,-97,-5
27138,2,106,-97,-5
27139,3,106,-97,-5
27140,4,106,-97,-5
27141,5,106,-97,-5
27142,6,106,-97,-5
27143,7,106,-97,-5
27144,8,106,-97,-5
27145,9,106,-97,-5
27146,10,106,-97,-5
27147,11,106,-97,-5
27148,12,106,-97,-5
27149,13,106,-97,-5
27150,14,106,-97,-6
27151,15,106,-97,-6
27152,16,106,-97,-6
27153,17,106,-97,-6
27154,18,106,-97,-6
27155,19,106,-97,-6
27156,20,106,-97,-6
27157,21,106,-97,-6
27158,22,106,-97,-6
27159,23,106,-97,-6
27160,24,106,-97,-6
27161,25,106,-97,-6
27162,26,106,-96,-7
27163,27,106,-96,-7
27164,28,106,-96,-7
27165,29,106,-96,-7
27166,30,106,-96,-7
27167,31,106,-96,-7
27168,32,106,-96,-7
27169,33,106,-96,-7
27170,34,106,-96,-7
27171,35,106,-96,-7
27172,36,106,-96,-8
27173,37,106,-96,-8
27174,38,106,-96,-8
27175,39,106,-96,-8
27176,40,106,-96,-8
27177,41,106,-96,-8
27178,42,106,-96,-8
27179,43,106,-96,-8
27180,44,106,-96,-9
27181,45,106,-96,-9
27182,46,106,-96,-9
27183,47,106,-96,-9
27184,48,106,-96,-9
27185,49,106,-96,-9
27186,50,106,-95,-10
27187,51,106,-95,-10
27188,52,106,-95,-10
27189,53,106,-95,-10
27190,54,106,-95,-10
27191,55,106,-95,-10
27192,56,106,-95,-11
27193,57,106,-95,-11
27194,58,106,-95,-11
27195,59,106,-95,-11
27196,60,106,-94,-12
27197,61,106,-92,-12
27198,62,106,-91,-12
27199,63,106,-89,-12
27200,64,106,-87,-12
27201,65,106,-85,-12
27202,66,106,-83,-12
27203,67,106,-82,-12
27204,68,106,-80,-12
27205,69,106,-78,-12
27206,70,106,-76,-12
27207,71,106,-74,-12
27208,72,106,-73,-12
27209,73,106,-71,-12
27210,74,106,-69,-12
27211,75,106,-67,-12
27212,76,106,-66,-12
27213,77,106,-64,-12
27214,78,106,-62,-12
27215,79,106,-60,-12
27216,80,106,-58,-12
27217,81,106,-57,-12
27218,82,106,-55,-12
27219,83,106,-53,-12
27220,84,106,-51,-12
27221,85,106,-49,-12
27222,86,106,-48,-12
27223,87,106,-46,-12
27224,88,106,-44,-12
27225,89,106,-42,-12
27226,90,106,-41,-12
27227,91,106,-39,-12
27228,92,106,-37,-12
27229,93,106,-35,-12
27230,94,106,-33,-12
27231,95,106,-32,-12
27232,96,106,-30,-12
27233,97,106,-28,-12
27234,98,106,-26,-12
27235,99,106,-24,-12
27236,100,106,-23,-12
27237,101,106,-21,-12
27238,102,106,-19,-12
27239,103,106,-17,-12
27240,104,106,-16,-12
27241,105,106,-14,-12
27242,106,106,-12,-12
27243,107,106,-10,-12
27244,108,106,-8,-12
27245,109,106,-7,-12
27246,110,106,-5,-12
27247,111,106,-3,-12
27248,112,106,-1,-12
27249,113,106,0,-12
27250,114,106,0,-12
27251,115,106,0,-12
27252,116,106,0,-12
27253,117,106,0,-12
27254,118,106,0,-12
27255,119,106,0,-12
27256,120,106,0,-12
27257,121,106,0,-12
27258,122,106,0,-12
27259,123,106,0,-12
27260,124,106,0,-12
27261,125,106,0,-12
27262,126,106,0,-12
27263,127,106,0,-12
27264,128,106,0,-12
27265,129,106,0,-12
27266,130,106,0,-12
27267,131,106,0,-12
27268,132,106,0,-12
27269,133,106,0,-12
27270,134,106,0,-12
27271,135,106,0,-12
27272,136,106,0,-12
27273,137,106,0,-12
27274,138,106,0,-12
27275,139,106,0,-12
27276,140,106,0,-12
27277,141,106,0,-12
27278,142,106,0,-12
27279,143,106,0,-12
27280,144,106,1,-12
27281,145,106,3,-12
27282,146,106,5,-12
27283,147,106,7,-12
27284,148,106,8,-12
27285,149,106,10,-12
27286,150,106,12,-12
27287,151,106,14,-12
27288,152,106,16,-12
27289,153,106,17,-12
27290,154,106,19,-12
27291,155,106,21,-12
27292,156,106,23,-12
27293,157,106,24,-12
27294,158,106,26,-12
27295,159,106,28,-12
27296,160,106,30,-12
27297,161,106,32,-12
27298,162,106,33,-12
27299,163,106,35,-12
27300,164,106,37,-12
27301,165,106,39,-12
27302,166,106,41,-12
27303,167,106,42,-12
27304,168,106,44,-12
27305,169,106,46,-12
27306,170,106,48,-12
27307,171,106,49,-12
27308,172,106,51,-12
27309,173,106,53,-12
27310,174,106,55,-12
27311,175,106,57,-12
27312,176,106,58,-12
27313,177,106,60,-12
27314,178,106,62,-12
27315,179,106,64,-12
27316,180,106,66,-12
27317,181,106,67,-12
27318,182,106,69,-12
27319,183,106,71,-12
27320,184,106,73,-12
27321,185,106,74,-12
27322,186,106,76,-12
27323,187,106,78,-12
27324,188,106,80,-12
27325,189,106,82,-12
27326,190,106,83,-12
27327,191,106,85,-12
27328,192,106,87,-12
27329,193,106,89,-12
27330,194,106,91,-12
27331,195,106,92,-12
27332,196,106,94,-12
27333,197,106,95,-11
27334,198,106,95,-11
27335,199,106,95,-11
27336,200,106,95,-11
27337,201,106,95,-10
27338,202,106,95,-10
27339,203,106,95,-10
27340,204,106,95,-10
27341,205,106,95,-10
27342,206,106,95,-10
27343,207,106,96,-9
27344,208,106,96,-9
27345,209,106,96,-9
27346,210,106,96,-9
27347,211,106,96,-9
27348,212,106,96,-9
27349,213,106,96,-8
27350,214,106,96,-8
27351,215,106,96,-8
27352,216,106,96,-8
27353,217,106,96,-8
27354,218,106,96,-8
27355,219,106,96,-8
27356,220,106,96,-8
27357,221,106,96,-7
27358,222,106,96,-7
27359,223,106,96,-7
27360,224,106,96,-7
27361,225,106,96,-7
27362,226,106,96,-7
27363,227,106,96,-7
27364,228,106,96,-7
27365,229,106,96,-7
27366,230,106,96,-7
27367,231,106,97,-6
27368,232,106,97,-6
27369,233,106,97,-6
27370,234,106,97,-6
27371,235,106,97,-6
27372,236,106,97,-6
27373,237,106,97,-6
27374,238,106,97,-6
27375,239,106,97,-6
27376,240,106,97,-6
27377,241,106,97,-6
27378,242,106,97,-6
27379,243,106,97,-5
27380,244,106,97,-5
27381,245,106,97,-5
27382,246,106,97,-5
27383,247,106,97,-5
27384,248,106,97,-5
27385,249,106,97,-5
27386,250,106,97,-5
27387,251,106,97,-5
27388,252,106,97,-5
27389,253,106,97,-5
27390,254,106,97,-5
27391,255,106,97,-5
27392,0,107,-97,-4
27393,1,107,-97,-4
27394,2,107,-97,-4
27395,3,107,-97,-4
27396,4,107,-97,-4
27397,5,107,-97,-4
27398,6,107,-97,-4
27399,7,107,-97,-4
27400,8,107,-97,-4
27401,9,107,-97,-4
27402,10,107,-97,-4
27403,11,107,-97,-4
27404,12,107,-97,-4
27405,13,107,-97,-4
27406,14,107,-97,-5
27407,15,107,-97,-5
27408,16,107,-97,-5
27409,17,107,-97,-5
27410,18,107,-97,-5
27411,19,107,-97,-5
27412,20,107,-97,-5
27413,21,107,-97,-5
27414,22,107,-97,-5
27415,23,107,-97,-5
27416,24,107,-97,-5
27417,25,107,-97,-5
27418,26,107,-97,-5
27419,27,107,-97,-5
27420,28,107,-97,-6
27421,29,107,-97,-6
27422,30,107,-97,-6
27423,31,107,-97,-6
27424,32,107,-97,-6
27425,33,107,-97,-6
27426,34,107,-97,-6
27427,35,107,-97,-6
27428,36,107,-97,-6
27429,37,107,-97,-6
27430,38,107,-97,-6
27431,39,107,-96,-7
27432,40,107,-96,-7
27433,41,107,-96,-7
27434,42,107,-96,-7
27435,43,107,-96,-7
27436,44,107,-96,-7
27437,45,107,-96,-7
27438,46,107,-96,-7
27439,47,107,-96,-8
27440,48,107,-96,-8
27441,49,107,-96,-8
27442,50,107,-96,-8
27443,51,107,-96,-8
27444,52,107,-96,-8
27445,53,107,-96,-8
27446,54,107,-96,-9
27447,55,107,-96,-9
27448,56,107,-96,-9
27449,57,107,-96,-9
27450,58,107,-95,-9
27451,59,107,-95,-9
27452,60,107,-94,-10
27453,61,107,-92,-10
27454,62,107,-91,-10
27455,63,107,-89,-10
27456,64,107,-87,-10
27457,65,107,-85,-10
27458,66,107,-83,-10
27459,67,107,-82,-10
27460,68,107,-80,-10
27461,69,107,-78,-10
27462,70,107,-76,-10
27463,71,107,-74,-10
27464,72,107,-73,-10
27465,73,107,-71,-10
27466,74,107,-69,-10
27467,75,107,-67,-10
27468,76,107,-66,-10
27469,77,107,-64,-10
27470,78,107,-62,-10
27471,79,107,-60,-10
27472,80,107,-58,-10
27473,81,107,-57,-10
27474,82,107,-55,-10
27475,83,107,-53,-10
27476,84,107,-51,-10
27477,85,107,-49,-10
27478,86,107,-48,-10
27479,87,107,-46,-10
27480,88,107,-44,-10
27481,89,107,-42,-10
27482,90,107,-41,-10
27483,91,107,-39,-10
27484,92,107,-37,-10
27485,93,107,-35,-10
27486,94,107,-33,-10
27487,95,107,-32,-10
27488,96,107,-30,-10
27489,97,107,-28,-10
27490,98,107,-26,-10
27491,99,107,-24,-10
27492,100,107,-23,-10
27493,101,107,-21,-10
27494,102,107,-19,-10
27495,103,107,-17,-10
27496,104,107,-16,-10
27497,105,107,-14,-10
27498,106,107,-12,-10
27499,107,107,-10,-10
27500,108,107,-8,-10
27501,109,107,-7,-10
27502,110,107,-5,-10
27503,111,107,-3,-10
27504,112,107,-1,-10
27505,113,107,0,-10
27506,114,107,0,-10
27507,115,107,0,-10
27508,116,107,0,-10
27509,117,107,0,-10
27510,118,107,0,-10
27511,119,107,0,-10
27512,120,107,0,-10
27513,121,107,0,-10
27514,122,107,0,-10
27515,123,107,0,-10
27516,124,107,0,-10
27517,125,107,0,-10
27518,126,107,0,-10
27519,127,107,0,-10
27520,128,107,0,-10
27521,129,107,0,-10
27522,130,107,0,-10
27523,131,107,0,-10
27524,132,107,0,-10
27525,133,107,0,-10
27526,134,107,0,-10
27527,135,107,0,-10
27528,136,107,0,-10
27529,137,107,0,-10
27530,138,107,0,-10
27531,139,107,0,-10
27532,140,107,0,-10
27533,141,107,0,-10
27534,142,107,0,-10
27535,143,107,0,-10
27536,144,107,1,-10
27537,145,107,3,-10
27538,146,107,5,-10
27539,147,107,7,-10
27540,148,107,8,-10
27541,149,107,10,-10
27542,150,107,12,-10
27543,151,107,14,-10
27544,152,107,16,-10
27545,153,107,17,-10
27546,154,107,19,-10
27547,155,107,21,-10
27548,156,107,23,-10
27549,157,107,24,-10
27550,158,107,26,-10
27551,159,107,28,-10
27552,160,107,30,-10
27553,161,107,32,-10
27554,162,107,33,-10
27555,163,107,35,-10
27556,164,107,37,-10
27557,165,107,39,-10
27558,166,107,41,-10
27559,167,107,42,-10
27560,168,107,44,-10
27561,169,107,46,-10
27562,170,107,48,-10
27563,171,107,49,-10
27564,172,107,51,-10
27565,173,107,53,-10
27566,174,107,55,-10
27567,175,107,57,-10
27568,176,107,58,-10
27569,177,107,60,-10
27570,178,107,62,-10
27571,179,107,64,-10
27572,180,107,66,-10
27573,181,107,67,-10
27574,182,107,69,-10
27575,183,107,71,-10
27576,184,107,73,-10
27577,185,107,74,-10
27578,186,107,76,-10
27579,187,107,78,-10
27580,188,107,80,-10
27581,189,107,82,-10
27582,190,107,83,-10
27583,191,107,85,-10
27584,192,107,87,-10
27585,193,107,89,-10
27586,194,107,91,-10
27587,195,107,92,-10
27588,196,107,94,-10
27589,197,107,95,-9
27590,198,107,95,-9
27591,199,107,96,-9
27592,200,107,96,-9
27593,201,107,96,-9
27594,202,107,96,-9
27595,203,107,96,-8
27596,204,107,96,-8
27597,205,107,96,-8
27598,206,107,96,-8
27599,207,107,96,-8
27600,208,107,96,-8
27601,209,107,96,-8
27602,210,107,96,-7
27603,211,107,96,-7
27604,212,107,96,-7
27605,213,107,96,-7
27606,214,107,96,-7
27607,215,107,96,-7
27608,216,107,96,-7
27609,217,107,96,-7
27610,218,107,97,-6
27611,219,107,97,-6
27612,220,107,97,-6
27613,221,107,97,-6
27614,222,107,97,-6
27615,223,107,97,-6
27616,224,107,97,-6
27617,225,107,97,-6
27618,226,107,97,-6
27619,227,107,97,-6
27620,228,107,97,-6
27621,229,107,97,-5
27622,230,107,97,-5
27623,231,107,97,-5
27624,232,107,97,-5
27625,233,107,97,-5
27626,234,107,97,-5
27627,235,107,97,-5
27628,236,107,97,-5
27629,237,107,97,-5
27630,238,107,97,-5
27631,239,107,97,-5
27632,240,107,97,-5
27633,241,107,97,-5
27634,242,107,97,-5
27635,243,107,97,-4
27636,244,107,97,-4
27637,245,107,97,-4
27638,246,107,97,-4
27639,247,107,97,-4
27640,248,107,97,-4
27641,249,107,97,-4
27642,250,107,97,-4
27643,251,107,97,-4
27644,252,107,97,-4
27645,253,107,97,-4
27646,254,107,97,-4
27647,255,107,97,-4
27648,0,108,-98,-3
27649,1,108,-98,-3
27650,2,108,-98,-3
27651,3,108,-98,-3
27652,4,108,-98,-3
27653,5,108,-98,-3
27654,6,108,-98,-3
27655,7,108,-98,-3
27656,8,108,-98,-3
27657,9,108,-98,-3
27658,10,108,-98,-3
27659,11,108,-98,-3
27660,12,108,-98,-3
27661,13,108,-98,-3
27662,14,108,-97,-4
27663,15,108,-97,-4
27664,16,108,-97,-4
27665,17,108,-97,-4
27666,18,108,-97,-4
27667,19,108,-97,-4
27668,20,108,-97,-4
27669,21,108,-97,-4
27670,22,108,-97,-4
27671,23,108,-97,-4
27672,24,108,-97,-4
27673,25,108,-97,-4
27674,26,108,-97,-4
27675,27,108,-97,-4
27676,28,108,-97,-4
27677,29,108,-97,-4
27678,30,108,-97,-5
27679,31,108,-97,-5
27680,32,108,-97,-5
27681,33,108,-97,-5
27682,34,108,-97,-5
27683,35,108,-97,-5
27684,36,108,-97,-5
27685,37,108,-97,-5
27686,38,108,-97,-5
27687,39,108,-97,-5
27688,40,108,-97,-5
27689,41,108,-97,-5
27690,42,108,-97,-6
27691,43,108,-97,-6
27692,44,108,-97,-6
27693,45,108,-97,-6
27694,46,108,-97,-6
27695,47,108,-97,-6
27696,48,108,-97,-6
27697,49,108,-97,-6
27698,50,108,-97,-6
27699,51,108,-96,-7
27700,52,108,-96,-7
27701,53,108,-96,-7
27702,54,108,-96,-7
27703,55,108,-96,-7
27704,56,108,-96,-7
27705,57,108,-96,-7
27706,58,108,-96,-7
27707,59,108,-96,-8
27708,60,108,-94,-8
27709,61,108,-92,-8
27710,62,108,-91,-8
27711,63,108,-89,-8
27712,64,108,-87,-8
27713,65,108,-85,-8
27714,66,108,-83,-8
27715,67,108,-82,-8
27716,68,108,-80,-8
27717,69,108,-78,-8
27718,70,108,-76,-8
27719,71,108,-74,-8
27720,72,108,-73,-8
27721,73,108,-71,-8
27722,74,108,-69,-8
27723,75,108,-67,-8
27724,76,108,-66,-8
27725,77,108,-64,-8
27726,78,108,-62,-8
27727,79,108,-60,-8
27728,80,108,-58,-8
27729,81,108,-57,-8
27730,82,108,-55,-8
27731,83,108,-53,-8
27732,84,108,-51,-8
27733,85,108,-49,-8
27734,86,108,-48,-8
27735,87,108,-46,-8
27736,88,108,-44,-8
27737,89,108,-42,-8
27738,90,108,-41,-8
27739,91,108,-39,-8
27740,92,108,-37,-8
27741,93,108,-35,-8
27742,94,108,-33,-8
27743,95,108,-32,-8
27744,96,108,-30,-8
27745,97,108,-28,-8
27746,98,108,-26,-8
27747,99,108,-24,-8
27748,100,108,-23,-8
27749,101,108,-21,-8
27750,102,108,-19,-8
27751,103,108,-17,-8
27752,104,108,-16,-8
27753,105,108,-14,-8
27754,106,108,-12,-8
27755,107,108,-10,-8
27756,108,108,-8,-8
27757,109,108,-7,-8
27758,110,108,-5,-8
27759,111,108,-3,-8
27760,112,108,-1,-8
27761,113,108,0,-8
27762,114,108,0,-8
27763,115,108,0,-8
27764,116,108,0,-8
27765,117,108,0,-8
27766,118,108,0,-8
27767,119,108,0,-8
27768,120,108,0,-8
27769,121,108,0,-8
27770,122,108,0,-8
27771,123,108,0,-8
27772,124,108,0,-8
27773,125,108,0,-8
27774,126,108,0,-8
27775,127,108,0,-8
27776,128,108,0,-8
27777,129,108,0,-8
27778,130,108,0,-8
27779,131,108,0,-8
27780,132,108,0,-8
27781,133,108,0,-8
27782,134,108,0,-8
27783,135,108,0,-8
27784,136,108,0,-8
27785,137,108,0,-8
27786,138,108,0,-8
27787,139,108,0,-8
27788,140,108,0,-8
27789,141,108,0,-8
27790,142,108,0,-8
27791,143,108,0,-8
27792,144,108,1,-8
27793,145,108,3,-8
27794,146,108,5,-8
27795,147,108,7,-8
27796,148,108,8,-8
27797,149,108,10,-8
27798,150,108,12,-8
27799,151,108,14,-8
27800,152,108,16,-8
27801,153,108,17,-8
27802,154,108,19,-8
27803,155,108,21,-8
27804,156,108,23,-8
27805,157,108,24,-8
27806,158,108,26,-8
27807,159,108,28,-8
27808,160,108,30,-8
27809,161,108,32,-8
27810,162,108,33,-8
27811,163,108,35,-8
27812,164,108,37,-8
27813,165,108,39,-8
27814,166,108,41,-8
27815,167,108,42,-8
27816,168,108,44,-8
27817,169,108,46,-8
27818,170,108,48,-8
27819,171,108,49,-8
27820,172,108,51,-8
27821,173,108,53,-8
27822,174,108,55,-8
27823,175,108,57,-8
27824,176,108,58,-8
27825,177,108,60,-8
27826,178,108,62,-8
27827,179,108,64,-8
27828,180,108,66,-8
27829,181,108,67,-8
27830,182,108,69,-8
27831,183,108,71,-8
27832,184,108,73,-8
27833,185,108,74,-8
27834,186,108,76,-8
27835,187,108,78,-8
27836,188,108,80,-8
27837,189,108,82,-8
27838,190,108,83,-8
27839,191,108,85,-8
27840,192,108,87,-8
27841,193,108,89,-8
27842,194,108,91,-8
27843,195,108,92,-8
27844,196,108,94,-8
27845,197,108,96,-8
27846,198,108,96,-7
27847,199,108,96,-7
27848,200,108,96,-7
27849,201,108,96,-7
27850,202,108,96,-7
27851,203,108,96,-7
27852,204,108,96,-7
27853,205,108,96,-7
27854,206,108,97,-6
27855,207,108,97,-6
27856,208,108,97,-6
27857,209,108,97,-6
27858,210,108,97,-6
27859,211,108,97,-6
27860,212,108,97,-6
27861,213,108,97,-6
27862,214,108,97,-6
27863,215,108,97,-5
27864,216,108,97,-5
27865,217,108,97,-5
27866,218,108,97,-5
27867,219,108,97,-5
27868,220,108,97,-5
27869,221,108,97,-5
27870,222,108,97,-5
27871,223,108,97,-5
27872,224,108,97,-5
27873,225,108,97,-5
27874,226,108,97,-5
27875,227,108,97,-4
27876,228,108,97,-4
27877,229,108,97,-4
27878,230,108,97,-4
27879,231,108,97,-4
27880,232,108,97,-4
27881,233,108,97,-4
27882,234,108,97,-4
27883,235,108,97,-4
27884,236,108,97,-4
27885,237,108,97,-4
27886,238,108,97,-4
27887,239,108,97,-4
27888,240,108,97,-4
27889,241,108,97,-4
27890,242,108,97,-4
27891,243,108,98,-3
27892,244,108,98,-3
27893,245,108,98,-3
27894,246,108,98,-3
27895,247,108,98,-3
27896,248,108,98,-3
27897,249,108,98,-3
27898,250,108,98,-3
27899,251,108,98,-3
27900,252,108,98,-3
27901,253,108,98,-3
27902,254,108,98,-3
27903,255,108,98,-3
27904,0,109,-98,-2
27905,1,109,-98,-2
27906,2,109,-98,-2
27907,3,109,-98,-2
27908,4,109,-98,-2
27909,5,109,-98,-2
27910,6,109,-98,-2
27911,7,109,-98,-2
27912,8,109,-98,-2
27913,9,109,-98,-2
27914,10,109,-98,-2
27915,11,109,-98,-2
27916,12,109,-98,-2
27917,13,109,-98,-2
27918,14,109,-98,-3
27919,15,109,-98,-3
27920,16,109,-98,-3
27921,17,109,-98,-3
27922,18,109,-98,-3
27923,19,109,-98,-3
27924,20,109,-98,-3
27925,21,109,-98,-3
27926,22,109,-98,-3
27927,23,109,-98,-3
27928,24,109,-98,-3
27929,25,109,-98,-3
27930,26,109,-98,-3
27931,27,109,-98,-3
27932,28,109,-98,-3
27933,29,109,-98,-3
27934,30,109,-98,-3
27935,31,109,-98,-3
27936,32,109,-98,-3
27937,33,109,-98,-3
27938,34,109,-97,-4
27939,35,109,-97,-4
27940,36,109,-97,-4
27941,37,109,-97,-4
27942,38,109,-97,-4
27943,39,109,-97,-4
27944,40,109,-97,-4
27945,41,109,-97,-4
27946,42,109,-97,-4
27947,43,109,-97,-4
27948,44,109,-97,-4
27949,45,109,-97,-4
27950,46,109,-97,-4
27951,47,109,-97,-5
27952,48,109,-97,-5
27953,49,109,-97,-5
27954,50,109,-97,-5
27955,51,109,-97,-5
27956,52,109,-97,-5
27957,53,109,-97,-5
27958,54,109,-97,-5
27959,55,109,-97,-5
27960,56,109,-97,-5
27961,57,109,-97,-6
27962,58,109,-97,-6
27963,59,109,-96,-7
27964,60,109,-94,-7
27965,61,109,-92,-7
27966,62,109,-91,-7
27967,63,109,-89,-7
27968,64,109,-87,-7
27969,65,109,-85,-7
27970,66,109,-83,-7
27971,67,109,-82,-7
27972,68,109,-80,-7
27973,69,109,-78,-7
27974,70,109,-76,-7
27975,71,109,-74,-7
27976,72,109,-73,-7
27977,73,109,-71,-7
27978,74,109,-69,-7
27979,75,109,-67,-7
27980,76,109,-66,-7
27981,77,109,-64,-7
27982,78,109,-62,-7
27983,79,109,-60,-7
27984,80,109,-58,-7
27985,81,109,-57,-7
27986,82,109,-55,-7
27987,83,109,-53,-7
27988,84,109,-51,-7
27989,85,109,-49,-7
27990,86,109,-48,-7
27991,87,109,-46,-7
27992,88,109,-44,-7
27993,89,109,-42,-7
27994,90,109,-41,-7
27995,91,109,-39,-7
27996,92,109,-37,-7
27997,93,109,-35,-7
27998,94,109,-33,-7
27999,95,109,-32,-7
28000,96,109,-30,-7
28001,97,109,-28,-7
28002,98,109,-26,-7
28003,99,109,-24,-7
28004,100,109,-23,-7
28005,101,109,-21,-7
28006,102,109,-19,-7
28007,103,109,-17,-7
28008,104,109,-16,-7
28009,105,109,-14,-7
28010,106,109,-12,-7
28011,107,109,-10,-7
28012,108,109,-8,-7
28013,109,109,-7,-7
28014,110,109,-5,-7
28015,111,109,-3,-7
28016,112,109,-1,-7
28017,113,109,0,-7
28018,114,109,0,-7
28019,115,109,0,-7
28020,116,109,0,-7
28021,117,109,0,-7
28022,118,109,0,-7
28023,119,109,0,-7
28024,120,109,0,-7
28025,121,109,0,-7
28026,122,109,0,-7
28027,123,109,0,-7
28028,124,109,0,-7
28029,125,109,0,-7
28030,126,109,0,-7
28031,127,109,0,-7
28032,128,109,0,-7
28033,129,109,0,-7
28034,130,109,0,-7
28035,131,109,0,-7
28036,132,109,0,-7
28037,133,109,0,-7
28038,134,109,0,-7
28039,135,109,0,-7
28040,136,109,0,-7
28041,137,109,0,-7
28042,138,109,0,-7
28043,139,109,0,-7
28044,140,109,0,-7
28045,141,109,0,-7
28046,142,109,0,-7
28047,143,109,0,-7
28048,144,109,1,-7
28049,145,109,3,-7
28050,146,109,5,-7
28051,147,109,7,-7
28052,148,109,8,-7
28053,149,109,10,-7
28054,150,109,12,-7
28055,151,109,14,-7
28056,152,109,16,-7
28057,153,109,17,-7
28058,154,109,19,-7
28059,155,109,21,-7
28060,156,109,23,-7
28061,157,109,24,-7
28062,158,109,26,-7
28063,159,109,28,-7
28064,160,109,30,-7
28065,161,109,32,-7
28066,162,109,33,-7
28067,163,109,35,-7
28068,164,109,37,-7
28069,165,109,39,-7
28070,166,109,41,-7
28071,167,109,42,-7
28072,168,109,44,-7
28073,169,109,46,-7
28074,170,109,48,-7
28075,171,109,49,-7
28076,172,109,51,-7
28077,173,109,53,-7
28078,174,109,55,-7
28079,175,109,57,-7
28080,176,109,58,-7
28081,177,109,60,-7
28082,178,109,62,-7
28083,179,109,64,-7
28084,180,109,66,-7
28085,181,109,67,-7
28086,182,109,69,-7
28087,183,109,71,-7
28088,184,109,73,-7
28089,185,109,74,-7
28090,186,109,76,-7
28091,187,109,78,-7
28092,188,109,80,-7
28093,189,109,82,-7
28094,190,109,83,-7
28095,191,109,85,-7
28096,192,109,87,-7
28097,193,109,89,-7
28098,194,109,91,-7
28099,195,109,92,-7
28100,196,109,94,-7
28101,197,109,96,-7
28102,198,109,97,-6
28103,199,109,97,-6
28104,200,109,97,-5
28105,201,109,97,-5
28106,202,109,97,-5
28107,203,109,97,-5
28108,204,109,97,-5
28109,205,109,97,-5
28110,206,109,97,-5
28111,207,109,97,-5
28112,208,109,97,-5
28113,209,109,97,-5
28114,210,109,97,-4
28115,211,109,97,-4
28116,212,109,97,-4
28117,213,109,97,-4
28118,214,109,97,-4
28119,215,109,97,-4
28120,216,109,97,-4
28121,217,109,97,-4
28122,218,109,97,-4
28123,219,109,97,-4
28124,220,109,97,-4
28125,221,109,97,-4
28126,222,109,97,-4
28127,223,109,98,-3
28128,224,109,98,-3
28129,225,109,98,-3
28130,226,109,98,-3
28131,227,109,98,-3
28132,228,109,98,-3
28133,229,109,98,-3
28134,230,109,98,-3
28135,231,109,98,-3
28136,232,109,98,-3
28137,233,109,98,-3
28138,234,109,98,-3
28139,235,109,98,-3
28140,236,109,98,-3
28141,237,109,98,-3
28142,238,109,98,-3
28143,239,109,98,-3
28144,240,109,98,-3
28145,241,109,98,-3
28146,242,109,98,-3
28147,243,109,98,-2
28148,244,109,98,-2
28149,245,109,98,-2
28150,246,109,98,-2
28151,247,109,98,-2
28152,248,109,98,-2
28153,249,109,98,-2
28154,250,109,98,-2
28155,251,109,98,-2
28156,252,109,98,-2
28157,253,109,98,-2
28158,254,109,98,-2
28159,255,109,98,-2
28160,0,110,-99,-2
28161,1,110,-99,-2
28162,2,110,-99,-2
28163,3,110,-99,-2
28164,4,110,-99,-2
28165,5,110,-99,-2
28166,6,110,-99,-2
28167,7,110,-99,-2
28168,8,110,-99,-2
28169,9,110,-99,-2
28170,10,110,-99,-2
28171,11,110,-99,-2
28172,12,110,-99,-2
28173,13,110,-99,-2
28174,14,110,-98,-2
28175,15,110,-98,-2
28176,16,110,-98,-2
28177,17,110,-98,-2
28178,18,110,-98,-2
28179,19,110,-98,-2
28180,20,110,-98,-2
28181,21,110,-98,-2
28182,22,110,-98,-2
28183,23,110,-98,-2
28184,24,110,-98,-2
28185,25,110,-98,-2
28186,26,110,-98,-2
28187,27,110,-98,-2
28188,28,110,-98,-2
28189,29,110,-98,-2
28190,30,110,-98,-2
28191,31,110,-98,-2
28192,32,110,-98,-2
28193,33,110,-98,-2
28194,34,110,-98,-2
28195,35,110,-98,-2
28196,36,110,-98,-2
28197,37,110,-98,-2
28198,38,110,-98,-2
28199,39,110,-98,-3
28200,40,110,-98,-3
28201,41,110,-98,-3
28202,42,110,-98,-3
28203,43,110,-98,-3
28204,44,110,-98,-3
28205,45,110,-98,-3
28206,46,110,-98,-3
28207,47,110,-98,-3
28208,48,110,-98,-3
28209,49,110,-98,-3
28210,50,110,-98,-3
28211,51,110,-98,-3
28212,52,110,-98,-3
28213,53,110,-98,-3
28214,54,110,-97,-4
28215,55,110,-97,-4
28216,56,110,-97,-4
28217,57,110,-97,-4
28218,58,110,-97,-4
28219,59,110,-96,-5
28220,60,110,-94,-5
28221,61,110,-92,-5
28222,62,110,-91,-5
28223,63,110,-89,-5
28224,64,110,-87,-5
28225,65,110,-85,-5
28226,66,110,-83,-5
28227,67,110,-82,-5
28228,68,110,-80,-5
28229,69,110,-78,-5
28230,70,110,-76,-5
28231,71,110,-74,-5
28232,72,110,-73,-5
28233,73,110,-71,-5
28234,74,110,-69,-5
28235,75,110,-67,-5
28236,76,110,-66,-5
28237,77,110,-64,-5
28238,78,110,-62,-5
28239,79,110,-60,-5
28240,80,110,-58,-5
28241,81,110,-57,-5
28242,82,110,-55,-5
28243,83,110,-53,-5
28244,84,110,-51,-5
28245,85,110,-49,-5
28246,86,110,-48,-5
28247,87,110,-46,-5
28248,88,110,-44,-5
28249,89,110,-42,-5
28250,90,110,-41,-5
28251,91,110,-39,-5
28252,92,110,-37,-5
28253,93,110,-35,-5
28254,94,110,-33,-5
28255,95,110,-32,-5
28256,96,110,-30,-5
28257,97,110,-28,-5
28258,98,110,-26,-5
28259,99,110,-24,-5
28260,100,110,-23,-5
28261,101,110,-21,-5
28262,102,110,-19,-5
28263,103,110,-17,-5
28264,104,110,-16,-5
28265,105,110,-14,-5
28266,106,110,-12,-5
28267,107,110,-10,-5
28268,108,110,-8,-5
28269,109,110,-7,-5
28270,110,110,-5,-5
28271,111,110,-3,-5
28272,112,110,-1,-5
28273,113,110,0,-5
28274,114,110,0,-5
28275,115,110,0,-5
28276,116,110,0,-5
28277,117,110,0,-5
28278,118,110,0,-5
28279,119,110,0,-5
28280,120,110,0,-5
28281,121,110,0,-5
28282,122,110,0,-5
28283,123,110,0,-5
28284,124,110,0,-5
28285,125,110,0,-5
28286,126,110,0,-5
28287,127,110,0,-5
28288,128,110,0,-5
28289,129,110,0,-5
28290,130,110,0,-5
28291,131,110,0,-5
28292,132,110,0,-5
28293,133,110,0,-5
28294,134,110,0,-5
28295,135,110,0,-5
28296,136,110,0,-5
28297,137,110,0,-5
28298,138,110,0,-5
28299,139,110,0,-5
28300,140,110,0,-5
28301,141,110,0,-5
28302,142,110,0,-5
28303,143,110,0,-5
28304,144,110,1,-5
28305,145,110,3,-5
28306,146,110,5,-5
28307,147,110,7,-5
28308,148,110,8,-5
28309,149,110,10,-5
28310,150,110,12,-5
28311,151,110,14,-5
28312,152,110,16,-5
28313,153,110,17,-5
28314,154,110,19,-5
28315,155,110,21,-5
28316,156,110,23,-5
28317,157,110,24,-5
28318,158,110,26,-5
28319,159,110,28,-5
28320,160,110,30,-5
28321,161,110,32,-5
28322,162,110,33,-5
28323,163,110,35,-5
28324,164,110,37,-5
28325,165,110,39,-5
28326,166,110,41,-5
28327,167,110,42,-5
28328,168,110,44,-5
28329,169,110,46,-5
28330,170,110,48,-5
28331,171,110,49,-5
28332,172,110,51,-5
28333,173,110,53,-5
28334,174,110,55,-5
28335,175,110,57,-5
28336,176,110,58,-5
28337,177,110,60,-5
28338,178,110,62,-5
28339,179,110,64,-5
28340,180,110,66,-5
28341,181,110,67,-5
28342,182,110,69,-5
28343,183,110,71,-5
28344,184,110,73,-5
28345,185,110,74,-5
28346,186,110,76,-5
28347,187,110,78,-5
28348,188,110,80,-5
28349,189,110,82,-5
28350,190,110,83,-5
28351,191,110,85,-5
28352,192,110,87,-5
28353,193,110,89,-5
28354,194,110,91,-5
28355,195,110,92,-5
28356,196,110,94,-5
28357,197,110,96,-5
28358,198,110,97,-4
28359,199,110,97,-4
28360,200,110,97,-4
28361,201,110,97,-4
28362,202,110,97,-4
28363,203,110,98,-3
28364,204,110,98,-3
28365,205,110,98,-3
28366,206,110,98,-3
28367,207,110,98,-3
28368,208,110,98,-3
28369,209,110,98,-3
28370,210,110,98,-3
28371,211,110,98,-3
28372,212,110,98,-3
28373,213,110,98,-3
28374,214,110,98,-3
28375,215,110,98,-3
28376,216,110,98,-3
28377,217,110,98,-3
28378,218,110,98,-2
28379,219,110,98,-2
28380,220,110,98,-2
28381,221,110,98,-2
28382,222,110,98,-2
28383,223,110,98,-2
28384,224,110,98,-2
28385,225,110,98,-2
28386,226,110,98,-2
28387,227,110,98,-2
28388,228,110,98,-2
28389,229,110,98,-2
28390,230,110,98,-2
28391,231,110,98,-2
28392,232,110,98,-2
28393,233,110,98,-2
28394,234,110,98,-2
28395,235,110,98,-2
28396,236,110,98,-2
28397,237,110,98,-2
28398,238,110,98,-2
28399,239,110,98,-2
28400,240,110,98,-2
28401,241,110,98,-2
28402,242,110,98,-2
28403,243,110,99,-2
28404,244,110,99,-2
28405,245,110,99,-2
28406,246,110,99,-2
28407,247,110,99,-2
28408,248,110,99,-2
28409,249,110,99,-2
28410,250,110,99,-2
28411,251,110,99,-2
28412,252,110,99,-2
28413,253,110,99,-2
28414,254,110,99,-2
28415,255,110,99,-2
28416,0,111,-99,-1
28417,1,111,-99,-1
28418,2,111,-99,-1
28419,3,111,-99,-1
28420,4,111,-99,-1
28421,5,111,-99,-1
28422,6,111,-99,-1
28423,7,111,-99,-1
28424,8,111,-99,-1
28425,9,111,-99,-1
28426,10,111,-99,-1
28427,11,111,-99,-1
28428,12,111,-99,-1
28429,13,111,-99,-1
28430,14,111,-99,-2
28431,15,111,-99,-2
28432,16,111,-99,-2
28433,17,111,-99,-2
28434,18,111,-99,-2
28435,19,111,-99,-2
28436,20,111,-99,-2
28437,21,111,-99,-2
28438,22,111,-99,-2
28439,23,111,-99,-2
28440,24,111,-99,-2
28441,25,111,-99,-2
28442,26,111,-99,-2
28443,27,111,-99,-2
28444,28,111,-99,-2
28445,29,111,-99,-2
28446,30,111,-99,-2
28447,31,111,-99,-2
28448,32,111,-99,-2
28449,33,111,-99,-2
28450,34,111,-99,-2
28451,35,111,-99,-2
28452,36,111,-99,-2
28453,37,111,-99,-2
28454,38,111,-99,-2
28455,39,111,-99,-2
28456,40,111,-99,-2
28457,41,111,-99,-2
28458,42,111,-99,-2
28459,43,111,-99,-2
28460,44,111,-99,-2
28461,45,111,-99,-2
28462,46,111,-99,-2
28463,47,111,-98,-2
28464,48,111,-98,-2
28465,49,111,-98,-2
28466,50,111,-98,-2
28467,51,111,-98,-2
28468,52,111,-98,-2
28469,53,111,-98,-2
28470,54,111,-98,-2
28471,55,111,-98,-2
28472,56,111,-98,-2
28473,57,111,-98,-2
28474,58,111,-98,-3
28475,59,111,-96,-3
28476,60,111,-94,-3
28477,61,111,-92,-3
28478,62,111,-91,-3
28479,63,111,-89,-3
28480,64,111,-87,-3
28481,65,111,-85,-3
28482,66,111,-83,-3
28483,67,111,-82,-3
28484,68,111,-80,-3
28485,69,111,-78,-3
28486,70,111,-76,-3
28487,71,111,-74,-3
28488,72,111,-73,-3
28489,73,111,-71,-3
28490,74,111,-69,-3
28491,75,111,-67,-3
28492,76,111,-66,-3
28493,77,111,-64,-3
28494,78,111,-62,-3
28495,79,111,-60,-3
28496,80,111,-58,-3
28497,81,111,-57,-3
28498,82,111,-55,-3
28499,83,111,-53,-3
28500,84,111,-51,-3
28501,85,111,-49,-3
28502,86,111,-48,-3
28503,87,111,-46,-3
28504,88,111,-44,-3
28505,89,111,-42,-3
28506,90,111,-41,-3
28507,91,111,-39,-3
28508,92,111,-37,-3
28509,93,111,-35,-3
28510,94,111,-33,-3
28511,95,111,-32,-3
28512,96,111,-30,-3
28513,97,111,-28,-3
28514,98,111,-26,-3
28515,99,111,-24,-3
28516,100,111,-23,-3
28517,101,111,-21,-3
28518,102,111,-19,-3
28519,103,111,-17,-3
28520,104,111,-16,-3
28521,105,111,-14,-3
28522,106,111,-12,-3
28523,107,111,-10,-3
28524,108,111,-8,-3
28525,109,111,-7,-3
28526,110,111,-5,-3
28527,111,111,-3,-3
28528,112,111,-1,-3
28529,113,111,0,-3
28530,114,111,0,-3
28531,115,111,0,-3
28532,116,111,0,-3
28533,117,111,0,-3
28534,118,111,0,-3
28535,119,111,0,-3
28536,120,111,0,-3
28537,121,111,0,-3
28538,122,111,0,-3
28539,123,111,0,-3
28540,124,111,0,-3
28541,125,111,0,-3
28542,126,111,0,-3
28543,127,111,0,-3
28544,128,111,0,-3
28545,129,111,0,-3
28546,130,111,0,-3
28547,131,111,0,-3
28548,132,111,0,-3
28549,133,111,0,-3
28550,134,111,0,-3
28551,135,111,0,-3
28552,136,111,0,-3
28553,137,111,0,-3
28554,138,111,0,-3
28555,139,111,0,-3
28556,140,111,0,-3
28557,141,111,0,-3
28558,142,111,0,-3
28559,143,111,0,-3
28560,144,111,1,-3
28561,145,111,3,-3
28562,146,111,5,-3
28563,147,111,7,-3
28564,148,111,8,-3
28565,149,111,10,-3
28566,150,111,12,-3
28567,151,111,14,-3
28568,152,111,16,-3
28569,153,111,17,-3
28570,154,111,19,-3
28571,155,111,21,-3
28572,156,111,23,-3
28573,157,111,24,-3
28574,158,111,26,-3
28575,159,111,28,-3
28576,160,111,30,-3
28577,161,111,32,-3
28578,162,111,33,-3
28579,163,111,35,-3
28580,164,111,37,-3
28581,165,111,39,-3
28582,166,111,41,-3
28583,167,111,42,-3
28584,168,111,44,-3
28585,169,111,46,-3
28586,170,111,48,-3
28587,171,111,49,-3
28588,172,111,51,-3
28589,173,111,53,-3
28590,174,111,55,-3
28591,175,111,57,-3
28592,176,111,58,-3
28593,177,111,60,-3
28594,178,111,62,-3
28595,179,111,64,-3
28596,180,111,66,-3
28597,181,111,67,-3
28598,182,111,69,-3
28599,183,111,71,-3
28600,184,111,73,-3
28601,185,111,74,-3
28602,186,111,76,-3
28603,187,111,78,-3
28604,188,111,80,-3
28605,189,111,82,-3
28606,190,111,83,-3
28607,191,111,85,-3
28608,192,111,87,-3
28609,193,111,89,-3
28610,194,111,91,-3
28611,195,111,92,-3
28612,196,111,94,-3
28613,197,111,96,-3
28614,198,111,98,-3
28615,199,111,98,-2
28616,200,111,98,-2
28617,201,111,98,-2
28618,202,111,98,-2
28619,203,111,98,-2
28620,204,111,98,-2
28621,205,111,98,-2
28622,206,111,98,-2
28623,207,111,98,-2
28624,208,111,98,-2
28625,209,111,98,-2
28626,210,111,99,-2
28627,211,111,99,-2
28628,212,111,99,-2
28629,213,111,99,-2
28630,214,111,99,-2
28631,215,111,99,-2
28632,216,111,99,-2
28633,217,111,99,-2
28634,218,111,99,-2
28635,219,111,99,-2
28636,220,111,99,-2
28637,221,111,99,-2
28638,222,111,99,-2
28639,223,111,99,-2
28640,224,111,99,-2
28641,225,111,99,-2
28642,226,111,99,-2
28643,227,111,99,-2
28644,228,111,99,-2
28645,229,111,99,-2
28646,230,111,99,-2
28647,231,111,99,-2
28648,232,111,99,-2
28649,233,111,99,-2
28650,234,111,99,-2
28651,235,111,99,-2
28652,236,111,99,-2
28653,237,111,99,-2
28654,238,111,99,-2
28655,239,111,99,-2
28656,240,111,99,-2
28657,241,111,99,-2
28658,242,111,99,-2
28659,243,111,99,-1
28660,244,111,99,-1
28661,245,111,99,-1
28662,246,111,99,-1
28663,247,111,99,-1
28664,248,111,99,-1
28665,249,111,99,-1
28666,250,111,99,-1
28667,251,111,99,-1
28668,252,111,99,-1
28669,253,111,99,-1
28670,254,111,99,-1
28671,255,111,99,-1
28672,0,112,-99,0
28673,1,112,-99,0
28674,2,112,-99,0
28675,3,112,-99,0
28676,4,112,-99,0
28677,5,112,-99,0
28678,6,112,-99,0
28679,7,112,-99,0
28680,8,112,-99,0
28681,9,112,-99,0
28682,10,112,-99,0
28683,11,112,-99,0
28684,12,112,-99,0
28685,13,112,-99,0
28686,14,112,-99,-1
28687,15,112,-99,-1
28688,16,112,-99,-1
28689,17,112,-99,-1
28690,18,112,-99,-1
28691,19,112,-99,-1
28692,20,112,-99,-1
28693,21,112,-99,-1
28694,22,112,-99,-1
28695,23,112,-99,-1
28696,24,112,-99,-1
28697,25,112,-99,-1
28698,26,112,-99,-1
28699,27,112,-99,-1
28700,28,112,-99,-1
28701,29,112,-99,-1
28702,30,112,-99,-1
28703,31,112,-99,-1
28704,32,112,-99,-1
28705,33,112,-99,-1
28706,34,112,-99,-1
28707,35,112,-99,-1
28708,36,112,-99,-1
28709,37,112,-99,-1
28710,38,112,-99,-1
28711,39,112,-99,-1
28712,40,112,-99,-1
28713,41,112,-99,-1
28714,42,112,-99,-1
28715,43,112,-99,-1
28716,44,112,-99,-1
28717,45,112,-99,-1
28718,46,112,-99,-1
28719,47,112,-99,-1
28720,48,112,-99,-1
28721,49,112,-99,-1
28722,50,112,-99,-1
28723,51,112,-99,-1
28724,52,112,-99,-1
28725,53,112,-99,-1
28726,54,112,-99,-1
28727,55,112,-99,-1
28728,56,112,-99,-1
28729,57,112,-99,-1
28730,58,112,-98,-1
28731,59,112,-96,-1
28732,60,112,-94,-1
28733,61,112,-92,-1
28734,62,112,-91,-1
28735,63,112,-89,-1
28736,64,112,-87,-1
28737,65,112,-85,-1
28738,66,112,-83,-1
28739,67,112,-82,-1
28740,68,112,-80,-1
28741,69,112,-78,-1
28742,70,112,-76,-1
28743,71,112,-74,-1
28744,72,112,-73,-1
28745,73,112,-71,-1
28746,74,112,-69,-1
28747,75,112,-67,-1
28748,76,112,-66,-1
28749,77,112,-64,-1
28750,78,112,-62,-1
28751,79,112,-60,-1
28752,80,112,-58,-1
28753,81,112,-57,-1
28754,82,112,-55,-1
28755,83,112,-53,-1
28756,84,112,-51,-1
28757,85,112,-49,-1
28758,86,112,-48,-1
28759,87,112,-46,-1
28760,88,112,-44,-1
28761,89,112,-42,-1
28762,90,112,-41,-1
28763,91,112,-39,-1
28764,92,112,-37,-1
28765,93,112,-35,-1
28766,94,112,-33,-1
28767,95,112,-32,-1
28768,96,112,-30,-1
28769,97,112,-28,-1
28770,98,112,-26,-1
28771,99,112,-24,-1
28772,100,112,-23,-1
28773,101,112,-21,-1
28774,102,112,-19,-1
28775,103,112,-17,-1
28776,104,112,-16,-1
28777,105,112,-14,-1
28778,106,112,-12,-1
28779,107,112,-10,-1
28780,108,112,-8,-1
28781,109,112,-7,-1
28782,110,112,-5,-1
28783,111,112,-3,-1
28784,112,112,-1,-1
28785,113,112,0,-1
28786,114,112,0,-1
28787,115,112,0,-1
28788,116,112,0,-1
28789,117,112,0,-1
28790,118,112,0,-1
28791,119,112,0,-1
28792,120,112,0,-1
28793,121,112,0,-1
28794,122,112,0,-1
28795,123,112,0,-1
28796,124,112,0,-1
28797,125,112,0,-1
28798,126,112,0,-1
28799,127,112,0,-1
28800,128,112,0,-1
28801,129,112,0,-1
28802,130,112,0,-1
28803,131,112,0,-1
28804,132,112,0,-1
28805,133,112,0,-1
28806,134,112,0,-1
28807,135,112,0,-1
28808,136,112,0,-1
28809,137,112,0,-1
28810,138,112,0,-1
28811,139,112,0,-1
28812,140,112,0,-1
28813,141,112,0,-1
28814,142,112,0,-1
28815,143,112,0,-1
28816,144,112,1,-1
28817,145,112,3,-1
28818,146,112,5,-1
28819,147,112,7,-1
28820,148,112,8,-1
28821,149,112,10,-1
28822,150,112,12,-1
28823,151,112,14,-1
28824,152,112,16,-1
28825,153,112,17,-1
28826,154,112,19,-1
28827,155,112,21,-1
28828,156,112,23,-1
28829,157,112,24,-1
28830,158,112,26,-1
28831,159,112,28,-1
28832,160,112,30,-1
28833,161,112,32,-1
28834,162,112,33,-1
28835,163,112,35,-1
28836,164,112,37,-1
28837,165,112,39,-1
28838,166,112,41,-1
28839,167,112,42,-1
28840,168,112,44,-1
28841,169,112,46,-1
28842,170,112,48,-1
28843,171,112,49,-1
28844,172,112,51,-1
28845,173,112,53,-1
28846,174,112,55,-1
28847,175,112,57,-1
28848,176,112,58,-1
28849,177,112,60,-1
28850,178,112,62,-1
28851,179,112,64,-1
28852,180,112,66,-1
28853,181,112,67,-1
28854,182,112,69,-1
28855,183,112,71,-1
28856,184,112,73,-1
28857,185,112,74,-1
28858,186,112,76,-1
28859,187,112,78,-1
28860,188,112,80,-1
28861,189,112,82,-1
28862,190,112,83,-1
28863,191,112,85,-1
28864,192,112,87,-1
28865,193,112,89,-1
28866,194,112,91,-1
28867,195,112,92,-1
28868,196,112,94,-1
28869,197,112,96,-1
28870,198,112,98,-1
28871,199,112,99,-1
28872,200,112,99,-1
28873,201,112,99,-1
28874,202,112,99,-1
28875,203,112,99,-1
28876,204,112,99,-1
28877,205,112,99,-1
28878,206,112,99,-1
28879,207,112,99,-1
28880,208,112,99,-1
28881,209,112,99,-1
28882,210,112,99,-1
28883,211,112,99,-1
28884,212,112,99,-1
28885,213,112,99,-1
28886,214,112,99,-1
28887,215,112,99,-1
28888,216,112,99,-1
28889,217,112,99,-1
28890,218,112,99,-1
28891,219,112,99,-1
28892,220,112,99,-1
28893,221,112,99,-1
28894,222,112,99,-1
28895,223,112,99,-1
28896,224,112,99,-1
28897,225,112,99,-1
28898,226,112,99,-1
28899,227,112,99,-1
28900,228,112,99,-1
28901,229,112,99,-1
28902,230,112,99,-1
28903,231,112,99,-1
28904,232,112,99,-1
28905,233,112,99,-1
28906,234,112,99,-1
28907,235,112,99,-1
28908,236,112,99,-1
28909,237,112,99,-1
28910,238,112,99,-1
28911,239,112,99,-1
28912,240,112,99,-1
28913,241,112,99,-1
28914,242,112,99,-1
28915,243,112,99,0
28916,244,112,99,0
28917,245,112,99,0
28918,246,112,99,0
28919,247,112,99,0
28920,248,112,99,0
28921,249,112,99,0
28922,250,112,99,0
28923,251,112,99,0
28924,252,112,99,0
28925,253,112,99,0
28926,254,112,99,0
28927,255,112,99,0
28928,0,113,-100,0
28929,1,113,-100,0
28930,2,113,-100,0
28931,3,113,-100,0
28932,4,113,-100,0
28933,5,113,-100,0
28934,6,113,-100,0
28935,7,113,-100,0
28936,8,113,-100,0
28937,9,113,-100,0
28938,10,113,-100,0
28939,11,113,-100,0
28940,12,113,-100,0
28941,13,113,-100,0
28942,14,113,-100,0
28943,15,113,-100,0
28944,16,113,-100,0
28945,17,113,-100,0
28946,18,113,-100,0
28947,19,113,-100,0
28948,20,113,-100,0
28949,21,113,-100,0
28950,22,113,-100,0
28951,23,113,-100,0
28952,24,113,-100,0
28953,25,113,-100,0
28954,26,113,-100,0
28955,27,113,-100,0
28956,28,113,-100,0
28957,29,113,-100,0
28958,30,113,-100,0
28959,31,113,-100,0
28960,32,113,-100,0
28961,33,113,-100,0
28962,34,113,-100,0
28963,35,113,-100,0
28964,36,113,-100,0
28965,37,113,-100,0
28966,38,113,-100,0
28967,39,113,-100,0
28968,40,113,-100,0
28969,41,113,-100,0
28970,42,113,-100,0
28971,43,113,-100,0
28972,44,113,-100,0
28973,45,113,-100,0
28974,46,113,-100,0
28975,47,113,-100,0
28976,48,113,-100,0
28977,49,113,-100,0
28978,50,113,-100,0
28979,51,113,-100,0
28980,52,113,-100,0
28981,53,113,-100,0
28982,54,113,-100,0
28983,55,113,-100,0
28984,56,113,-100,0
28985,57,113,-100,0
28986,58,113,-98,0
28987,59,113,-96,0
28988,60,113,-94,0
28989,61,113,-92,0
28990,62,113,-91,0
28991,63,113,-89,0
28992,64,113,-87,0
28993,65,113,-85,0
28994,66,113,-83,0
28995,67,113,-82,0
28996,68,113,-80,0
28997,69,113,-78,0
28998,70,113,-76,0
28999,71,113,-74,0
29000,72,113,-73,0
29001,73,113,-71,0
29002,74,113,-69,0
29003,75,113,-67,0
29004,76,113,-66,0
29005,77,113,-64,0
29006,78,113,-62,0
29007,79,113,-60,0
29008,80,113,-58,0
29009,81,113,-57,0
29010,82,113,-55,0
29011,83,113,-53,0
29012,84,113,-51,0
29013,85,113,-49,0
29014,86,113,-48,0
29015,87,113,-46,0
29016,88,113,-44,0
29017,89,113,-42,0
29018,90,113,-41,0
29019,91,113,-39,0
29020,92,113,-37,0
29021,93,113,-35,0
29022,94,113,-33,0
29023,95,113,-32,0
29024,96,113,-30,0
29025,97,113,-28,0
29026,98,113,-26,0
29027,99,113,-24,0
29028,100,113,-23,0
29029,101,113,-21,0
29030,102,113,-19,0
29031,103,113,-17,0
29032,104,113,-16,0
29033,105,113,-14,0
29034,106,113,-12,0
29035,107,113,-10,0
29036,108,113,-8,0
29037,109,113,-7,0
29038,110,113,-5,0
29039,111,113,-3,0
29040,112,113,-1,0
29041,113,113,0,0
29042,114,113,0,0
29043,115,113,0,0
29044,116,113,0,0
29045,117,113,0,0
29046,118,113,0,0
29047,119,113,0,0
29048,120,113,0,0
29049,121,113,0,0
29050,122,113,0,0
29051,123,113,0,0
29052,124,113,0,0
29053,125,113,0,0
29054,126,113,0,0
29055,127,113,0,0
29056,128,113,0,0
29057,129,113,0,0
29058,130,113,0,0
29059,131,113,0,0
29060,132,113,0,0
29061,133,113,0,0
29062,134,113,0,0
29063,135,113,0,0
29064,136,113,0,0
29065,137,113,0,0
29066,138,113,0,0
29067,139,113,0,0
29068,140,113,0,0
29069,141,113,0,0
29070,142,113,0,0
29071,143,113,0,0
29072,144,113,1,0
29073,145,113,3,0
29074,146,113,5,0
29075,147,113,7,0
29076,148,113,8,0
29077,149,113,10,0
29078,150,113,12,0
29079,151,113,14,0
29080,152,113,16,0
29081,153,113,17,0
29082,154,113,19,0
29083,155,113,21,0
29084,156,113,23,0
29085,157,113,24,0
29086,158,113,26,0
29087,159,113,28,0
29088,160,113,30,0
29089,161,113,32,0
29090,162,113,33,0
29091,163,113,35,0
29092,164,113,37,0
29093,165,113,39,0
29094,166,113,41,0
29095,167,113,42,0
29096,168,113,44,0
29097,169,113,46,0
29098,170,113,48,0
29099,171,113,49,0
29100,172,113,51,0
29101,173,113,53,0
29102,174,113,55,0
29103,175,113,57,0
29104,176,113,58,0
29105,177,113,60,0
29106,178,113,62,0
29107,179,113,64,0
29108,180,113,66,0
29109,181,113,67,0
29110,182,113,69,0
29111,183,113,71,0
29112,184,113,73,0
29113,185,113,74,0
29114,186,113,76,0
29115,187,113,78,0
29116,188,113,80,0
29117,189,113,82,0
29118,190,113,83,0
29119,191,113,85,0
29120,192,113,87,0
29121,193,113,89,0
29122,194,113,91,0
29123,195,113,92,0
29124,196,113,94,0
29125,197,113,96,0
29126,198,113,98,0
29127,199,113,100,0
29128,200,113,100,0
29129,201,113,100,0
29130,202,113,100,0
29131,203,113,100,0
29132,204,113,100,0
29133,205,113,100,0
29134,206,113,100,0
29135,207,113,100,0
29136,208,113,100,0
29137,209,113,100,0
29138,210,113,100,0
29139,211,113,100,0
29140,212,113,100,0
29141,213,113,100,0
29142,214,113,100,0
29143,215,113,100,0
29144,216,113,100,0
29145,217,113,100,0
29146,218,113,100,0
29147,219,113,100,0
29148,220,113,100,0
29149,221,113,100,0
29150,222,113,100,0
29151,223,113,100,0
29152,224,113,100,0
29153,225,113,100,0
29154,226,113,100,0
29155,227,113,100,0
29156,228,113,100,0
29157,229,113,100,0
29158,230,113,100,0
29159,231,113,100,0
29160,232,113,100,0
29161,233,113,100,0
29162,234,113,100,0
29163,235,113,100,0
29164,236,113,100,0
29165,237,113,100,0
29166,238,113,100,0
29167,239,113,100,0
29168,240,113,100,0
29169,241,113,100,0
29170,242,113,100,0
29171,243,113,100,0
29172,244,113,100,0
29173,245,113,100,0
29174,246,113,100,0
29175,247,113,100,0
29176,248,113,100,0
29177,249,113,100,0
29178,250,113,100,0
29179,251,113,100,0
29180,252,113,100,0
29181,253,113,100,0
29182,254,113,100,0
29183,255,113,100,0
29184,0,114,-100,0
29185,1,114,-100,0
29186,2,114,-100,0
29187,3,114,-100,0
29188,4,114,-100,0
29189,5,114,-100,0
29190,6,114,-100,0
29191,7,114,-100,0
29192,8,114,-100,0
29193,9,114,-100,0
29194,10,114,-100,0
29195,11,114,-100,0
29196,12,114,-100,0
29197,13,114,-100,0
29198,14,114,-100,0
29199,15,114,-100,0
29200,16,114,-100,0
29201,17,114,-100,0
29202,18,114,-100,0
29203,19,114,-100,0
29204,20,114,-100,0
29205,21,114,-100,0
29206,22,114,-100,0
29207,23,114,-100,0
29208,24,114,-100,0
29209,25,114,-100,0
29210,26,114,-100,0
29211,27,114,-100,0
29212,28,114,-100,0
29213,29,114,-100,0
29214,30,114,-100,0
29215,31,114,-100,0
29216,32,114,-100,0
29217,33,114,-100,0
29218,34,114,-100,0
29219,35,114,-100,0
29220,36,114,-100,0
29221,37,114,-100,0
29222,38,114,-100,0
29223,39,114,-100,0
29224,40,114,-100,0
29225,41,114,-100,0
29226,42,114,-100,0
29227,43,114,-100,0
29228,44,114,-100,0
29229,45,114,-100,0
29230,46,114,-100,0
29231,47,114,-100,0
29232,48,114,-100,0
29233,49,114,-100,0
29234,50,114,-100,0
29235,51,114,-100,0
29236,52,114,-100,0
29237,53,114,-100,0
29238,54,114,-100,0
29239,55,114,-100,0
29240,56,114,-100,0
29241,57,114,-100,0
29242,58,114,-98,0
29243,59,114,-96,0
29244,60,114,-94,0
29245,61,114,-92,0
29246,62,114,-91,0
29247,63,114,-89,0
29248,64,114,-87,0
29249,65,114,-85,0
29250,66,114,-83,0
29251,67,114,-82,0
29252,68,114,-80,0
29253,69,114,-78,0
29254,70,114,-76,0
29255,71,114,-74,0
29256,72,114,-73,0
29257,73,114,-71,0
29258,74,114,-69,0
29259,75,114,-67,0
29260,76,114,-66,0
29261,77,114,-64,0
29262,78,114,-62,0
29263,79,114,-60,0
29264,80,114,-58,0
29265,81,114,-57,0
29266,82,114,-55,0
29267,83,114,-53,0
29268,84,114,-51,0
29269,85,114,-49,0
29270,86,114,-48,0
29271,87,114,-46,0
29272,88,114,-44,0
29273,89,114,-42,0
29274,90,114,-41,0
29275,91,114,-39,0
29276,92,114,-37,0
29277,93,114,-35,0
29278,94,114,-33,0
29279,95,114,-32,0
29280,96,114,-30,0
29281,97,114,-28,0
29282,98,114,-26,0
29283,99,114,-24,0
29284,100,114,-23,0
29285,101,114,-21,0
29286,102,114,-19,0
29287,103,114,-17,0
29288,104,114,-16,0
29289,105,114,-14,0
29290,106,114,-12,0
29291,107,114,-10,0
29292,108,114,-8,0
29293,109,114,-7,0
29294,110,114,-5,0
29295,111,114,-3,0
29296,112,114,-1,0
29297,113,114,0,0
29298,114,114,0,0
29299,115,114,0,0
29300,116,114,0,0
29301,117,114,0,0
29302,118,114,0,0
29303,119,114,0,0
29304,120,114,0,0
29305,121,114,0,0
29306,122,114,0,0
29307,123,114,0,0
29308,124,114,0,0
29309,125,114,0,0
29310,126,114,0,0
29311,127,114,0,0
29312,128,114,0,0
29313,129,114,0,0
29314,130,114,0,0
29315,131,114,0,0
29316,132,114,0,0
29317,133,114,0,0
29318,134,114,0,0
29319,135,114,0,0
29320,136,114,0,0
29321,137,114,0,0
29322,138,114,0,0
29323,139,114,0,0
29324,140,114,0,0
29325,141,114,0,0
29326,142,114,0,0
29327,143,114,0,0
29328,144,114,1,0
29329,145,114,3,0
29330,146,114,5,0
29331,147,114,7,0
29332,148,114,8,0
29333,149,114,10,0
29334,150,114,12,0
29335,151,114,14,0
29336,152,114,16,0
29337,153,114,17,0
29338,154,114,19,0
29339,155,114,21,0
29340,156,114,23,0
29341,157,114,24,0
29342,158,114,26,0
29343,159,114,28,0
29344,160,114,30,0
29345,161,114,32,0
29346,162,114,33,0
29347,163,114,35,0
29348,164,114,37,0
29349,165,114,39,0
29350,166,114,41,0
29351,167,114,42,0
29352,168,114,44,0
29353,169,114,46,0
29354,170,114,48,0
29355,171,114,49,0
29356,172,114,51,0
29357,173,114,53,0
29358,174,114,55,0
29359,175,114,57,0
29360,176,114,58,0
29361,177,114,60,0
29362,178,114,62,0
29363,179,114,64,0
29364,180,114,66,0
29365,181,114,67,0
29366,182,114,69,0
29367,183,114,71,0
29368,184,114,73,0
29369,185,114,74,0
29370,186,114,76,0
29371,187,114,78,0
29372,188,114,80,0
29373,189,114,82,0
29374,190,114,83,0
29375,191,114,85,0
29376,192,114,87,0
29377,193,114,89,0
29378,194,114,91,0
29379,195,114,92,0
29380,196,114,94,0
29381,197,114,96,0
29382,198,114,98,0
29383,199,114,100,0
29384,200,114,100,0
29385,201,114,100,0
29386,202,114,100,0
29387,203,114,100,0
29388,204,114,100,0
29389,205,114,100,0
29390,206,114,100,0
29391,207,114,100,0
29392,208,114,100,0
29393,209,114,100,0
29394,210,114,100,0
29395,211,114,100,0
29396,212,114,100,0
29397,213,114,100,0
29398,214,114,100,0
29399,215,114,100,0
29400,216,114,100,0
29401,217,114,100,0
29402,218,114,100,0
29403,219,114,100,0
29404,220,114,100,0
29405,221,114,100,0
29406,222,114,100,0
29407,223,114,100,0
29408,224,114,100,0
29409,225,114,100,0
29410,226,114,100,0
29411,227,114,100,0
29412,228,114,100,0
29413,229,114,100,0
29414,230,114,100,0
29415,231,114,100,0
29416,232,114,100,0
29417,233,114,100,0
29418,234,114,100,0
29419,235,114,100,0
29420,236,114,100,0
29421,237,114,100,0
29422,238,114,100,0
29423,239,114,100,0
29424,240,114,100,0
29425,241,114,100,0
29426,242,114,100,0
29427,243,114,100,0
29428,244,114,100,0
29429,245,114,100,0
29430,246,114,100,0
29431,247,114,100,0
29432,248,114,100,0
29433,249,114,100,0
29434,250,114,100,0
29435,251,114,100,0
29436,252,114,100,0
29437,253,114,100,0
29438,254,114,100,0
29439,255,114,100,0
29440,0,115,-100,0
29441,1,115,-100,0
29442,2,115,-100,0
29443,3,115,-100,0
29444,4,115,-100,0
29445,5,115,-100,0
29446,6,115,-100,0
29447,7,115,-100,0
29448,8,115,-100,0
29449,9,115,-100,0
29450,10,115,-100,0
29451,11,115,-100,0
29452,12,115,-100,0
29453,13,115,-100,0
29454,14,115,-100,0
29455,15,115,-100,0
29456,16,115,-100,0
29457,17,115,-100,0
29458,18,115,-100,0
29459,19,115,-100,0
29460,20,115,-100,0
29461,21,115,-100,0
29462,22,115,-100,0
29463,23,115,-100,0
29464,24,115,-100,0
29465,25,115,-100,0
29466,26,115,-100,0
29467,27,115,-100,0
29468,28,115,-100,0
29469,29,115,-100,0
29470,30,115,-100,0
29471,31,115,-100,0
29472,32,115,-100,0
29473,33,115,-100,0
29474,34,115,-100,0
29475,35,115,-100,0
29476,36,115,-100,0
29477,37,115,-100,0
29478,38,115,-100,0
29479,39,115,-100,0
29480,40,115,-100,0
29481,41,115,-100,0
29482,42,115,-100,0
29483,43,115,-100,0
29484,44,115,-100,0
29485,45,115,-100,0
29486,46,115,-100,0
29487,47,115,-100,0
29488,48,115,-100,0
29489,49,115,-100,0
29490,50,115,-100,0
29491,51,115,-100,0
29492,52,115,-100,0
29493,53,115,-100,0
29494,54,115,-100,0
29495,55,115,-100,0
29496,56,115,-100,0
29497,57,115,-100,0
29498,58,115,-98,0
29499,59,115,-96,0
29500,60,115,-94,0
29501,61,115,-92,0
29502,62,115,-91,0
29503,63,115,-89,0
29504,64,115,-87,0
29505,65,115,-85,0
29506,66,115,-83,0
29507,67,115,-82,0
29508,68,115,-80,0
29509,69,115,-78,0
29510,70,115,-76,0
29511,71,115,-74,0
29512,72,115,-73,0
29513,73,115,-71,0
29514,74,115,-69,0
29515,75,115,-67,0
29516,76,115,-66,0
29517,77,115,-64,0
29518,78,115,-62,0
29519,79,115,-60,0
29520,80,115,-58,0
29521,81,115,-57,0
29522,82,115,-55,0
29523,83,115,-53,0
29524,84,115,-51,0
29525,85,115,-49,0
29526,86,115,-48,0
29527,87,115,-46,0
29528,88,115,-44,0
29529,89,115,-42,0
29530,90,115,-41,0
29531,91,115,-39,0
29532,92,115,-37,0
29533,93,115,-35,0
29534,94,115,-33,0
29535,95,115,-32,0
29536,96,115,-30,0
29537,97,115,-28,0
29538,98,115,-26,0
29539,99,115,-24,0
29540,100,115,-23,0
29541,101,115,-21,0
29542,102,115,-19,0
29543,103,115,-17,0
29544,104,115,-16,0
29545,105,115,-14,0
29546,106,115,-12,0
29547,107,115,-10,0
29548,108,115,-8,0
29549,109,115,-7,0
29550,110,115,-5,0
29551,111,115,-3,0
29552,112,115,-1,0
29553,113,115,0,0
29554,114,115,0,0
29555,115,115,0,0
29556,116,115,0,0
29557,117,115,0,0
29558,118,115,0,0
29559,119,115,0,0
29560,120,115,0,0
29561,121,115,0,0
29562,122,115,0,0
29563,123,115,0,0
29564,124,115,0,0
29565,125,115,0,0
29566,126,115,0,0
29567,127,115,0,0
29568,128,115,0,0
29569,129,115,0,0
29570,130,115,0,0
29571,131,115,0,0
29572,132,115,0,0
29573,133,115,0,0
29574,134,115,0,0
29575,135,115,0,0
29576,136,115,0,0
29577,137,115,0,0
29578,138,115,0,0
29579,139,115,0,0
29580,140,115,0,0
29581,141,115,0,0
29582,142,115,0,0
29583,143,115,0,0
29584,144,115,1,0
29585,145,115,3,0
29586,146,115,5,0
29587,147,115,7,0
29588,148,115,8,0
29589,149,115,10,0
29590,150,115,12,0
29591,151,115,14,0
29592,152,115,16,0
29593,153,115,17,0
29594,154,115,19,0
29595,155,115,21,0
29596,156,115,23,0
29597,157,115,24,0
29598,158,115,26,0
29599,159,115,28,0
29600,160,115,30,0
29601,161,115,32,0
29602,162,115,33,0
29603,163,115,35,0
29604,164,115,37,0
29605,165,115,39,0
29606,166,115,41,0
29607,167,115,42,0
29608,168,115,44,0
29609,169,115,46,0
29610,170,115,48,0
29611,171,115,49,0
29612,172,115,51,0
29613,173,115,53,0
29614,174,115,55,0
29615,175,115,57,0
29616,176,115,58,0
29617,177,115,60,0
29618,178,115,62,0
29619,179,115,64,0
29620,180,115,66,0
29621,181,115,67,0
29622,182,115,69,0
29623,183,115,71,0
29624,184,115,73,0
29625,185,115,74,0
29626,186,115,76,0
29627,187,115,78,0
29628,188,115,80,0
29629,189,115,82,0
29630,190,115,83,0
29631,191,115,85,0
29632,192,115,87,0
29633,193,115,89,0
29634,194,115,91,0
29635,195,115,92,0
29636,196,115,94,0
29637,197,115,96,0
29638,198,115,98,0
29639,199,115,100,0
29640,200,115,100,0
29641,201,115,100,0
29642,202,115,100,0
29643,203,115,100,0
29644,204,115,100,0
29645,205,115,100,0
29646,206,115,100,0
29647,207,115,100,0
29648,208,115,100,0
29649,209,115,100,0
29650,210,115,100,0
29651,211,115,100,0
29652,212,115,100,0
29653,213,115,100,0
29654,214,115,100,0
29655,215,115,100,0
29656,216,115,100,0
29657,217,115,100,0
29658,218,115,100,0
29659,219,115,100,0
29660,220,115,100,0
29661,221,115,100,0
29662,222,115,100,0
29663,223,115,100,0
29664,224,115,100,0
29665,225,115,100,0
29666,226,115,100,0
29667,227,115,100,0
29668,228,115,100,0
29669,229,115,100,0
29670,230,115,100,0
29671,231,115,100,0
29672,232,115,100,0
29673,233,115,100,0
29674,234,115,100,0
29675,235,115,100,0
29676,236,115,100,0
29677,237,115,100,0
29678,238,115,100,0
29679,239,115,100,0
29680,240,115,100,0
29681,241,115,100,0
29682,242,115,100,0
29683,243,115,100,0
29684,244,115,100,0
29685,245,115,100,0
29686,246,115,100,0
29687,247,115,100,0
29688,248,115,100,0
29689,249,115,100,0
29690,250,115,100,0
29691,251,115,100,0
29692,252,115,100,0
29693,253,115,100,0
29694,254,115,100,0
29695,255,115,100,0
29696,0,116,-100,0
29697,1,116,-100,0
29698,2,116,-100,0
29699,3,116,-100,0
29700,4,116,-100,0
29701,5,116,-100,0
29702,6,116,-100,0
29703,7,116,-100,0
29704,8,116,-100,0
29705,9,116,-100,0
29706,10,116,-100,0
29707,11,116,-100,0
29708,12,116,-100,0
29709,13,116,-100,0
29710,14,116,-100,0
29711,15,116,-100,0
29712,16,116,-100,0
29713,17,116,-100,0
29714,18,116,-100,0
29715,19,116,-100,0
29716,20,116,-100,0
29717,21,116,-100,0
29718,22,116,-100,0
29719,23,116,-100,0
29720,24,116,-100,0
29721,25,116,-100,0
29722,26,116,-100,0
29723,27,116,-100,0
29724,28,116,-100,0
29725,29,116,-100,0
29726,30,116,-100,0
29727,31,116,-100,0
29728,32,116,-100,0
29729,33,116,-100,0
29730,34,116,-100,0
29731,35,116,-100,0
29732,36,116,-100,0
29733,37,116,-100,0
29734,38,116,-100,0
29735,39,116,-100,0
29736,40,116,-100,0
29737,41,116,-100,0
29738,42,116,-100,0
29739,43,116,-100,0
29740,44,116,-100,0
29741,45,116,-100,0
29742,46,116,-100,0
29743,47,116,-100,0
29744,48,116,-100,0
29745,49,116,-100,0
29746,50,116,-100,0
29747,51,116,-100,0
29748,52,116,-100,0
29749,53,116,-100,0
29750,54,116,-100,0
29751,55,116,-100,0
29752,56,116,-100,0
29753,57,116,-100,0
29754,58,116,-98,0
29755,59,116,-96,0
29756,60,116,-94,0
29757,61,116,-92,0
29758,62,116,-91,0
29759,63,116,-89,0
29760,64,116,-87,0
29761,65,116,-85,0
29762,66,116,-83,0
29763,67,116,-82,0
29764,68,116,-80,0
29765,69,116,-78,0
29766,70,116,-76,0
29767,71,116,-74,0
29768,72,116,-73,0
29769,73,116,-71,0
29770,74,116,-69,0
29771,75,116,-67,0
29772,76,116,-66,0
29773,77,116,-64,0
29774,78,116,-62,0
29775,79,116,-60,0
29776,80,116,-58,0
29777,81,116,-57,0
29778,82,116,-55,0
29779,83,116,-53,0
29780,84,116,-51,0
29781,85,116,-49,0
29782,86,116,-48,0
29783,87,116,-46,0
29784,88,116,-44,0
29785,89,116,-42,0
29786,90,116,-41,0
29787,91,116,-39,0
29788,92,116,-37,0
29789,93,116,-35,0
29790,94,116,-33,0
29791,95,116,-32,0
29792,96,116,-30,0
29793,97,116,-28,0
29794,98,116,-26,0
29795,99,116,-24,0
29796,100,116,-23,0
29797,101,116,-21,0
29798,102,116,-19,0
29799,103,116,-17,0
29800,104,116,-16,0
29801,105,116,-14,0
29802,106,116,-12,0
29803,107,116,-10,0
29804,108,116,-8,0
29805,109,116,-7,0
29806,110,116,-5,0
29807,111,116,-3,0
29808,112,116,-1,0
29809,113,116,0,0
29810,114,116,0,0
29811,115,116,0,0
29812,116,116,0,0
29813,117,116,0,0
29814,118,116,0,0
29815,119,116,0,0
29816,120,116,0,0
29817,121,116,0,0
29818,122,116,0,0
29819,123,116,0,0
29820,124,116,0,0
29821,125,116,0,0
29822,126,116,0,0
29823,127,116,0,0
29824,128,116,0,0
29825,129,116,0,0
29826,130,116,0,0
29827,131,116,0,0
29828,132,116,0,0
29829,133,116,0,0
29830,134,116,0,0
29831,135,116,0,0
29832,136,116,0,0
29833,137,116,0,0
29834,138,116,0,0
29835,139,116,0,0
29836,140,116,0,0
29837,141,116,0,0
29838,142,116,0,0
29839,143,116,0,0
29840,144,116,1,0
29841,145,116,3,0
29842,146,116,5,0
29843,147,116,7,0
29844,148,116,8,0
29845,149,116,10,0
29846,150,116,12,0
29847,151,116,14,0
29848,152,116,16,0
29849,153,116,17,0
29850,154,116,19,0
29851,155,116,21,0
29852,156,116,23,0
29853,157,116,24,0
29854,158,116,26,0
29855,159,116,28,0
29856,160,116,30,0
29857,161,116,32,0
29858,162,116,33,0
29859,163,116,35,0
29860,164,116,37,0
29861,165,116,39,0
29862,166,116,41,0
29863,167,116,42,0
29864,168,116,44,0
29865,169,116,46,0
29866,170,116,48,0
29867,171,116,49,0
29868,172,116,51,0
29869,173,116,53,0
29870,174,116,55,0
29871,175,116,57,0
29872,176,116,58,0
29873,177,116,60,0
29874,178,116,62,0
29875,179,116,64,0
29876,180,116,66,0
29877,181,116,67,0
29878,182,116,69,0
29879,183,116,71,0
29880,184,116,73,0
29881,185,116,74,0
29882,186,116,76,0
29883,187,116,78,0
29884,188,116,80,0
29885,189,116,82,0
29886,190,116,83,0
29887,191,116,85,0
29888,192,116,87,0
29889,193,116,89,0
29890,194,116,91,0
29891,195,116,92,0
29892,196,116,94,0
29893,197,116,96,0
29894,198,116,98,0
29895,199,116,100,0
29896,200,116,100,0
29897,201,116,100,0
29898,202,116,100,0
29899,203,116,100,0
29900,204,116,100,0
29901,205,116,100,0
29902,206,116,100,0
29903,207,116,100,0
29904,208,116,100,0
29905,209,116,100,0
29906,210,116,100,0
29907,211,116,100,0
29908,212,116,100,0
29909,213,116,100,0
29910,214,116,100,0
29911,215,116,100,0
29912,216,116,100,0
29913,217,116,100,0
29914,218,116,100,0
29915,219,116,100,0
29916,220,116,100,0
29917,221,116,100,0
29918,222,116,100,0
29919,223,116,100,0
29920,224,116,100,0
29921,225,116,100,0
29922,226,116,100,0
29923,227,116,100,0
29924,228,116,100,0
29925,229,116,100,0
29926,230,116,100,0
29927,231,116,100,0
29928,232,116,100,0
29929,233,116,100,0
29930,234,116,100,0
29931,235,116,100,0
29932,236,116,100,0
29933,237,116,100,0
29934,238,116,100,0
29935,239,116,100,0
29936,240,116,100,0
29937,241,116,100,0
29938,242,116,100,0
29939,243,116,100,0
29940,244,116,100,0
29941,245,116,100,0
29942,246,116,100,0
29943,247,116,100,0
29944,248,116,100,0
29945,249,116,100,0
29946,250,116,100,0
29947,251,116,100,0
29948,252,116,100,0
29949,253,116,100,0
29950,254,116,100,0
29951,255,116,100,0
29952,0,117,-100,0
29953,1,117,-100,0
29954,2,117,-100,0
29955,3,117,-100,0
29956,4,117,-100,0
29957,5,117,-100,0
29958,6,117,-100,0
29959,7,117,-100,0
29960,8,117,-100,0
29961,9,117,-100,0
29962,10,117,-100,0
29963,11,117,-100,0
29964,12,117,-100,0
29965,13,117,-100,0
29966,14,117,-100,0
29967,15,117,-100,0
29968,16,117,-100,0
29969,17,117,-100,0
29970,18,117,-100,0
29971,19,117,-100,0
29972,20,117,-100,0
29973,21,117,-100,0
29974,22,117,-100,0
29975,23,117,-100,0
29976,24,117,-100,0
29977,25,117,-100,0
29978,26,117,-100,0
29979,27,117,-100,0
29980,28,117,-100,0
29981,29,117,-100,0
29982,30,117,-100,0
29983,31,117,-100,0
29984,32,117,-100,0
29985,33,117,-100,0
29986,34,117,-100,0
29987,35,117,-100,0
29988,36,117,-100,0
29989,37,117,-100,0
29990,38,117,-100,0
29991,39,117,-100,0
29992,40,117,-100,0
29993,41,117,-100,0
29994,42,117,-100,0
29995,43,117,-100,0
29996,44,117,-100,0
29997,45,117,-100,0
29998,46,117,-100,0
29999,47,117,-100,0
30000,48,117,-100,0
30001,49,117,-100,0
30002,50,117,-100,0
30003,51,117,-100,0
30004,52,117,-100,0
30005,53,117,-100,0
30006,54,117,-100,0
30007,55,117,-100,0
30008,56,117,-100,0
30009,57,117,-100,0
30010,58,117,-98,0
30011,59,117,-96,0
30012,60,117,-94,0
30013,61,117,-92,0
30014,62,117,-91,0
30015,63,117,-89,0
30016,64,117,-87,0
30017,65,117,-85,0
30018,66,117,-83,0
30019,67,117,-82,0
30020,68,117,-80,0
30021,69,117,-78,0
30022,70,117,-76,0
30023,71,117,-74,0
30024,72,117,-73,0
30025,73,117,-71,0
30026,74,117,-69,0
30027,75,117,-67,0
30028,76,117,-66,0
30029,77,117,-64,0
30030,78,117,-62,0
30031,79,117,-60,0
30032,80,117,-58,0
30033,81,117,-57,0
30034,82,117,-55,0
30035,83,117,-53,0
30036,84,117,-51,0
30037,85,117,-49,0
30038,86,117,-48,0
30039,87,117,-46,0
30040,88,117,-44,0
30041,89,117,-42,0
30042,90,117,-41,0
30043,91,117,-39,0
30044,92,117,-37,0
30045,93,117,-35,0
30046,94,117,-33,0
30047,95,117,-32,0
30048,96,117,-30,0
30049,97,117,-28,0
30050,98,117,-26,0
30051,99,117,-24,0
30052,100,117,-23,0
30053,101,117,-21,0
30054,102,117,-19,0
30055,103,117,-17,0
30056,104,117,-16,0
30057,105,117,-14,0
30058,106,117,-12,0
30059,107,117,-10,0
30060,108,117,-8,0
30061,109,117,-7,0
30062,110,117,-5,0
30063,111,117,-3,0
30064,112,117,-1,0
30065,113,117,0,0
30066,114,117,0,0
30067,115,117,0,0
30068,116,117,0,0
30069,117,117,0,0
30070,118,117,0,0
30071,119,117,0,0
30072,120,117,0,0
30073,121,117,0,0
30074,122,117,0,0
30075,123,117,0,0
30076,124,117,0,0
30077,125,117,0,0
30078,126,117,0,0
30079,127,117,0,0
30080,128,117,0,0
30081,129,117,0,0
30082,130,117,0,0
30083,131,117,0,0
30084,132,117,0,0
30085,133,117,0,0
30086,134,117,0,0
30087,135,117,0,0
30088,136,117,0,0
30089,137,117,0,0
30090,138,117,0,0
30091,139,117,0,0
30092,140,117,0,0
30093,141,117,0,0
30094,142,117,0,0
30095,143,117,0,0
30096,144,117,1,0
30097,145,117,3,0
30098,146,117,5,0
30099,147,117,7,0
30100,148,117,8,0
30101,149,117,10,0
30102,150,117,12,0
30103,151,117,14,0
30104,152,117,16,0
30105,153,117,17,0
30106,154,117,19,0
30107,155,117,21,0
30108,156,117,23,0
30109,157,117,24,0
30110,158,117,26,0
30111,159,117,28,0
30112,160,117,30,0
30113,161,117,32,0
30114,162,117,33,0
30115,163,117,35,0
30116,164,117,37,0
30117,165,117,39,0
30118,166,117,41,0
30119,167,117,42,0
30120,168,117,44,0
30121,169,117,46,0
30122,170,117,48,0
30123,171,117,49,0
30124,172,117,51,0
30125,173,117,53,0
30126,174,117,55,0
30127,175,117,57,0
30128,176,117,58,0
30129,177,117,60,0
30130,178,117,62,0
30131,179,117,64,0
30132,180,117,66,0
30133,181,117,67,0
30134,182,117,69,0
30135,183,117,71,0
30136,184,117,73,0
30137,185,117,74,0
30138,186,117,76,0
30139,187,117,78,0
30140,188,117,80,0
30141,189,117,82,0
30142,190,117,83,0
30143,191,117,85,0
30144,192,117,87,0
30145,193,117,89,0
30146,194,117,91,0
30147,195,117,92,0
30148,196,117,94,0
30149,197,117,96,0
30150,198,117,98,0
30151,199,117,100,0
30152,200,117,100,0
30153,201,117,100,0
30154,202,117,100,0
30155,203,117,100,0
30156,204,117,100,0
30157,205,117,100,0
30158,206,117,100,0
30159,207,117,100,0
30160,208,117,100,0
30161,209,117,100,0
30162,210,117,100,0
30163,211,117,100,0
30164,212,117,100,0
30165,213,117,100,0
30166,214,117,100,0
30167,215,117,100,0
30168,216,117,100,0
30169,217,117,100,0
30170,218,117,100,0
30171,219,117,100,0
30172,220,117,100,0
30173,221,117,100,0
30174,222,117,100,0
30175,223,117,100,0
30176,224,117,100,0
30177,225,117,100,0
30178,226,117,100,0
30179,227,117,100,0
30180,228,117,100,0
30181,229,117,100,0
30182,230,117,100,0
30183,231,117,100,0
30184,232,117,100,0
30185,233,117,100,0
30186,234,117,100,0
30187,235,117,100,0
30188,236,117,100,0
30189,237,117,100,0
30190,238,117,100,0
30191,239,117,100,0
30192,240,117,100,0
30193,241,117,100,0
30194,242,117,100,0
30195,243,117,100,0
30196,244,117,100,0
30197,245,117,100,0
30198,246,117,100,0
30199,247,117,100,0
30200,248,117,100,0
30201,249,117,100,0
30202,250,117,100,0
30203,251,117,100,0
30204,252,117,100,0
30205,253,117,100,0
30206,254,117,100,0
30207,255,117,100,0
30208,0,118,-100,0
30209,1,118,-100,0
30210,2,118,-100,0
30211,3,118,-100,0
30212,4,118,-100,0
30213,5,118,-100,0
30214,6,118,-100,0
30215,7,118,-100,0
30216,8,118,-100,0
30217,9,118,-100,0
30218,10,118,-100,0
30219,11,118,-100,0
30220,12,118,-100,0
30221,13,118,-100,0
30222,14,118,-100,0
30223,15,118,-100,0
30224,16,118,-100,0
30225,17,118,-100,0
30226,18,118,-100,0
30227,19,118,-100,0
30228,20,118,-100,0
30229,21,118,-100,0
30230,22,118,-100,0
30231,23,118,-100,0
30232,24,118,-100,0
30233,25,118,-100,0
30234,26,118,-100,0
30235,27,118,-100,0
30236,28,118,-100,0
30237,29,118,-100,0
30238,30,118,-100,0
30239,31,118,-100,0
30240,32,118,-100,0
30241,33,118,-100,0
30242,34,118,-100,0
30243,35,118,-100,0
30244,36,118,-100,0
30245,37,118,-100,0
30246,38,118,-100,0
30247,39,118,-100,0
30248,40,118,-100,0
30249,41,118,-100,0
30250,42,118,-100,0
30251,43,118,-100,0
30252,44,118,-100,0
30253,45,118,-100,0
30254,46,118,-100,0
30255,47,118,-100,0
30256,48,118,-100,0
30257,49,118,-100,0
30258,50,118,-100,0
30259,51,118,-100,0
30260,52,118,-100,0
30261,53,118,-100,0
30262,54,118,-100,0
30263,55,118,-100,0
30264,56,118,-100,0
30265,57,118,-100,0
30266,58,118,-98,0
30267,59,118,-96,0
30268,60,118,-94,0
30269,61,118,-92,0
30270,62,118,-91,0
30271,63,118,-89,0
30272,64,118,-87,0
30273,65,118,-85,0
30274,66,118,-83,0
30275,67,118,-82,0
30276,68,118,-80,0
30277,69,118,-78,0
30278,70,118,-76,0
30279,71,118,-74,0
30280,72,118,-73,0
30281,73,118,-71,0
30282,74,118,-69,0
30283,75,118,-67,0
30284,76,118,-66,0
30285,77,118,-64,0
30286,78,118,-62,0
30287,79,118,-60,0
30288,80,118,-58,0
30289,81,118,-57,0
30290,82,118,-55,0
30291,83,118,-53,0
30292,84,118,-51,0
30293,85,118,-49,0
30294,86,118,-48,0
30295,87,118,-46,0
30296,88,118,-44,0
30297,89,118,-42,0
30298,90,118,-41,0
30299,91,118,-39,0
30300,92,118,-37,0
30301,93,118,-35,0
30302,94,118,-33,0
30303,95,118,-32,0
30304,96,118,-30,0
30305,97,118,-28,0
30306,98,118,-26,0
30307,99,118,-24,0
30308,100,118,-23,0
30309,101,118,-21,0
30310,102,118,-19,0
30311,103,118,-17,0
30312,104,118,-16,0
30313,105,118,-14,0
30314,106,118,-12,0
30315,107,118,-10,0
30316,108,118,-8,0
30317,109,118,-7,0
30318,110,118,-5,0
30319,111,118,-3,0
30320,112,118,-1,0
30321,113,118,0,0
30322,114,118,0,0
30323,115,118,0,0
30324,116,118,0,0
30325,117,118,0,0
30326,118,118,0,0
30327,119,118,0,0
30328,120,118,0,0
30329,121,118,0,0
30330,122,118,0,0
30331,123,118,0,0
30332,124,118,0,0
30333,125,118,0,0
30334,126,118,0,0
30335,127,118,0,0
30336,128,118,0,0
30337,129,118,0,0
30338,130,118,0,0
30339,131,118,0,0
30340,132,118,0,0
30341,133,118,0,0
30342,134,118,0,0
30343,135,118,0,0
30344,136,118,0,0
30345,137,118,0,0
30346,138,118,0,0
30347,139,118,0,0
30348,140,118,0,0
30349,141,118,0,0
30350,142,118,0,0
30351,143,118,0,0
30352,144,118,1,0
30353,145,118,3,0
30354,146,118,5,0
30355,147,118,7,0
30356,148,118,8,0
30357,149,118,10,0
30358,150,118,12,0
30359,151,118,14,0
30360,152,118,16,0
30361,153,118,17,0
30362,154,118,19,0
30363,155,118,21,0
30364,156,118,23,0
30365,157,118,24,0
30366,158,118,26,0
30367,159,118,28,0
30368,160,118,30,0
30369,161,118,32,0
30370,162,118,33,0
30371,163,118,35,0
30372,164,118,37,0
30373,165,118,39,0
30374,166,118,41,0
30375,167,118,42,0
30376,168,118,44,0
30377,169,118,46,0
30378,170,118,48,0
30379,171,118,49,0
30380,172,118,51,0
30381,173,118,53,0
30382,174,118,55,0
30383,175,118,57,0
30384,176,118,58,0
30385,177,118,60,0
30386,178,118,62,0
30387,179,118,64,0
30388,180,118,66,0
30389,181,118,67,0
30390,182,118,69,0
30391,183,118,71,0
30392,184,118,73,0
30393,185,118,74,0
30394,186,118,76,0
30395,187,118,78,0
30396,188,118,80,0
30397,189,118,82,0
30398,190,118,83,0
30399,191,118,85,0
30400,192,118,87,0
30401,193,118,89,0
30402,194,118,91,0
30403,195,118,92,0
30404,196,118,94,0
30405,197,118,96,0
30406,198,118,98,0
30407,199,118,100,0
30408,200,118,100,0
30409,201,118,100,0
30410,202,118,100,0
30411,203,118,100,0
30412,204,118,100,0
30413,205,118,100,0
30414,206,118,100,0
30415,207,118,100,0
30416,208,118,100,0
30417,209,118,100,0
30418,210,118,100,0
30419,211,118,100,0
30420,212,118,100,0
30421,213,118,100,0
30422,214,118,100,0
30423,215,118,100,0
30424,216,118,100,0
30425,217,118,100,0
30426,218,118,100,0
30427,219,118,100,0
30428,220,118,100,0
30429,221,118,100,0
30430,222,118,100,0
30431,223,118,100,0
30432,224,118,100,0
30433,225,118,100,0
30434,226,118,100,0
30435,227,118,100,0
30436,228,118,100,0
30437,229,118,100,0
30438,230,118,100,0
30439,231,118,100,0
30440,232,118,100,0
30441,233,118,100,0
30442,234,118,100,0
30443,235,118,100,0
30444,236,118,100,0
30445,237,118,100,0
30446,238,118,100,0
30447,239,118,100,0
30448,240,118,100,0
30449,241,118,100,0
30450,242,118,100,0
30451,243,118,100,0
30452,244,118,100,0
30453,245,118,100,0
30454,246,118,100,0
30455,247,118,100,0
30456,248,118,100,0
30457,249,118,100,0
30458,250,118,100,0
30459,251,118,100,0
30460,252,118,100,0
30461,253,118,100,0
30462,254,118,100,0
30463,255,118,100,0
30464,0,119,-100,0
30465,1,119,-100,0
30466,2,119,-100,0
30467,3,119,-100,0
30468,4,119,-100,0
30469,5,119,-100,0
30470,6,119,-100,0
30471,7,119,-100,0
30472,8,119,-100,0
30473,9,119,-100,0
30474,10,119,-100,0
30475,11,119,-100,0
30476,12,119,-100,0
30477,13,119,-100,0
30478,14,119,-100,0
30479,15,119,-100,0
30480,16,119,-100,0
30481,17,119,-100,0
30482,18,119,-100,0
30483,19,119,-100,0
30484,20,119,-100,0
30485,21,119,-100,0
30486,22,119,-100,0
30487,23,119,-100,0
30488,24,119,-100,0
30489,25,119,-100,0
30490,26,119,-100,0
30491,27,119,-100,0
30492,28,119,-100,0
30493,29,119,-100,0
30494,30,119,-100,0
30495,31,119,-100,0
30496,32,119,-100,0
30497,33,119,-100,0
30498,34,119,-100,0
30499,35,119,-100,0
30500,36,119,-100,0
30501,37,119,-100,0
30502,38,119,-100,0
30503,39,119,-100,0
30504,40,119,-100,0
30505,41,119,-100,0
30506,42,119,-100,0
30507,43,119,-100,0
30508,44,119,-100,0
30509,45,119,-100,0
30510,46,119,-100,0
30511,47,119,-100,0
30512,48,119,-100,0
30513,49,119,-100,0
30514,50,119,-100,0
30515,51,119,-100,0
30516,52,119,-100,0
30517,53,119,-100,0
30518,54,119,-100,0
30519,55,119,-100,0
30520,56,119,-100,0
30521,57,119,-100,0
30522,58,119,-98,0
30523,59,119,-96,0
30524,60,119,-94,0
30525,61,119,-92,0
30526,62,119,-91,0
30527,63,119,-89,0
30528,64,119,-87,0
30529,65,119,-85,0
30530,66,119,-83,0
30531,67,119,-82,0
30532,68,119,-80,0
30533,69,119,-78,0
30534,70,119,-76,0
30535,71,119,-74,0
30536,72,119,-73,0
30537,73,119,-71,0
30538,74,119,-69,0
30539,75,119,-67,0
30540,76,119,-66,0
30541,77,119,-64,0
30542,78,119,-62,0
30543,79,119,-60,0
30544,80,119,-58,0
30545,81,119,-57,0
30546,82,119,-55,0
30547,83,119,-53,0
30548,84,119,-51,0
30549,85,119,-49,0
30550,86,119,-48,0
30551,87,119,-46,0
30552,88,119,-44,0
30553,89,119,-42,0
30554,90,119,-41,0
30555,91,119,-39,0
30556,92,119,-37,0
30557,93,119,-35,0
30558,94,119,-33,0
30559,95,119,-32,0
30560,96,119,-30,0
30561,97,119,-28,0
30562,98,119,-26,0
30563,99,119,-24,0
30564,100,119,-23,0
30565,101,119,-21,0
30566,102,119,-19,0
30567,103,119,-17,0
30568,104,119,-16,0
30569,105,119,-14,0
30570,106,119,-12,0
30571,107,119,-10,0
30572,108,119,-8,0
30573,109,119,-7,0
30574,110,119,-5,0
30575,111,119,-3,0
30576,112,119,-1,0
30577,113,119,0,0
30578,114,119,0,0
30579,115,119,0,0
30580,116,119,0,0
30581,117,119,0,0
30582,118,119,0,0
30583,119,119,0,0
30584,120,119,0,0
30585,121,119,0,0
30586,122,119,0,0
30587,123,119,0,0
30588,124,119,0,0
30589,125,119,0,0
30590,126,119,0,0
30591,127,119,0,0
30592,128,119,0,0
30593,129,119,0,0
30594,130,119,0,0
30595,131,119,0,0
30596,132,119,0,0
30597,133,119,0,0
30598,134,119,0,0
30599,135,119,0,0
30600,136,119,0,0
30601,137,119,0,0
30602,138,119,0,0
30603,139,119,0,0
30604,140,119,0,0
30605,141,119,0,0
30606,142,119,0,0
30607,143,119,0,0
30608,144,119,1,0
30609,145,119,3,0
30610,146,119,5,0
30611,147,119,7,0
30612,148,119,8,0
30613,149,119,10,0
30614,150,119,12,0
30615,151,119,14,0
30616,152,119,16,0
30617,153,119,17,0
30618,154,119,19,0
30619,155,119,21,0
30620,156,119,23,0
30621,157,119,24,0
30622,158,119,26,0
30623,159,119,28,0
30624,160,119,30,0
30625,161,119,32,0
30626,162,119,33,0
30627,163,119,35,0
30628,164,119,37,0
30629,165,119,39,0
30630,166,119,41,0
30631,167,119,42,0
30632,168,119,44,0
30633,169,119,46,0
30634,170,119,48,0
30635,171,119,49,0
30636,172,119,51,0
30637,173,119,53,0
30638,174,119,55,0
30639,175,119,57,0
30640,176,119,58,0
30641,177,119,60,0
30642,178,119,62,0
30643,179,119,64,0
30644,180,119,66,0
30645,181,119,67,0
30646,182,119,69,0
30647,183,119,71,0
30648,184,119,73,0
30649,185,119,74,0
30650,186,119,76,0
30651,187,119,78,0
30652,188,119,80,0
30653,189,119,82,0
30654,190,119,83,0
30655,191,119,85,0
30656,192,119,87,0
30657,193,119,89,0
30658,194,119,91,0
30659,195,119,92,0
30660,196,119,94,0
30661,197,119,96,0
30662,198,119,98,0
30663,199,119,100,0
30664,200,119,100,0
30665,201,119,100,0
30666,202,119,100,0
30667,203,119,100,0
30668,204,119,100,0
30669,205,119,100,0
30670,206,119,100,0
30671,207,119,100,0
30672,208,119,100,0
30673,209,119,100,0
30674,210,119,100,0
30675,211,119,100,0
30676,212,119,100,0
30677,213,119,100,0
30678,214,119,100,0
30679,215,119,100,0
30680,216,119,100,0
30681,217,119,100,0
30682,218,119,100,0
30683,219,119,100,0
30684,220,119,100,0
30685,221,119,100,0
30686,222,119,100,0
30687,223,119,100,0
30688,224,119,100,0
30689,225,119,100,0
30690,226,119,100,0
30691,227,119,100,0
30692,228,119,100,0
30693,229,119,100,0
30694,230,119,100,0
30695,231,119,100,0
30696,232,119,100,0
30697,233,119,100,0
30698,234,119,100,0
30699,235,119,100,0
30700,236,119,100,0
30701,237,119,100,0
30702,238,119,100,0
30703,239,119,100,0
30704,240,119,100,0
30705,241,119,100,0
30706,242,119,100,0
30707,243,119,100,0
30708,244,119,100,0
30709,245,119,100,0
30710,246,119,100,0
30711,247,119,100,0
30712,248,119,100,0
30713,249,119,100,0
30714,250,119,100,0
30715,251,119,100,0
30716,252,119,100,0
30717,253,119,100,0
30718,254,119,100,0
30719,255,119,100,0
30720,0,120,-100,0
30721,1,120,-100,0
30722,2,120,-100,0
30723,3,120,-100,0
30724,4,120,-100,0
30725,5,120,-100,0
30726,6,120,-100,0
30727,7,120,-100,0
30728,8,120,-100,0
30729,9,120,-100,0
30730,10,120,-100,0
30731,11,120,-100,0
30732,12,120,-100,0
30733,13,120,-100,0
30734,14,120,-100,0
30735,15,120,-100,0
30736,16,120,-100,0
30737,17,120,-100,0
30738,18,120,-100,0
30739,19,120,-100,0
30740,20,120,-100,0
30741,21,120,-100,0
30742,22,120,-100,0
30743,23,120,-100,0
30744,24,120,-100,0
30745,25,120,-100,0
30746,26,120,-100,0
30747,27,120,-100,0
30748,28,120,-100,0
30749,29,120,-100,0
30750,30,120,-100,0
30751,31,120,-100,0
30752,32,120,-100,0
30753,33,120,-100,0
30754,34,120,-100,0
30755,35,120,-100,0
30756,36,120,-100,0
30757,37,120,-100,0
30758,38,120,-100,0
30759,39,120,-100,0
30760,40,120,-100,0
30761,41,120,-100,0
30762,42,120,-100,0
30763,43,120,-100,0
30764,44,120,-100,0
30765,45,120,-100,0
30766,46,120,-100,0
30767,47,120,-100,0
30768,48,120,-100,0
30769,49,120,-100,0
30770,50,120,-100,0
30771,51,120,-100,0
30772,52,120,-100,0
30773,53,120,-100,0
30774,54,120,-100,0
30775,55,120,-100,0
30776,56,120,-100,0
30777,57,120,-100,0
30778,58,120,-98,0
30779,59,120,-96,0
30780,60,120,-94,0
30781,61,120,-92,0
30782,62,120,-91,0
30783,63,120,-89,0
30784,64,120,-87,0
30785,65,120,-85,0
30786,66,120,-83,0
30787,67,120,-82,0
30788,68,120,-80,0
30789,69,120,-78,0
30790,70,120,-76,0
30791,71,120,-74,0
30792,72,120,-73,0
30793,73,120,-71,0
30794,74,120,-69,0
30795,75,120,-67,0
30796,76,120,-66,0
30797,77,120,-64,0
30798,78,120,-62,0
30799,79,120,-60,0
30800,80,120,-58,0
30801,81,120,-57,0
30802,82,120,-55,0
30803,83,120,-53,0
30804,84,120,-51,0
30805,85,120,-49,0
30806,86,120,-48,0
30807,87,120,-46,0
30808,88,120,-44,0
30809,89,120,-42,0
30810,90,120,-41,0
30811,91,120,-39,0
30812,92,120,-37,0
30813,93,120,-35,0
30814,94,120,-33,0
30815,95,120,-32,0
30816,96,120,-30,0
30817,97,120,-28,0
30818,98,120,-26,0
30819,99,120,-24,0
30820,100,120,-23,0
30821,101,120,-21,0
30822,102,120,-19,0
30823,103,120,-17,0
30824,104,120,-16,0
30825,105,120,-14,0
30826,106,120,-12,0
30827,107,120,-10,0
30828,108,120,-8,0
30829,109,120,-7,0
30830,110,120,-5,0
30831,111,120,-3,0
30832,112,120,-1,0
30833,113,120,0,0
30834,114,120,0,0
30835,115,120,0,0
30836,116,120,0,0
30837,117,120,0,0
30838,118,120,0,0
30839,119,120,0,0
30840,120,120,0,0
30841,121,120,0,0
30842,122,120,0,0
30843,123,120,0,0
30844,124,120,0,0
30845,125,120,0,0
30846,126,120,0,0
30847,127,120,0,0
30848,128,120,0,0
30849,129,120,0,0
30850,130,120,0,0
30851,131,120,0,0
30852,132,120,0,0
30853,133,120,0,0
30854,134,120,0,0
30855,135,120,0,0
30856,136,120,0,0
30857,137,120,0,0
30858,138,120,0,0
30859,139,120,0,0
30860,140,120,0,0
30861,141,120,0,0
30862,142,120,0,0
30863,143,120,0,0
30864,144,120,1,0
30865,145,120,3,0
30866,146,120,5,0
30867,147,120,7,0
30868,148,120,8,0
30869,149,120,10,0
30870,150,120,12,0
30871,151,120,14,0
30872,152,120,16,0
30873,153,120,17,0
30874,154,120,19,0
30875,155,120,21,0
30876,156,120,23,0
30877,157,120,24,0
30878,158,120,26,0
30879,159,120,28,0
30880,160,120,30,0
30881,161,120,32,0
30882,162,120,33,0
30883,163,120,35,0
30884,164,120,37,0
30885,165,120,39,0
30886,166,120,41,0
30887,167,120,42,0
30888,168,120,44,0
30889,169,120,46,0
30890,170,120,48,0
30891,171,120,49,0
30892,172,120,51,0
30893,173,120,53,0
30894,174,120,55,0
30895,175,120,57,0
30896,176,120,58,0
30897,177,120,60,0
30898,178,120,62,0
30899,179,120,64,0
30900,180,120,66,0
30901,181,120,67,0
30902,182,120,69,0
30903,183,120,71,0
30904,184,120,73,0
30905,185,120,74,0
30906,186,120,76,0
30907,187,120,78,0
30908,188,120,80,0
30909,189,120,82,0
30910,190,120,83,0
30911,191,120,85,0
30912,192,120,87,0
30913,193,120,89,0
30914,194,120,91,0
30915,195,120,92,0
30916,196,120,94,0
30917,197,120,96,0
30918,198,120,98,0
30919,199,120,100,0
30920,200,120,100,0
30921,201,120,100,0
30922,202,120,100,0
30923,203,120,100,0
30924,204,120,100,0
30925,205,120,100,0
30926,206,120,100,0
30927,207,120,100,0
30928,208,120,100,0
30929,209,120,100,0
30930,210,120,100,0
30931,211,120,100,0
30932,212,120,100,0
30933,213,120,100,0
30934,214,120,100,0
30935,215,120,100,0
30936,216,120,100,0
30937,217,120,100,0
30938,218,120,100,0
30939,219,120,100,0
30940,220,120,100,0
30941,221,120,100,0
30942,222,120,100,0
30943,223,120,100,0
30944,224,120,100,0
30945,225,120,100,0
30946,226,120,100,0
30947,227,120,100,0
30948,228,120,100,0
30949,229,120,100,0
30950,230,120,100,0
30951,231,120,100,0
30952,232,120,100,0
30953,233,120,100,0
30954,234,120,100,0
30955,235,120,100,0
30956,236,120,100,0
30957,237,120,100,0
30958,238,120,100,0
30959,239,120,100,0
30960,240,120,100,0
30961,241,120,100,0
30962,242,120,100,0
30963,243,120,100,0
30964,244,120,100,0
30965,245,120,100,0
30966,246,120,100,0
30967,247,120,100,0
30968,248,120,100,0
30969,249,120,100,0
30970,250,120,100,0
30971,251,120,100,0
30972,252,120,100,0
30973,253,120,100,0
30974,254,120,100,0
30975,255,120,100,0
30976,0,121,-100,0
30977,1,121,-100,0
30978,2,121,-100,0
30979,3,121,-100,0
30980,4,121,-100,0
30981,5,121,-100,0
30982,6,121,-100,0
30983,7,121,-100,0
30984,8,121,-100,0
30985,9,121,-100,0
30986,10,121,-100,0
30987,11,121,-100,0
30988,12,121,-100,0
30989,13,121,-100,0
30990,14,121,-100,0
30991,15,121,-100,0
30992,16,121,-100,0
30993,17,121,-100,0
30994,18,121,-100,0
30995,19,121,-100,0
30996,20,121,-100,0
30997,21,121,-100,0
30998,22,121,-100,0
30999,23,121,-100,0
31000,24,121,-100,0
31001,25,121,-100,0
31002,26,121,-100,0
31003,27,121,-100,0
31004,28,121,-100,0
31005,29,121,-100,0
31006,30,121,-100,0
31007,31,121,-100,0
31008,32,121,-100,0
31009,33,121,-100,0
31010,34,121,-100,0
31011,35,121,-100,0
31012,36,121,-100,0
31013,37,121,-100,0
31014,38,121,-100,0
31015,39,121,-100,0
31016,40,121,-100,0
31017,41,121,-100,0
31018,42,121,-100,0
31019,43,121,-100,0
31020,44,121,-100,0
31021,45,121,-100,0
31022,46,121,-100,0
31023,47,121,-100,0
31024,48,121,-100,0
31025,49,121,-100,0
31026,50,121,-100,0
31027,51,121,-100,0
31028,52,121,-100,0
31029,53,121,-100,0
31030,54,121,-100,0
31031,55,121,-100,0
31032,56,121,-100,0
31033,57,121,-100,0
31034,58,121,-98,0
31035,59,121,-96,0
31036,60,121,-94,0
31037,61,121,-92,0
31038,62,121,-91,0
31039,63,121,-89,0
31040,64,121,-87,0
31041,65,121,-85,0
31042,66,121,-83,0
31043,67,121,-82,0
31044,68,121,-80,0
31045,69,121,-78,0
31046,70,121,-76,0
31047,71,121,-74,0
31048,72,121,-73,0
31049,73,121,-71,0
31050,74,121,-69,0
31051,75,121,-67,0
31052,76,121,-66,0
31053,77,121,-64,0
31054,78,121,-62,0
31055,79,121,-60,0
31056,80,121,-58,0
31057,81,121,-57,0
31058,82,121,-55,0
31059,83,121,-53,0
31060,84,121,-51,0
31061,85,121,-49,0
31062,86,121,-48,0
31063,87,121,-46,0
31064,88,121,-44,0
31065,89,121,-42,0
31066,90,121,-41,0
31067,91,121,-39,0
31068,92,121,-37,0
31069,93,121,-35,0
31070,94,121,-33,0
31071,95,121,-32,0
31072,96,121,-30,0
31073,97,121,-28,0
31074,98,121,-26,0
31075,99,121,-24,0
31076,100,121,-23,0
31077,101,121,-21,0
31078,102,121,-19,0
31079,103,121,-17,0
31080,104,121,-16,0
31081,105,121,-14,0
31082,106,121,-12,0
31083,107,121,-10,0
31084,108,121,-8,0
31085,109,121,-7,0
31086,110,121,-5,0
31087,111,121,-3,0
31088,112,121,-1,0
31089,113,121,0,0
31090,114,121,0,0
31091,115,121,0,0
31092,116,121,0,0
31093,117,121,0,0
31094,118,121,0,0
31095,119,121,0,0
31096,120,121,0,0
31097,121,121,0,0
31098,122,121,0,0
31099,123,121,0,0
31100,124,121,0,0
31101,125,121,0,0
31102,126,121,0,0
31103,127,121,0,0
31104,128,121,0,0
31105,129,121,0,0
31106,130,121,0,0
31107,131,121,0,0
31108,132,121,0,0
31109,133,121,0,0
31110,134,121,0,0
31111,135,121,0,0
31112,136,121,0,0
31113,137,121,0,0
31114,138,121,0,0
31115,139,121,0,0
31116,140,121,0,0
31117,141,121,0,0
31118,142,121,0,0
31119,143,121,0,0
31120,144,121,1,0
31121,145,121,3,0
31122,146,121,5,0
31123,147,121,7,0
31124,148,121,8,0
31125,149,121,10,0
31126,150,121,12,0
31127,151,121,14,0
31128,152,121,16,0
31129,153,121,17,0
31130,154,121,19,0
31131,155,121,21,0
31132,156,121,23,0
31133,157,121,24,0
31134,158,121,26,0
31135,159,121,28,0
31136,160,121,30,0
31137,161,121,32,0
31138,162,121,33,0
31139,163,121,35,0
31140,164,121,37,0
31141,165,121,39,0
31142,166,121,41,0
31143,167,121,42,0
31144,168,121,44,0
31145,169,121,46,0
31146,170,121,48,0
31147,171,121,49,0
31148,172,121,51,0
31149,173,121,53,0
31150,174,121,55,0
31151,175,121,57,0
31152,176,121,58,0
31153,177,121,60,0
31154,178,121,62,0
31155,179,121,64,0
31156,180,121,66,0
31157,181,121,67,0
31158,182,121,69,0
31159,183,121,71,0
31160,184,121,73,0
31161,185,121,74,0
31162,186,121,76,0
31163,187,121,78,0
31164,188,121,80,0
31165,189,121,82,0
31166,190,121,83,0
31167,191,121,85,0
31168,192,121,87,0
31169,193,121,89,0
31170,194,121,91,0
31171,195,121,92,0
31172,196,121,94,0
31173,197,121,96,0
31174,198,121,98,0
31175,199,121,100,0
31176,200,121,100,0
31177,201,121,100,0
31178,202,121,100,0
31179,203,121,100,0
31180,204,121,100,0
31181,205,121,100,0
31182,206,121,100,0
31183,207,121,100,0
31184,208,121,100,0
31185,209,121,100,0
31186,210,121,100,0
31187,211,121,100,0
31188,212,121,100,0
31189,213,121,100,0
31190,214,121,100,0
31191,215,121,100,0
31192,216,121,100,0
31193,217,121,100,0
31194,218,121,100,0
31195,219,121,100,0
31196,220,121,100,0
31197,221,121,100,0
31198,222,121,100,0
31199,223,121,100,0
31200,224,121,100,0
31201,225,121,100,0
31202,226,121,100,0
31203,227,121,100,0
31204,228,121,100,0
31205,229,121,100,0
31206,230,121,100,0
31207,231,121,100,0
31208,232,121,100,0
31209,233,121,100,0
31210,234,121,100,0
31211,235,121,100,0
31212,236,121,100,0
31213,237,121,100,0
31214,238,121,100,0
31215,239,121,100,0
31216,240,121,100,0
31217,241,121,100,0
31218,242,121,100,0
31219,243,121,100,0
31220,244,121,100,0
31221,245,121,100,0
31222,246,121,100,0
31223,247,121,100,0
31224,248,121,100,0
31225,249,121,100,0
31226,250,121,100,0
31227,251,121,100,0
31228,252,121,100,0
31229,253,121,100,0
31230,254,121,100,0
31231,255,121,100,0
31232,0,122,-100,0
31233,1,122,-100,0
31234,2,122,-100,0
31235,3,122,-100,0
31236,4,122,-100,0
31237,5,122,-100,0
31238,6,122,-100,0
31239,7,122,-100,0
31240,8,122,-100,0
31241,9,122,-100,0
31242,10,122,-100,0
31243,11,122,-100,0
31244,12,122,-100,0
31245,13,122,-100,0
31246,14,122,-100,0
31247,15,122,-100,0
31248,16,122,-100,0
31249,17,122,-100,0
31250,18,122,-100,0
31251,19,122,-100,0
31252,20,122,-100,0
31253,21,122,-100,0
31254,22,122,-100,0
31255,23,122,-100,0
31256,24,122,-100,0
31257,25,122,-100,0
31258,26,122,-100,0
31259,27,122,-100,0
31260,28,122,-100,0
31261,29,122,-100,0
31262,30,122,-100,0
31263,31,122,-100,0
31264,32,122,-100,0
31265,33,122,-100,0
31266,34,122,-100,0
31267,35,122,-100,0
31268,36,122,-100,0
31269,37,122,-100,0
31270,38,122,-100,0
31271,39,122,-100,0
31272,40,122,-100,0
31273,41,122,-100,0
31274,42,122,-100,0
31275,43,122,-100,0
31276,44,122,-100,0
31277,45,122,-100,0
31278,46,122,-100,0
31279,47,122,-100,0
31280,48,122,-100,0
31281,49,122,-100,0
31282,50,122,-100,0
31283,51,122,-100,0
31284,52,122,-100,0
31285,53,122,-100,0
31286,54,122,-100,0
31287,55,122,-100,0
31288,56,122,-100,0
31289,57,122,-100,0
31290,58,122,-98,0
31291,59,122,-96,0
31292,60,122,-94,0
31293,61,122,-92,0
31294,62,122,-91,0
31295,63,122,-89,0
31296,64,122,-87,0
31297,65,122,-85,0
31298,66,122,-83,0
31299,67,122,-82,0
31300,68,122,-80,0
31301,69,122,-78,0
31302,70,122,-76,0
31303,71,122,-74,0
31304,72,122,-73,0
31305,73,122,-71,0
31306,74,122,-69,0
31307,75,122,-67,0
31308,76,122,-66,0
31309,77,122,-64,0
31310,78,122,-62,0
31311,79,122,-60,0
31312,80,122,-58,0
31313,81,122,-57,0
31314,82,122,-55,0
31315,83,122,-53,0
31316,84,122,-51,0
31317,85,122,-49,0
31318,86,122,-48,0
31319,87,122,-46,0
31320,88,122,-44,0
31321,89,122,-42,0
31322,90,122,-41,0
31323,91,122,-39,0
31324,92,122,-37,0
31325,93,122,-35,0
31326,94,122,-33,0
31327,95,122,-32,0
31328,96,122,-30,0
31329,97,122,-28,0
31330,98,122,-26,0
31331,99,122,-24,0
31332,100,122,-23,0
31333,101,122,-21,0
31334,102,122,-19,0
31335,103,122,-17,0
31336,104,122,-16,0
31337,105,122,-14,0
31338,106,122,-12,0
31339,107,122,-10,0
31340,108,122,-8,0
31341,109,122,-7,0
31342,110,122,-5,0
31343,111,122,-3,0
31344,112,122,-1,0
31345,113,122,0,0
31346,114,122,0,0
31347,115,122,0,0
31348,116,122,0,0
31349,117,122,0,0
31350,118,122,0,0
31351,119,122,0,0
31352,120,122,0,0
31353,121,122,0,0
31354,122,122,0,0
31355,123,122,0,0
31356,124,122,0,0
31357,125,122,0,0
31358,126,122,0,0
31359,127,122,0,0
31360,128,122,0,0
31361,129,122,0,0
31362,130,122,0,0
31363,131,122,0,0
31364,132,122,0,0
31365,133,122,0,0
31366,134,122,0,0
31367,135,122,0,0
31368,136,122,0,0
31369,137,122,0,0
31370,138,122,0,0
31371,139,122,0,0
31372,140,122,0,0
31373,141,122,0,0
31374,142,122,0,0
31375,143,122,0,0
31376,144,122,1,0
31377,145,122,3,0
31378,146,122,5,0
31379,147,122,7,0
31380,148,122,8,0
31381,149,122,10,0
31382,150,122,12,0
31383,151,122,14,0
31384,152,122,16,0
31385,153,122,17,0
31386,154,122,19,0
31387,155,122,21,0
31388,156,122,23,0
31389,157,122,24,0
31390,158,122,26,0
31391,159,122,28,0
31392,160,122,30,0
31393,161,122,32,0
31394,162,122,33,0
31395,163,122,35,0
31396,164,122,37,0
31397,165,122,39,0
31398,166,122,41,0
31399,167,122,42,0
31400,168,122,44,0
31401,169,122,46,0
31402,170,122,48,0
31403,171,122,49,0
31404,172,122,51,0
31405,173,122,53,0
31406,174,122,55,0
31407,175,122,57,0
31408,176,122,58,0
31409,177,122,60,0
31410,178,122,62,0
31411,179,122,64,0
31412,180,122,66,0
31413,181,122,67,0
31414,182,122,69,0
31415,183,122,71,0
31416,184,122,73,0
31417,185,122,74,0
31418,186,122,76,0
31419,187,122,78,0
31420,188,122,80,0
31421,189,122,82,0
31422,190,122,83,0
31423,191,122,85,0
31424,192,122,87,0
31425,193,122,89,0
31426,194,122,91,0
31427,195,122,92,0
31428,196,122,94,0
31429,197,122,96,0
31430,198,122,98,0
31431,199,122,100,0
31432,200,122,100,0
31433,201,122,100,0
31434,202,122,100,0
31435,203,122,100,0
31436,204,122,100,0
31437,205,122,100,0
31438,206,122,100,0
31439,207,122,100,0
31440,208,122,100,0
31441,209,122,100,0
31442,210,122,100,0
31443,211,122,100,0
31444,212,122,100,0
31445,213,122,100,0
31446,214,122,100,0
31447,215,122,100,0
31448,216,122,100,0
31449,217,122,100,0
31450,218,122,100,0
31451,219,122,100,0
31452,220,122,100,0
31453,221,122,100,0
31454,222,122,100,0
31455,223,122,100,0
31456,224,122,100,0
31457,225,122,100,0
31458,226,122,100,0
31459,227,122,100,0
31460,228,122,100,0
31461,229,122,100,0
31462,230,122,100,0
31463,231,122,100,0
31464,232,122,100,0
31465,233,122,100,0
31466,234,122,100,0
31467,235,122,100,0
31468,236,122,100,0
31469,237,122,100,0
31470,238,122,100,0
31471,239,122,100,0
31472,240,122,100,0
31473,241,122,100,0
31474,242,122,100,0
31475,243,122,100,0
31476,244,122,100,0
31477,245,122,100,0
31478,246,122,100,0
31479,247,122,100,0
31480,248,122,100,0
31481,249,122,100,0
31482,250,122,100,0
31483,251,122,100,0
31484,252,122,100,0
31485,253,122,100,0
31486,254,122,100,0
31487,255,122,100,0
31488,0,123,-100,0
31489,1,123,-100,0
31490,2,123,-100,0
31491,3,123,-100,0
31492,4,123,-100,0
31493,5,123,-100,0
31494,6,123,-100,0
31495,7,123,-100,0
31496,8,123,-100,0
31497,9,123,-100,0
31498,10,123,-100,0
31499,11,123,-100,0
31500,12,123,-100,0
31501,13,123,-100,0
31502,14,123,-100,0
31503,15,123,-100,0
31504,16,123,-100,0
31505,17,123,-100,0
31506,18,123,-100,0
31507,19,123,-100,0
31508,20,123,-100,0
31509,21,123,-100,0
31510,22,123,-100,0
31511,23,123,-100,0
31512,24,123,-100,0
31513,25,123,-100,0
31514,26,123,-100,0
31515,27,123,-100,0
31516,28,123,-100,0
31517,29,123,-100,0
31518,30,123,-100,0
31519,31,123,-100,0
31520,32,123,-100,0
31521,33,123,-100,0
31522,34,123,-100,0
31523,35,123,-100,0
31524,36,123,-100,0
31525,37,123,-100,0
31526,38,123,-100,0
31527,39,123,-100,0
31528,40,123,-100,0
31529,41,123,-100,0
31530,42,123,-100,0
31531,43,123,-100,0
31532,44,123,-100,0
31533,45,123,-100,0
31534,46,123,-100,0
31535,47,123,-100,0
31536,48,123,-100,0
31537,49,123,-100,0
31538,50,123,-100,0
31539,51,123,-100,0
31540,52,123,-100,0
31541,53,123,-100,0
31542,54,123,-100,0
31543,55,123,-100,0
31544,56,123,-100,0
31545,57,123,-100,0
31546,58,123,-98,0
31547,59,123,-96,0
31548,60,123,-94,0
31549,61,123,-92,0
31550,62,123,-91,0
31551,63,123,-89,0
31552,64,123,-87,0
31553,65,123,-85,0
31554,66,123,-83,0
31555,67,123,-82,0
31556,68,123,-80,0
31557,69,123,-78,0
31558,70,123,-76,0
31559,71,123,-74,0
31560,72,123,-73,0
31561,73,123,-71,0
31562,74,123,-69,0
31563,75,123,-67,0
31564,76,123,-66,0
31565,77,123,-64,0
31566,78,123,-62,0
31567,79,123,-60,0
31568,80,123,-58,0
31569,81,123,-57,0
31570,82,123,-55,0
31571,83,123,-53,0
31572,84,123,-51,0
31573,85,123,-49,0
31574,86,123,-48,0
31575,87,123,-46,0
31576,88,123,-44,0
31577,89,123,-42,0
31578,90,123,-41,0
31579,91,123,-39,0
31580,92,123,-37,0
31581,93,123,-35,0
31582,94,123,-33,0
31583,95,123,-32,0
31584,96,123,-30,0
31585,97,123,-28,0
31586,98,123,-26,0
31587,99,123,-24,0
31588,100,123,-23,0
31589,101,123,-21,0
31590,102,123,-19,0
31591,103,123,-17,0
31592,104,123,-16,0
31593,105,123,-14,0
31594,106,123,-12,0
31595,107,123,-10,0
31596,108,123,-8,0
31597,109,123,-7,0
31598,110,123,-5,0
31599,111,123,-3,0
31600,112,123,-1,0
31601,113,123,0,0
31602,114,123,0,0
31603,115,123,0,0
31604,116,123,0,0
31605,117,123,0,0
31606,118,123,0,0
31607,119,123,0,0
31608,120,123,0,0
31609,121,123,0,0
31610,122,123,0,0
31611,123,123,0,0
31612,124,123,0,0
31613,125,123,0,0
31614,126,123,0,0
31615,127,123,0,0
31616,128,123,0,0
31617,129,123,0,0
31618,130,123,0,0
31619,131,123,0,0
31620,132,123,0,0
31621,133,123,0,0
31622,134,123,0,0
31623,135,123,0,0
31624,136,123,0,0
31625,137,123,0,0
31626,138,123,0,0
31627,139,123,0,0
31628,140,123,0,0
31629,141,123,0,0
31630,142,123,0,0
31631,143,123,0,0
31632,144,123,1,0
31633,145,123,3,0
31634,146,123,5,0
31635,147,123,7,0
31636,148,123,8,0
31637,149,123,10,0
31638,150,123,12,0
31639,151,123,14,0
31640,152,123,16,0
31641,153,123,17,0
31642,154,123,19,0
31643,155,123,21,0
31644,156,123,23,0
31645,157,123,24,0
31646,158,123,26,0
31647,159,123,28,0
31648,160,123,30,0
31649,161,123,32,0
31650,162,123,33,0
31651,163,123,35,0
31652,164,123,37,0
31653,165,123,39,0
31654,166,123,41,0
31655,167,123,42,0
31656,168,123,44,0
31657,169,123,46,0
31658,170,123,48,0
31659,171,123,49,0
31660,172,123,51,0
31661,173,123,53,0
31662,174,123,55,0
31663,175,123,57,0
31664,176,123,58,0
31665,177,123,60,0
31666,178,123,62,0
31667,179,123,64,0
31668,180,123,66,0
31669,181,123,67,0
31670,182,123,69,0
31671,183,123,71,0
31672,184,123,73,0
31673,185,123,74,0
31674,186,123,76,0
31675,187,123,78,0
31676,188,123,80,0
31677,189,123,82,0
31678,190,123,83,0
31679,191,123,85,0
31680,192,123,87,0
31681,193,123,89,0
31682,194,123,91,0
31683,195,123,92,0
31684,196,123,94,0
31685,197,123,96,0
31686,198,123,98,0
31687,199,123,100,0
31688,200,123,100,0
31689,201,123,100,0
31690,202,123,100,0
31691,203,123,100,0
31692,204,123,100,0
31693,205,123,100,0
31694,206,123,100,0
31695,207,123,100,0
31696,208,123,100,0
31697,209,123,100,0
31698,210,123,100,0
31699,211,123,100,0
31700,212,123,100,0
31701,213,123,100,0
31702,214,123,100,0
31703,215,123,100,0
31704,216,123,100,0
31705,217,123,100,0
31706,218,123,100,0
31707,219,123,100,0
31708,220,123,100,0
31709,221,123,100,0
31710,222,123,100,0
31711,223,123,100,0
31712,224,123,100,0
31713,225,123,100,0
31714,226,123,100,0
31715,227,123,100,0
31716,228,123,100,0
31717,229,123,100,0
31718,230,123,100,0
31719,231,123,100,0
31720,232,123,100,0
31721,233,123,100,0
31722,234,123,100,0
31723,235,123,100,0
31724,236,123,100,0
31725,237,123,100,0
31726,238,123,100,0
31727,239,123,100,0
31728,240,123,100,0
31729,241,123,100,0
31730,242,123,100,0
31731,243,123,100,0
31732,244,123,100,0
31733,245,123,100,0
31734,246,123,100,0
31735,247,123,100,0
31736,248,123,100,0
31737,249,123,100,0
31738,250,123,100,0
31739,251,123,100,0
31740,252,123,100,0
31741,253,123,100,0
31742,254,123,100,0
31743,255,123,100,0
31744,0,124,-100,0
31745,1,124,-100,0
31746,2,124,-100,0
31747,3,124,-100,0
31748,4,124,-100,0
31749,5,124,-100,0
31750,6,124,-100,0
31751,7,124,-100,0
31752,8,124,-100,0
31753,9,124,-100,0
31754,10,124,-100,0
31755,11,124,-100,0
31756,12,124,-100,0
31757,13,124,-100,0
31758,14,124,-100,0
31759,15,124,-100,0
31760,16,124,-100,0
31761,17,124,-100,0
31762,18,124,-100,0
31763,19,124,-100,0
31764,20,124,-100,0
31765,21,124,-100,0
31766,22,124,-100,0
31767,23,124,-100,0
31768,24,124,-100,0
31769,25,124,-100,0
31770,26,124,-100,0
31771,27,124,-100,0
31772,28,124,-100,0
31773,29,124,-100,0
31774,30,124,-100,0
31775,31,124,-100,0
31776,32,124,-100,0
31777,33,124,-100,0
31778,34,124,-100,0
31779,35,124,-100,0
31780,36,124,-100,0
31781,37,124,-100,0
31782,38,124,-100,0
31783,39,124,-100,0
31784,40,124,-100,0
31785,41,124,-100,0
31786,42,124,-100,0
31787,43,124,-100,0
31788,44,124,-100,0
31789,45,124,-100,0
31790,46,124,-100,0
31791,47,124,-100,0
31792,48,124,-100,0
31793,49,124,-100,0
31794,50,124,-100,0
31795,51,124,-100,0
31796,52,124,-100,0
31797,53,124,-100,0
31798,54,124,-100,0
31799,55,124,-100,0
31800,56,124,-100,0
31801,57,124,-100,0
31802,58,124,-98,0
31803,59,124,-96,0
31804,60,124,-94,0
31805,61,124,-92,0
31806,62,124,-91,0
31807,63,124,-89,0
31808,64,124,-87,0
31809,65,124,-85,0
31810,66,124,-83,0
31811,67,124,-82,0
31812,68,124,-80,0
31813,69,124,-78,0
31814,70,124,-76,0
31815,71,124,-74,0
31816,72,124,-73,0
31817,73,124,-71,0
31818,74,124,-69,0
31819,75,124,-67,0
31820,76,124,-66,0
31821,77,124,-64,0
31822,78,124,-62,0
31823,79,124,-60,0
31824,80,124,-58,0
31825,81,124,-57,0
31826,82,124,-55,0
31827,83,124,-53,0
31828,84,124,-51,0
31829,85,124,-49,0
31830,86,124,-48,0
31831,87,124,-46,0
31832,88,124,-44,0
31833,89,124,-42,0
31834,90,124,-41,0
31835,91,124,-39,0
31836,92,124,-37,0
31837,93,124,-35,0
31838,94,124,-33,0
31839,95,124,-32,0
31840,96,124,-30,0
31841,97,124,-28,0
31842,98,124,-26,0
31843,99,124,-24,0
31844,100,124,-23,0
31845,101,124,-21,0
31846,102,124,-19,0
31847,103,124,-17,0
31848,104,124,-16,0
31849,105,124,-14,0
31850,106,124,-12,0
31851,107,124,-10,0
31852,108,124,-8,0
31853,109,124,-7,0
31854,110,124,-5,0
31855,111,124,-3,0
31856,112,124,-1,0
31857,113,124,0,0
31858,114,124,0,0
31859,115,124,0,0
31860,116,124,0,0
31861,117,124,0,0
31862,118,124,0,0
31863,119,124,0,0
31864,120,124,0,0
31865,121,124,0,0
31866,122,124,0,0
31867,123,124,0,0
31868,124,124,0,0
31869,125,124,0,0
31870,126,124,0,0
31871,127,124,0,0
31872,128,124,0,0
31873,129,124,0,0
31874,130,124,0,0
31875,131,124,0,0
31876,132,124,0,0
31877,133,124,0,0
31878,134,124,0,0
31879,135,124,0,0
31880,136,124,0,0
31881,137,124,0,0
31882,138,124,0,0
31883,139,124,0,0
31884,140,124,0,0
31885,141,124,0,0
31886,142,124,0,0
31887,143,124,0,0
31888,144,124,1,0
31889,145,124,3,0
31890,146,124,5,0
31891,147,124,7,0
31892,148,124,8,0
31893,149,124,10,0
31894,150,124,12,0
31895,151,124,14,0
31896,152,124,16,0
31897,153,124,17,0
31898,154,124,19,0
31899,155,124,21,0
31900,156,124,23,0
31901,157,124,24,0
31902,158,124,26,0
31903,159,124,28,0
31904,160,124,30,0
31905,161,124,32,0
31906,162,124,33,0
31907,163,124,35,0
31908,164,124,37,0
31909,165,124,39,0
31910,166,124,41,0
31911,167,124,42,0
31912,168,124,44,0
31913,169,124,46,0
31914,170,124,48,0
31915,171,124,49,0
31916,172,124,51,0
31917,173,124,53,0
31918,174,124,55,0
31919,175,124,57,0
31920,176,124,58,0
31921,177,124,60,0
31922,178,124,62,0
31923,179,124,64,0
31924,180,124,66,0
31925,181,124,67,0
31926,182,124,69,0
31927,183,124,71,0
31928,184,124,73,0
31929,185,124,74,0
31930,186,124,76,0
31931,187,124,78,0
31932,188,124,80,0
31933,189,124,82,0
31934,190,124,83,0
31935,191,124,85,0
31936,192,124,87,0
31937,193,124,89,0
31938,194,124,91,0
31939,195,124,92,0
31940,196,124,94,0
31941,197,124,96,0
31942,198,124,98,0
31943,199,124,100,0
31944,200,124,100,0
31945,201,124,100,0
31946,202,124,100,0
31947,203,124,100,0
31948,204,124,100,0
31949,205,124,100,0
31950,206,124,100,0
31951,207,124,100,0
31952,208,124,100,0
31953,209,124,100,0
31954,210,124,100,0
31955,211,124,100,0
31956,212,124,100,0
31957,213,124,100,0
31958,214,124,100,0
31959,215,124,100,0
31960,216,124,100,0
31961,217,124,100,0
31962,218,124,100,0
31963,219,124,100,0
31964,220,124,100,0
31965,221,124,100,0
31966,222,124,100,0
31967,223,124,100,0
31968,224,124,100,0
31969,225,124,100,0
31970,226,124,100,0
31971,227,124,100,0
31972,228,124,100,0
31973,229,124,100,0
31974,230,124,100,0
31975,231,124,100,0
31976,232,124,100,0
31977,233,124,100,0
31978,234,124,100,0
31979,235,124,100,0
31980,236,124,100,0
31981,237,124,100,0
31982,238,124,100,0
31983,239,124,100,0
31984,240,124,100,0
31985,241,124,100,0
31986,242,124,100,0
31987,243,124,100,0
31988,244,124,100,0
31989,245,124,100,0
31990,246,124,100,0
31991,247,124,100,0
31992,248,124,100,0
31993,249,124,100,0
31994,250,124,100,0
31995,251,124,100,0
31996,252,124,100,0
31997,253,124,100,0
31998,254,124,100,0
31999,255,124,100,0
32000,0,125,-100,0
32001,1,125,-100,0
32002,2,125,-100,0
32003,3,125,-100,0
32004,4,125,-100,0
32005,5,125,-100,0
32006,6,125,-100,0
32007,7,125,-100,0
32008,8,125,-100,0
32009,9,125,-100,0
32010,10,125,-100,0
32011,11,125,-100,0
32012,12,125,-100,0
32013,13,125,-100,0
32014,14,125,-100,0
32015,15,125,-100,0
32016,16,125,-100,0
32017,17,125,-100,0
32018,18,125,-100,0
32019,19,125,-100,0
32020,20,125,-100,0
32021,21,125,-100,0
32022,22,125,-100,0
32023,23,125,-100,0
32024,24,125,-100,0
32025,25,125,-100,0
32026,26,125,-100,0
32027,27,125,-100,0
32028,28,125,-100,0
32029,29,125,-100,0
32030,30,125,-100,0
32031,31,125,-100,0
32032,32,125,-100,0
32033,33,125,-100,0
32034,34,125,-100,0
32035,35,125,-100,0
32036,36,125,-100,0
32037,37,125,-100,0
32038,38,125,-100,0
32039,39,125,-100,0
32040,40,125,-100,0
32041,41,125,-100,0
32042,42,125,-100,0
32043,43,125,-100,0
32044,44,125,-100,0
32045,45,125,-100,0
32046,46,125,-100,0
32047,47,125,-100,0
32048,48,125,-100,0
32049,49,125,-100,0
32050,50,125,-100,0
32051,51,125,-100,0
32052,52,125,-100,0
32053,53,125,-100,0
32054,54,125,-100,0
32055,55,125,-100,0
32056,56,125,-100,0
32057,57,125,-100,0
32058,58,125,-98,0
32059,59,125,-96,0
32060,60,125,-94,0
32061,61,125,-92,0
32062,62,125,-91,0
32063,63,125,-89,0
32064,64,125,-87,0
32065,65,125,-85,0
32066,66,125,-83,0
32067,67,125,-82,0
32068,68,125,-80,0
32069,69,125,-78,0
32070,70,125,-76,0
32071,71,125,-74,0
32072,72,125,-73,0
32073,73,125,-71,0
32074,74,125,-69,0
32075,75,125,-67,0
32076,76,125,-66,0
32077,77,125,-64,0
32078,78,125,-62,0
32079,79,125,-60,0
32080,80,125,-58,0
32081,81,125,-57,0
32082,82,125,-55,0
32083,83,125,-53,0
32084,84,125,-51,0
32085,85,125,-49,0
32086,86,125,-48,0
32087,87,125,-46,0
32088,88,125,-44,0
32089,89,125,-42,0
32090,90,125,-41,0
32091,91,125,-39,0
32092,92,125,-37,0
32093,93,125,-35,0
32094,94,125,-33,0
32095,95,125,-32,0
32096,96,125,-30,0
32097,97,125,-28,0
32098,98,125,-26,0
32099,99,125,-24,0
32100,100,125,-23,0
32101,101,125,-21,0
32102,102,125,-19,0
32103,103,125,-17,0
32104,104,125,-16,0
32105,105,125,-14,0
32106,106,125,-12,0
32107,107,125,-10,0
32108,108,125,-8,0
32109,109,125,-7,0
32110,110,125,-5,0
32111,111,125,-3,0
32112,112,125,-1,0
32113,113,125,0,0
32114,114,125,0,0
32115,115,125,0,0
32116,116,125,0,0
32117,117,125,0,0
32118,118,125,0,0
32119,119,125,0,0
32120,120,125,0,0
32121,121,125,0,0
32122,122,125,0,0
32123,123,125,0,0
32124,124,125,0,0
32125,125,125,0,0
32126,126,125,0,0
32127,127,125,0,0
32128,128,125,0,0
32129,129,125,0,0
32130,130,125,0,0
32131,131,125,0,0
32132,132,125,0,0
32133,133,125,0,0
32134,134,125,0,0
32135,135,125,0,0
32136,136,125,0,0
32137,137,125,0,0
32138,138,125,0,0
32139,139,125,0,0
32140,140,125,0,0
32141,141,125,0,0
32142,142,125,0,0
32143,143,125,0,0
32144,144,125,1,0
32145,145,125,3,0
32146,146,125,5,0
32147,147,125,7,0
32148,148,125,8,0
32149,149,125,10,0
32150,150,125,12,0
32151,151,125,14,0
32152,152,125,16,0
32153,153,125,17,0
32154,154,125,19,0
32155,155,125,21,0
32156,156,125,23,0
32157,157,125,24,0
32158,158,125,26,0
32159,159,125,28,0
32160,160,125,30,0
32161,161,125,32,0
32162,162,125,33,0
32163,163,125,35,0
32164,164,125,37,0
32165,165,125,39,0
32166,166,125,41,0
32167,167,125,42,0
32168,168,125,44,0
32169,169,125,46,0
32170,170,125,48,0
32171,171,125,49,0
32172,172,125,51,0
32173,173,125,53,0
32174,174,125,55,0
32175,175,125,57,0
32176,176,125,58,0
32177,177,125,60,0
32178,178,125,62,0
32179,179,125,64,0
32180,180,125,66,0
32181,181,125,67,0
32182,182,125,69,0
32183,183,125,71,0
32184,184,125,73,0
32185,185,125,74,0
32186,186,125,76,0
32187,187,125,78,0
32188,188,125,80,0
32189,189,125,82,0
32190,190,125,83,0
32191,191,125,85,0
32192,192,125,87,0
32193,193,125,89,0
32194,194,125,91,0
32195,195,125,92,0
32196,196,125,94,0
32197,197,125,96,0
32198,198,125,98,0
32199,199,125,100,0
32200,200,125,100,0
32201,201,125,100,0
32202,202,125,100,0
32203,203,125,100,0
32204,204,125,100,0
32205,205,125,100,0
32206,206,125,100,0
32207,207,125,100,0
32208,208,125,100,0
32209,209,125,100,0
32210,210,125,100,0
32211,211,125,100,0
32212,212,125,100,0
32213,213,125,100,0
32214,214,125,100,0
32215,215,125,100,0
32216,216,125,100,0
32217,217,125,100,0
32218,218,125,100,0
32219,219,125,100,0
32220,220,125,100,0
32221,221,125,100,0
32222,222,125,100,0
32223,223,125,100,0
32224,224,125,100,0
32225,225,125,100,0
32226,226,125,100,0
32227,227,125,100,0
32228,228,125,100,0
32229,229,125,100,0
32230,230,125,100,0
32231,231,125,100,0
32232,232,125,100,0
32233,233,125,100,0
32234,234,125,100,0
32235,235,125,100,0
32236,236,125,100,0
32237,237,125,100,0
32238,238,125,100,0
32239,239,125,100,0
32240,240,125,100,0
32241,241,125,100,0
32242,242,125,100,0
32243,243,125,100,0
32244,244,125,100,0
32245,245,125,100,0
32246,246,125,100,0
32247,247,125,100,0
32248,248,125,100,0
32249,249,125,100,0
32250,250,125,100,0
32251,251,125,100,0
32252,252,125,100,0
32253,253,125,100,0
32254,254,125,100,0
32255,255,125,100,0
32256,0,126,-100,0
32257,1,126,-100,0
32258,2,126,-100,0
32259,3,126,-100,0
32260,4,126,-100,0
32261,5,126,-100,0
32262,6,126,-100,0
32263,7,126,-100,0
32264,8,126,-100,0
32265,9,126,-100,0
32266,10,126,-100,0
32267,11,126,-100,0
32268,12,126,-100,0
32269,13,126,-100,0
32270,14,126,-100,0
32271,15,126,-100,0
32272,16,126,-100,0
32273,17,126,-100,0
32274,18,126,-100,0
32275,19,126,-100,0
32276,20,126,-100,0
32277,21,126,-100,0
32278,22,126,-100,0
32279,23,126,-100,0
32280,24,126,-100,0
32281,25,126,-100,0
32282,26,126,-100,0
32283,27,126,-100,0
32284,28,126,-100,0
32285,29,126,-100,0
32286,30,126,-100,0
32287,31,126,-100,0
32288,32,126,-100,0
32289,33,126,-100,0
32290,34,126,-100,0
32291,35,126,-100,0
32292,36,126,-100,0
32293,37,126,-100,0
32294,38,126,-100,0
32295,39,126,-100,0
32296,40,126,-100,0
32297,41,126,-100,0
32298,42,126,-100,0
32299,43,126,-100,0
32300,44,126,-100,0
32301,45,126,-100,0
32302,46,126,-100,0
32303,47,126,-100,0
32304,48,126,-100,0
32305,49,126,-100,0
32306,50,126,-100,0
32307,51,126,-100,0
32308,52,126,-100,0
32309,53,126,-100,0
32310,54,126,-100,0
32311,55,126,-100,0
32312,56,126,-100,0
32313,57,126,-100,0
32314,58,126,-98,0
32315,59,126,-96,0
32316,60,126,-94,0
32317,61,126,-92,0
32318,62,126,-91,0
32319,63,126,-89,0
32320,64,126,-87,0
32321,65,126,-85,0
32322,66,126,-83,0
32323,67,126,-82,0
32324,68,126,-80,0
32325,69,126,-78,0
32326,70,126,-76,0
32327,71,126,-74,0
32328,72,126,-73,0
32329,73,126,-71,0
32330,74,126,-69,0
32331,75,126,-67,0
32332,76,126,-66,0
32333,77,126,-64,0
32334,78,126,-62,0
32335,79,126,-60,0
32336,80,126,-58,0
32337,81,126,-57,0
32338,82,126,-55,0
32339,83,126,-53,0
32340,84,126,-51,0
32341,85,126,-49,0
32342,86,126,-48,0
32343,87,126,-46,0
32344,88,126,-44,0
32345,89,126,-42,0
32346,90,126,-41,0
32347,91,126,-39,0
32348,92,126,-37,0
32349,93,126,-35,0
32350,94,126,-33,0
32351,95,126,-32,0
32352,96,126,-30,0
32353,97,126,-28,0
32354,98,126,-26,0
32355,99,126,-24,0
32356,100,126,-23,0
32357,101,126,-21,0
32358,102,126,-19,0
32359,103,126,-17,0
32360,104,126,-16,0
32361,105,126,-14,0
32362,106,126,-12,0
32363,107,126,-10,0
32364,108,126,-8,0
32365,109,126,-7,0
32366,110,126,-5,0
32367,111,126,-3,0
32368,112,126,-1,0
32369,113,126,0,0
32370,114,126,0,0
32371,115,126,0,0
32372,116,126,0,0
32373,117,126,0,0
32374,118,126,0,0
32375,119,126,0,0
32376,120,126,0,0
32377,121,126,0,0
32378,122,126,0,0
32379,123,126,0,0
32380,124,126,0,0
32381,125,126,0,0
32382,126,126,0,0
32383,127,126,0,0
32384,128,126,0,0
32385,129,126,0,0
32386,130,126,0,0
32387,131,126,0,0
32388,132,126,0,0
32389,133,126,0,0
32390,134,126,0,0
32391,135,126,0,0
32392,136,126,0,0
32393,137,126,0,0
32394,138,126,0,0
32395,139,126,0,0
32396,140,126,0,0
32397,141,126,0,0
32398,142,126,0,0
32399,143,126,0,0
32400,144,126,1,0
32401,145,126,3,0
32402,146,126,5,0
32403,147,126,7,0
32404,148,126,8,0
32405,149,126,10,0
32406,150,126,12,0
32407,151,126,14,0
32408,152,126,16,0
32409,153,126,17,0
32410,154,126,19,0
32411,155,126,21,0
32412,156,126,23,0
32413,157,126,24,0
32414,158,126,26,0
32415,159,126,28,0
32416,160,126,30,0
32417,161,126,32,0
32418,162,126,33,0
32419,163,126,35,0
32420,164,126,37,0
32421,165,126,39,0
32422,166,126,41,0
32423,167,126,42,0
32424,168,126,44,0
32425,169,126,46,0
32426,170,126,48,0
32427,171,126,49,0
32428,172,126,51,0
32429,173,126,53,0
32430,174,126,55,0
32431,175,126,57,0
32432,176,126,58,0
32433,177,126,60,0
32434,178,126,62,0
32435,179,126,64,0
32436,180,126,66,0
32437,181,126,67,0
32438,182,126,69,0
32439,183,126,71,0
32440,184,126,73,0
32441,185,126,74,0
32442,186,126,76,0
32443,187,126,78,0
32444,188,126,80,0
32445,189,126,82,0
32446,190,126,83,0
32447,191,126,85,0
32448,192,126,87,0
32449,193,126,89,0
32450,194,126,91,0
32451,195,126,92,0
32452,196,126,94,0
32453,197,126,96,0
32454,198,126,98,0
32455,199,126,100,0
32456,200,126,100,0
32457,201,126,100,0
32458,202,126,100,0
32459,203,126,100,0
32460,204,126,100,0
32461,205,126,100,0
32462,206,126,100,0
32463,207,126,100,0
32464,208,126,100,0
32465,209,126,100,0
32466,210,126,100,0
32467,211,126,100,0
32468,212,126,100,0
32469,213,126,100,0
32470,214,126,100,0
32471,215,126,100,0
32472,216,126,100,0
32473,217,126,100,0
32474,218,126,100,0
32475,219,126,100,0
32476,220,126,100,0
32477,221,126,100,0
32478,222,126,100,0
32479,223,126,100,0
32480,224,126,100,0
32481,225,126,100,0
32482,226,126,100,0
32483,227,126,100,0
32484,228,126,100,0
32485,229,126,100,0
32486,230,126,100,0
32487,231,126,100,0
32488,232,126,100,0
32489,233,126,100,0
32490,234,126,100,0
32491,235,126,100,0
32492,236,126,100,0
32493,237,126,100,0
32494,238,126,100,0
32495,239,126,100,0
32496,240,126,100,0
32497,241,126,100,0
32498,242,126,100,0
32499,243,126,100,0
32500,244,126,100,0
32501,245,126,100,0
32502,246,126,100,0
32503,247,126,100,0
32504,248,126,100,0
32505,249,126,100,0
32506,250,126,100,0
32507,251,126,100,0
32508,252,126,100,0
32509,253,126,100,0
32510,254,126,100,0
32511,255,126,100,0
32512,0,127,-100,0
32513,1,127,-100,0
32514,2,127,-100,0
32515,3,127,-100,0
32516,4,127,-100,0
32517,5,127,-100,0
32518,6,127,-100,0
32519,7,127,-100,0
32520,8,127,-100,0
32521,9,127,-100,0
32522,10,127,-100,0
32523,11,127,-100,0
32524,12,127,-100,0
32525,13,127,-100,0
32526,14,127,-100,0
32527,15,127,-100,0
32528,16,127,-100,0
32529,17,127,-100,0
32530,18,127,-100,0
32531,19,127,-100,0
32532,20,127,-100,0
32533,21,127,-100,0
32534,22,127,-100,0
32535,23,127,-100,0
32536,24,127,-100,0
32537,25,127,-100,0
32538,26,127,-100,0
32539,27,127,-100,0
32540,28,127,-100,0
32541,29,127,-100,0
32542,30,127,-100,0
32543,31,127,-100,0
32544,32,127,-100,0
32545,33,127,-100,0
32546,34,127,-100,0
32547,35,127,-100,0
32548,36,127,-100,0
32549,37,127,-100,0
32550,38,127,-100,0
32551,39,127,-100,0
32552,40,127,-100,0
32553,41,127,-100,0
32554,42,127,-100,0
32555,43,127,-100,0
32556,44,127,-100,0
32557,45,127,-100,0
32558,46,127,-100,0
32559,47,127,-100,0
32560,48,127,-100,0
32561,49,127,-100,0
32562,50,127,-100,0
32563,51,127,-100,0
32564,52,127,-100,0
32565,53,127,-100,0
32566,54,127,-100,0
32567,55,127,-100,0
32568,56,127,-100,0
32569,57,127,-100,0
32570,58,127,-98,0
32571,59,127,-96,0
32572,60,127,-94,0
32573,61,127,-92,0
32574,62,127,-91,0
32575,63,127,-89,0
32576,64,127,-87,0
32577,65,127,-85,0
32578,66,127,-83,0
32579,67,127,-82,0
32580,68,127,-80,0
32581,69,127,-78,0
32582,70,127,-76,0
32583,71,127,-74,0
32584,72,127,-73,0
32585,73,127,-71,0
32586,74,127,-69,0
32587,75,127,-67,0
32588,76,127,-66,0
32589,77,127,-64,0
32590,78,127,-62,0
32591,79,127,-60,0
32592,80,127,-58,0
32593,81,127,-57,0
32594,82,127,-55,0
32595,83,127,-53,0
32596,84,127,-51,0
32597,85,127,-49,0
32598,86,127,-48,0
32599,87,127,-46,0
32600,88,127,-44,0
32601,89,127,-42,0
32602,90,127,-41,0
32603,91,127,-39,0
32604,92,127,-37,0
32605,93,127,-35,0
32606,94,127,-33,0
32607,95,127,-32,0
32608,96,127,-30,0
32609,97,127,-28,0
32610,98,127,-26,0
32611,99,127,-24,0
32612,100,127,-23,0
32613,101,127,-21,0
32614,102,127,-19,0
32615,103,127,-17,0
32616,104,127,-16,0
32617,105,127,-14,0
32618,106,127,-12,0
32619,107,127,-10,0
32620,108,127,-8,0
32621,109,127,-7,0
32622,110,127,-5,0
32623,111,127,-3,0
32624,112,127,-1,0
32625,113,127,0,0
32626,114,127,0,0
32627,115,127,0,0
32628,116,127,0,0
32629,117,127,0,0
32630,118,127,0,0
32631,119,127,0,0
32632,120,127,0,0
32633,121,127,0,0
32634,122,127,0,0
32635,123,127,0,0
32636,124,127,0,0
32637,125,127,0,0
32638,126,127,0,0
32639,127,127,0,0
32640,128,127,0,0
32641,129,127,0,0
32642,130,127,0,0
32643,131,127,0,0
32644,132,127,0,0
32645,133,127,0,0
32646,134,127,0,0
32647,135,127,0,0
32648,136,127,0,0
32649,137,127,0,0
32650,138,127,0,0
32651,139,127,0,0
32652,140,127,0,0
32653,141,127,0,0
32654,142,127,0,0
32655,143,127,0,0
32656,144,127,1,0
32657,145,127,3,0
32658,146,127,5,0
32659,147,127,7,0
32660,148,127,8,0
32661,149,127,10,0
32662,150,127,12,0
32663,151,127,14,0
32664,152,127,16,0
32665,153,127,17,0
32666,154,127,19,0
32667,155,127,21,0
32668,156,127,23,0
32669,157,127,24,0
32670,158,127,26,0
32671,159,127,28,0
32672,160,127,30,0
32673,161,127,32,0
32674,162,127,33,0
32675,163,127,35,0
32676,164,127,37,0
32677,165,127,39,0
32678,166,127,41,0
32679,167,127,42,0
32680,168,127,44,0
32681,169,127,46,0
32682,170,127,48,0
32683,171,127,49,0
32684,172,127,51,0
32685,173,127,53,0
32686,174,127,55,0
32687,175,127,57,0
32688,176,127,58,0
32689,177,127,60,0
32690,178,127,62,0
32691,179,127,64,0
32692,180,127,66,0
32693,181,127,67,0
32694,182,127,69,0
32695,183,127,71,0
32696,184,127,73,0
32697,185,127,74,0
32698,186,127,76,0
32699,187,127,78,0
32700,188,127,80,0
32701,189,127,82,0
32702,190,127,83,0
32703,191,127,85,0
32704,192,127,87,0
32705,193,127,89,0
32706,194,127,91,0
32707,195,127,92,0
32708,196,127,94,0
32709,197,127,96,0
32710,198,127,98,0
32711,199,127,100,0
32712,200,127,100,0
32713,201,127,100,0
32714,202,127,100,0
32715,203,127,100,0
32716,204,127,100,0
32717,205,127,100,0
32718,206,127,100,0
32719,207,127,100,0
32720,208,127,100,0
32721,209,127,100,0
32722,210,127,100,0
32723,211,127,100,0
32724,212,127,100,0
32725,213,127,100,0
32726,214,127,100,0
32727,215,127,100,0
32728,216,127,100,0
32729,217,127,100,0
32730,218,127,100,0
32731,219,127,100,0
32732,220,127,100,0
32733,221,127,100,0
32734,222,127,100,0
32735,223,127,100,0
32736,224,127,100,0
32737,225,127,100,0
32738,226,127,100,0
32739,227,127,100,0
32740,228,127,100,0
32741,229,127,100,0
32742,230,127,100,0
32743,231,127,100,0
32744,232,127,100,0
32745,233,127,100,0
32746,234,127,100,0
32747,235,127,100,0
32748,236,127,100,0
32749,237,127,100,0
32750,238,127,100,0
32751,239,127,100,0
32752,240,127,100,0
32753,241,127,100,0
32754,242,127,100,0
32755,243,127,100,0
32756,244,127,100,0
32757,245,127,100,0
32758,246,127,100,0
32759,247,127,100,0
32760,248,127,100,0
32761,249,127,100,0
32762,250,127,100,0
32763,251,127,100,0
32764,252,127,100,0
32765,253,127,100,0
32766,254,127,100,0
32767,255,127,100,0
32768,0,128,-100,0
32769,1,128,-100,0
32770,2,128,-100,0
32771,3,128,-100,0
32772,4,128,-100,0
32773,5,128,-100,0
32774,6,128,-100,0
32775,7,128,-100,0
32776,8,128,-100,0
32777,9,128,-100,0
32778,10,128,-100,0
32779,11,128,-100,0
32780,12,128,-100,0
32781,13,128,-100,0
32782,14,128,-100,0
32783,15,128,-100,0
32784,16,128,-100,0
32785,17,128,-100,0
32786,18,128,-100,0
32787,19,128,-100,0
32788,20,128,-100,0
32789,21,128,-100,0
32790,22,128,-100,0
32791,23,128,-100,0
32792,24,128,-100,0
32793,25,128,-100,0
32794,26,128,-100,0
32795,27,128,-100,0
32796,28,128,-100,0
32797,29,128,-100,0
32798,30,128,-100,0
32799,31,128,-100,0
32800,32,128,-100,0
32801,33,128,-100,0
32802,34,128,-100,0
32803,35,128,-100,0
32804,36,128,-100,0
32805,37,128,-100,0
32806,38,128,-100,0
32807,39,128,-100,0
32808,40,128,-100,0
32809,41,128,-100,0
32810,42,128,-100,0
32811,43,128,-100,0
32812,44,128,-100,0
32813,45,128,-100,0
32814,46,128,-100,0
32815,47,128,-100,0
32816,48,128,-100,0
32817,49,128,-100,0
32818,50,128,-100,0
32819,51,128,-100,0
32820,52,128,-100,0
32821,53,128,-100,0
32822,54,128,-100,0
32823,55,128,-100,0
32824,56,128,-100,0
32825,57,128,-100,0
32826,58,128,-98,0
32827,59,128,-96,0
32828,60,128,-94,0
32829,61,128,-92,0
32830,62,128,-91,0
32831,63,128,-89,0
32832,64,128,-87,0
32833,65,128,-85,0
32834,66,128,-83,0
32835,67,128,-82,0
32836,68,128,-80,0
32837,69,128,-78,0
32838,70,128,-76,0
32839,71,128,-74,0
32840,72,128,-73,0
32841,73,128,-71,0
32842,74,128,-69,0
32843,75,128,-67,0
32844,76,128,-66,0
32845,77,128,-64,0
32846,78,128,-62,0
32847,79,128,-60,0
32848,80,128,-58,0
32849,81,128,-57,0
32850,82,128,-55,0
32851,83,128,-53,0
32852,84,128,-51,0
32853,85,128,-49,0
32854,86,128,-48,0
32855,87,128,-46,0
32856,88,128,-44,0
32857,89,128,-42,0
32858,90,128,-41,0
32859,91,128,-39,0
32860,92,128,-37,0
32861,93,128,-35,0
32862,94,128,-33,0
32863,95,128,-32,0
32864,96,128,-30,0
32865,97,128,-28,0
32866,98,128,-26,0
32867,99,128,-24,0
32868,100,128,-23,0
32869,101,128,-21,0
32870,102,128,-19,0
32871,103,128,-17,0
32872,104,128,-16,0
32873,105,128,-14,0
32874,106,128,-12,0
32875,107,128,-10,0
32876,108,128,-8,0
32877,109,128,-7,0
32878,110,128,-5,0
32879,111,128,-3,0
32880,112,128,-1,0
32881,113,128,0,0
32882,114,128,0,0
32883,115,128,0,0
32884,116,128,0,0
32885,117,128,0,0
32886,118,128,0,0
32887,119,128,0,0
32888,120,128,0,0
32889,121,128,0,0
32890,122,128,0,0
32891,123,128,0,0
32892,124,128,0,0
32893,125,128,0,0
32894,126,128,0,0
32895,127,128,0,0
32896,128,128,0,0
32897,129,128,0,0
32898,130,128,0,0
32899,131,128,0,0
32900,132,128,0,0
32901,133,128,0,0
32902,134,128,0,0
32903,135,128,0,0
32904,136,128,0,0
32905,137,128,0,0
32906,138,128,0,0
32907,139,128,0,0
32908,140,128,0,0
32909,141,128,0,0
32910,142,128,0,0
32911,143,128,0,0
32912,144,128,1,0
32913,145,128,3,0
32914,146,128,5,0
32915,147,128,7,0
32916,148,128,8,0
32917,149,128,10,0
32918,150,128,12,0
32919,151,128,14,0
32920,152,128,16,0
32921,153,128,17,0
32922,154,128,19,0
32923,155,128,21,0
32924,156,128,23,0
32925,157,128,24,0
32926,158,128,26,0
32927,159,128,28,0
32928,160,128,30,0
32929,161,128,32,0
32930,162,128,33,0
32931,163,128,35,0
32932,164,128,37,0
32933,165,128,39,0
32934,166,128,41,0
32935,167,128,42,0
32936,168,128,44,0
32937,169,128,46,0
32938,170,128,48,0
32939,171,128,49,0
32940,172,128,51,0
32941,173,128,53,0
32942,174,128,55,0
32943,175,128,57,0
32944,176,128,58,0
32945,177,128,60,0
32946,178,128,62,0
32947,179,128,64,0
32948,180,128,66,0
32949,181,128,67,0
32950,182,128,69,0
32951,183,128,71,0
32952,184,128,73,0
32953,185,128,74,0
32954,186,128,76,0
32955,187,128,78,0
32956,188,128,80,0
32957,189,128,82,0
32958,190,128,83,0
32959,191,128,85,0
32960,192,128,87,0
32961,193,128,89,0
32962,194,128,91,0
32963,195,128,92,0
32964,196,128,94,0
32965,197,128,96,0
32966,198,128,98,0
32967,199,128,100,0
32968,200,128,100,0
32969,201,128,100,0
32970,202,128,100,0
32971,203,128,100,0
32972,204,128,100,0
32973,205,128,100,0
32974,206,128,100,0
32975,207,128,100,0
32976,208,128,100,0
32977,209,128,100,0
32978,210,128,100,0
32979,211,128,100,0
32980,212,128,100,0
32981,213,128,100,0
32982,214,128,100,0
32983,215,128,100,0
32984,216,128,100,0
32985,217,128,100,0
32986,218,128,100,0
32987,219,128,100,0
32988,220,128,100,0
32989,221,128,100,0
32990,222,128,100,0
32991,223,128,100,0
32992,224,128,100,0
32993,225,128,100,0
32994,226,128,100,0
32995,227,128,100,0
32996,228,128,100,0
32997,229,128,100,0
32998,230,128,100,0
32999,231,128,100,0
33000,232,128,100,0
33001,233,128,100,0
33002,234,128,100,0
33003,235,128,100,0
33004,236,128,100,0
33005,237,128,100,0
33006,238,128,100,0
33007,239,128,100,0
33008,240,128,100,0
33009,241,128,100,0
33010,242,128,100,0
33011,243,128,100,0
33012,244,128,100,0
33013,245,128,100,0
33014,246,128,100,0
33015,247,128,100,0
33016,248,128,100,0
33017,249,128,100,0
33018,250,128,100,0
33019,251,128,100,0
33020,252,128,100,0
33021,253,128,100,0
33022,254,128,100,0
33023,255,128,100,0
33024,0,129,-100,0
33025,1,129,-100,0
33026,2,129,-100,0
33027,3,129,-100,0
33028,4,129,-100,0
33029,5,129,-100,0
33030,6,129,-100,0
33031,7,129,-100,0
33032,8,129,-100,0
33033,9,129,-100,0
33034,10,129,-100,0
33035,11,129,-100,0
33036,12,129,-100,0
33037,13,129,-100,0
33038,14,129,-100,0
33039,15,129,-100,0
33040,16,129,-100,0
33041,17,129,-100,0
33042,18,129,-100,0
33043,19,129,-100,0
33044,20,129,-100,0
33045,21,129,-100,0
33046,22,129,-100,0
33047,23,129,-100,0
33048,24,129,-100,0
33049,25,129,-100,0
33050,26,129,-100,0
33051,27,129,-100,0
33052,28,129,-100,0
33053,29,129,-100,0
33054,30,129,-100,0
33055,31,129,-100,0
33056,32,129,-100,0
33057,33,129,-100,0
33058,34,129,-100,0
33059,35,129,-100,0
33060,36,129,-100,0
33061,37,129,-100,0
33062,38,129,-100,0
33063,39,129,-100,0
33064,40,129,-100,0
33065,41,129,-100,0
33066,42,129,-100,0
33067,43,129,-100,0
33068,44,129,-100,0
33069,45,129,-100,0
33070,46,129,-100,0
33071,47,129,-100,0
33072,48,129,-100,0
33073,49,129,-100,0
33074,50,129,-100,0
33075,51,129,-100,0
33076,52,129,-100,0
33077,53,129,-100,0
33078,54,129,-100,0
33079,55,129,-100,0
33080,56,129,-100,0
33081,57,129,-100,0
33082,58,129,-98,0
33083,59,129,-96,0
33084,60,129,-94,0
33085,61,129,-92,0
33086,62,129,-91,0
33087,63,129,-89,0
33088,64,129,-87,0
33089,65,129,-85,0
33090,66,129,-83,0
33091,67,129,-82,0
33092,68,129,-80,0
33093,69,129,-78,0
33094,70,129,-76,0
33095,71,129,-74,0
33096,72,129,-73,0
33097,73,129,-71,0
33098,74,129,-69,0
33099,75,129,-67,0
33100,76,129,-66,0
33101,77,129,-64,0
33102,78,129,-62,0
33103,79,129,-60,0
33104,80,129,-58,0
33105,81,129,-57,0
33106,82,129,-55,0
33107,83,129,-53,0
33108,84,129,-51,0
33109,85,129,-49,0
33110,86,129,-48,0
33111,87,129,-46,0
33112,88,129,-44,0
33113,89,129,-42,0
33114,90,129,-41,0
33115,91,129,-39,0
33116,92,129,-37,0
33117,93,129,-35,0
33118,94,129,-33,0
33119,95,129,-32,0
33120,96,129,-30,0
33121,97,129,-28,0
33122,98,129,-26,0
33123,99,129,-24,0
33124,100,129,-23,0
33125,101,129,-21,0
33126,102,129,-19,0
33127,103,129,-17,0
33128,104,129,-16,0
33129,105,129,-14,0
33130,106,129,-12,0
33131,107,129,-10,0
33132,108,129,-8,0
33133,109,129,-7,0
33134,110,129,-5,0
33135,111,129,-3,0
33136,112,129,-1,0
33137,113,129,0,0
33138,114,129,0,0
33139,115,129,0,0
33140,116,129,0,0
33141,117,129,0,0
33142,118,129,0,0
33143,119,129,0,0
33144,120,129,0,0
33145,121,129,0,0
33146,122,129,0,0
33147,123,129,0,0
33148,124,129,0,0
33149,125,129,0,0
33150,126,129,0,0
33151,127,129,0,0
33152,128,129,0,0
33153,129,129,0,0
33154,130,129,0,0
33155,131,129,0,0
33156,132,129,0,0
33157,133,129,0,0
33158,134,129,0,0
33159,135,129,0,0
33160,136,129,0,0
33161,137,129,0,0
33162,138,129,0,0
33163,139,129,0,0
33164,140,129,0,0
33165,141,129,0,0
33166,142,129,0,0
33167,143,129,0,0
33168,144,129,1,0
33169,145,129,3,0
33170,146,129,5,0
33171,147,129,7,0
33172,148,129,8,0
33173,149,129,10,0
33174,150,129,12,0
33175,151,129,14,0
33176,152,129,16,0
33177,153,129,17,0
33178,154,129,19,0
33179,155,129,21,0
33180,156,129,23,0
33181,157,129,24,0
33182,158,129,26,0
33183,159,129,28,0
33184,160,129,30,0
33185,161,129,32,0
33186,162,129,33,0
33187,163,129,35,0
33188,164,129,37,0
33189,165,129,39,0
33190,166,129,41,0
33191,167,129,42,0
33192,168,129,44,0
33193,169,129,46,0
33194,170,129,48,0
33195,171,129,49,0
33196,172,129,51,0
33197,173,129,53,0
33198,174,129,55,0
33199,175,129,57,0
33200,176,129,58,0
33201,177,129,60,0
33202,178,129,62,0
33203,179,129,64,0
33204,180,129,66,0
33205,181,129,67,0
33206,182,129,69,0
33207,183,129,71,0
33208,184,129,73,0
33209,185,129,74,0
33210,186,129,76,0
33211,187,129,78,0
33212,188,129,80,0
33213,189,129,82,0
33214,190,129,83,0
33215,191,129,85,0
33216,192,129,87,0
33217,193,129,89,0
33218,194,129,91,0
33219,195,129,92,0
33220,196,129,94,0
33221,197,129,96,0
33222,198,129,98,0
33223,199,129,100,0
33224,200,129,100,0
33225,201,129,100,0
33226,202,129,100,0
33227,203,129,100,0
33228,204,129,100,0
33229,205,129,100,0
33230,206,129,100,0
33231,207,129,100,0
33232,208,129,100,0
33233,209,129,100,0
33234,210,129,100,0
33235,211,129,100,0
33236,212,129,100,0
33237,213,129,100,0
33238,214,129,100,0
33239,215,129,100,0
33240,216,129,100,0
33241,217,129,100,0
33242,218,129,100,0
33243,219,129,100,0
33244,220,129,100,0
33245,221,129,100,0
33246,222,129,100,0
33247,223,129,100,0
33248,224,129,100,0
33249,225,129,100,0
33250,226,129,100,0
33251,227,129,100,0
33252,228,129,100,0
33253,229,129,100,0
33254,230,129,100,0
33255,231,129,100,0
33256,232,129,100,0
33257,233,129,100,0
33258,234,129,100,0
33259,235,129,100,0
33260,236,129,100,0
33261,237,129,100,0
33262,238,129,100,0
33263,239,129,100,0
33264,240,129,100,0
33265,241,129,100,0
33266,242,129,100,0
33267,243,129,100,0
33268,244,129,100,0
33269,245,129,100,0
33270,246,129,100,0
33271,247,129,100,0
33272,248,129,100,0
33273,249,129,100,0
33274,250,129,100,0
33275,251,129,100,0
33276,252,129,100,0
33277,253,129,100,0
33278,254,129,100,0
33279,255,129,100,0
33280,0,130,-100,0
33281,1,130,-100,0
33282,2,130,-100,0
33283,3,130,-100,0
33284,4,130,-100,0
33285,5,130,-100,0
33286,6,130,-100,0
33287,7,130,-100,0
33288,8,130,-100,0
33289,9,130,-100,0
33290,10,130,-100,0
33291,11,130,-100,0
33292,12,130,-100,0
33293,13,130,-100,0
33294,14,130,-100,0
33295,15,130,-100,0
33296,16,130,-100,0
33297,17,130,-100,0
33298,18,130,-100,0
33299,19,130,-100,0
33300,20,130,-100,0
33301,21,130,-100,0
33302,22,130,-100,0
33303,23,130,-100,0
33304,24,130,-100,0
33305,25,130,-100,0
33306,26,130,-100,0
33307,27,130,-100,0
33308,28,130,-100,0
33309,29,130,-100,0
33310,30,130,-100,0
33311,31,130,-100,0
33312,32,130,-100,0
33313,33,130,-100,0
33314,34,130,-100,0
33315,35,130,-100,0
33316,36,130,-100,0
33317,37,130,-100,0
33318,38,130,-100,0
33319,39,130,-100,0
33320,40,130,-100,0
33321,41,130,-100,0
33322,42,130,-100,0
33323,43,130,-100,0
33324,44,130,-100,0
33325,45,130,-100,0
33326,46,130,-100,0
33327,47,130,-100,0
33328,48,130,-100,0
33329,49,130,-100,0
33330,50,130,-100,0
33331,51,130,-100,0
33332,52,130,-100,0
33333,53,130,-100,0
33334,54,130,-100,0
33335,55,130,-100,0
33336,56,130,-100,0
33337,57,130,-100,0
33338,58,130,-98,0
33339,59,130,-96,0
33340,60,130,-94,0
33341,61,130,-92,0
33342,62,130,-91,0
33343,63,130,-89,0
33344,64,130,-87,0
33345,65,130,-85,0
33346,66,130,-83,0
33347,67,130,-82,0
33348,68,130,-80,0
33349,69,130,-78,0
33350,70,130,-76,0
33351,71,130,-74,0
33352,72,130,-73,0
33353,73,130,-71,0
33354,74,130,-69,0
33355,75,130,-67,0
33356,76,130,-66,0
33357,77,130,-64,0
33358,78,130,-62,0
33359,79,130,-60,0
33360,80,130,-58,0
33361,81,130,-57,0
33362,82,130,-55,0
33363,83,130,-53,0
33364,84,130,-51,0
33365,85,130,-49,0
33366,86,130,-48,0
33367,87,130,-46,0
33368,88,130,-44,0
33369,89,130,-42,0
33370,90,130,-41,0
33371,91,130,-39,0
33372,92,130,-37,0
33373,93,130,-35,0
33374,94,130,-33,0
33375,95,130,-32,0
33376,96,130,-30,0
33377,97,130,-28,0
33378,98,130,-26,0
33379,99,130,-24,0
33380,100,130,-23,0
33381,101,130,-21,0
33382,102,130,-19,0
33383,103,130,-17,0
33384,104,130,-16,0
33385,105,130,-14,0
33386,106,130,-12,0
33387,107,130,-10,0
33388,108,130,-8,0
33389,109,130,-7,0
33390,110,130,-5,0
33391,111,130,-3,0
33392,112,130,-1,0
33393,113,130,0,0
33394,114,130,0,0
33395,115,130,0,0
33396,116,130,0,0
33397,117,130,0,0
33398,118,130,0,0
33399,119,130,0,0
33400,120,130,0,0
33401,121,130,0,0
33402,122,130,0,0
33403,123,130,0,0
33404,124,130,0,0
33405,125,130,0,0
33406,126,130,0,0
33407,127,130,0,0
33408,128,130,0,0
33409,129,130,0,0
33410,130,130,0,0
33411,131,130,0,0
33412,132,130,0,0
33413,133,130,0,0
33414,134,130,0,0
33415,135,130,0,0
33416,136,130,0,0
33417,137,130,0,0
33418,138,130,0,0
33419,139,130,0,0
33420,140,130,0,0
33421,141,130,0,0
33422,142,130,0,0
33423,143,130,0,0
33424,144,130,1,0
33425,145,130,3,0
33426,146,130,5,0
33427,147,130,7,0
33428,148,130,8,0
33429,149,130,10,0
33430,150,130,12,0
33431,151,130,14,0
33432,152,130,16,0
33433,153,130,17,0
33434,154,130,19,0
33435,155,130,21,0
33436,156,130,23,0
33437,157,130,24,0
33438,158,130,26,0
33439,159,130,28,0
33440,160,130,30,0
33441,161,130,32,0
33442,162,130,33,0
33443,163,130,35,0
33444,164,130,37,0
33445,165,130,39,0
33446,166,130,41,0
33447,167,130,42,0
33448,168,130,44,0
33449,169,130,46,0
33450,170,130,48,0
33451,171,130,49,0
33452,172,130,51,0
33453,173,130,53,0
33454,174,130,55,0
33455,175,130,57,0
33456,176,130,58,0
33457,177,130,60,0
33458,178,130,62,0
33459,179,130,64,0
33460,180,130,66,0
33461,181,130,67,0
33462,182,130,69,0
33463,183,130,71,0
33464,184,130,73,0
33465,185,130,74,0
33466,186,130,76,0
33467,187,130,78,0
33468,188,130,80,0
33469,189,130,82,0
33470,190,130,83,0
33471,191,130,85,0
33472,192,130,87,0
33473,193,130,89,0
33474,194,130,91,0
33475,195,130,92,0
33476,196,130,94,0
33477,197,130,96,0
33478,198,130,98,0
33479,199,130,100,0
33480,200,130,100,0
33481,201,130,100,0
33482,202,130,100,0
33483,203,130,100,0
33484,204,130,100,0
33485,205,130,100,0
33486,206,130,100,0
33487,207,130,100,0
33488,208,130,100,0
33489,209,130,100,0
33490,210,130,100,0
33491,211,130,100,0
33492,212,130,100,0
33493,213,130,100,0
33494,214,130,100,0
33495,215,130,100,0
33496,216,130,100,0
33497,217,130,100,0
33498,218,130,100,0
33499,219,130,100,0
33500,220,130,100,0
33501,221,130,100,0
33502,222,130,100,0
33503,223,130,100,0
33504,224,130,100,0
33505,225,130,100,0
33506,226,130,100,0
33507,227,130,100,0
33508,228,130,100,0
33509,229,130,100,0
33510,230,130,100,0
33511,231,130,100,0
33512,232,130,100,0
33513,233,130,100,0
33514,234,130,100,0
33515,235,130,100,0
33516,236,130,100,0
33517,237,130,100,0
33518,238,130,100,0
33519,239,130,100,0
33520,240,130,100,0
33521,241,130,100,0
33522,242,130,100,0
33523,243,130,100,0
33524,244,130,100,0
33525,245,130,100,0
33526,246,130,100,0
33527,247,130,100,0
33528,248,130,100,0
33529,249,130,100,0
33530,250,130,100,0
33531,251,130,100,0
33532,252,130,100,0
33533,253,130,100,0
33534,254,130,100,0
33535,255,130,100,0
33536,0,131,-100,0
33537,1,131,-100,0
33538,2,131,-100,0
33539,3,131,-100,0
33540,4,131,-100,0
33541,5,131,-100,0
33542,6,131,-100,0
33543,7,131,-100,0
33544,8,131,-100,0
33545,9,131,-100,0
33546,10,131,-100,0
33547,11,131,-100,0
33548,12,131,-100,0
33549,13,131,-100,0
33550,14,131,-100,0
33551,15,131,-100,0
33552,16,131,-100,0
33553,17,131,-100,0
33554,18,131,-100,0
33555,19,131,-100,0
33556,20,131,-100,0
33557,21,131,-100,0
33558,22,131,-100,0
33559,23,131,-100,0
33560,24,131,-100,0
33561,25,131,-100,0
33562,26,131,-100,0
33563,27,131,-100,0
33564,28,131,-100,0
33565,29,131,-100,0
33566,30,131,-100,0
33567,31,131,-100,0
33568,32,131,-100,0
33569,33,131,-100,0
33570,34,131,-100,0
33571,35,131,-100,0
33572,36,131,-100,0
33573,37,131,-100,0
33574,38,131,-100,0
33575,39,131,-100,0
33576,40,131,-100,0
33577,41,131,-100,0
33578,42,131,-100,0
33579,43,131,-100,0
33580,44,131,-100,0
33581,45,131,-100,0
33582,46,131,-100,0
33583,47,131,-100,0
33584,48,131,-100,0
33585,49,131,-100,0
33586,50,131,-100,0
33587,51,131,-100,0
33588,52,131,-100,0
33589,53,131,-100,0
33590,54,131,-100,0
33591,55,131,-100,0
33592,56,131,-100,0
33593,57,131,-100,0
33594,58,131,-98,0
33595,59,131,-96,0
33596,60,131,-94,0
33597,61,131,-92,0
33598,62,131,-91,0
33599,63,131,-89,0
33600,64,131,-87,0
33601,65,131,-85,0
33602,66,131,-83,0
33603,67,131,-82,0
33604,68,131,-80,0
33605,69,131,-78,0
33606,70,131,-76,0
33607,71,131,-74,0
33608,72,131,-73,0
33609,73,131,-71,0
33610,74,131,-69,0
33611,75,131,-67,0
33612,76,131,-66,0
33613,77,131,-64,0
33614,78,131,-62,0
33615,79,131,-60,0
33616,80,131,-58,0
33617,81,131,-57,0
33618,82,131,-55,0
33619,83,131,-53,0
33620,84,131,-51,0
33621,85,131,-49,0
33622,86,131,-48,0
33623,87,131,-46,0
33624,88,131,-44,0
33625,89,131,-42,0
33626,90,131,-41,0
33627,91,131,-39,0
33628,92,131,-37,0
33629,93,131,-35,0
33630,94,131,-33,0
33631,95,131,-32,0
33632,96,131,-30,0
33633,97,131,-28,0
33634,98,131,-26,0
33635,99,131,-24,0
33636,100,131,-23,0
33637,101,131,-21,0
33638,102,131,-19,0
33639,103,131,-17,0
33640,104,131,-16,0
33641,105,131,-14,0
33642,106,131,-12,0
33643,107,131,-10,0
33644,108,131,-8,0
33645,109,131,-7,0
33646,110,131,-5,0
33647,111,131,-3,0
33648,112,131,-1,0
33649,113,131,0,0
33650,114,131,0,0
33651,115,131,0,0
33652,116,131,0,0
33653,117,131,0,0
33654,118,131,0,0
33655,119,131,0,0
33656,120,131,0,0
33657,121,131,0,0
33658,122,131,0,0
33659,123,131,0,0
33660,124,131,0,0
33661,125,131,0,0
33662,126,131,0,0
33663,127,131,0,0
33664,128,131,0,0
33665,129,131,0,0
33666,130,131,0,0
33667,131,131,0,0
33668,132,131,0,0
33669,133,131,0,0
33670,134,131,0,0
33671,135,131,0,0
33672,136,131,0,0
33673,137,131,0,0
33674,138,131,0,0
33675,139,131,0,0
33676,140,131,0,0
33677,141,131,0,0
33678,142,131,0,0
33679,143,131,0,0
33680,144,131,1,0
33681,145,131,3,0
33682,146,131,5,0
33683,147,131,7,0
33684,148,131,8,0
33685,149,131,10,0
33686,150,131,12,0
33687,151,131,14,0
33688,152,131,16,0
33689,153,131,17,0
33690,154,131,19,0
33691,155,131,21,0
33692,156,131,23,0
33693,157,131,24,0
33694,158,131,26,0
33695,159,131,28,0
33696,160,131,30,0
33697,161,131,32,0
33698,162,131,33,0
33699,163,131,35,0
33700,164,131,37,0
33701,165,131,39,0
33702,166,131,41,0
33703,167,131,42,0
33704,168,131,44,0
33705,169,131,46,0
33706,170,131,48,0
33707,171,131,49,0
33708,172,131,51,0
33709,173,131,53,0
33710,174,131,55,0
33711,175,131,57,0
33712,176,131,58,0
33713,177,131,60,0
33714,178,131,62,0
33715,179,131,64,0
33716,180,131,66,0
33717,181,131,67,0
33718,182,131,69,0
33719,183,131,71,0
33720,184,131,73,0
33721,185,131,74,0
33722,186,131,76,0
33723,187,131,78,0
33724,188,131,80,0
33725,189,131,82,0
33726,190,131,83,0
33727,191,131,85,0
33728,192,131,87,0
33729,193,131,89,0
33730,194,131,91,0
33731,195,131,92,0
33732,196,131,94,0
33733,197,131,96,0
33734,198,131,98,0
33735,199,131,100,0
33736,200,131,100,0
33737,201,131,100,0
33738,202,131,100,0
33739,203,131,100,0
33740,204,131,100,0
33741,205,131,100,0
33742,206,131,100,0
33743,207,131,100,0
33744,208,131,100,0
33745,209,131,100,0
33746,210,131,100,0
33747,211,131,100,0
33748,212,131,100,0
33749,213,131,100,0
33750,214,131,100,0
33751,215,131,100,0
33752,216,131,100,0
33753,217,131,100,0
33754,218,131,100,0
33755,219,131,100,0
33756,220,131,100,0
33757,221,131,100,0
33758,222,131,100,0
33759,223,131,100,0
33760,224,131,100,0
33761,225,131,100,0
33762,226,131,100,0
33763,227,131,100,0
33764,228,131,100,0
33765,229,131,100,0
33766,230,131,100,0
33767,231,131,100,0
33768,232,131,100,0
33769,233,131,100,0
33770,234,131,100,0
33771,235,131,100,0
33772,236,131,100,0
33773,237,131,100,0
33774,238,131,100,0
33775,239,131,100,0
33776,240,131,100,0
33777,241,131,100,0
33778,242,131,100,0
33779,243,131,100,0
33780,244,131,100,0
33781,245,131,100,0
33782,246,131,100,0
33783,247,131,100,0
33784,248,131,100,0
33785,249,131,100,0
33786,250,131,100,0
33787,251,131,100,0
33788,252,131,100,0
33789,253,131,100,0
33790,254,131,100,0
33791,255,131,100,0
33792,0,132,-100,0
33793,1,132,-100,0
33794,2,132,-100,0
33795,3,132,-100,0
33796,4,132,-100,0
33797,5,132,-100,0
33798,6,132,-100,0
33799,7,132,-100,0
33800,8,132,-100,0
33801,9,132,-100,0
33802,10,132,-100,0
33803,11,132,-100,0
33804,12,132,-100,0
33805,13,132,-100,0
33806,14,132,-100,0
33807,15,132,-100,0
33808,16,132,-100,0
33809,17,132,-100,0
33810,18,132,-100,0
33811,19,132,-100,0
33812,20,132,-100,0
33813,21,132,-100,0
33814,22,132,-100,0
33815,23,132,-100,0
33816,24,132,-100,0
33817,25,132,-100,0
33818,26,132,-100,0
33819,27,132,-100,0
33820,28,132,-100,0
33821,29,132,-100,0
33822,30,132,-100,0
33823,31,132,-100,0
33824,32,132,-100,0
33825,33,132,-100,0
33826,34,132,-100,0
33827,35,132,-100,0
33828,36,132,-100,0
33829,37,132,-100,0
33830,38,132,-100,0
33831,39,132,-100,0
33832,40,132,-100,0
33833,41,132,-100,0
33834,42,132,-100,0
33835,43,132,-100,0
33836,44,132,-100,0
33837,45,132,-100,0
33838,46,132,-100,0
33839,47,132,-100,0
33840,48,132,-100,0
33841,49,132,-100,0
33842,50,132,-100,0
33843,51,132,-100,0
33844,52,132,-100,0
33845,53,132,-100,0
33846,54,132,-100,0
33847,55,132,-100,0
33848,56,132,-100,0
33849,57,132,-100,0
33850,58,132,-98,0
33851,59,132,-96,0
33852,60,132,-94,0
33853,61,132,-92,0
33854,62,132,-91,0
33855,63,132,-89,0
33856,64,132,-87,0
33857,65,132,-85,0
33858,66,132,-83,0
33859,67,132,-82,0
33860,68,132,-80,0
33861,69,132,-78,0
33862,70,132,-76,0
33863,71,132,-74,0
33864,72,132,-73,0
33865,73,132,-71,0
33866,74,132,-69,0
33867,75,132,-67,0
33868,76,132,-66,0
33869,77,132,-64,0
33870,78,132,-62,0
33871,79,132,-60,0
33872,80,132,-58,0
33873,81,132,-57,0
33874,82,132,-55,0
33875,83,132,-53,0
33876,84,132,-51,0
33877,85,132,-49,0
33878,86,132,-48,0
33879,87,132,-46,0
33880,88,132,-44,0
33881,89,132,-42,0
33882,90,132,-41,0
33883,91,132,-39,0
33884,92,132,-37,0
33885,93,132,-35,0
33886,94,132,-33,0
33887,95,132,-32,0
33888,96,132,-30,0
33889,97,132,-28,0
33890,98,132,-26,0
33891,99,132,-24,0
33892,100,132,-23,0
33893,101,132,-21,0
33894,102,132,-19,0
33895,103,132,-17,0
33896,104,132,-16,0
33897,105,132,-14,0
33898,106,132,-12,0
33899,107,132,-10,0
33900,108,132,-8,0
33901,109,132,-7,0
33902,110,132,-5,0
33903,111,132,-3,0
33904,112,132,-1,0
33905,113,132,0,0
33906,114,132,0,0
33907,115,132,0,0
33908,116,132,0,0
33909,117,132,0,0
33910,118,132,0,0
33911,119,132,0,0
33912,120,132,0,0
33913,121,132,0,0
33914,122,132,0,0
33915,123,132,0,0
33916,124,132,0,0
33917,125,132,0,0
33918,126,132,0,0
33919,127,132,0,0
33920,128,132,0,0
33921,129,132,0,0
33922,130,132,0,0
33923,131,132,0,0
33924,132,132,0,0
33925,133,132,0,0
33926,134,132,0,0
33927,135,132,0,0
33928,136,132,0,0
33929,137,132,0,0
33930,138,132,0,0
33931,139,132,0,0
33932,140,132,0,0
33933,141,132,0,0
33934,142,132,0,0
33935,143,132,0,0
33936,144,132,1,0
33937,145,132,3,0
33938,146,132,5,0
33939,147,132,7,0
33940,148,132,8,0
33941,149,132,10,0
33942,150,132,12,0
33943,151,132,14,0
33944,152,132,16,0
33945,153,132,17,0
33946,154,132,19,0
33947,155,132,21,0
33948,156,132,23,0
33949,157,132,24,0
33950,158,132,26,0
33951,159,132,28,0
33952,160,132,30,0
33953,161,132,32,0
33954,162,132,33,0
33955,163,132,35,0
33956,164,132,37,0
33957,165,132,39,0
33958,166,132,41,0
33959,167,132,42,0
33960,168,132,44,0
33961,169,132,46,0
33962,170,132,48,0
33963,171,132,49,0
33964,172,132,51,0
33965,173,132,53,0
33966,174,132,55,0
33967,175,132,57,0
33968,176,132,58,0
33969,177,132,60,0
33970,178,132,62,0
33971,179,132,64,0
33972,180,132,66,0
33973,181,132,67,0
33974,182,132,69,0
33975,183,132,71,0
33976,184,132,73,0
33977,185,132,74,0
33978,186,132,76,0
33979,187,132,78,0
33980,188,132,80,0
33981,189,132,82,0
33982,190,132,83,0
33983,191,132,85,0
33984,192,132,87,0
33985,193,132,89,0
33986,194,132,91,0
33987,195,132,92,0
33988,196,132,94,0
33989,197,132,96,0
33990,198,132,98,0
33991,199,132,100,0
33992,200,132,100,0
33993,201,132,100,0
33994,202,132,100,0
33995,203,132,100,0
33996,204,132,100,0
33997,205,132,100,0
33998,206,132,100,0
33999,207,132,100,0
34000,208,132,100,0
34001,209,132,100,0
34002,210,132,100,0
34003,211,132,100,0
34004,212,132,100,0
34005,213,132,100,0
34006,214,132,100,0
34007,215,132,100,0
34008,216,132,100,0
34009,217,132,100,0
34010,218,132,100,0
34011,219,132,100,0
34012,220,132,100,0
34013,221,132,100,0
34014,222,132,100,0
34015,223,132,100,0
34016,224,132,100,0
34017,225,132,100,0
34018,226,132,100,0
34019,227,132,100,0
34020,228,132,100,0
34021,229,132,100,0
34022,230,132,100,0
34023,231,132,100,0
34024,232,132,100,0
34025,233,132,100,0
34026,234,132,100,0
34027,235,132,100,0
34028,236,132,100,0
34029,237,132,100,0
34030,238,132,100,0
34031,239,132,100,0
34032,240,132,100,0
34033,241,132,100,0
34034,242,132,100,0
34035,243,132,100,0
34036,244,132,100,0
34037,245,132,100,0
34038,246,132,100,0
34039,247,132,100,0
34040,248,132,100,0
34041,249,132,100,0
34042,250,132,100,0
34043,251,132,100,0
34044,252,132,100,0
34045,253,132,100,0
34046,254,132,100,0
34047,255,132,100,0
34048,0,133,-100,0
34049,1,133,-100,0
34050,2,133,-100,0
34051,3,133,-100,0
34052,4,133,-100,0
34053,5,133,-100,0
34054,6,133,-100,0
34055,7,133,-100,0
34056,8,133,-100,0
34057,9,133,-100,0
34058,10,133,-100,0
34059,11,133,-100,0
34060,12,133,-100,0
34061,13,133,-100,0
34062,14,133,-100,0
34063,15,133,-100,0
34064,16,133,-100,0
34065,17,133,-100,0
34066,18,133,-100,0
34067,19,133,-100,0
34068,20,133,-100,0
34069,21,133,-100,0
34070,22,133,-100,0
34071,23,133,-100,0
34072,24,133,-100,0
34073,25,133,-100,0
34074,26,133,-100,0
34075,27,133,-100,0
34076,28,133,-100,0
34077,29,133,-100,0
34078,30,133,-100,0
34079,31,133,-100,0
34080,32,133,-100,0
34081,33,133,-100,0
34082,34,133,-100,0
34083,35,133,-100,0
34084,36,133,-100,0
34085,37,133,-100,0
34086,38,133,-100,0
34087,39,133,-100,0
34088,40,133,-100,0
34089,41,133,-100,0
34090,42,133,-100,0
34091,43,133,-100,0
34092,44,133,-100,0
34093,45,133,-100,0
34094,46,133,-100,0
34095,47,133,-100,0
34096,48,133,-100,0
34097,49,133,-100,0
34098,50,133,-100,0
34099,51,133,-100,0
34100,52,133,-100,0
34101,53,133,-100,0
34102,54,133,-100,0
34103,55,133,-100,0
34104,56,133,-100,0
34105,57,133,-100,0
34106,58,133,-98,0
34107,59,133,-96,0
34108,60,133,-94,0
34109,61,133,-92,0
34110,62,133,-91,0
34111,63,133,-89,0
34112,64,133,-87,0
34113,65,133,-85,0
34114,66,133,-83,0
34115,67,133,-82,0
34116,68,133,-80,0
34117,69,133,-78,0
34118,70,133,-76,0
34119,71,133,-74,0
34120,72,133,-73,0
34121,73,133,-71,0
34122,74,133,-69,0
34123,75,133,-67,0
34124,76,133,-66,0
34125,77,133,-64,0
34126,78,133,-62,0
34127,79,133,-60,0
34128,80,133,-58,0
34129,81,133,-57,0
34130,82,133,-55,0
34131,83,133,-53,0
34132,84,133,-51,0
34133,85,133,-49,0
34134,86,133,-48,0
34135,87,133,-46,0
34136,88,133,-44,0
34137,89,133,-42,0
34138,90,133,-41,0
34139,91,133,-39,0
34140,92,133,-37,0
34141,93,133,-35,0
34142,94,133,-33,0
34143,95,133,-32,0
34144,96,133,-30,0
34145,97,133,-28,0
34146,98,133,-26,0
34147,99,133,-24,0
34148,100,133,-23,0
34149,101,133,-21,0
34150,102,133,-19,0
34151,103,133,-17,0
34152,104,133,-16,0
34153,105,133,-14,0
34154,106,133,-12,0
34155,107,133,-10,0
34156,108,133,-8,0
34157,109,133,-7,0
34158,110,133,-5,0
34159,111,133,-3,0
34160,112,133,-1,0
34161,113,133,0,0
34162,114,133,0,0
34163,115,133,0,0
34164,116,133,0,0
34165,117,133,0,0
34166,118,133,0,0
34167,119,133,0,0
34168,120,133,0,0
34169,121,133,0,0
34170,122,133,0,0
34171,123,133,0,0
34172,124,133,0,0
34173,125,133,0,0
34174,126,133,0,0
34175,127,133,0,0
34176,128,133,0,0
34177,129,133,0,0
34178,130,133,0,0
34179,131,133,0,0
34180,132,133,0,0
34181,133,133,0,0
34182,134,133,0,0
34183,135,133,0,0
34184,136,133,0,0
34185,137,133,0,0
34186,138,133,0,0
34187,139,133,0,0
34188,140,133,0,0
34189,141,133,0,0
34190,142,133,0,0
34191,143,133,0,0
34192,144,133,1,0
34193,145,133,3,0
34194,146,133,5,0
34195,147,133,7,0
34196,148,133,8,0
34197,149,133,10,0
34198,150,133,12,0
34199,151,133,14,0
34200,152,133,16,0
34201,153,133,17,0
34202,154,133,19,0
34203,155,133,21,0
34204,156,133,23,0
34205,157,133,24,0
34206,158,133,26,0
34207,159,133,28,0
34208,160,133,30,0
34209,161,133,32,0
34210,162,133,33,0
34211,163,133,35,0
34212,164,133,37,0
34213,165,133,39,0
34214,166,133,41,0
34215,167,133,42,0
34216,168,133,44,0
34217,169,133,46,0
34218,170,133,48,0
34219,171,133,49,0
34220,172,133,51,0
34221,173,133,53,0
34222,174,133,55,0
34223,175,133,57,0
34224,176,133,58,0
34225,177,133,60,0
34226,178,133,62,0
34227,179,133,64,0
34228,180,133,66,0
34229,181,133,67,0
34230,182,133,69,0
34231,183,133,71,0
34232,184,133,73,0
34233,185,133,74,0
34234,186,133,76,0
34235,187,133,78,0
34236,188,133,80,0
34237,189,133,82,0
34238,190,133,83,0
34239,191,133,85,0
34240,192,133,87,0
34241,193,133,89,0
34242,194,133,91,0
34243,195,133,92,0
34244,196,133,94,0
34245,197,133,96,0
34246,198,133,98,0
34247,199,133,100,0
34248,200,133,100,0
34249,201,133,100,0
34250,202,133,100,0
34251,203,133,100,0
34252,204,133,100,0
34253,205,133,100,0
34254,206,133,100,0
34255,207,133,100,0
34256,208,133,100,0
34257,209,133,100,0
34258,210,133,100,0
34259,211,133,100,0
34260,212,133,100,0
34261,213,133,100,0
34262,214,133,100,0
34263,215,133,100,0
34264,216,133,100,0
34265,217,133,100,0
34266,218,133,100,0
34267,219,133,100,0
34268,220,133,100,0
34269,221,133,100,0
34270,222,133,100,0
34271,223,133,100,0
34272,224,133,100,0
34273,225,133,100,0
34274,226,133,100,0
34275,227,133,100,0
34276,228,133,100,0
34277,229,133,100,0
34278,230,133,100,0
34279,231,133,100,0
34280,232,133,100,0
34281,233,133,100,0
34282,234,133,100,0
34283,235,133,100,0
34284,236,133,100,0
34285,237,133,100,0
34286,238,133,100,0
34287,239,133,100,0
34288,240,133,100,0
34289,241,133,100,0
34290,242,133,100,0
34291,243,133,100,0
34292,244,133,100,0
34293,245,133,100,0
34294,246,133,100,0
34295,247,133,100,0
34296,248,133,100,0
34297,249,133,100,0
34298,250,133,100,0
34299,251,133,100,0
34300,252,133,100,0
34301,253,133,100,0
34302,254,133,100,0
34303,255,133,100,0
34304,0,134,-100,0
34305,1,134,-100,0
34306,2,134,-100,0
34307,3,134,-100,0
34308,4,134,-100,0
34309,5,134,-100,0
34310,6,134,-100,0
34311,7,134,-100,0
34312,8,134,-100,0
34313,9,134,-100,0
34314,10,134,-100,0
34315,11,134,-100,0
34316,12,134,-100,0
34317,13,134,-100,0
34318,14,134,-100,0
34319,15,134,-100,0
34320,16,134,-100,0
34321,17,134,-100,0
34322,18,134,-100,0
34323,19,134,-100,0
34324,20,134,-100,0
34325,21,134,-100,0
34326,22,134,-100,0
34327,23,134,-100,0
34328,24,134,-100,0
34329,25,134,-100,0
34330,26,134,-100,0
34331,27,134,-100,0
34332,28,134,-100,0
34333,29,134,-100,0
34334,30,134,-100,0
34335,31,134,-100,0
34336,32,134,-100,0
34337,33,134,-100,0
34338,34,134,-100,0
34339,35,134,-100,0
34340,36,134,-100,0
34341,37,134,-100,0
34342,38,134,-100,0
34343,39,134,-100,0
34344,40,134,-100,0
34345,41,134,-100,0
34346,42,134,-100,0
34347,43,134,-100,0
34348,44,134,-100,0
34349,45,134,-100,0
34350,46,134,-100,0
34351,47,134,-100,0
34352,48,134,-100,0
34353,49,134,-100,0
34354,50,134,-100,0
34355,51,134,-100,0
34356,52,134,-100,0
34357,53,134,-100,0
34358,54,134,-100,0
34359,55,134,-100,0
34360,56,134,-100,0
34361,57,134,-100,0
34362,58,134,-98,0
34363,59,134,-96,0
34364,60,134,-94,0
34365,61,134,-92,0
34366,62,134,-91,0
34367,63,134,-89,0
34368,64,134,-87,0
34369,65,134,-85,0
34370,66,134,-83,0
34371,67,134,-82,0
34372,68,134,-80,0
34373,69,134,-78,0
34374,70,134,-76,0
34375,71,134,-74,0
34376,72,134,-73,0
34377,73,134,-71,0
34378,74,134,-69,0
34379,75,134,-67,0
34380,76,134,-66,0
34381,77,134,-64,0
34382,78,134,-62,0
34383,79,134,-60,0
34384,80,134,-58,0
34385,81,134,-57,0
34386,82,134,-55,0
34387,83,134,-53,0
34388,84,134,-51,0
34389,85,134,-49,0
34390,86,134,-48,0
34391,87,134,-46,0
34392,88,134,-44,0
34393,89,134,-42,0
34394,90,134,-41,0
34395,91,134,-39,0
34396,92,134,-37,0
34397,93,134,-35,0
34398,94,134,-33,0
34399,95,134,-32,0
34400,96,134,-30,0
34401,97,134,-28,0
34402,98,134,-26,0
34403,99,134,-24,0
34404,100,134,-23,0
34405,101,134,-21,0
34406,102,134,-19,0
34407,103,134,-17,0
34408,104,134,-16,0
34409,105,134,-14,0
34410,106,134,-12,0
34411,107,134,-10,0
34412,108,134,-8,0
34413,109,134,-7,0
34414,110,134,-5,0
34415,111,134,-3,0
34416,112,134,-1,0
34417,113,134,0,0
34418,114,134,0,0
34419,115,134,0,0
34420,116,134,0,0
34421,117,134,0,0
34422,118,134,0,0
34423,119,134,0,0
34424,120,134,0,0
34425,121,134,0,0
34426,122,134,0,0
34427,123,134,0,0
34428,124,134,0,0
34429,125,134,0,0
34430,126,134,0,0
34431,127,134,0,0
34432,128,134,0,0
34433,129,134,0,0
34434,130,134,0,0
34435,131,134,0,0
34436,132,134,0,0
34437,133,134,0,0
34438,134,134,0,0
34439,135,134,0,0
34440,136,134,0,0
34441,137,134,0,0
34442,138,134,0,0
34443,139,134,0,0
34444,140,134,0,0
34445,141,134,0,0
34446,142,134,0,0
34447,143,134,0,0
34448,144,134,1,0
34449,145,134,3,0
34450,146,134,5,0
34451,147,134,7,0
34452,148,134,8,0
34453,149,134,10,0
34454,150,134,12,0
34455,151,134,14,0
34456,152,134,16,0
34457,153,134,17,0
34458,154,134,19,0
34459,155,134,21,0
34460,156,134,23,0
34461,157,134,24,0
34462,158,134,26,0
34463,159,134,28,0
34464,160,134,30,0
34465,161,134,32,0
34466,162,134,33,0
34467,163,134,35,0
34468,164,134,37,0
34469,165,134,39,0
34470,166,134,41,0
34471,167,134,42,0
34472,168,134,44,0
34473,169,134,46,0
34474,170,134,48,0
34475,171,134,49,0
34476,172,134,51,0
34477,173,134,53,0
34478,174,134,55,0
34479,175,134,57,0
34480,176,134,58,0
34481,177,134,60,0
34482,178,134,62,0
34483,179,134,64,0
34484,180,134,66,0
34485,181,134,67,0
34486,182,134,69,0
34487,183,134,71,0
34488,184,134,73,0
34489,185,134,74,0
34490,186,134,76,0
34491,187,134,78,0
34492,188,134,80,0
34493,189,134,82,0
34494,190,134,83,0
34495,191,134,85,0
34496,192,134,87,0
34497,193,134,89,0
34498,194,134,91,0
34499,195,134,92,0
34500,196,134,94,0
34501,197,134,96,0
34502,198,134,98,0
34503,199,134,100,0
34504,200,134,100,0
34505,201,134,100,0
34506,202,134,100,0
34507,203,134,100,0
34508,204,134,100,0
34509,205,134,100,0
34510,206,134,100,0
34511,207,134,100,0
34512,208,134,100,0
34513,209,134,100,0
34514,210,134,100,0
34515,211,134,100,0
34516,212,134,100,0
34517,213,134,100,0
34518,214,134,100,0
34519,215,134,100,0
34520,216,134,100,0
34521,217,134,100,0
34522,218,134,100,0
34523,219,134,100,0
34524,220,134,100,0
34525,221,134,100,0
34526,222,134,100,0
34527,223,134,100,0
34528,224,134,100,0
34529,225,134,100,0
34530,226,134,100,0
34531,227,134,100,0
34532,228,134,100,0
34533,229,134,100,0
34534,230,134,100,0
34535,231,134,100,0
34536,232,134,100,0
34537,233,134,100,0
34538,234,134,100,0
34539,235,134,100,0
34540,236,134,100,0
34541,237,134,100,0
34542,238,134,100,0
34543,239,134,100,0
34544,240,134,100,0
34545,241,134,100,0
34546,242,134,100,0
34547,243,134,100,0
34548,244,134,100,0
34549,245,134,100,0
34550,246,134,100,0
34551,247,134,100,0
34552,248,134,100,0
34553,249,134,100,0
34554,250,134,100,0
34555,251,134,100,0
34556,252,134,100,0
34557,253,134,100,0
34558,254,134,100,0
34559,255,134,100,0
34560,0,135,-100,0
34561,1,135,-100,0
34562,2,135,-100,0
34563,3,135,-100,0
34564,4,135,-100,0
34565,5,135,-100,0
34566,6,135,-100,0
34567,7,135,-100,0
34568,8,135,-100,0
34569,9,135,-100,0
34570,10,135,-100,0
34571,11,135,-100,0
34572,12,135,-100,0
34573,13,135,-100,0
34574,14,135,-100,0
34575,15,135,-100,0
34576,16,135,-100,0
34577,17,135,-100,0
34578,18,135,-100,0
34579,19,135,-100,0
34580,20,135,-100,0
34581,21,135,-100,0
34582,22,135,-100,0
34583,23,135,-100,0
34584,24,135,-100,0
34585,25,135,-100,0
34586,26,135,-100,0
34587,27,135,-100,0
34588,28,135,-100,0
34589,29,135,-100,0
34590,30,135,-100,0
34591,31,135,-100,0
34592,32,135,-100,0
34593,33,135,-100,0
34594,34,135,-100,0
34595,35,135,-100,0
34596,36,135,-100,0
34597,37,135,-100,0
34598,38,135,-100,0
34599,39,135,-100,0
34600,40,135,-100,0
34601,41,135,-100,0
34602,42,135,-100,0
34603,43,135,-100,0
34604,44,135,-100,0
34605,45,135,-100,0
34606,46,135,-100,0
34607,47,135,-100,0
34608,48,135,-100,0
34609,49,135,-100,0
34610,50,135,-100,0
34611,51,135,-100,0
34612,52,135,-100,0
34613,53,135,-100,0
34614,54,135,-100,0
34615,55,135,-100,0
34616,56,135,-100,0
34617,57,135,-100,0
34618,58,135,-98,0
34619,59,135,-96,0
34620,60,135,-94,0
34621,61,135,-92,0
34622,62,135,-91,0
34623,63,135,-89,0
34624,64,135,-87,0
34625,65,135,-85,0
34626,66,135,-83,0
34627,67,135,-82,0
34628,68,135,-80,0
34629,69,135,-78,0
34630,70,135,-76,0
34631,71,135,-74,0
34632,72,135,-73,0
34633,73,135,-71,0
34634,74,135,-69,0
34635,75,135,-67,0
34636,76,135,-66,0
34637,77,135,-64,0
34638,78,135,-62,0
34639,79,135,-60,0
34640,80,135,-58,0
34641,81,135,-57,0
34642,82,135,-55,0
34643,83,135,-53,0
34644,84,135,-51,0
34645,85,135,-49,0
34646,86,135,-48,0
34647,87,135,-46,0
34648,88,135,-44,0
34649,89,135,-42,0
34650,90,135,-41,0
34651,91,135,-39,0
34652,92,135,-37,0
34653,93,135,-35,0
34654,94,135,-33,0
34655,95,135,-32,0
34656,96,135,-30,0
34657,97,135,-28,0
34658,98,135,-26,0
34659,99,135,-24,0
34660,100,135,-23,0
34661,101,135,-21,0
34662,102,135,-19,0
34663,103,135,-17,0
34664,104,135,-16,0
34665,105,135,-14,0
34666,106,135,-12,0
34667,107,135,-10,0
34668,108,135,-8,0
34669,109,135,-7,0
34670,110,135,-5,0
34671,111,135,-3,0
34672,112,135,-1,0
34673,113,135,0,0
34674,114,135,0,0
34675,115,135,0,0
34676,116,135,0,0
34677,117,135,0,0
34678,118,135,0,0
34679,119,135,0,0
34680,120,135,0,0
34681,121,135,0,0
34682,122,135,0,0
34683,123,135,0,0
34684,124,135,0,0
34685,125,135,0,0
34686,126,135,0,0
34687,127,135,0,0
34688,128,135,0,0
34689,129,135,0,0
34690,130,135,0,0
34691,131,135,0,0
34692,132,135,0,0
34693,133,135,0,0
34694,134,135,0,0
34695,135,135,0,0
34696,136,135,0,0
34697,137,135,0,0
34698,138,135,0,0
34699,139,135,0,0
34700,140,135,0,0
34701,141,135,0,0
34702,142,135,0,0
34703,143,135,0,0
34704,144,135,1,0
34705,145,135,3,0
34706,146,135,5,0
34707,147,135,7,0
34708,148,135,8,0
34709,149,135,10,0
34710,150,135,12,0
34711,151,135,14,0
34712,152,135,16,0
34713,153,135,17,0
34714,154,135,19,0
34715,155,135,21,0
34716,156,135,23,0
34717,157,135,24,0
34718,158,135,26,0
34719,159,135,28,0
34720,160,135,30,0
34721,161,135,32,0
34722,162,135,33,0
34723,163,135,35,0
34724,164,135,37,0
34725,165,135,39,0
34726,166,135,41,0
34727,167,135,42,0
34728,168,135,44,0
34729,169,135,46,0
34730,170,135,48,0
34731,171,135,49,0
34732,172,135,51,0
34733,173,135,53,0
34734,174,135,55,0
34735,175,135,57,0
34736,176,135,58,0
34737,177,135,60,0
34738,178,135,62,0
34739,179,135,64,0
34740,180,135,66,0
34741,181,135,67,0
34742,182,135,69,0
34743,183,135,71,0
34744,184,135,73,0
34745,185,135,74,0
34746,186,135,76,0
34747,187,135,78,0
34748,188,135,80,0
34749,189,135,82,0
34750,190,135,83,0
34751,191,135,85,0
34752,192,135,87,0
34753,193,135,89,0
34754,194,135,91,0
34755,195,135,92,0
34756,196,135,94,0
34757,197,135,96,0
34758,198,135,98,0
34759,199,135,100,0
34760,200,135,100,0
34761,201,135,100,0
34762,202,135,100,0
34763,203,135,100,0
34764,204,135,100,0
34765,205,135,100,0
34766,206,135,100,0
34767,207,135,100,0
34768,208,135,100,0
34769,209,135,100,0
34770,210,135,100,0
34771,211,135,100,0
34772,212,135,100,0
34773,213,135,100,0
34774,214,135,100,0
34775,215,135,100,0
34776,216,135,100,0
34777,217,135,100,0
34778,218,135,100,0
34779,219,135,100,0
34780,220,135,100,0
34781,221,135,100,0
34782,222,135,100,0
34783,223,135,100,0
34784,224,135,100,0
34785,225,135,100,0
34786,226,135,100,0
34787,227,135,100,0
34788,228,135,100,0
34789,229,135,100,0
34790,230,135,100,0
34791,231,135,100,0
34792,232,135,100,0
34793,233,135,100,0
34794,234,135,100,0
34795,235,135,100,0
34796,236,135,100,0
34797,237,135,100,0
34798,238,135,100,0
34799,239,135,100,0
34800,240,135,100,0
34801,241,135,100,0
34802,242,135,100,0
34803,243,135,100,0
34804,244,135,100,0
34805,245,135,100,0
34806,246,135,100,0
34807,247,135,100,0
34808,248,135,100,0
34809,249,135,100,0
34810,250,135,100,0
34811,251,135,100,0
34812,252,135,100,0
34813,253,135,100,0
34814,254,135,100,0
34815,255,135,100,0
34816,0,136,-100,0
34817,1,136,-100,0
34818,2,136,-100,0
34819,3,136,-100,0
34820,4,136,-100,0
34821,5,136,-100,0
34822,6,136,-100,0
34823,7,136,-100,0
34824,8,136,-100,0
34825,9,136,-100,0
34826,10,136,-100,0
34827,11,136,-100,0
34828,12,136,-100,0
34829,13,136,-100,0
34830,14,136,-100,0
34831,15,136,-100,0
34832,16,136,-100,0
34833,17,136,-100,0
34834,18,136,-100,0
34835,19,136,-100,0
34836,20,136,-100,0
34837,21,136,-100,0
34838,22,136,-100,0
34839,23,136,-100,0
34840,24,136,-100,0
34841,25,136,-100,0
34842,26,136,-100,0
34843,27,136,-100,0
34844,28,136,-100,0
34845,29,136,-100,0
34846,30,136,-100,0
34847,31,136,-100,0
34848,32,136,-100,0
34849,33,136,-100,0
34850,34,136,-100,0
34851,35,136,-100,0
34852,36,136,-100,0
34853,37,136,-100,0
34854,38,136,-100,0
34855,39,136,-100,0
34856,40,136,-100,0
34857,41,136,-100,0
34858,42,136,-100,0
34859,43,136,-100,0
34860,44,136,-100,0
34861,45,136,-100,0
34862,46,136,-100,0
34863,47,136,-100,0
34864,48,136,-100,0
34865,49,136,-100,0
34866,50,136,-100,0
34867,51,136,-100,0
34868,52,136,-100,0
34869,53,136,-100,0
34870,54,136,-100,0
34871,55,136,-100,0
34872,56,136,-100,0
34873,57,136,-100,0
34874,58,136,-98,0
34875,59,136,-96,0
34876,60,136,-94,0
34877,61,136,-92,0
34878,62,136,-91,0
34879,63,136,-89,0
34880,64,136,-87,0
34881,65,136,-85,0
34882,66,136,-83,0
34883,67,136,-82,0
34884,68,136,-80,0
34885,69,136,-78,0
34886,70,136,-76,0
34887,71,136,-74,0
34888,72,136,-73,0
34889,73,136,-71,0
34890,74,136,-69,0
34891,75,136,-67,0
34892,76,136,-66,0
34893,77,136,-64,0
34894,78,136,-62,0
34895,79,136,-60,0
34896,80,136,-58,0
34897,81,136,-57,0
34898,82,136,-55,0
34899,83,136,-53,0
34900,84,136,-51,0
34901,85,136,-49,0
34902,86,136,-48,0
34903,87,136,-46,0
34904,88,136,-44,0
34905,89,136,-42,0
34906,90,136,-41,0
34907,91,136,-39,0
34908,92,136,-37,0
34909,93,136,-35,0
34910,94,136,-33,0
34911,95,136,-32,0
34912,96,136,-30,0
34913,97,136,-28,0
34914,98,136,-26,0
34915,99,136,-24,0
34916,100,136,-23,0
34917,101,136,-21,0
34918,102,136,-19,0
34919,103,136,-17,0
34920,104,136,-16,0
34921,105,136,-14,0
34922,106,136,-12,0
34923,107,136,-10,0
34924,108,136,-8,0
34925,109,136,-7,0
34926,110,136,-5,0
34927,111,136,-3,0
34928,112,136,-1,0
34929,113,136,0,0
34930,114,136,0,0
34931,115,136,0,0
34932,116,136,0,0
34933,117,136,0,0
34934,118,136,0,0
34935,119,136,0,0
34936,120,136,0,0
34937,121,136,0,0
34938,122,136,0,0
34939,123,136,0,0
34940,124,136,0,0
34941,125,136,0,0
34942,126,136,0,0
34943,127,136,0,0
34944,128,136,0,0
34945,129,136,0,0
34946,130,136,0,0
34947,131,136,0,0
34948,132,136,0,0
34949,133,136,0,0
34950,134,136,0,0
34951,135,136,0,0
34952,136,136,0,0
34953,137,136,0,0
34954,138,136,0,0
34955,139,136,0,0
34956,140,136,0,0
34957,141,136,0,0
34958,142,136,0,0
34959,143,136,0,0
34960,144,136,1,0
34961,145,136,3,0
34962,146,136,5,0
34963,147,136,7,0
34964,148,136,8,0
34965,149,136,10,0
34966,150,136,12,0
34967,151,136,14,0
34968,152,136,16,0
34969,153,136,17,0
34970,154,136,19,0
34971,155,136,21,0
34972,156,136,23,0
34973,157,136,24,0
34974,158,136,26,0
34975,159,136,28,0
34976,160,136,30,0
34977,161,136,32,0
34978,162,136,33,0
34979,163,136,35,0
34980,164,136,37,0
34981,165,136,39,0
34982,166,136,41,0
34983,167,136,42,0
34984,168,136,44,0
34985,169,136,46,0
34986,170,136,48,0
34987,171,136,49,0
34988,172,136,51,0
34989,173,136,53,0
34990,174,136,55,0
34991,175,136,57,0
34992,176,136,58,0
34993,177,136,60,0
34994,178,136,62,0
34995,179,136,64,0
34996,180,136,66,0
34997,181,136,67,0
34998,182,136,69,0
34999,183,136,71,0
35000,184,136,73,0
35001,185,136,74,0
35002,186,136,76,0
35003,187,136,78,0
35004,188,136,80,0
35005,189,136,82,0
35006,190,136,83,0
35007,191,136,85,0
35008,192,136,87,0
35009,193,136,89,0
35010,194,136,91,0
35011,195,136,92,0
35012,196,136,94,0
35013,197,136,96,0
35014,198,136,98,0
35015,199,136,100,0
35016,200,136,100,0
35017,201,136,100,0
35018,202,136,100,0
35019,203,136,100,0
35020,204,136,100,0
35021,205,136,100,0
35022,206,136,100,0
35023,207,136,100,0
35024,208,136,100,0
35025,209,136,100,0
35026,210,136,100,0
35027,211,136,100,0
35028,212,136,100,0
35029,213,136,100,0
35030,214,136,100,0
35031,215,136,100,0
35032,216,136,100,0
35033,217,136,100,0
35034,218,136,100,0
35035,219,136,100,0
35036,220,136,100,0
35037,221,136,100,0
35038,222,136,100,0
35039,223,136,100,0
35040,224,136,100,0
35041,225,136,100,0
35042,226,136,100,0
35043,227,136,100,0
35044,228,136,100,0
35045,229,136,100,0
35046,230,136,100,0
35047,231,136,100,0
35048,232,136,100,0
35049,233,136,100,0
35050,234,136,100,0
35051,235,136,100,0
35052,236,136,100,0
35053,237,136,100,0
35054,238,136,100,0
35055,239,136,100,0
35056,240,136,100,0
35057,241,136,100,0
35058,242,136,100,0
35059,243,136,100,0
35060,244,136,100,0
35061,245,136,100,0
35062,246,136,100,0
35063,247,136,100,0
35064,248,136,100,0
35065,249,136,100,0
35066,250,136,100,0
35067,251,136,100,0
35068,252,136,100,0
35069,253,136,100,0
35070,254,136,100,0
35071,255,136,100,0
35072,0,137,-100,0
35073,1,137,-100,0
35074,2,137,-100,0
35075,3,137,-100,0
35076,4,137,-100,0
35077,5,137,-100,0
35078,6,137,-100,0
35079,7,137,-100,0
35080,8,137,-100,0
35081,9,137,-100,0
35082,10,137,-100,0
35083,11,137,-100,0
35084,12,137,-100,0
35085,13,137,-100,0
35086,14,137,-100,0
35087,15,137,-100,0
35088,16,137,-100,0
35089,17,137,-100,0
35090,18,137,-100,0
35091,19,137,-100,0
35092,20,137,-100,0
35093,21,137,-100,0
35094,22,137,-100,0
35095,23,137,-100,0
35096,24,137,-100,0
35097,25,137,-100,0
35098,26,137,-100,0
35099,27,137,-100,0
35100,28,137,-100,0
35101,29,137,-100,0
35102,30,137,-100,0
35103,31,137,-100,0
35104,32,137,-100,0
35105,33,137,-100,0
35106,34,137,-100,0
35107,35,137,-100,0
35108,36,137,-100,0
35109,37,137,-100,0
35110,38,137,-100,0
35111,39,137,-100,0
35112,40,137,-100,0
35113,41,137,-100,0
35114,42,137,-100,0
35115,43,137,-100,0
35116,44,137,-100,0
35117,45,137,-100,0
35118,46,137,-100,0
35119,47,137,-100,0
35120,48,137,-100,0
35121,49,137,-100,0
35122,50,137,-100,0
35123,51,137,-100,0
35124,52,137,-100,0
35125,53,137,-100,0
35126,54,137,-100,0
35127,55,137,-100,0
35128,56,137,-100,0
35129,57,137,-100,0
35130,58,137,-98,0
35131,59,137,-96,0
35132,60,137,-94,0
35133,61,137,-92,0
35134,62,137,-91,0
35135,63,137,-89,0
35136,64,137,-87,0
35137,65,137,-85,0
35138,66,137,-83,0
35139,67,137,-82,0
35140,68,137,-80,0
35141,69,137,-78,0
35142,70,137,-76,0
35143,71,137,-74,0
35144,72,137,-73,0
35145,73,137,-71,0
35146,74,137,-69,0
35147,75,137,-67,0
35148,76,137,-66,0
35149,77,137,-64,0
35150,78,137,-62,0
35151,79,137,-60,0
35152,80,137,-58,0
35153,81,137,-57,0
35154,82,137,-55,0
35155,83,137,-53,0
35156,84,137,-51,0
35157,85,137,-49,0
35158,86,137,-48,0
35159,87,137,-46,0
35160,88,137,-44,0
35161,89,137,-42,0
35162,90,137,-41,0
35163,91,137,-39,0
35164,92,137,-37,0
35165,93,137,-35,0
35166,94,137,-33,0
35167,95,137,-32,0
35168,96,137,-30,0
35169,97,137,-28,0
35170,98,137,-26,0
35171,99,137,-24,0
35172,100,137,-23,0
35173,101,137,-21,0
35174,102,137,-19,0
35175,103,137,-17,0
35176,104,137,-16,0
35177,105,137,-14,0
35178,106,137,-12,0
35179,107,137,-10,0
35180,108,137,-8,0
35181,109,137,-7,0
35182,110,137,-5,0
35183,111,137,-3,0
35184,112,137,-1,0
35185,113,137,0,0
35186,114,137,0,0
35187,115,137,0,0
35188,116,137,0,0
35189,117,137,0,0
35190,118,137,0,0
35191,119,137,0,0
35192,120,137,0,0
35193,121,137,0,0
35194,122,137,0,0
35195,123,137,0,0
35196,124,137,0,0
35197,125,137,0,0
35198,126,137,0,0
35199,127,137,0,0
35200,128,137,0,0
35201,129,137,0,0
35202,130,137,0,0
35203,131,137,0,0
35204,132,137,0,0
35205,133,137,0,0
35206,134,137,0,0
35207,135,137,0,0
35208,136,137,0,0
35209,137,137,0,0
35210,138,137,0,0
35211,139,137,0,0
35212,140,137,0,0
35213,141,137,0,0
35214,142,137,0,0
35215,143,137,0,0
35216,144,137,1,0
35217,145,137,3,0
35218,146,137,5,0
35219,147,137,7,0
35220,148,137,8,0
35221,149,137,10,0
35222,150,137,12,0
35223,151,137,14,0
35224,152,137,16,0
35225,153,137,17,0
35226,154,137,19,0
35227,155,137,21,0
35228,156,137,23,0
35229,157,137,24,0
35230,158,137,26,0
35231,159,137,28,0
35232,160,137,30,0
35233,161,137,32,0
35234,162,137,33,0
35235,163,137,35,0
35236,164,137,37,0
35237,165,137,39,0
35238,166,137,41,0
35239,167,137,42,0
35240,168,137,44,0
35241,169,137,46,0
35242,170,137,48,0
35243,171,137,49,0
35244,172,137,51,0
35245,173,137,53,0
35246,174,137,55,0
35247,175,137,57,0
35248,176,137,58,0
35249,177,137,60,0
35250,178,137,62,0
35251,179,137,64,0
35252,180,137,66,0
35253,181,137,67,0
35254,182,137,69,0
35255,183,137,71,0
35256,184,137,73,0
35257,185,137,74,0
35258,186,137,76,0
35259,187,137,78,0
35260,188,137,80,0
35261,189,137,82,0
35262,190,137,83,0
35263,191,137,85,0
35264,192,137,87,0
35265,193,137,89,0
35266,194,137,91,0
35267,195,137,92,0
35268,196,137,94,0
35269,197,137,96,0
35270,198,137,98,0
35271,199,137,100,0
35272,200,137,100,0
35273,201,137,100,0
35274,202,137,100,0
35275,203,137,100,0
35276,204,137,100,0
35277,205,137,100,0
35278,206,137,100,0
35279,207,137,100,0
35280,208,137,100,0
35281,209,137,100,0
35282,210,137,100,0
35283,211,137,100,0
35284,212,137,100,0
35285,213,137,100,0
35286,214,137,100,0
35287,215,137,100,0
35288,216,137,100,0
35289,217,137,100,0
35290,218,137,100,0
35291,219,137,100,0
35292,220,137,100,0
35293,221,137,100,0
35294,222,137,100,0
35295,223,137,100,0
35296,224,137,100,0
35297,225,137,100,0
35298,226,137,100,0
35299,227,137,100,0
35300,228,137,100,0
35301,229,137,100,0
35302,230,137,100,0
35303,231,137,100,0
35304,232,137,100,0
35305,233,137,100,0
35306,234,137,100,0
35307,235,137,100,0
35308,236,137,100,0
35309,237,137,100,0
35310,238,137,100,0
35311,239,137,100,0
35312,240,137,100,0
35313,241,137,100,0
35314,242,137,100,0
35315,243,137,100,0
35316,244,137,100,0
35317,245,137,100,0
35318,246,137,100,0
35319,247,137,100,0
35320,248,137,100,0
35321,249,137,100,0
35322,250,137,100,0
35323,251,137,100,0
35324,252,137,100,0
35325,253,137,100,0
35326,254,137,100,0
35327,255,137,100,0
35328,0,138,-100,0
35329,1,138,-100,0
35330,2,138,-100,0
35331,3,138,-100,0
35332,4,138,-100,0
35333,5,138,-100,0
35334,6,138,-100,0
35335,7,138,-100,0
35336,8,138,-100,0
35337,9,138,-100,0
35338,10,138,-100,0
35339,11,138,-100,0
35340,12,138,-100,0
35341,13,138,-100,0
35342,14,138,-100,0
35343,15,138,-100,0
35344,16,138,-100,0
35345,17,138,-100,0
35346,18,138,-100,0
35347,19,138,-100,0
35348,20,138,-100,0
35349,21,138,-100,0
35350,22,138,-100,0
35351,23,138,-100,0
35352,24,138,-100,0
35353,25,138,-100,0
35354,26,138,-100,0
35355,27,138,-100,0
35356,28,138,-100,0
35357,29,138,-100,0
35358,30,138,-100,0
35359,31,138,-100,0
35360,32,138,-100,0
35361,33,138,-100,0
35362,34,138,-100,0
35363,35,138,-100,0
35364,36,138,-100,0
35365,37,138,-100,0
35366,38,138,-100,0
35367,39,138,-100,0
35368,40,138,-100,0
35369,41,138,-100,0
35370,42,138,-100,0
35371,43,138,-100,0
35372,44,138,-100,0
35373,45,138,-100,0
35374,46,138,-100,0
35375,47,138,-100,0
35376,48,138,-100,0
35377,49,138,-100,0
35378,50,138,-100,0
35379,51,138,-100,0
35380,52,138,-100,0
35381,53,138,-100,0
35382,54,138,-100,0
35383,55,138,-100,0
35384,56,138,-100,0
35385,57,138,-100,0
35386,58,138,-98,0
35387,59,138,-96,0
35388,60,138,-94,0
35389,61,138,-92,0
35390,62,138,-91,0
35391,63,138,-89,0
35392,64,138,-87,0
35393,65,138,-85,0
35394,66,138,-83,0
35395,67,138,-82,0
35396,68,138,-80,0
35397,69,138,-78,0
35398,70,138,-76,0
35399,71,138,-74,0
35400,72,138,-73,0
35401,73,138,-71,0
35402,74,138,-69,0
35403,75,138,-67,0
35404,76,138,-66,0
35405,77,138,-64,0
35406,78,138,-62,0
35407,79,138,-60,0
35408,80,138,-58,0
35409,81,138,-57,0
35410,82,138,-55,0
35411,83,138,-53,0
35412,84,138,-51,0
35413,85,138,-49,0
35414,86,138,-48,0
35415,87,138,-46,0
35416,88,138,-44,0
35417,89,138,-42,0
35418,90,138,-41,0
35419,91,138,-39,0
35420,92,138,-37,0
35421,93,138,-35,0
35422,94,138,-33,0
35423,95,138,-32,0
35424,96,138,-30,0
35425,97,138,-28,0
35426,98,138,-26,0
35427,99,138,-24,0
35428,100,138,-23,0
35429,101,138,-21,0
35430,102,138,-19,0
35431,103,138,-17,0
35432,104,138,-16,0
35433,105,138,-14,0
35434,106,138,-12,0
35435,107,138,-10,0
35436,108,138,-8,0
35437,109,138,-7,0
35438,110,138,-5,0
35439,111,138,-3,0
35440,112,138,-1,0
35441,113,138,0,0
35442,114,138,0,0
35443,115,138,0,0
35444,116,138,0,0
35445,117,138,0,0
35446,118,138,0,0
35447,119,138,0,0
35448,120,138,0,0
35449,121,138,0,0
35450,122,138,0,0
35451,123,138,0,0
35452,124,138,0,0
35453,125,138,0,0
35454,126,138,0,0
35455,127,138,0,0
35456,128,138,0,0
35457,129,138,0,0
35458,130,138,0,0
35459,131,138,0,0
35460,132,138,0,0
35461,133,138,0,0
35462,134,138,0,0
35463,135,138,0,0
35464,136,138,0,0
35465,137,138,0,0
35466,138,138,0,0
35467,139,138,0,0
35468,140,138,0,0
35469,141,138,0,0
35470,142,138,0,0
35471,143,138,0,0
35472,144,138,1,0
35473,145,138,3,0
35474,146,138,5,0
35475,147,138,7,0
35476,148,138,8,0
35477,149,138,10,0
35478,150,138,12,0
35479,151,138,14,0
35480,152,138,16,0
35481,153,138,17,0
35482,154,138,19,0
35483,155,138,21,0
35484,156,138,23,0
35485,157,138,24,0
35486,158,138,26,0
35487,159,138,28,0
35488,160,138,30,0
35489,161,138,32,0
35490,162,138,33,0
35491,163,138,35,0
35492,164,138,37,0
35493,165,138,39,0
35494,166,138,41,0
35495,167,138,42,0
35496,168,138,44,0
35497,169,138,46,0
35498,170,138,48,0
35499,171,138,49,0
35500,172,138,51,0
35501,173,138,53,0
35502,174,138,55,0
35503,175,138,57,0
35504,176,138,58,0
35505,177,138,60,0
35506,178,138,62,0
35507,179,138,64,0
35508,180,138,66,0
35509,181,138,67,0
35510,182,138,69,0
35511,183,138,71,0
35512,184,138,73,0
35513,185,138,74,0
35514,186,138,76,0
35515,187,138,78,0
35516,188,138,80,0
35517,189,138,82,0
35518,190,138,83,0
35519,191,138,85,0
35520,192,138,87,0
35521,193,138,89,0
35522,194,138,91,0
35523,195,138,92,0
35524,196,138,94,0
35525,197,138,96,0
35526,198,138,98,0
35527,199,138,100,0
35528,200,138,100,0
35529,201,138,100,0
35530,202,138,100,0
35531,203,138,100,0
35532,204,138,100,0
35533,205,138,100,0
35534,206,138,100,0
35535,207,138,100,0
35536,208,138,100,0
35537,209,138,100,0
35538,210,138,100,0
35539,211,138,100,0
35540,212,138,100,0
35541,213,138,100,0
35542,214,138,100,0
35543,215,138,100,0
35544,216,138,100,0
35545,217,138,100,0
35546,218,138,100,0
35547,219,138,100,0
35548,220,138,100,0
35549,221,138,100,0
35550,222,138,100,0
35551,223,138,100,0
35552,224,138,100,0
35553,225,138,100,0
35554,226,138,100,0
35555,227,138,100,0
35556,228,138,100,0
35557,229,138,100,0
35558,230,138,100,0
35559,231,138,100,0
35560,232,138,100,0
35561,233,138,100,0
35562,234,138,100,0
35563,235,138,100,0
35564,236,138,100,0
35565,237,138,100,0
35566,238,138,100,0
35567,239,138,100,0
35568,240,138,100,0
35569,241,138,100,0
35570,242,138,100,0
35571,243,138,100,0
35572,244,138,100,0
35573,245,138,100,0
35574,246,138,100,0
35575,247,138,100,0
35576,248,138,100,0
35577,249,138,100,0
35578,250,138,100,0
35579,251,138,100,0
35580,252,138,100,0
35581,253,138,100,0
35582,254,138,100,0
35583,255,138,100,0
35584,0,139,-100,0
35585,1,139,-100,0
35586,2,139,-100,0
35587,3,139,-100,0
35588,4,139,-100,0
35589,5,139,-100,0
35590,6,139,-100,0
35591,7,139,-100,0
35592,8,139,-100,0
35593,9,139,-100,0
35594,10,139,-100,0
35595,11,139,-100,0
35596,12,139,-100,0
35597,13,139,-100,0
35598,14,139,-100,0
35599,15,139,-100,0
35600,16,139,-100,0
35601,17,139,-100,0
35602,18,139,-100,0
35603,19,139,-100,0
35604,20,139,-100,0
35605,21,139,-100,0
35606,22,139,-100,0
35607,23,139,-100,0
35608,24,139,-100,0
35609,25,139,-100,0
35610,26,139,-100,0
35611,27,139,-100,0
35612,28,139,-100,0
35613,29,139,-100,0
35614,30,139,-100,0
35615,31,139,-100,0
35616,32,139,-100,0
35617,33,139,-100,0
35618,34,139,-100,0
35619,35,139,-100,0
35620,36,139,-100,0
35621,37,139,-100,0
35622,38,139,-100,0
35623,39,139,-100,0
35624,40,139,-100,0
35625,41,139,-100,0
35626,42,139,-100,0
35627,43,139,-100,0
35628,44,139,-100,0
35629,45,139,-100,0
35630,46,139,-100,0
35631,47,139,-100,0
35632,48,139,-100,0
35633,49,139,-100,0
35634,50,139,-100,0
35635,51,139,-100,0
35636,52,139,-100,0
35637,53,139,-100,0
35638,54,139,-100,0
35639,55,139,-100,0
35640,56,139,-100,0
35641,57,139,-100,0
35642,58,139,-98,0
35643,59,139,-96,0
35644,60,139,-94,0
35645,61,139,-92,0
35646,62,139,-91,0
35647,63,139,-89,0
35648,64,139,-87,0
35649,65,139,-85,0
35650,66,139,-83,0
35651,67,139,-82,0
35652,68,139,-80,0
35653,69,139,-78,0
35654,70,139,-76,0
35655,71,139,-74,0
35656,72,139,-73,0
35657,73,139,-71,0
35658,74,139,-69,0
35659,75,139,-67,0
35660,76,139,-66,0
35661,77,139,-64,0
35662,78,139,-62,0
35663,79,139,-60,0
35664,80,139,-58,0
35665,81,139,-57,0
35666,82,139,-55,0
35667,83,139,-53,0
35668,84,139,-51,0
35669,85,139,-49,0
35670,86,139,-48,0
35671,87,139,-46,0
35672,88,139,-44,0
35673,89,139,-42,0
35674,90,139,-41,0
35675,91,139,-39,0
35676,92,139,-37,0
35677,93,139,-35,0
35678,94,139,-33,0
35679,95,139,-32,0
35680,96,139,-30,0
35681,97,139,-28,0
35682,98,139,-26,0
35683,99,139,-24,0
35684,100,139,-23,0
35685,101,139,-21,0
35686,102,139,-19,0
35687,103,139,-17,0
35688,104,139,-16,0
35689,105,139,-14,0
35690,106,139,-12,0
35691,107,139,-10,0
35692,108,139,-8,0
35693,109,139,-7,0
35694,110,139,-5,0
35695,111,139,-3,0
35696,112,139,-1,0
35697,113,139,0,0
35698,114,139,0,0
35699,115,139,0,0
35700,116,139,0,0
35701,117,139,0,0
35702,118,139,0,0
35703,119,139,0,0
35704,120,139,0,0
35705,121,139,0,0
35706,122,139,0,0
35707,123,139,0,0
35708,124,139,0,0
35709,125,139,0,0
35710,126,139,0,0
35711,127,139,0,0
35712,128,139,0,0
35713,129,139,0,0
35714,130,139,0,0
35715,131,139,0,0
35716,132,139,0,0
35717,133,139,0,0
35718,134,139,0,0
35719,135,139,0,0
35720,136,139,0,0
35721,137,139,0,0
35722,138,139,0,0
35723,139,139,0,0
35724,140,139,0,0
35725,141,139,0,0
35726,142,139,0,0
35727,143,139,0,0
35728,144,139,1,0
35729,145,139,3,0
35730,146,139,5,0
35731,147,139,7,0
35732,148,139,8,0
35733,149,139,10,0
35734,150,139,12,0
35735,151,139,14,0
35736,152,139,16,0
35737,153,139,17,0
35738,154,139,19,0
35739,155,139,21,0
35740,156,139,23,0
35741,157,139,24,0
35742,158,139,26,0
35743,159,139,28,0
35744,160,139,30,0
35745,161,139,32,0
35746,162,139,33,0
35747,163,139,35,0
35748,164,139,37,0
35749,165,139,39,0
35750,166,139,41,0
35751,167,139,42,0
35752,168,139,44,0
35753,169,139,46,0
35754,170,139,48,0
35755,171,139,49,0
35756,172,139,51,0
35757,173,139,53,0
35758,174,139,55,0
35759,175,139,57,0
35760,176,139,58,0
35761,177,139,60,0
35762,178,139,62,0
35763,179,139,64,0
35764,180,139,66,0
35765,181,139,67,0
35766,182,139,69,0
35767,183,139,71,0
35768,184,139,73,0
35769,185,139,74,0
35770,186,139,76,0
35771,187,139,78,0
35772,188,139,80,0
35773,189,139,82,0
35774,190,139,83,0
35775,191,139,85,0
35776,192,139,87,0
35777,193,139,89,0
35778,194,139,91,0
35779,195,139,92,0
35780,196,139,94,0
35781,197,139,96,0
35782,198,139,98,0
35783,199,139,100,0
35784,200,139,100,0
35785,201,139,100,0
35786,202,139,100,0
35787,203,139,100,0
35788,204,139,100,0
35789,205,139,100,0
35790,206,139,100,0
35791,207,139,100,0
35792,208,139,100,0
35793,209,139,100,0
35794,210,139,100,0
35795,211,139,100,0
35796,212,139,100,0
35797,213,139,100,0
35798,214,139,100,0
35799,215,139,100,0
35800,216,139,100,0
35801,217,139,100,0
35802,218,139,100,0
35803,219,139,100,0
35804,220,139,100,0
35805,221,139,100,0
35806,222,139,100,0
35807,223,139,100,0
35808,224,139,100,0
35809,225,139,100,0
35810,226,139,100,0
35811,227,139,100,0
35812,228,139,100,0
35813,229,139,100,0
35814,230,139,100,0
35815,231,139,100,0
35816,232,139,100,0
35817,233,139,100,0
35818,234,139,100,0
35819,235,139,100,0
35820,236,139,100,0
35821,237,139,100,0
35822,238,139,100,0
35823,239,139,100,0
35824,240,139,100,0
35825,241,139,100,0
35826,242,139,100,0
35827,243,139,100,0
35828,244,139,100,0
35829,245,139,100,0
35830,246,139,100,0
35831,247,139,100,0
35832,248,139,100,0
35833,249,139,100,0
35834,250,139,100,0
35835,251,139,100,0
35836,252,139,100,0
35837,253,139,100,0
35838,254,139,100,0
35839,255,139,100,0
35840,0,140,-100,0
35841,1,140,-100,0
35842,2,140,-100,0
35843,3,140,-100,0
35844,4,140,-100,0
35845,5,140,-100,0
35846,6,140,-100,0
35847,7,140,-100,0
35848,8,140,-100,0
35849,9,140,-100,0
35850,10,140,-100,0
35851,11,140,-100,0
35852,12,140,-100,0
35853,13,140,-100,0
35854,14,140,-100,0
35855,15,140,-100,0
35856,16,140,-100,0
35857,17,140,-100,0
35858,18,140,-100,0
35859,19,140,-100,0
35860,20,140,-100,0
35861,21,140,-100,0
35862,22,140,-100,0
35863,23,140,-100,0
35864,24,140,-100,0
35865,25,140,-100,0
35866,26,140,-100,0
35867,27,140,-100,0
35868,28,140,-100,0
35869,29,140,-100,0
35870,30,140,-100,0
35871,31,140,-100,0
35872,32,140,-100,0
35873,33,140,-100,0
35874,34,140,-100,0
35875,35,140,-100,0
35876,36,140,-100,0
35877,37,140,-100,0
35878,38,140,-100,0
35879,39,140,-100,0
35880,40,140,-100,0
35881,41,140,-100,0
35882,42,140,-100,0
35883,43,140,-100,0
35884,44,140,-100,0
35885,45,140,-100,0
35886,46,140,-100,0
35887,47,140,-100,0
35888,48,140,-100,0
35889,49,140,-100,0
35890,50,140,-100,0
35891,51,140,-100,0
35892,52,140,-100,0
35893,53,140,-100,0
35894,54,140,-100,0
35895,55,140,-100,0
35896,56,140,-100,0
35897,57,140,-100,0
35898,58,140,-98,0
35899,59,140,-96,0
35900,60,140,-94,0
35901,61,140,-92,0
35902,62,140,-91,0
35903,63,140,-89,0
35904,64,140,-87,0
35905,65,140,-85,0
35906,66,140,-83,0
35907,67,140,-82,0
35908,68,140,-80,0
35909,69,140,-78,0
35910,70,140,-76,0
35911,71,140,-74,0
35912,72,140,-73,0
35913,73,140,-71,0
35914,74,140,-69,0
35915,75,140,-67,0
35916,76,140,-66,0
35917,77,140,-64,0
35918,78,140,-62,0
35919,79,140,-60,0
35920,80,140,-58,0
35921,81,140,-57,0
35922,82,140,-55,0
35923,83,140,-53,0
35924,84,140,-51,0
35925,85,140,-49,0
35926,86,140,-48,0
35927,87,140,-46,0
35928,88,140,-44,0
35929,89,140,-42,0
35930,90,140,-41,0
35931,91,140,-39,0
35932,92,140,-37,0
35933,93,140,-35,0
35934,94,140,-33,0
35935,95,140,-32,0
35936,96,140,-30,0
35937,97,140,-28,0
35938,98,140,-26,0
35939,99,140,-24,0
35940,100,140,-23,0
35941,101,140,-21,0
35942,102,140,-19,0
35943,103,140,-17,0
35944,104,140,-16,0
35945,105,140,-14,0
35946,106,140,-12,0
35947,107,140,-10,0
35948,108,140,-8,0
35949,109,140,-7,0
35950,110,140,-5,0
35951,111,140,-3,0
35952,112,140,-1,0
35953,113,140,0,0
35954,114,140,0,0
35955,115,140,0,0
35956,116,140,0,0
35957,117,140,0,0
35958,118,140,0,0
35959,119,140,0,0
35960,120,140,0,0
35961,121,140,0,0
35962,122,140,0,0
35963,123,140,0,0
35964,124,140,0,0
35965,125,140,0,0
35966,126,140,0,0
35967,127,140,0,0
35968,128,140,0,0
35969,129,140,0,0
35970,130,140,0,0
35971,131,140,0,0
35972,132,140,0,0
35973,133,140,0,0
35974,134,140,0,0
35975,135,140,0,0
35976,136,140,0,0
35977,137,140,0,0
35978,138,140,0,0
35979,139,140,0,0
35980,140,140,0,0
35981,141,140,0,0
35982,142,140,0,0
35983,143,140,0,0
35984,144,140,1,0
35985,145,140,3,0
35986,146,140,5,0
35987,147,140,7,0
35988,148,140,8,0
35989,149,140,10,0
35990,150,140,12,0
35991,151,140,14,0
35992,152,140,16,0
35993,153,140,17,0
35994,154,140,19,0
35995,155,140,21,0
35996,156,140,23,0
35997,157,140,24,0
35998,158,140,26,0
35999,159,140,28,0
36000,160,140,30,0
36001,161,140,32,0
36002,162,140,33,0
36003,163,140,35,0
36004,164,140,37,0
36005,165,140,39,0
36006,166,140,41,0
36007,167,140,42,0
36008,168,140,44,0
36009,169,140,46,0
36010,170,140,48,0
36011,171,140,49,0
36012,172,140,51,0
36013,173,140,53,0
36014,174,140,55,0
36015,175,140,57,0
36016,176,140,58,0
36017,177,140,60,0
36018,178,140,62,0
36019,179,140,64,0
36020,180,140,66,0
36021,181,140,67,0
36022,182,140,69,0
36023,183,140,71,0
36024,184,140,73,0
36025,185,140,74,0
36026,186,140,76,0
36027,187,140,78,0
36028,188,140,80,0
36029,189,140,82,0
36030,190,140,83,0
36031,191,140,85,0
36032,192,140,87,0
36033,193,140,89,0
36034,194,140,91,0
36035,195,140,92,0
36036,196,140,94,0
36037,197,140,96,0
36038,198,140,98,0
36039,199,140,100,0
36040,200,140,100,0
36041,201,140,100,0
36042,202,140,100,0
36043,203,140,100,0
36044,204,140,100,0
36045,205,140,100,0
36046,206,140,100,0
36047,207,140,100,0
36048,208,140,100,0
36049,209,140,100,0
36050,210,140,100,0
36051,211,140,100,0
36052,212,140,100,0
36053,213,140,100,0
36054,214,140,100,0
36055,215,140,100,0
36056,216,140,100,0
36057,217,140,100,0
36058,218,140,100,0
36059,219,140,100,0
36060,220,140,100,0
36061,221,140,100,0
36062,222,140,100,0
36063,223,140,100,0
36064,224,140,100,0
36065,225,140,100,0
36066,226,140,100,0
36067,227,140,100,0
36068,228,140,100,0
36069,229,140,100,0
36070,230,140,100,0
36071,231,140,100,0
36072,232,140,100,0
36073,233,140,100,0
36074,234,140,100,0
36075,235,140,100,0
36076,236,140,100,0
36077,237,140,100,0
36078,238,140,100,0
36079,239,140,100,0
36080,240,140,100,0
36081,241,140,100,0
36082,242,140,100,0
36083,243,140,100,0
36084,244,140,100,0
36085,245,140,100,0
36086,246,140,100,0
36087,247,140,100,0
36088,248,140,100,0
36089,249,140,100,0
36090,250,140,100,0
36091,251,140,100,0
36092,252,140,100,0
36093,253,140,100,0
36094,254,140,100,0
36095,255,140,100,0
36096,0,141,-100,0
36097,1,141,-100,0
36098,2,141,-100,0
36099,3,141,-100,0
36100,4,141,-100,0
36101,5,141,-100,0
36102,6,141,-100,0
36103,7,141,-100,0
36104,8,141,-100,0
36105,9,141,-100,0
36106,10,141,-100,0
36107,11,141,-100,0
36108,12,141,-100,0
36109,13,141,-100,0
36110,14,141,-100,0
36111,15,141,-100,0
36112,16,141,-100,0
36113,17,141,-100,0
36114,18,141,-100,0
36115,19,141,-100,0
36116,20,141,-100,0
36117,21,141,-100,0
36118,22,141,-100,0
36119,23,141,-100,0
36120,24,141,-100,0
36121,25,141,-100,0
36122,26,141,-100,0
36123,27,141,-100,0
36124,28,141,-100,0
36125,29,141,-100,0
36126,30,141,-100,0
36127,31,141,-100,0
36128,32,141,-100,0
36129,33,141,-100,0
36130,34,141,-100,0
36131,35,141,-100,0
36132,36,141,-100,0
36133,37,141,-100,0
36134,38,141,-100,0
36135,39,141,-100,0
36136,40,141,-100,0
36137,41,141,-100,0
36138,42,141,-100,0
36139,43,141,-100,0
36140,44,141,-100,0
36141,45,141,-100,0
36142,46,141,-100,0
36143,47,141,-100,0
36144,48,141,-100,0
36145,49,141,-100,0
36146,50,141,-100,0
36147,51,141,-100,0
36148,52,141,-100,0
36149,53,141,-100,0
36150,54,141,-100,0
36151,55,141,-100,0
36152,56,141,-100,0
36153,57,141,-100,0
36154,58,141,-98,0
36155,59,141,-96,0
36156,60,141,-94,0
36157,61,141,-92,0
36158,62,141,-91,0
36159,63,141,-89,0
36160,64,141,-87,0
36161,65,141,-85,0
36162,66,141,-83,0
36163,67,141,-82,0
36164,68,141,-80,0
36165,69,141,-78,0
36166,70,141,-76,0
36167,71,141,-74,0
36168,72,141,-73,0
36169,73,141,-71,0
36170,74,141,-69,0
36171,75,141,-67,0
36172,76,141,-66,0
36173,77,141,-64,0
36174,78,141,-62,0
36175,79,141,-60,0
36176,80,141,-58,0
36177,81,141,-57,0
36178,82,141,-55,0
36179,83,141,-53,0
36180,84,141,-51,0
36181,85,141,-49,0
36182,86,141,-48,0
36183,87,141,-46,0
36184,88,141,-44,0
36185,89,141,-42,0
36186,90,141,-41,0
36187,91,141,-39,0
36188,92,141,-37,0
36189,93,141,-35,0
36190,94,141,-33,0
36191,95,141,-32,0
36192,96,141,-30,0
36193,97,141,-28,0
36194,98,141,-26,0
36195,99,141,-24,0
36196,100,141,-23,0
36197,101,141,-21,0
36198,102,141,-19,0
36199,103,141,-17,0
36200,104,141,-16,0
36201,105,141,-14,0
36202,106,141,-12,0
36203,107,141,-10,0
36204,108,141,-8,0
36205,109,141,-7,0
36206,110,141,-5,0
36207,111,141,-3,0
36208,112,141,-1,0
36209,113,141,0,0
36210,114,141,0,0
36211,115,141,0,0
36212,116,141,0,0
36213,117,141,0,0
36214,118,141,0,0
36215,119,141,0,0
36216,120,141,0,0
36217,121,141,0,0
36218,122,141,0,0
36219,123,141,0,0
36220,124,141,0,0
36221,125,141,0,0
36222,126,141,0,0
36223,127,141,0,0
36224,128,141,0,0
36225,129,141,0,0
36226,130,141,0,0
36227,131,141,0,0
36228,132,141,0,0
36229,133,141,0,0
36230,134,141,0,0
36231,135,141,0,0
36232,136,141,0,0
36233,137,141,0,0
36234,138,141,0,0
36235,139,141,0,0
36236,140,141,0,0
36237,141,141,0,0
36238,142,141,0,0
36239,143,141,0,0
36240,144,141,1,0
36241,145,141,3,0
36242,146,141,5,0
36243,147,141,7,0
36244,148,141,8,0
36245,149,141,10,0
36246,150,141,12,0
36247,151,141,14,0
36248,152,141,16,0
36249,153,141,17,0
36250,154,141,19,0
36251,155,141,21,0
36252,156,141,23,0
36253,157,141,24,0
36254,158,141,26,0
36255,159,141,28,0
36256,160,141,30,0
36257,161,141,32,0
36258,162,141,33,0
36259,163,141,35,0
36260,164,141,37,0
36261,165,141,39,0
36262,166,141,41,0
36263,167,141,42,0
36264,168,141,44,0
36265,169,141,46,0
36266,170,141,48,0
36267,171,141,49,0
36268,172,141,51,0
36269,173,141,53,0
36270,174,141,55,0
36271,175,141,57,0
36272,176,141,58,0
36273,177,141,60,0
36274,178,141,62,0
36275,179,141,64,0
36276,180,141,66,0
36277,181,141,67,0
36278,182,141,69,0
36279,183,141,71,0
36280,184,141,73,0
36281,185,141,74,0
36282,186,141,76,0
36283,187,141,78,0
36284,188,141,80,0
36285,189,141,82,0
36286,190,141,83,0
36287,191,141,85,0
36288,192,141,87,0
36289,193,141,89,0
36290,194,141,91,0
36291,195,141,92,0
36292,196,141,94,0
36293,197,141,96,0
36294,198,141,98,0
36295,199,141,100,0
36296,200,141,100,0
36297,201,141,100,0
36298,202,141,100,0
36299,203,141,100,0
36300,204,141,100,0
36301,205,141,100,0
36302,206,141,100,0
36303,207,141,100,0
36304,208,141,100,0
36305,209,141,100,0
36306,210,141,100,0
36307,211,141,100,0
36308,212,141,100,0
36309,213,141,100,0
36310,214,141,100,0
36311,215,141,100,0
36312,216,141,100,0
36313,217,141,100,0
36314,218,141,100,0
36315,219,141,100,0
36316,220,141,100,0
36317,221,141,100,0
36318,222,141,100,0
36319,223,141,100,0
36320,224,141,100,0
36321,225,141,100,0
36322,226,141,100,0
36323,227,141,100,0
36324,228,141,100,0
36325,229,141,100,0
36326,230,141,100,0
36327,231,141,100,0
36328,232,141,100,0
36329,233,141,100,0
36330,234,141,100,0
36331,235,141,100,0
36332,236,141,100,0
36333,237,141,100,0
36334,238,141,100,0
36335,239,141,100,0
36336,240,141,100,0
36337,241,141,100,0
36338,242,141,100,0
36339,243,141,100,0
36340,244,141,100,0
36341,245,141,100,0
36342,246,141,100,0
36343,247,141,100,0
36344,248,141,100,0
36345,249,141,100,0
36346,250,141,100,0
36347,251,141,100,0
36348,252,141,100,0
36349,253,141,100,0
36350,254,141,100,0
36351,255,141,100,0
36352,0,142,-100,0
36353,1,142,-100,0
36354,2,142,-100,0
36355,3,142,-100,0
36356,4,142,-100,0
36357,5,142,-100,0
36358,6,142,-100,0
36359,7,142,-100,0
36360,8,142,-100,0
36361,9,142,-100,0
36362,10,142,-100,0
36363,11,142,-100,0
36364,12,142,-100,0
36365,13,142,-100,0
36366,14,142,-100,0
36367,15,142,-100,0
36368,16,142,-100,0
36369,17,142,-100,0
36370,18,142,-100,0
36371,19,142,-100,0
36372,20,142,-100,0
36373,21,142,-100,0
36374,22,142,-100,0
36375,23,142,-100,0
36376,24,142,-100,0
36377,25,142,-100,0
36378,26,142,-100,0
36379,27,142,-100,0
36380,28,142,-100,0
36381,29,142,-100,0
36382,30,142,-100,0
36383,31,142,-100,0
36384,32,142,-100,0
36385,33,142,-100,0
36386,34,142,-100,0
36387,35,142,-100,0
36388,36,142,-100,0
36389,37,142,-100,0
36390,38,142,-100,0
36391,39,142,-100,0
36392,40,142,-100,0
36393,41,142,-100,0
36394,42,142,-100,0
36395,43,142,-100,0
36396,44,142,-100,0
36397,45,142,-100,0
36398,46,142,-100,0
36399,47,142,-100,0
36400,48,142,-100,0
36401,49,142,-100,0
36402,50,142,-100,0
36403,51,142,-100,0
36404,52,142,-100,0
36405,53,142,-100,0
36406,54,142,-100,0
36407,55,142,-100,0
36408,56,142,-100,0
36409,57,142,-100,0
36410,58,142,-98,0
36411,59,142,-96,0
36412,60,142,-94,0
36413,61,142,-92,0
36414,62,142,-91,0
36415,63,142,-89,0
36416,64,142,-87,0
36417,65,142,-85,0
36418,66,142,-83,0
36419,67,142,-82,0
36420,68,142,-80,0
36421,69,142,-78,0
36422,70,142,-76,0
36423,71,142,-74,0
36424,72,142,-73,0
36425,73,142,-71,0
36426,74,142,-69,0
36427,75,142,-67,0
36428,76,142,-66,0
36429,77,142,-64,0
36430,78,142,-62,0
36431,79,142,-60,0
36432,80,142,-58,0
36433,81,142,-57,0
36434,82,142,-55,0
36435,83,142,-53,0
36436,84,142,-51,0
36437,85,142,-49,0
36438,86,142,-48,0
36439,87,142,-46,0
36440,88,142,-44,0
36441,89,142,-42,0
36442,90,142,-41,0
36443,91,142,-39,0
36444,92,142,-37,0
36445,93,142,-35,0
36446,94,142,-33,0
36447,95,142,-32,0
36448,96,142,-30,0
36449,97,142,-28,0
36450,98,142,-26,0
36451,99,142,-24,0
36452,100,142,-23,0
36453,101,142,-21,0
36454,102,142,-19,0
36455,103,142,-17,0
36456,104,142,-16,0
36457,105,142,-14,0
36458,106,142,-12,0
36459,107,142,-10,0
36460,108,142,-8,0
36461,109,142,-7,0
36462,110,142,-5,0
36463,111,142,-3,0
36464,112,142,-1,0
36465,113,142,0,0
36466,114,142,0,0
36467,115,142,0,0
36468,116,142,0,0
36469,117,142,0,0
36470,118,142,0,0
36471,119,142,0,0
36472,120,142,0,0
36473,121,142,0,0
36474,122,142,0,0
36475,123,142,0,0
36476,124,142,0,0
36477,125,142,0,0
36478,126,142,0,0
36479,127,142,0,0
36480,128,142,0,0
36481,129,142,0,0
36482,130,142,0,0
36483,131,142,0,0
36484,132,142,0,0
36485,133,142,0,0
36486,134,142,0,0
36487,135,142,0,0
36488,136,142,0,0
36489,137,142,0,0
36490,138,142,0,0
36491,139,142,0,0
36492,140,142,0,0
36493,141,142,0,0
36494,142,142,0,0
36495,143,142,0,0
36496,144,142,1,0
36497,145,142,3,0
36498,146,142,5,0
36499,147,142,7,0
36500,148,142,8,0
36501,149,142,10,0
36502,150,142,12,0
36503,151,142,14,0
36504,152,142,16,0
36505,153,142,17,0
36506,154,142,19,0
36507,155,142,21,0
36508,156,142,23,0
36509,157,142,24,0
36510,158,142,26,0
36511,159,142,28,0
36512,160,142,30,0
36513,161,142,32,0
36514,162,142,33,0
36515,163,142,35,0
36516,164,142,37,0
36517,165,142,39,0
36518,166,142,41,0
36519,167,142,42,0
36520,168,142,44,0
36521,169,142,46,0
36522,170,142,48,0
36523,171,142,49,0
36524,172,142,51,0
36525,173,142,53,0
36526,174,142,55,0
36527,175,142,57,0
36528,176,142,58,0
36529,177,142,60,0
36530,178,142,62,0
36531,179,142,64,0
36532,180,142,66,0
36533,181,142,67,0
36534,182,142,69,0
36535,183,142,71,0
36536,184,142,73,0
36537,185,142,74,0
36538,186,142,76,0
36539,187,142,78,0
36540,188,142,80,0
36541,189,142,82,0
36542,190,142,83,0
36543,191,142,85,0
36544,192,142,87,0
36545,193,142,89,0
36546,194,142,91,0
36547,195,142,92,0
36548,196,142,94,0
36549,197,142,96,0
36550,198,142,98,0
36551,199,142,100,0
36552,200,142,100,0
36553,201,142,100,0
36554,202,142,100,0
36555,203,142,100,0
36556,204,142,100,0
36557,205,142,100,0
36558,206,142,100,0
36559,207,142,100,0
36560,208,142,100,0
36561,209,142,100,0
36562,210,142,100,0
36563,211,142,100,0
36564,212,142,100,0
36565,213,142,100,0
36566,214,142,100,0
36567,215,142,100,0
36568,216,142,100,0
36569,217,142,100,0
36570,218,142,100,0
36571,219,142,100,0
36572,220,142,100,0
36573,221,142,100,0
36574,222,142,100,0
36575,223,142,100,0
36576,224,142,100,0
36577,225,142,100,0
36578,226,142,100,0
36579,227,142,100,0
36580,228,142,100,0
36581,229,142,100,0
36582,230,142,100,0
36583,231,142,100,0
36584,232,142,100,0
36585,233,142,100,0
36586,234,142,100,0
36587,235,142,100,0
36588,236,142,100,0
36589,237,142,100,0
36590,238,142,100,0
36591,239,142,100,0
36592,240,142,100,0
36593,241,142,100,0
36594,242,142,100,0
36595,243,142,100,0
36596,244,142,100,0
36597,245,142,100,0
36598,246,142,100,0
36599,247,142,100,0
36600,248,142,100,0
36601,249,142,100,0
36602,250,142,100,0
36603,251,142,100,0
36604,252,142,100,0
36605,253,142,100,0
36606,254,142,100,0
36607,255,142,100,0
36608,0,143,-100,0
36609,1,143,-100,0
36610,2,143,-100,0
36611,3,143,-100,0
36612,4,143,-100,0
36613,5,143,-100,0
36614,6,143,-100,0
36615,7,143,-100,0
36616,8,143,-100,0
36617,9,143,-100,0
36618,10,143,-100,0
36619,11,143,-100,0
36620,12,143,-100,0
36621,13,143,-100,0
36622,14,143,-100,0
36623,15,143,-100,0
36624,16,143,-100,0
36625,17,143,-100,0
36626,18,143,-100,0
36627,19,143,-100,0
36628,20,143,-100,0
36629,21,143,-100,0
36630,22,143,-100,0
36631,23,143,-100,0
36632,24,143,-100,0
36633,25,143,-100,0
36634,26,143,-100,0
36635,27,143,-100,0
36636,28,143,-100,0
36637,29,143,-100,0
36638,30,143,-100,0
36639,31,143,-100,0
36640,32,143,-100,0
36641,33,143,-100,0
36642,34,143,-100,0
36643,35,143,-100,0
36644,36,143,-100,0
36645,37,143,-100,0
36646,38,143,-100,0
36647,39,143,-100,0
36648,40,143,-100,0
36649,41,143,-100,0
36650,42,143,-100,0
36651,43,143,-100,0
36652,44,143,-100,0
36653,45,143,-100,0
36654,46,143,-100,0
36655,47,143,-100,0
36656,48,143,-100,0
36657,49,143,-100,0
36658,50,143,-100,0
36659,51,143,-100,0
36660,52,143,-100,0
36661,53,143,-100,0
36662,54,143,-100,0
36663,55,143,-100,0
36664,56,143,-100,0
36665,57,143,-100,0
36666,58,143,-98,0
36667,59,143,-96,0
36668,60,143,-94,0
36669,61,143,-92,0
36670,62,143,-91,0
36671,63,143,-89,0
36672,64,143,-87,0
36673,65,143,-85,0
36674,66,143,-83,0
36675,67,143,-82,0
36676,68,143,-80,0
36677,69,143,-78,0
36678,70,143,-76,0
36679,71,143,-74,0
36680,72,143,-73,0
36681,73,143,-71,0
36682,74,143,-69,0
36683,75,143,-67,0
36684,76,143,-66,0
36685,77,143,-64,0
36686,78,143,-62,0
36687,79,143,-60,0
36688,80,143,-58,0
36689,81,143,-57,0
36690,82,143,-55,0
36691,83,143,-53,0
36692,84,143,-51,0
36693,85,143,-49,0
36694,86,143,-48,0
36695,87,143,-46,0
36696,88,143,-44,0
36697,89,143,-42,0
36698,90,143,-41,0
36699,91,143,-39,0
36700,92,143,-37,0
36701,93,143,-35,0
36702,94,143,-33,0
36703,95,143,-32,0
36704,96,143,-30,0
36705,97,143,-28,0
36706,98,143,-26,0
36707,99,143,-24,0
36708,100,143,-23,0
36709,101,143,-21,0
36710,102,143,-19,0
36711,103,143,-17,0
36712,104,143,-16,0
36713,105,143,-14,0
36714,106,143,-12,0
36715,107,143,-10,0
36716,108,143,-8,0
36717,109,143,-7,0
36718,110,143,-5,0
36719,111,143,-3,0
36720,112,143,-1,0
36721,113,143,0,0
36722,114,143,0,0
36723,115,143,0,0
36724,116,143,0,0
36725,117,143,0,0
36726,118,143,0,0
36727,119,143,0,0
36728,120,143,0,0
36729,121,143,0,0
36730,122,143,0,0
36731,123,143,0,0
36732,124,143,0,0
36733,125,143,0,0
36734,126,143,0,0
36735,127,143,0,0
36736,128,143,0,0
36737,129,143,0,0
36738,130,143,0,0
36739,131,143,0,0
36740,132,143,0,0
36741,133,143,0,0
36742,134,143,0,0
36743,135,143,0,0
36744,136,143,0,0
36745,137,143,0,0
36746,138,143,0,0
36747,139,143,0,0
36748,140,143,0,0
36749,141,143,0,0
36750,142,143,0,0
36751,143,143,0,0
36752,144,143,1,0
36753,145,143,3,0
36754,146,143,5,0
36755,147,143,7,0
36756,148,143,8,0
36757,149,143,10,0
36758,150,143,12,0
36759,151,143,14,0
36760,152,143,16,0
36761,153,143,17,0
36762,154,143,19,0
36763,155,143,21,0
36764,156,143,23,0
36765,157,143,24,0
36766,158,143,26,0
36767,159,143,28,0
36768,160,143,30,0
36769,161,143,32,0
36770,162,143,33,0
36771,163,143,35,0
36772,164,143,37,0
36773,165,143,39,0
36774,166,143,41,0
36775,167,143,42,0
36776,168,143,44,0
36777,169,143,46,0
36778,170,143,48,0
36779,171,143,49,0
36780,172,143,51,0
36781,173,143,53,0
36782,174,143,55,0
36783,175,143,57,0
36784,176,143,58,0
36785,177,143,60,0
36786,178,143,62,0
36787,179,143,64,0
36788,180,143,66,0
36789,181,143,67,0
36790,182,143,69,0
36791,183,143,71,0
36792,184,143,73,0
36793,185,143,74,0
36794,186,143,76,0
36795,187,143,78,0
36796,188,143,80,0
36797,189,143,82,0
36798,190,143,83,0
36799,191,143,85,0
36800,192,143,87,0
36801,193,143,89,0
36802,194,143,91,0
36803,195,143,92,0
36804,196,143,94,0
36805,197,143,96,0
36806,198,143,98,0
36807,199,143,100,0
36808,200,143,100,0
36809,201,143,100,0
36810,202,143,100,0
36811,203,143,100,0
36812,204,143,100,0
36813,205,143,100,0
36814,206,143,100,0
36815,207,143,100,0
36816,208,143,100,0
36817,209,143,100,0
36818,210,143,100,0
36819,211,143,100,0
36820,212,143,100,0
36821,213,143,100,0
36822,214,143,100,0
36823,215,143,100,0
36824,216,143,100,0
36825,217,143,100,0
36826,218,143,100,0
36827,219,143,100,0
36828,220,143,100,0
36829,221,143,100,0
36830,222,143,100,0
36831,223,143,100,0
36832,224,143,100,0
36833,225,143,100,0
36834,226,143,100,0
36835,227,143,100,0
36836,228,143,100,0
36837,229,143,100,0
36838,230,143,100,0
36839,231,143,100,0
36840,232,143,100,0
36841,233,143,100,0
36842,234,143,100,0
36843,235,143,100,0
36844,236,143,100,0
36845,237,143,100,0
36846,238,143,100,0
36847,239,143,100,0
36848,240,143,100,0
36849,241,143,100,0
36850,242,143,100,0
36851,243,143,100,0
36852,244,143,100,0
36853,245,143,100,0
36854,246,143,100,0
36855,247,143,100,0
36856,248,143,100,0
36857,249,143,100,0
36858,250,143,100,0
36859,251,143,100,0
36860,252,143,100,0
36861,253,143,100,0
36862,254,143,100,0
36863,255,143,100,0
36864,0,144,-99,0
36865,1,144,-99,0
36866,2,144,-99,0
36867,3,144,-99,0
36868,4,144,-99,0
36869,5,144,-99,0
36870,6,144,-99,0
36871,7,144,-99,0
36872,8,144,-99,0
36873,9,144,-99,0
36874,10,144,-99,0
36875,11,144,-99,0
36876,12,144,-99,0
36877,13,144,-99,0
36878,14,144,-99,1
36879,15,144,-99,1
36880,16,144,-99,1
36881,17,144,-99,1
36882,18,144,-99,1
36883,19,144,-99,1
36884,20,144,-99,1
36885,21,144,-99,1
36886,22,144,-99,1
36887,23,144,-99,1
36888,24,144,-99,1
36889,25,144,-99,1
36890,26,144,-99,1
36891,27,144,-99,1
36892,28,144,-99,1
36893,29,144,-99,1
36894,30,144,-99,1
36895,31,144,-99,1
36896,32,144,-99,1
36897,33,144,-99,1
36898,34,144,-99,1
36899,35,144,-99,1
36900,36,144,-99,1
36901,37,144,-99,1
36902,38,144,-99,1
36903,39,144,-99,1
36904,40,144,-99,1
36905,41,144,-99,1
36906,42,144,-99,1
36907,43,144,-99,1
36908,44,144,-99,1
36909,45,144,-99,1
36910,46,144,-99,1
36911,47,144,-99,1
36912,48,144,-99,1
36913,49,144,-99,1
36914,50,144,-99,1
36915,51,144,-99,1
36916,52,144,-99,1
36917,53,144,-99,1
36918,54,144,-99,1
36919,55,144,-99,1
36920,56,144,-99,1
36921,57,144,-99,1
36922,58,144,-98,1
36923,59,144,-96,1
36924,60,144,-94,1
36925,61,144,-92,1
36926,62,144,-91,1
36927,63,144,-89,1
36928,64,144,-87,1
36929,65,144,-85,1
36930,66,144,-83,1
36931,67,144,-82,1
36932,68,144,-80,1
36933,69,144,-78,1
36934,70,144,-76,1
36935,71,144,-74,1
36936,72,144,-73,1
36937,73,144,-71,1
36938,74,144,-69,1
36939,75,144,-67,1
36940,76,144,-66,1
36941,77,144,-64,1
36942,78,144,-62,1
36943,79,144,-60,1
36944,80,144,-58,1
36945,81,144,-57,1
36946,82,144,-55,1
36947,83,144,-53,1
36948,84,144,-51,1
36949,85,144,-49,1
36950,86,144,-48,1
36951,87,144,-46,1
36952,88,144,-44,1
36953,89,144,-42,1
36954,90,144,-41,1
36955,91,144,-39,1
36956,92,144,-37,1
36957,93,144,-35,1
36958,94,144,-33,1
36959,95,144,-32,1
36960,96,144,-30,1
36961,97,144,-28,1
36962,98,144,-26,1
36963,99,144,-24,1
36964,100,144,-23,1
36965,101,144,-21,1
36966,102,144,-19,1
36967,103,144,-17,1
36968,104,144,-16,1
36969,105,144,-14,1
36970,106,144,-12,1
36971,107,144,-10,1
36972,108,144,-8,1
36973,109,144,-7,1
36974,110,144,-5,1
36975,111,144,-3,1
36976,112,144,-1,1
36977,113,144,0,1
36978,114,144,0,1
36979,115,144,0,1
36980,116,144,0,1
36981,117,144,0,1
36982,118,144,0,1
36983,119,144,0,1
36984,120,144,0,1
36985,121,144,0,1
36986,122,144,0,1
36987,123,144,0,1
36988,124,144,0,1
36989,125,144,0,1
36990,126,144,0,1
36991,127,144,0,1
36992,128,144,0,1
36993,129,144,0,1
36994,130,144,0,1
36995,131,144,0,1
36996,132,144,0,1
36997,133,144,0,1
36998,134,144,0,1
36999,135,144,0,1
37000,136,144,0,1
37001,137,144,0,1
37002,138,144,0,1
37003,139,144,0,1
37004,140,144,0,1
37005,141,144,0,1
37006,142,144,0,1
37007,143,144,0,1
37008,144,144,1,1
37009,145,144,3,1
37010,146,144,5,1
37011,147,144,7,1
37012,148,144,8,1
37013,149,144,10,1
37014,150,144,12,1
37015,151,144,14,1
37016,152,144,16,1
37017,153,144,17,1
37018,154,144,19,1
37019,155,144,21,1
37020,156,144,23,1
37021,157,144,24,1
37022,158,144,26,1
37023,159,144,28,1
37024,160,144,30,1
37025,161,144,32,1
37026,162,144,33,1
37027,163,144,35,1
37028,164,144,37,1
37029,165,144,39,1
37030,166,144,41,1
37031,167,144,42,1
37032,168,144,44,1
37033,169,144,46,1
37034,170,144,48,1
37035,171,144,49,1
37036,172,144,51,1
37037,173,144,53,1
37038,174,144,55,1
37039,175,144,57,1
37040,176,144,58,1
37041,177,144,60,1
37042,178,144,62,1
37043,179,144,64,1
37044,180,144,66,1
37045,181,144,67,1
37046,182,144,69,1
37047,183,144,71,1
37048,184,144,73,1
37049,185,144,74,1
37050,186,144,76,1
37051,187,144,78,1
37052,188,144,80,1
37053,189,144,82,1
37054,190,144,83,1
37055,191,144,85,1
37056,192,144,87,1
37057,193,144,89,1
37058,194,144,91,1
37059,195,144,92,1
37060,196,144,94,1
37061,197,144,96,1
37062,198,144,98,1
37063,199,144,99,1
37064,200,144,99,1
37065,201,144,99,1
37066,202,144,99,1
37067,203,144,99,1
37068,204,144,99,1
37069,205,144,99,1
37070,206,144,99,1
37071,207,144,99,1
37072,208,144,99,1
37073,209,144,99,1
37074,210,144,99,1
37075,211,144,99,1
37076,212,144,99,1
37077,213,144,99,1
37078,214,144,99,1
37079,215,144,99,1
37080,216,144,99,1
37081,217,144,99,1
37082,218,144,99,1
37083,219,144,99,1
37084,220,144,99,1
37085,221,144,99,1
37086,222,144,99,1
37087,223,144,99,1
37088,224,144,99,1
37089,225,144,99,1
37090,226,144,99,1
37091,227,144,99,1
37092,228,144,99,1
37093,229,144,99,1
37094,230,144,99,1
37095,231,144,99,1
37096,232,144,99,1
37097,233,144,99,1
37098,234,144,99,1
37099,235,144,99,1
37100,236,144,99,1
37101,237,144,99,1
37102,238,144,99,1
37103,239,144,99,1
37104,240,144,99,1
37105,241,144,99,1
37106,242,144,99,1
37107,243,144,99,0
37108,244,144,99,0
37109,245,144,99,0
37110,246,144,99,0
37111,247,144,99,0
37112,248,144,99,0
37113,249,144,99,0
37114,250,144,99,0
37115,251,144,99,0
37116,252,144,99,0
37117,253,144,99,0
37118,254,144,99,0
37119,255,144,99,0
37120,0,145,-99,1
37121,1,145,-99,1
37122,2,145,-99,1
37123,3,145,-99,1
37124,4,145,-99,1
37125,5,145,-99,1
37126,6,145,-99,1
37127,7,145,-99,1
37128,8,145,-99,1
37129,9,145,-99,1
37130,10,145,-99,1
37131,11,145,-99,1
37132,12,145,-99,1
37133,13,145,-99,1
37134,14,145,-99,2
37135,15,145,-99,2
37136,16,145,-99,2
37137,17,145,-99,2
37138,18,145,-99,2
37139,19,145,-99,2
37140,20,145,-99,2
37141,21,145,-99,2
37142,22,145,-99,2
37143,23,145,-99,2
37144,24,145,-99,2
37145,25,145,-99,2
37146,26,145,-99,2
37147,27,145,-99,2
37148,28,145,-99,2
37149,29,145,-99,2
37150,30,145,-99,2
37151,31,145,-99,2
37152,32,145,-99,2
37153,33,145,-99,2
37154,34,145,-99,2
37155,35,145,-99,2
37156,36,145,-99,2
37157,37,145,-99,2
37158,38,145,-99,2
37159,39,145,-99,2
37160,40,145,-99,2
37161,41,145,-99,2
37162,42,145,-99,2
37163,43,145,-99,2
37164,44,145,-99,2
37165,45,145,-99,2
37166,46,145,-99,2
37167,47,145,-98,2
37168,48,145,-98,2
37169,49,145,-98,2
37170,50,145,-98,2
37171,51,145,-98,2
37172,52,145,-98,2
37173,53,145,-98,2
37174,54,145,-98,2
37175,55,145,-98,2
37176,56,145,-98,2
37177,57,145,-98,2
37178,58,145,-98,3
37179,59,145,-96,3
37180,60,145,-94,3
37181,61,145,-92,3
37182,62,145,-91,3
37183,63,145,-89,3
37184,64,145,-87,3
37185,65,145,-85,3
37186,66,145,-83,3
37187,67,145,-82,3
37188,68,145,-80,3
37189,69,145,-78,3
37190,70,145,-76,3
37191,71,145,-74,3
37192,72,145,-73,3
37193,73,145,-71,3
37194,74,145,-69,3
37195,75,145,-67,3
37196,76,145,-66,3
37197,77,145,-64,3
37198,78,145,-62,3
37199,79,145,-60,3
37200,80,145,-58,3
37201,81,145,-57,3
37202,82,145,-55,3
37203,83,145,-53,3
37204,84,145,-51,3
37205,85,145,-49,3
37206,86,145,-48,3
37207,87,145,-46,3
37208,88,145,-44,3
37209,89,145,-42,3
37210,90,145,-41,3
37211,91,145,-39,3
37212,92,145,-37,3
37213,93,145,-35,3
37214,94,145,-33,3
37215,95,145,-32,3
37216,96,145,-30,3
37217,97,145,-28,3
37218,98,145,-26,3
37219,99,145,-24,3
37220,100,145,-23,3
37221,101,145,-21,3
37222,102,145,-19,3
37223,103,145,-17,3
37224,104,145,-16,3
37225,105,145,-14,3
37226,106,145,-12,3
37227,107,145,-10,3
37228,108,145,-8,3
37229,109,145,-7,3
37230,110,145,-5,3
37231,111,145,-3,3
37232,112,145,-1,3
37233,113,145,0,3
37234,114,145,0,3
37235,115,145,0,3
37236,116,145,0,3
37237,117,145,0,3
37238,118,145,0,3
37239,119,145,0,3
37240,120,145,0,3
37241,121,145,0,3
37242,122,145,0,3
37243,123,145,0,3
37244,124,145,0,3
37245,125,145,0,3
37246,126,145,0,3
37247,127,145,0,3
37248,128,145,0,3
37249,129,145,0,3
37250,130,145,0,3
37251,131,145,0,3
37252,132,145,0,3
37253,133,145,0,3
37254,134,145,0,3
37255,135,145,0,3
37256,136,145,0,3
37257,137,145,0,3
37258,138,145,0,3
37259,139,145,0,3
37260,140,145,0,3
37261,141,145,0,3
37262,142,145,0,3
37263,143,145,0,3
37264,144,145,1,3
37265,145,145,3,3
37266,146,145,5,3
37267,147,145,7,3
37268,148,145,8,3
37269,149,145,10,3
37270,150,145,12,3
37271,151,145,16,3
37272,152,145,16,3
37273,153,145,17,3
37274,154,145,19,3
37275,155,145,21,3
37276,156,145,23,3
37277,157,145,24,3
37278,158,145,26,3
37279,159,145,28,3
37280,160,145,30,3
37281,161,145,32,3
37282,162,145,33,3
37283,163,145,35,3
37284,164,145,37,3
37285,165,145,39,3
37286,166,145,41,3
37287,167,145,42,3
37288,168,145,44,3
37289,169,145,46,3
37290,170,145,48,3
37291,171,145,49,3
37292,172,145,51,3
37293,173,145,53,3
37294,174,145,55,3
37295,175,145,57,3
37296,176,145,58,3
37297,177,145,60,3
37298,178,145,62,3
37299,179,145,64,3
37300,180,145,66,3
37301,181,145,67,3
37302,182,145,69,3
37303,183,145,71,3
37304,184,145,73,3
37305,185,145,74,3
37306,186,145,76,3
37307,187,145,78,3
37308,188,145,80,3
37309,189,145,82,3
37310,190,145,83,3
37311,191,145,85,3
37312,192,145,87,3
37313,193,145,89,3
37314,194,145,91,3
37315,195,145,92,3
37316,196,145,94,3
37317,197,145,96,3
37318,198,145,98,3
37319,199,145,98,2
37320,200,145,98,2
37321,201,145,98,2
37322,202,145,98,2
37323,203,145,98,2
37324,204,145,98,2
37325,205,145,98,2
37326,206,145,98,2
37327,207,145,98,2
37328,208,145,98,2
37329,209,145,98,2
37330,210,145,99,2
37331,211,145,99,2
37332,212,145,99,2
37333,213,145,99,2
37334,214,145,99,2
37335,215,145,99,2
37336,216,145,99,2
37337,217,145,99,2
37338,218,145,99,2
37339,219,145,99,2
37340,220,145,99,2
37341,221,145,99,2
37342,222,145,99,2
37343,223,145,99,2
37344,224,145,99,2
37345,225,145,99,2
37346,226,145,99,2
37347,227,145,99,2
37348,228,145,99,2
37349,229,145,99,2
37350,230,145,99,2
37351,231,145,99,2
37352,232,145,99,2
37353,233,145,99,2
37354,234,145,99,2
37355,235,145,99,2
37356,236,145,99,2
37357,237,145,99,2
37358,238,145,99,2
37359,239,145,99,2
37360,240,145,99,2
37361,241,145,99,2
37362,242,145,99,2
37363,243,145,99,1
37364,244,145,99,1
37365,245,145,99,1
37366,246,145,99,1
37367,247,145,99,1
37368,248,145,99,1
37369,249,145,99,1
37370,250,145,99,1
37371,251,145,99,1
37372,252,145,99,1
37373,253,145,99,1
37374,254,145,99,1
37375,255,145,99,1
37376,0,146,-99,2
37377,1,146,-99,2
37378,2,146,-99,2
37379,3,146,-99,2
37380,4,146,-99,2
37381,5,146,-99,2
37382,6,146,-99,2
37383,7,146,-99,2
37384,8,146,-99,2
37385,9,146,-99,2
37386,10,146,-99,2
37387,11,146,-99,2
37388,12,146,-99,2
37389,13,146,-99,2
37390,14,146,-98,2
37391,15,146,-98,2
37392,16,146,-98,2
37393,17,146,-98,2
37394,18,146,-98,2
37395,19,146,-98,2
37396,20,146,-98,2
37397,21,146,-98,2
37398,22,146,-98,2
37399,23,146,-98,2
37400,24,146,-98,2
37401,25,146,-98,2
37402,26,146,-98,2
37403,27,146,-98,2
37404,28,146,-98,2
37405,29,146,-98,2
37406,30,146,-98,2
37407,31,146,-98,2
37408,32,146,-98,2
37409,33,146,-98,2
37410,34,146,-98,2
37411,35,146,-98,2
37412,36,146,-98,2
37413,37,146,-98,2
37414,38,146,-98,2
37415,39,146,-98,3
37416,40,146,-98,3
37417,41,146,-98,3
37418,42,146,-98,3
37419,43,146,-98,3
37420,44,146,-98,3
37421,45,146,-98,3
37422,46,146,-98,3
37423,47,146,-98,3
37424,48,146,-98,3
37425,49,146,-98,3
37426,50,146,-98,3
37427,51,146,-98,3
37428,52,146,-98,3
37429,53,146,-98,3
37430,54,146,-97,4
37431,55,146,-97,4
37432,56,146,-97,4
37433,57,146,-97,4
37434,58,146,-97,4
37435,59,146,-96,5
37436,60,146,-94,5
37437,61,146,-92,5
37438,62,146,-91,5
37439,63,146,-89,5
37440,64,146,-87,5
37441,65,146,-85,5
37442,66,146,-83,5
37443,67,146,-82,5
37444,68,146,-80,5
37445,69,146,-78,5
37446,70,146,-76,5
37447,71,146,-74,5
37448,72,146,-73,5
37449,73,146,-71,5
37450,74,146,-69,5
37451,75,146,-67,5
37452,76,146,-66,5
37453,77,146,-64,5
37454,78,146,-62,5
37455,79,146,-60,5
37456,80,146,-58,5
37457,81,146,-57,5
37458,82,146,-55,5
37459,83,146,-53,5
37460,84,146,-51,5
37461,85,146,-49,5
37462,86,146,-48,5
37463,87,146,-46,5
37464,88,146,-44,5
37465,89,146,-42,5
37466,90,146,-41,5
37467,91,146,-39,5
37468,92,146,-37,5
37469,93,146,-35,5
37470,94,146,-33,5
37471,95,146,-32,5
37472,96,146,-30,5
37473,97,146,-28,5
37474,98,146,-26,5
37475,99,146,-24,5
37476,100,146,-23,5
37477,101,146,-21,5
37478,102,146,-19,5
37479,103,146,-17,5
37480,104,146,-16,5
37481,105,146,-14,5
37482,106,146,-12,5
37483,107,146,-10,5
37484,108,146,-8,5
37485,109,146,-7,5
37486,110,146,-5,5
37487,111,146,-3,5
37488,112,146,-1,5
37489,113,146,0,5
37490,114,146,0,5
37491,115,146,0,5
37492,116,146,0,5
37493,117,146,0,5
37494,118,146,0,5
37495,119,146,0,5
37496,120,146,0,5
37497,121,146,0,5
37498,122,146,0,5
37499,123,146,0,5
37500,124,146,0,5
37501,125,146,0,5
37502,126,146,0,5
37503,127,146,0,5
37504,128,146,0,5
37505,129,146,0,5
37506,130,146,0,5
37507,131,146,0,5
37508,132,146,0,5
37509,133,146,0,5
37510,134,146,0,5
37511,135,146,0,5
37512,136,146,0,5
37513,137,146,0,5
37514,138,146,0,5
37515,139,146,0,5
37516,140,146,0,5
37517,141,146,0,5
37518,142,146,0,5
37519,143,146,0,5
37520,144,146,1,5
37521,145,146,3,5
37522,146,146,5,5
37523,147,146,7,5
37524,148,146,8,5
37525,149,146,10,5
37526,150,146,12,5
37527,151,146,14,5
37528,152,146,16,5
37529,153,146,17,5
37530,154,146,19,5
37531,155,146,21,5
37532,156,146,23,5
37533,157,146,24,5
37534,158,146,26,5
37535,159,146,28,5
37536,160,146,30,5
37537,161,146,32,5
37538,162,146,33,5
37539,163,146,35,5
37540,164,146,37,5
37541,165,146,39,5
37542,166,146,41,5
37543,167,146,42,5
37544,168,146,44,5
37545,169,146,46,5
37546,170,146,48,5
37547,171,146,49,5
37548,172,146,51,5
37549,173,146,53,5
37550,174,146,55,5
37551,175,146,57,5
37552,176,146,58,5
37553,177,146,60,5
37554,178,146,62,5
37555,179,146,64,5
37556,180,146,66,5
37557,181,146,67,5
37558,182,146,69,5
37559,183,146,71,5
37560,184,146,73,5
37561,185,146,74,5
37562,186,146,76,5
37563,187,146,78,5
37564,188,146,80,5
37565,189,146,82,5
37566,190,146,83,5
37567,191,146,85,5
37568,192,146,87,5
37569,193,146,89,5
37570,194,146,91,5
37571,195,146,92,5
37572,196,146,94,5
37573,197,146,96,5
37574,198,146,97,4
37575,199,146,97,4
37576,200,146,97,4
37577,201,146,97,4
37578,202,146,97,4
37579,203,146,98,3
37580,204,146,98,3
37581,205,146,98,3
37582,206,146,98,3
37583,207,146,98,3
37584,208,146,98,3
37585,209,146,98,3
37586,210,146,98,3
37587,211,146,98,3
37588,212,146,98,3
37589,213,146,98,3
37590,214,146,98,3
37591,215,146,98,3
37592,216,146,98,3
37593,217,146,98,3
37594,218,146,98,2
37595,219,146,98,2
37596,220,146,98,2
37597,221,146,98,2
37598,222,146,98,2
37599,223,146,98,2
37600,224,146,98,2
37601,225,146,98,2
37602,226,146,98,2
37603,227,146,98,2
37604,228,146,98,2
37605,229,146,98,2
37606,230,146,98,2
37607,231,146,98,2
37608,232,146,98,2
37609,233,146,98,2
37610,234,146,98,2
37611,235,146,98,2
37612,236,146,98,2
37613,237,146,98,2
37614,238,146,98,2
37615,239,146,98,2
37616,240,146,98,2
37617,241,146,98,2
37618,242,146,98,2
37619,243,146,99,2
37620,244,146,99,2
37621,245,146,99,2
37622,246,146,99,2
37623,247,146,99,2
37624,248,146,99,2
37625,249,146,99,2
37626,250,146,99,2
37627,251,146,99,2
37628,252,146,99,2
37629,253,146,99,2
37630,254,146,99,2
37631,255,146,99,2
37632,0,147,-98,2
37633,1,147,-98,2
37634,2,147,-98,2
37635,3,147,-98,2
37636,4,147,-98,2
37637,5,147,-98,2
37638,6,147,-98,2
37639,7,147,-98,2
37640,8,147,-98,2
37641,9,147,-98,2
37642,10,147,-98,2
37643,11,147,-98,2
37644,12,147,-98,2
37645,13,147,-98,2
37646,14,147,-98,3
37647,15,147,-98,3
37648,16,147,-98,3
37649,17,147,-98,3
37650,18,147,-98,3
37651,19,147,-98,3
37652,20,147,-98,3
37653,21,147,-98,3
37654,22,147,-98,3
37655,23,147,-98,3
37656,24,147,-98,3
37657,25,147,-98,3
37658,26,147,-98,3
37659,27,147,-98,3
37660,28,147,-98,3
37661,29,147,-98,3
37662,30,147,-98,3
37663,31,147,-98,3
37664,32,147,-98,3
37665,33,147,-98,3
37666,34,147,-97,4
37667,35,147,-97,4
37668,36,147,-97,4
37669,37,147,-97,4
37670,38,147,-97,4
37671,39,147,-97,4
37672,40,147,-97,4
37673,41,147,-97,4
37674,42,147,-97,4
37675,43,147,-97,4
37676,44,147,-97,4
37677,45,147,-97,4
37678,46,147,-97,4
37679,47,147,-97,5
37680,48,147,-97,5
37681,49,147,-97,5
37682,50,147,-97,5
37683,51,147,-97,5
37684,52,147,-97,5
37685,53,147,-97,5
37686,54,147,-97,5
37687,55,147,-97,5
37688,56,147,-97,5
37689,57,147,-97,6
37690,58,147,-97,6
37691,59,147,-96,7
37692,60,147,-94,7
37693,61,147,-92,7
37694,62,147,-91,7
37695,63,147,-89,7
37696,64,147,-87,7
37697,65,147,-85,7
37698,66,147,-83,7
37699,67,147,-82,7
37700,68,147,-80,7
37701,69,147,-78,7
37702,70,147,-76,7
37703,71,147,-74,7
37704,72,147,-73,7
37705,73,147,-71,7
37706,74,147,-69,7
37707,75,147,-67,7
37708,76,147,-66,7
37709,77,147,-64,7
37710,78,147,-62,7
37711,79,147,-60,7
37712,80,147,-58,7
37713,81,147,-57,7
37714,82,147,-55,7
37715,83,147,-53,7
37716,84,147,-51,7
37717,85,147,-49,7
37718,86,147,-48,7
37719,87,147,-46,7
37720,88,147,-44,7
37721,89,147,-42,7
37722,90,147,-41,7
37723,91,147,-39,7
37724,92,147,-37,7
37725,93,147,-35,7
37726,94,147,-33,7
37727,95,147,-32,7
37728,96,147,-30,7
37729,97,147,-28,7
37730,98,147,-26,7
37731,99,147,-24,7
37732,100,147,-23,7
37733,101,147,-21,7
37734,102,147,-19,7
37735,103,147,-17,7
37736,104,147,-16,7
37737,105,147,-14,7
37738,106,147,-12,7
37739,107,147,-10,7
37740,108,147,-8,7
37741,109,147,-7,7
37742,110,147,-5,7
37743,111,147,-3,7
37744,112,147,-1,7
37745,113,147,0,7
37746,114,147,0,7
37747,115,147,0,7
37748,116,147,0,7
37749,117,147,0,7
37750,118,147,0,7
37751,119,147,0,7
37752,120,147,0,7
37753,121,147,0,7
37754,122,147,0,7
37755,123,147,0,7
37756,124,147,0,7
37757,125,147,0,7
37758,126,147,0,7
37759,127,147,0,7
37760,128,147,0,7
37761,129,147,0,7
37762,130,147,0,7
37763,131,147,0,7
37764,132,147,0,7
37765,133,147,0,7
37766,134,147,0,7
37767,135,147,0,7
37768,136,147,0,7
37769,137,147,0,7
37770,138,147,0,7
37771,139,147,0,7
37772,140,147,0,7
37773,141,147,0,7
37774,142,147,0,7
37775,143,147,0,7
37776,144,147,1,7
37777,145,147,3,7
37778,146,147,5,7
37779,147,147,7,7
37780,148,147,8,7
37781,149,147,10,7
37782,150,147,12,7
37783,151,147,14,7
37784,152,147,16,7
37785,153,147,17,7
37786,154,147,19,7
37787,155,147,21,7
37788,156,147,23,7
37789,157,147,24,7
37790,158,147,26,7
37791,159,147,28,7
37792,160,147,30,7
37793,161,147,32,7
37794,162,147,33,7
37795,163,147,35,7
37796,164,147,37,7
37797,165,147,39,7
37798,166,147,41,7
37799,167,147,42,7
37800,168,147,44,7
37801,169,147,46,7
37802,170,147,48,7
37803,171,147,49,7
37804,172,147,51,7
37805,173,147,53,7
37806,174,147,55,7
37807,175,147,57,7
37808,176,147,58,7
37809,177,147,60,7
37810,178,147,62,7
37811,179,147,64,7
37812,180,147,66,7
37813,181,147,67,7
37814,182,147,69,7
37815,183,147,71,7
37816,184,147,73,7
37817,185,147,74,7
37818,186,147,76,7
37819,187,147,78,7
37820,188,147,80,7
37821,189,147,82,7
37822,190,147,83,7
37823,191,147,85,7
37824,192,147,87,7
37825,193,147,89,7
37826,194,147,91,7
37827,195,147,92,7
37828,196,147,94,7
37829,197,147,96,7
37830,198,147,97,6
37831,199,147,97,6
37832,200,147,97,5
37833,201,147,97,5
37834,202,147,97,5
37835,203,147,97,5
37836,204,147,97,5
37837,205,147,97,5
37838,206,147,97,5
37839,207,147,97,5
37840,208,147,97,5
37841,209,147,97,5
37842,210,147,97,4
37843,211,147,97,4
37844,212,147,97,4
37845,213,147,97,4
37846,214,147,97,4
37847,215,147,97,4
37848,216,147,97,4
37849,217,147,97,4
37850,218,147,97,4
37851,219,147,97,4
37852,220,147,97,4
37853,221,147,97,4
37854,222,147,97,4
37855,223,147,98,3
37856,224,147,98,3
37857,225,147,98,3
37858,226,147,98,3
37859,227,147,98,3
37860,228,147,98,3
37861,229,147,98,3
37862,230,147,98,3
37863,231,147,98,3
37864,232,147,98,3
37865,233,147,98,3
37866,234,147,98,3
37867,235,147,98,3
37868,236,147,98,3
37869,237,147,98,3
37870,238,147,98,3
37871,239,147,98,3
37872,240,147,98,3
37873,241,147,98,3
37874,242,147,98,3
37875,243,147,98,2
37876,244,147,98,2
37877,245,147,98,2
37878,246,147,98,2
37879,247,147,98,2
37880,248,147,98,2
37881,249,147,98,2
37882,250,147,98,2
37883,251,147,98,2
37884,252,147,98,2
37885,253,147,98,2
37886,254,147,98,2
37887,255,147,98,2
37888,0,148,-98,3
37889,1,148,-98,3
37890,2,148,-98,3
37891,3,148,-98,3
37892,4,148,-98,3
37893,5,148,-98,3
37894,6,148,-98,3
37895,7,148,-98,3
37896,8,148,-98,3
37897,9,148,-98,3
