126,227
126,227
126,227
126,227
126,227
126,227
126,227
126,227
126,227
126,227
126,227
126,227
126,227
126,227
126,227
126,227
126,227
126,227
126,227
126,227
126,227
125,227
126,227
126,227
126,227
126,227
126,227
126,227
126,227
126,227
126,227
126,227
126,227
126,227
126,227
126,227
126,227
126,227
126,227
126,227
126,227
126,227
126,227
126,227
126,227
126,227
126,227
126,227
126,227
126,227
126,227
126,227
126,227
126,227
126,227
125,227
126,227
126,227
126,227
126,227
126,227
126,227
126,227
126,227
126,227
126,227
126,227
126,227
126,227
126,227
126,227
126,227
126,227
126,227
126,227
126,227
126,227
126,227
126,227
126,227
126,227
126,227
126,227
126,227
126,227
126,227
126,227
126,227
126,227
125,227
125,227
126,227
126,227
126,227
126,227
126,227
126,227
126,227
126,227
126,227
126,227
126,227
126,227
126,227
126,227
126,227
126,227
126,227
126,227
126,227
126,227
126,227
126,227
126,227
126,227
126,227
126,227
126,227
126,227
126,227
126,227
126,227
126,227
125,227
126,227
126,227
126,227
126,227
126,227
126,227
126,227
126,227
126,227
126,227
126,227
126,227
126,227
126,227
126,227
126,227
126,227
126,227
126,227
126,227
126,227
126,227
126,227
126,227
126,227
126,227
126,227
126,227
126,227
126,227
126,227
126,227
126,227
125,227
126,227
126,227
126,227
126,227
126,227
126,227
126,227
126,227
126,227
126,227
126,227
126,227
126,227
126,227
126,227
126,227
126,227
126,227
126,227
126,227
126,227
126,227
126,227
126,227
126,227
126,227
126,227
126,227
126,227
126,227
126,227
126,227
126,227
125,227
125,227
126,227
126,227
126,227
126,227
126,227
126,227
126,227
126,227
126,227
126,227
126,227
126,227
126,227
126,227
126,227
126,227
126,227
126,227
126,227
126,227
126,227
126,227
126,227
126,227
126,227
126,227
126,227
126,227
126,227
126,227
126,227
126,227
125,227
125,227
126,227
126,227
126,227
126,227
126,227
126,227
126,227
126,227
126,227
126,227
126,227
126,227
126,227
126,227
126,227
126,227
126,227
126,227
126,227
126,227
126,227
126,227
126,227
126,227
126,227
126,227
126,227
126,227
126,227
126,227
126,227
126,227
125,227
125,227
125,227
126,227
126,227
126,227
126,227
126,227
126,227
126,227
126,227
126,227
126,227
126,227
126,227
126,227
126,227
126,227
125,227
126,227
126,227
126,227
126,227
126,227
126,227
126,227
126,227
126,227
126,227
126,227
126,227
126,227
126,227
126,227
125,227
125,227
125,227
126,227
126,227
126,227
126,227
126,227
126,227
126,227
126,227
126,227
126,227
126,227
126,227
126,227
126,227
126,227
126,227
126,227
126,227
126,227
126,227
126,227
126,227
126,227
126,227
126,227
126,227
126,227
126,227
126,227
126,227
126,227
125,227
125,227
125,227
126,227
126,227
126,227
126,227
126,227
126,227
126,227
126,227
126,227
126,227
126,227
126,227
126,227
126,227
126,227
126,227
126,227
126,227
126,227
126,227
126,227
126,227
126,227
126,227
126,227
126,227
126,227
126,227
126,227
126,227
126,227
125,227
125,227
125,227
126,227
126,227
126,227
126,227
126,227
126,227
126,227
126,227
126,227
126,227
126,227
126,227
126,227
126,227
126,227
126,227
126,227
126,227
126,227
126,227
126,227
126,227
126,227
126,227
126,227
126,227
126,227
126,227
126,227
126,227
126,227
125,227
125,227
125,227
126,227
126,227
126,227
126,227
126,227
126,227
126,227
126,227
126,227
126,227
126,227
126,227
126,227
126,227
126,227
126,227
126,227
126,227
126,227
126,227
126,227
126,227
126,227
126,227
126,227
126,227
126,227
126,227
126,227
126,227
126,227
125,227
125,227
125,227
126,227
126,227
126,227
126,227
126,227
126,227
126,227
126,227
126,227
126,227
126,227
126,227
126,227
126,227
126,227
126,227
126,227
126,227
126,227
126,227
126,227
126,227
126,227
126,227
126,227
126,227
126,227
126,227
126,227
126,227
126,227
125,227
125,227
126,227
126,227
126,227
126,227
126,227
126,227
126,227
126,227
126,227
126,227
126,227
126,227
126,227
126,227
126,227
126,227
126,227
126,227
126,227
126,227
126,227
126,227
126,227
126,227
126,227
126,227
126,227
126,227
126,227
126,227
126,227
126,227
125,227
125,227
125,227
126,227
126,227
126,227
126,227
126,227
126,227
126,227
126,227
126,227
126,227
126,227
126,227
126,227
126,227
126,227
126,227
126,227
126,227
126,227
126,227
126,227
126,227
126,227
126,227
126,227
126,227
126,227
126,227
126,227
126,227
126,227
125,227
125,227
125,227
126,227
126,227
126,227
126,227
126,227
126,227
126,227
126,227
126,227
126,227
126,227
126,227
126,227
126,227
126,227
126,227
126,227
126,227
126,227
126,227
126,227
126,227
126,227
126,227
126,227
126,227
126,227
126,227
126,227
126,227
126,227
125,227
125,227
125,227
126,227
126,227
126,227
126,227
126,227
126,227
126,227
126,227
126,227
126,227
126,227
126,227
126,227
126,227
126,227
126,227
126,227
126,227
126,227
126,227
126,227
126,227
126,227
126,227
126,227
126,227
126,227
126,227
126,227
126,227
126,227
125,227
125,227
126,227
126,227
126,227
126,227
126,227
126,227
126,227
126,227
126,227
126,227
126,227
126,227
126,227
126,227
126,227
126,227
126,227
126,227
126,227
126,227
126,227
126,227
126,227
126,227
126,227
126,227
126,227
126,227
126,227
126,227
126,227
126,227
125,227
125,227
126,227
126,227
126,227
126,227
126,227
126,227
126,227
126,227
126,227
126,227
126,227
126,227
126,227
126,227
126,227
126,227
126,227
126,227
126,227
126,227
126,227
126,227
126,227
126,227
126,227
126,227
126,227
126,227
126,227
126,227
126,227
126,227
125,227
126,227
126,227
126,227
126,227
126,227
126,227
126,227
126,227
126,227
126,227
126,227
126,227
126,227
126,227
126,227
126,227
126,227
126,227
126,227
126,227
126,227
126,227
126,227
126,227
126,227
126,227
126,227
126,227
126,227
126,227
126,227
126,227
126,227
126,227
126,227
126,227
126,227
126,227
126,227
126,227
126,227
126,227
126,227
126,227
126,227
126,227
126,227
126,227
126,227
126,227
126,227
126,227
126,227
126,227
126,227
126,227
126,227
126,227
126,227
126,227
126,227
126,227
126,227
126,227
126,227
126,227
126,227
126,227
126,227
126,227
126,227
126,227
126,227
126,227
126,227
126,227
126,227
126,227
126,227
126,227
126,227
126,227
126,227
126,227
126,227
126,227
126,227
126,227
126,227
126,227
126,227
126,227
126,227
126,227
126,227
126,227
126,227
126,227
126,227
126,227
126,227
126,227
126,227
126,227
126,227
126,227
126,227
126,227
126,227
126,227
126,227
126,227
126,227
126,227
126,227
126,227
126,227
126,227
126,227
126,227
126,227
126,227
126,227
126,227
126,227
126,227
126,227
126,227
126,227
126,227
126,227
126,227
126,227
126,227
126,227
126,227
126,227
126,227
126,227
126,227
126,227
126,227
126,227
126,227
126,227
126,227
126,227
126,227
126,227
126,227
126,227
126,227
126,227
126,227
126,227
126,227
126,227
126,227
126,227
126,227
126,227
126,227
126,227
126,227
126,227
126,227
126,227
126,227
126,227
126,227
126,227
126,227
126,227
126,227
126,227
126,227
126,227
126,227
126,227
126,227
126,227
126,227
126,227
126,227
126,227
126,227
126,227
126,227
126,227
126,227
126,227
126,227
126,227
126,227
126,227
126,227
126,227
126,227
126,227
126,227
126,227
126,227
126,227
126,227
126,227
126,227
126,227
126,227
126,227
126,227
126,227
126,227
126,227
126,227
126,227
126,227
126,227
126,227
126,227
126,227
126,227
126,227
126,227
126,227
126,227
126,227
126,227
126,227
126,227
126,227
126,227
126,227
126,227
126,227
126,227
126,227
126,227
126,227
126,227
126,227
126,227
126,227
126,227
126,227
126,227
126,227
126,227
126,227
126,227
126,227
126,227
126,227
126,227
126,227
126,227
126,227
126,227
126,227
126,227
126,227
126,227
126,227
126,227
126,227
126,227
126,227
126,227
126,227
126,227
126,227
126,227
126,227
126,227
126,227
126,227
126,227
126,227
126,227
126,227
126,227
126,227
126,227
126,227
126,227
126,227
126,227
126,227
126,227
126,227
126,227
126,227
126,227
126,227
126,227
126,227
126,227
126,227
126,227
126,227
126,227
126,227
126,227
126,227
126,227
126,227
126,227
126,227
126,227
126,227
126,227
126,227
126,227
126,227
126,227
126,227
126,227
126,227
126,227
126,227
126,227
126,227
126,227
126,227
126,227
126,227
126,227
126,227
126,227
126,227
126,227
126,227
126,227
126,227
126,227
126,227
126,227
126,227
126,227
126,227
126,227
126,227
126,227
126,227
126,227
126,227
126,227
126,227
126,227
126,227
126,227
126,227
126,227
126,227
126,227
126,227
126,227
126,227
126,227
126,227
126,227
126,227
126,227
126,227
126,227
126,227
126,227
126,227
126,227
126,227
126,227
126,227
126,227
126,227
126,227
126,227
126,227
126,227
126,227
126,227
126,227
126,227
126,227
126,227
126,227
126,227
126,227
126,227
126,227
126,227
126,227
126,227
126,227
126,227
126,227
126,227
126,227
126,227
126,227
126,227
126,227
126,227
126,227
126,227
126,227
126,227
126,227
126,227
126,227
126,227
126,227
126,227
126,227
126,227
126,227
126,227
126,227
126,227
126,227
126,227
126,227
126,227
126,227
126,227
126,227
126,227
126,227
126,227
126,227
126,227
126,227
126,227
126,227
126,227
126,227
126,227
126,227
126,227
126,227
126,227
126,227
126,227
126,227
126,227
126,227
126,227
126,227
126,227
126,227
126,227
126,227
126,227
126,227
126,227
126,227
126,227
126,227
126,227
126,227
126,227
126,227
126,227
126,227
126,227
126,227
126,227
126,227
126,227
126,227
126,227
126,227
126,227
126,227
126,227
126,227
126,227
126,227
126,227
126,227
126,227
126,227
126,227
126,227
126,227
126,227
126,227
126,227
126,227
126,227
126,227
126,227
126,227
126,227
126,227
126,227
126,227
126,227
126,227
126,227
126,227
126,227
126,227
126,227
126,227
126,227
126,227
126,227
126,227
126,227
126,227
126,227
126,227
126,227
126,227
126,227
126,227
126,227
126,227
126,227
126,227
126,227
126,227
126,227
126,227
126,227
126,227
126,227
126,227
126,227
126,227
126,227
126,227
126,227
126,227
126,227
126,227
126,227
126,227
126,227
126,227
126,227
126,227
126,227
126,227
126,227
126,227
126,227
126,227
126,227
126,227
126,227
126,227
126,227
126,227
126,227
126,227
126,227
126,227
126,227
126,227
126,227
126,227
126,227
126,227
126,227
126,227
126,227
126,227
126,227
126,227
126,227
126,227
126,227
126,227
126,227
126,227
126,227
126,227
126,227
126,227
126,227
126,227
126,227
126,227
126,227
126,227
126,227
126,227
126,227
126,227
126,227
126,227
126,227
126,227
126,227
126,227
126,227
126,227
126,227
126,227
126,227
126,227
126,227
126,227
126,227
126,227
126,227
126,227
126,227
126,227
126,227
126,227
126,227
126,227
126,227
126,227
126,227
126,227
126,227
126,227
126,227
126,227
126,227
126,227
126,227
126,227
126,227
126,227
126,227
126,227
126,227
126,227
126,227
126,227
126,227
126,227
126,227
126,227
126,227
126,227
126,227
126,227
126,227
126,227
126,227
126,227
126,227
126,227
126,227
126,227
126,227
126,227
126,227
126,227
126,227
126,227
126,227
126,227
126,227
126,227
126,227
126,227
126,227
126,227
126,227
126,227
126,227
126,227
126,227
126,227
126,227
126,227
126,227
126,227
126,227
126,227
126,227
126,227
126,227
126,227
126,227
126,227
126,227
126,227
126,227
126,227
126,227
126,227
126,227
126,227
126,227
126,227
126,227
126,227
126,227
126,227
126,227
126,227
126,227
126,227
126,227
126,227
126,227
126,227
126,227
126,227
126,227
126,227
126,227
126,227
126,227
126,227
126,227
126,227
126,227
126,227
126,227
126,227
126,227
126,227
126,227
126,227
126,227
126,227
126,227
126,227
126,227
126,227
126,227
126,227
126,227
126,227
126,227
126,227
126,227
126,227
126,227
126,227
126,227
126,227
126,227
126,227
126,227
126,227
126,227
126,227
126,227
126,227
126,227
126,227
126,227
126,227
126,227
126,227
126,227
126,227
126,227
126,227
126,227
126,227
126,227
126,227
126,227
126,227
126,227
126,227
126,227
126,227
126,227
126,227
126,227
126,227
126,227
126,227
126,227
126,227
126,227
126,227
126,227
126,227
126,227
126,227
126,227
126,227
126,227
126,227
126,227
126,227
126,227
126,227
126,227
126,227
126,227
126,227
126,227
126,227
126,227
126,227
126,227
126,227
126,227
126,227
126,227
126,227
126,227
126,227
126,227
126,227
126,227
126,227
126,227
126,227
126,227
126,227
126,227
126,227
126,227
126,227
126,227
126,227
126,227
126,227
126,227
126,227
126,227
126,227
126,227
126,227
126,227
126,227
126,227
126,227
126,227
126,227
126,227
126,227
126,227
126,227
126,227
126,227
126,227
126,227
126,227
126,227
126,227
126,227
126,227
126,227
126,227
126,227
126,227
126,227
126,227
126,227
126,227
126,227
126,227
126,227
126,227
126,227
126,227
126,227
126,227
126,227
126,227
126,227
126,227
126,227
126,227
126,227
126,227
126,227
126,227
126,227
126,227
126,227
126,227
126,227
126,227
126,227
126,227
126,227
126,227
126,227
126,227
126,227
126,227
126,227
126,227
126,227
126,227
126,227
126,227
126,227
126,227
126,227
126,227
126,227
126,227
126,227
126,227
126,227
126,227
126,227
126,227
126,227
126,227
126,227
126,227
126,227
126,227
126,227
126,227
126,227
126,227
126,227
126,227
126,227
126,227
126,227
126,227
126,227
126,227
126,227
126,227
126,227
126,227
126,227
126,227
126,227
126,227
126,227
126,227
126,227
126,227
125,227
125,227
125,227
125,227
125,227
125,227
125,227
125,227
125,227
125,227
125,227
125,227
125,227
125,227
125,227
125,227
125,227
125,227
125,227
125,227
125,227
125,227
125,227
125,227
125,227
125,227
125,227
125,227
125,227
125,227
125,227
125,227
125,227
125,227
125,227
125,227
125,227
125,227
125,227
125,227
125,228
125,228
125,228
125,227
125,227
125,227
125,227
125,227
125,228
125,228
125,228
125,227
125,228
125,228
125,228
125,228
125,228
125,228
125,228
125,228
125,228
125,228
125,228
125,228
125,228
125,228
125,228
125,228
125,228
125,228
125,228
125,228
125,228
125,228
125,228
125,228
125,228
125,228
125,228
125,228
125,228
125,228
125,228
125,228
125,228
124,228
124,228
125,228
125,228
125,228
125,228
125,228
125,228
125,228
125,228
125,228
125,228
124,228
124,228
124,228
124,228
124,228
124,228
124,228
124,228
124,228
124,228
124,228
124,228
124,228
124,228
124,228
124,228
124,228
124,228
124,228
124,228
124,228
124,228
123,227
123,227
123,228
123,228
123,228
123,228
123,228
123,228
123,228
123,227
123,228
123,227
123,227
123,227
123,227
123,227
123,227
123,227
123,227
123,227
123,227
123,227
123,227
123,227
123,227
123,227
123,227
123,227
122,227
122,227
122,227
122,227
122,227
122,227
122,227
122,227
122,227
122,226
121,226
121,226
121,226
121,226
121,226
121,226
121,226
121,225
121,225
121,225
121,225
120,225
120,225
120,225
120,224
120,224
120,224
120,224
120,224
120,224
120,224
120,224
120,224
120,224
120,224
120,224
120,224
120,224
120,224
120,224
119,224
119,224
119,224
119,224
119,224
119,224
119,224
119,224
119,224
119,224
119,224
119,224
119,224
119,224
119,224
119,224
119,224
119,224
119,224
119,224
119,224
119,224
119,224
119,224
119,224
119,224
119,224
119,224
119,224
119,224
119,224
119,224
119,224
119,224
118,223
118,223
118,223
118,223
118,223
118,223
118,223
118,223
118,223
118,223
118,223
118,223
117,223
117,223
117,223
117,223
117,223
117,223
117,223
117,223
117,223
117,223
117,223
116,223
116,223
116,223
116,223
116,223
116,223
116,223
116,223
115,223
115,223
115,223
115,223
115,223
115,223
115,223
114,223
114,223
114,223
114,223
114,222
114,222
114,222
114,222
114,222
113,222
113,222
113,222
113,222
113,222
113,222
113,222
113,222
113,222
113,222
113,222
113,222
113,222
113,222
113,222
113,222
113,222
113,221
112,221
112,221
112,221
112,221
112,221
112,221
112,221
112,221
112,221
112,221
112,221
112,221
112,221
112,221
112,221
112,221
111,221
111,221
111,221
111,221
111,221
111,221
111,221
111,221
111,221
111,221
111,221
111,221
111,221
110,221
110,221
110,221
110,221
110,221
110,221
110,221
110,220
110,220
110,220
110,220
109,220
109,220
109,220
109,220
109,220
109,220
109,220
109,220
109,220
109,220
109,220
109,220
109,220
108,220
108,220
108,220
108,220
108,219
108,219
108,219
108,219
108,219
108,219
108,219
108,219
107,219
107,219
107,219
107,219
107,219
107,219
107,218
106,218
106,218
106,218
106,218
106,218
105,218
105,218
105,218
104,218
104,218
104,218
104,218
104,218
104,218
104,218
103,218
103,218
102,217
102,217
102,217
101,217
101,217
101,217
101,217
101,217
101,217
101,217
100,217
100,217
100,216
100,216
100,216
100,216
99,216
99,216
99,216
99,215
99,215
99,215
98,215
98,215
98,215
98,215
97,215
97,215
97,215
97,215
97,215
97,214
97,214
97,214
96,214
96,214
96,214
96,214
96,214
96,214
96,214
95,213
95,213
95,213
94,213
94,213
94,213
93,213
93,213
93,213
93,212
93,212
93,212
92,212
92,212
92,212
92,212
91,212
91,212
90,212
90,212
90,212
90,211
89,211
89,211
89,211
88,211
88,211
88,211
88,211
88,211
88,211
87,211
87,211
87,211
87,211
87,211
86,211
86,211
85,211
85,211
85,211
85,211
84,211
84,210
84,210
84,210
83,211
83,210
82,210
82,210
82,210
81,210
81,210
81,210
81,210
80,210
80,210
80,210
80,210
80,210
79,210
79,210
79,210
78,210
78,210
78,210
78,210
77,210
77,210
77,210
77,209
77,209
77,209
77,209
77,209
77,209
77,209
76,209
76,209
76,209
76,209
76,209
76,209
75,209
75,208
74,208
74,208
74,208
73,208
73,208
72,208
72,208
71,208
71,208
71,208
70,207
70,207
70,207
69,207
68,207
68,207
68,207
68,207
67,207
67,207
67,206
67,206
66,206
66,206
66,206
65,206
65,206
65,205
65,205
65,205
64,205
64,205
64,205
64,205
64,205
63,205
63,205
63,205
62,204
62,204
62,204
62,204
62,204
61,204
61,204
61,204
61,204
61,204
61,204
61,203
61,203
61,203
61,203
60,203
60,203
60,203
60,203
59,203
59,203
58,203
58,202
58,202
57,202
57,202
57,202
56,202
56,202
56,202
56,202
55,202
56,202
55,202
55,202
55,202
55,202
55,202
54,202
54,202
54,202
54,201
54,201
53,201
53,201
53,201
53,201
53,201
53,201
53,201
53,201
53,201
52,201
52,201
52,201
52,201
52,201
52,201
52,201
52,201
52,201
52,201
51,201
51,201
51,201
51,201
51,201
51,201
51,201
51,201
51,201
51,201
51,201
51,201
51,201
51,201
51,201
51,201
51,201
51,201
51,201
51,201
51,201
51,201
51,200
51,201
51,201
51,201
51,200
51,200
50,200
50,200
50,200
50,200
50,200
50,200
50,200
50,200
50,200
50,200
50,200
50,200
50,200
50,200
50,200
50,200
50,200
49,200
49,200
50,200
50,200
49,200
49,200
50,200
50,200
50,200
49,200
49,200
49,200
49,200
49,200
49,200
49,200
49,200
49,200
49,199
49,199
49,200
49,200
49,200
49,200
49,200
49,200
49,200
49,200
49,200
49,200
49,200
49,200
49,200
49,200
49,200
49,200
49,199
49,200
49,200
49,200
49,200
49,200
49,200
49,200
49,200
49,200
49,200
49,200
49,200
49,200
49,200
49,200
49,199
49,199
49,199
49,199
49,200
49,199
49,200
49,199
49,200
49,200
49,200
49,199
49,200
49,199
49,199
49,200
49,199
49,200
49,199
49,199
49,199
49,199
49,200
49,199
49,199
49,200
49,199
49,199
49,199
49,200
49,199
49,200
49,200
49,200
49,199
49,199
49,199
49,199
49,199
49,199
49,199
49,199
49,199
49,199
49,199
49,199
49,199
49,199
49,199
49,199
49,199
49,199
49,199
49,199
49,199
49,199
49,199
49,199
49,199
49,199
49,199
49,199
49,199
49,199
49,199
49,199
49,199
49,199
49,199
49,199
49,199
49,199
49,199
49,199
49,199
49,199
49,199
49,199
49,199
49,199
49,199
49,199
49,199
49,199
49,199
49,199
49,199
49,199
49,199
49,199
49,199
49,199
49,199
49,199
49,199
49,199
49,199
49,199
49,199
49,199
49,199
49,199
49,199
49,199
49,199
49,199
49,199
49,199
49,199
49,199
49,199
49,199
49,199
49,199
49,199
49,199
49,199
49,199
49,199
49,199
49,199
49,199
49,199
49,199
49,199
49,199
49,199
49,199
49,199
49,199
49,199
49,199
49,199
49,199
49,199
49,199
49,199
49,199
49,199
49,199
49,199
49,199
49,199
49,199
49,199
49,199
49,199
49,199
49,199
49,199
49,199
49,199
49,199
49,199
49,199
49,199
48,199
49,199
48,199
49,199
49,199
49,199
49,199
49,199
49,199
49,199
49,199
49,199
49,199
49,199
49,199
49,199
49,199
49,199
49,199
49,199
49,199
49,199
49,199
49,199
49,199
49,199
49,199
49,199
49,199
49,199
48,199
49,199
48,199
48,199
48,199
49,199
48,199
49,199
49,199
49,199
49,199
49,199
49,199
49,199
49,199
48,199
48,199
49,199
48,199
48,199
48,199
48,199
48,199
48,199
48,199
49,199
48,199
48,199
48,199
48,199
48,199
48,199
48,199
48,199
48,199
48,199
48,199
48,199
48,199
48,199
48,199
48,199
48,199
48,199
48,199
48,199
48,199
48,199
49,199
48,199
49,199
49,199
48,199
48,199
48,199
48,199
48,199
49,199
48,199
48,199
48,199
48,199
48,199
48,199
48,199
48,199
48,199
48,199
48,199
48,199
48,199
48,199
48,199
48,199
49,199
48,199
48,199
48,199
48,199
48,199
48,199
48,199
48,199
48,199
48,199
48,199
48,199
48,199
48,199
48,199
48,199
48,199
48,199
48,199
49,199
48,199
48,199
48,199
48,199
48,199
48,199
48,199
48,199
48,199
48,199
48,199
48,199
49,199
48,199
49,199
48,199
49,199
48,199
48,199
49,199
49,199
49,199
48,199
48,199
49,199
48,199
48,199
48,199
48,199
48,199
48,199
48,199
49,199
48,199
48,199
48,199
48,199
48,199
48,199
48,199
48,199
48,199
48,199
48,199
48,199
48,199
48,199
48,199
48,199
48,199
48,199
48,199
48,199
48,199
48,199
48,199
48,199
48,199
48,199
48,199
48,199
48,199
48,199
48,199
48,199
48,199
48,199
48,199
48,199
48,199
48,199
48,199
48,199
48,199
48,199
48,199
48,199
48,199
48,199
48,199
48,199
48,199
48,199
48,199
48,199
48,199
48,199
48,199
48,199
48,199
48,199
48,199
48,199
48,199
48,199
48,199
48,199
48,199
48,199
48,199
48,199
48,199
48,199
48,199
48,199
48,199
48,199
48,199
48,199
48,199
48,199
48,199
48,199
48,199
48,199
48,199
48,199
48,199
48,199
48,199
48,199
48,199
48,199
48,199
48,199
48,199
48,199
48,199
48,199
48,199
48,199
48,199
48,199
48,199
48,199
48,199
48,199
48,199
48,199
48,199
48,199
48,199
48,199
48,199
48,199
48,199
48,199
48,199
48,199
48,199
48,199
48,199
48,199
48,199
48,199
48,199
48,199
48,199
48,199
48,199
48,199
48,199
48,199
48,199
48,199
48,199
48,199
48,199
48,199
48,199
48,199
48,199
48,199
48,199
48,199
48,199
48,199
48,199
48,199
48,199
48,199
48,199
48,199
48,199
48,199
48,199
48,199
48,199
48,199
48,199
48,199
48,199
48,199
48,199
48,199
48,199
48,199
48,199
48,199
48,199
48,199
48,199
48,199
48,199
48,199
48,199
48,199
48,199
48,199
48,199
48,199
48,199
48,199
48,199
48,199
48,199
48,199
48,199
48,199
48,199
48,199
48,199
48,199
48,199
48,199
48,199
48,199
48,199
48,199
48,199
48,199
48,199
48,199
48,199
48,199
48,199
48,199
48,199
48,199
48,199
48,199
48,199
48,199
48,199
48,199
48,199
48,199
48,199
48,199
48,199
48,199
48,199
48,199
48,199
48,199
48,199
48,199
48,199
48,199
48,199
48,199
48,199
48,199
48,199
48,199
48,199
48,199
48,199
48,199
48,199
48,199
48,199
48,199
48,199
48,199
48,199
48,199
48,199
48,199
48,199
48,199
48,199
48,199
48,199
48,199
48,199
48,199
48,199
48,199
48,199
48,199
48,199
48,199
48,199
48,199
48,199
48,199
48,199
48,199
48,199
48,199
48,199
48,199
48,199
48,199
48,199
48,199
48,199
48,199
48,199
48,199
48,199
48,199
48,199
48,199
48,199
48,199
48,199
48,199
48,199
48,199
48,199
48,199
48,199
48,199
48,199
48,199
48,199
48,199
48,199
48,199
48,199
48,199
48,199
48,199
48,199
48,199
48,199
48,199
48,199
48,199
48,199
48,199
48,199
48,199
48,199
48,199
48,199
48,199
48,199
48,199
48,199
48,199
48,199
48,199
48,199
48,199
48,199
48,199
48,199
48,199
48,199
48,199
48,199
48,199
48,199
48,199
48,199
48,199
48,199
48,199
48,199
48,199
48,199
48,199
48,199
48,199
48,199
48,199
48,199
48,199
48,199
48,199
48,199
48,199
48,199
48,199
48,199
48,199
48,199
48,199
48,199
48,199
48,199
48,199
48,199
48,199
48,199
48,199
48,199
48,199
48,199
48,199
48,199
48,199
48,199
48,199
48,199
48,199
48,199
48,199
48,199
48,199
48,199
48,199
48,199
48,199
48,199
48,199
48,199
48,199
48,199
48,199
48,199
48,199
48,199
48,199
48,199
48,199
48,199
48,199
48,199
48,199
48,199
48,199
48,199
48,199
48,199
48,199
48,199
48,199
48,199
48,199
48,199
48,199
48,199
48,199
48,199
48,199
48,199
48,199
48,199
48,199
48,199
48,199
48,199
48,199
48,199
48,199
48,199
48,199
48,199
48,199
48,199
48,199
48,199
48,199
48,199
48,199
48,199
48,199
48,199
48,199
48,199
48,199
48,199
48,199
48,199
48,199
48,199
48,199
48,199
48,199
48,199
48,199
48,199
48,199
48,199
48,199
48,199
48,199
48,199
48,199
48,199
48,199
48,199
48,199
48,199
48,199
48,199
48,199
48,199
48,199
48,199
48,199
48,199
48,199
48,199
48,199
48,199
48,199
48,199
48,199
48,199
48,199
48,199
48,199
48,199
48,199
48,199
48,199
48,199
48,199
48,199
48,199
48,199
48,199
48,199
48,199
48,199
48,199
48,199
48,199
48,199
48,199
48,199
48,199
48,199
48,199
48,199
48,199
48,199
48,199
48,199
48,199
48,199
48,199
48,199
48,199
48,199
48,199
48,199
48,199
48,199
48,198
48,198
48,198
48,198
48,198
48,198
48,198
48,197
48,197
48,197
48,197
48,197
48,197
48,197
48,197
48,197
48,196
48,196
48,196
48,196
48,196
48,196
48,196
48,196
48,195
48,195
47,195
48,195
47,195
47,195
47,195
47,195
47,195
47,195
47,195
47,195
47,195
47,195
47,195
47,195
47,195
47,195
47,195
47,195
47,194
47,194
47,194
47,194
47,194
47,194
47,194
47,194
47,194
47,194
47,194
47,194
47,194
47,194
47,193
47,193
47,193
47,193
47,193
47,193
47,193
47,193
47,193
47,193
47,193
46,193
46,193
46,193
46,193
46,192
46,192
46,192
46,192
46,192
46,192
46,192
46,192
46,192
46,192
46,192
46,191
46,191
46,191
46,191
46,191
46,191
46,191
46,191
46,191
46,190
46,190
46,190
46,190
46,190
46,190
46,190
46,190
46,190
46,190
46,190
46,190
46,190
46,190
46,190
46,190
46,190
46,190
46,190
46,190
46,189
46,189
46,189
46,189
46,189
45,189
45,189
45,189
45,189
45,189
45,189
45,189
45,189
45,189
45,189
45,189
45,189
45,189
45,189
45,189
45,189
45,188
45,188
45,188
45,188
45,188
45,188
45,188
45,188
45,188
45,188
45,188
45,187
45,187
45,187
45,187
45,187
45,187
45,187
45,186
45,186
45,186
45,186
45,186
44,186
44,186
44,186
44,186
44,186
44,186
44,186
44,186
44,186
44,186
44,186
44,185
44,185
44,185
44,185
44,185
44,185
44,185
44,185
44,185
44,185
44,184
44,184
44,184
44,184
44,184
44,184
44,184
43,183
43,183
43,183
43,183
43,183
43,183
43,183
43,183
43,182
43,182
43,182
43,182
43,182
43,182
42,182
43,182
42,182
42,181
42,181
42,181
42,181
42,181
42,181
42,181
42,181
42,180
41,180
41,180
41,180
41,180
41,180
41,179
41,179
41,179
41,179
41,178
41,178
41,178
41,177
41,177
41,177
41,177
41,176
41,176
41,176
41,175
41,175
41,175
40,175
40,175
40,174
40,174
40,173
40,173
40,173
40,173
40,173
40,173
40,172
40,172
40,172
40,172
40,171
40,171
39,171
39,171
39,171
39,171
39,171
39,170
39,170
39,169
39,169
39,169
39,169
39,168
39,168
38,168
38,168
38,167
38,167
38,167
38,167
38,167
38,166
38,166
38,166
38,166
38,165
38,165
38,165
37,164
37,164
37,164
37,164
37,164
37,164
37,164
37,163
37,163
37,163
37,163
37,163
37,162
37,162
37,162
36,162
37,161
36,161
36,161
36,161
36,161
36,161
36,160
36,160
36,160
36,160
36,160
36,159
36,159
36,159
36,159
36,159
36,158
36,158
36,158
36,158
36,157
36,157
36,157
36,156
36,156
36,156
36,155
36,155
35,155
35,155
36,155
35,154
35,154
35,154
35,153
35,153
35,153
35,153
35,153
35,153
35,152
35,152
35,152
35,151
35,151
35,151
35,150
35,150
35,150
35,149
35,149
35,149
34,149
34,148
34,148
34,148
34,148
34,148
34,148
34,147
34,147
34,147
34,146
34,146
33,146
33,145
33,145
33,145
33,145
32,145
32,145
32,144
32,144
32,144
32,144
32,144
32,144
32,144
32,143
31,143
31,143
31,143
31,143
31,142
31,142
31,142
31,142
31,142
31,142
31,142
31,142
31,142
30,142
30,142
30,142
30,142
30,141
30,141
30,141
30,141
30,141
30,140
30,140
30,140
30,140
30,140
30,140
30,139
30,139
30,139
30,139
30,139
29,139
29,139
29,138
29,138
29,138
29,138
29,138
29,137
29,137
29,137
29,136
29,136
29,136
29,136
29,136
29,136
29,135
28,135
28,135
28,135
28,135
28,135
28,134
28,134
28,134
28,134
28,133
28,133
28,133
28,133
28,132
28,132
27,132
27,132
27,132
27,131
27,131
27,131
27,131
27,131
27,130
26,130
26,130
26,130
26,130
26,129
26,129
26,129
26,129
25,129
25,128
25,128
25,128
25,127
25,127
25,126
25,126
24,126
24,126
24,125
24,125
24,125
24,124
24,124
24,124
24,123
24,123
24,123
24,122
24,122
24,122
24,122
24,122
24,122
24,122
24,122
24,122
24,122
24,122
24,122
24,122
24,122
24,122
24,122
24,122
24,122
24,122
24,122
24,122
24,122
24,122
24,122
24,122
24,122
24,122
24,122
24,122
24,122
24,122
24,122
24,122
24,122
24,122
24,122
24,122
24,122
24,122
24,122
24,122
24,122
24,122
24,122
24,122
24,122
24,122
24,122
24,122
24,122
24,122
24,122
24,122
24,122
24,122
24,121
24,121
24,121
24,121
24,122
24,121
24,122
24,122
24,122
24,122
24,122
24,122
24,122
24,121
24,122
24,121
24,122
24,122
24,121
24,121
24,121
24,121
24,121
24,121
24,122
24,121
24,122
24,121
24,122
24,121
24,122
24,121
24,121
24,122
24,121
24,121
24,121
24,121
24,121
24,121
24,121
24,121
24,121
24,121
24,121
24,121
24,121
24,121
24,121
24,121
24,121
24,121
24,121
24,121
24,121
24,121
24,121
24,121
24,121
24,121
24,121
24,121
24,121
24,121
24,121
24,121
24,121
24,121
24,121
24,121
24,121
24,121
24,121
24,121
24,121
24,121
24,121
24,121
24,121
24,121
24,121
24,121
24,121
24,121
24,121
24,121
24,121
24,121
24,121
24,121
24,121
24,121
24,121
24,121
24,121
24,121
24,121
24,121
24,121
24,121
24,121
24,121
24,121
24,121
24,121
24,121
24,121
24,121
24,121
24,121
24,121
24,121
24,121
24,121
24,121
24,121
24,121
24,121
24,121
24,121
24,121
24,121
24,121
24,121
24,121
24,121
24,121
24,121
24,121
24,121
24,121
24,121
24,121
24,121
24,121
24,121
24,121
24,121
24,121
24,121
24,121
24,121
24,121
24,121
24,121
24,121
24,121
24,121
24,121
24,121
24,121
24,121
24,121
24,121
24,121
24,121
24,121
24,121
24,121
24,121
24,121
24,121
24,121
24,121
24,121
24,121
24,121
24,121
24,121
24,121
24,121
24,121
24,121
24,121
24,121
24,121
24,121
24,121
24,121
24,121
24,121
24,121
24,121
24,121
24,121
24,121
24,121
24,121
24,121
24,121
24,121
24,121
24,121
24,121
24,121
24,121
24,121
24,121
24,121
24,121
24,121
24,121
24,121
24,121
24,121
24,121
24,121
24,121
24,121
24,121
24,121
24,121
24,121
24,121
24,121
24,121
24,121
24,121
24,121
24,121
24,121
24,121
24,121
24,121
24,121
24,121
24,121
24,121
24,121
24,121
24,121
24,121
24,121
24,121
24,121
24,121
24,121
24,121
24,121
24,121
24,121
24,121
24,121
24,121
24,121
24,121
24,121
24,121
24,121
24,121
24,121
24,121
24,121
24,121
24,121
24,121
24,121
24,121
24,121
24,121
24,121
24,121
24,121
24,121
24,121
24,121
24,121
24,121
24,121
24,121
24,121
24,121
24,121
24,121
24,121
24,121
24,121
24,121
24,121
24,121
24,121
24,121
24,121
24,121
24,121
24,121
24,121
24,121
24,121
24,121
24,121
24,121
24,121
24,121
24,121
24,121
24,121
24,121
24,121
24,121
24,121
24,121
24,121
24,121
24,121
24,121
24,121
24,121
24,121
24,121
24,121
24,121
24,121
24,121
24,121
24,121
24,121
24,121
24,121
24,121
24,121
24,121
24,121
24,121
24,121
24,121
24,121
24,121
24,121
24,121
24,121
24,121
24,121
24,121
24,121
24,121
24,121
24,121
24,121
24,121
24,121
24,121
24,121
24,121
24,121
24,121
24,121
24,121
24,121
24,121
24,121
24,121
24,121
24,121
24,121
24,121
24,121
24,121
24,121
24,121
24,121
24,121
24,121
24,121
24,121
24,121
24,121
24,121
24,121
24,121
24,121
24,121
24,121
24,121
24,121
24,121
24,121
24,121
24,121
24,121
24,121
24,121
24,121
24,121
24,121
24,121
24,121
24,121
24,121
24,121
24,121
24,121
24,121
24,121
24,121
24,121
24,121
24,121
24,121
24,121
24,121
24,121
24,121
24,121
24,121
24,121
24,121
24,121
24,121
24,121
24,121
24,121
24,121
24,121
24,121
24,121
24,121
24,121
24,121
24,121
24,121
24,121
24,121
24,121
24,121
24,121
24,121
24,121
24,121
24,121
24,121
24,121
24,121
24,121
24,121
24,121
24,121
24,121
24,121
24,121
24,120
24,120
24,120
24,120
24,120
24,120
24,120
24,120
24,120
24,120
24,120
24,119
24,119
24,119
25,119
25,119
25,119
25,119
25,119
25,119
25,119
25,119
25,119
25,119
25,118
25,118
25,118
25,118
25,118
25,118
25,118
25,118
26,118
26,118
26,118
26,118
26,117
26,117
26,117
26,117
26,117
26,117
26,117
27,117
27,116
27,116
27,116
27,116
27,116
27,115
27,115
27,115
27,115
27,114
28,114
28,113
28,113
28,113
28,112
28,112
28,111
28,111
28,111
28,110
28,110
28,109
28,109
29,108
29,108
29,107
29,106
29,106
29,106
29,106
29,105
29,105
30,105
30,105
30,104
30,104
30,104
30,104
30,103
30,103
30,103
30,102
30,102
30,102
31,101
31,101
31,101
31,100
31,100
31,100
31,100
31,99
31,99
31,99
31,99
31,99
31,98
31,98
31,98
31,98
32,98
32,98
32,97
32,97
32,97
32,97
32,97
32,97
32,97
32,97
32,97
32,96
33,96
33,96
33,96
33,96
33,96
33,96
33,95
33,95
33,95
33,95
33,95
33,95
33,95
33,95
33,95
33,94
33,94
33,94
33,94
33,94
33,94
33,94
33,94
33,94
33,94
33,94
33,94
33,94
33,94
33,94
33,94
33,94
34,93
34,93
34,93
34,93
34,93
34,93
34,93
34,92
34,92
34,92
34,92
34,92
34,92
34,92
34,91
34,91
34,91
34,91
34,91
34,90
34,90
35,90
35,90
35,90
35,90
35,89
35,89
35,89
35,89
35,89
35,89
35,89
35,88
35,88
35,88
35,88
35,88
35,88
35,87
35,87
35,87
35,87
35,87
35,87
35,87
35,87
35,87
35,86
35,86
35,86
35,86
35,86
35,86
35,86
35,86
35,86
35,85
35,85
35,85
35,85
35,85
35,85
35,85
35,85
35,85
35,85
35,84
35,84
35,84
35,84
35,84
35,84
35,84
35,84
36,84
36,83
36,83
36,83
36,83
36,83
36,83
36,83
36,83
36,83
36,82
36,82
36,82
36,82
36,81
36,81
36,81
36,81
36,81
36,81
36,80
36,80
36,80
36,80
36,80
36,80
36,80
36,79
36,79
36,79
36,79
36,79
36,78
37,78
37,78
37,78
37,78
37,77
37,77
37,77
37,76
37,76
37,76
37,76
37,76
37,75
37,75
37,75
37,75
37,75
37,74
37,74
37,74
37,74
37,73
37,73
38,73
38,73
38,73
38,72
38,72
38,72
38,72
38,72
38,71
38,71
38,71
38,71
38,71
38,70
38,70
38,70
39,70
38,69
38,69
39,69
39,69
39,69
39,69
39,68
39,68
39,68
39,68
39,68
39,68
39,68
39,68
39,68
39,68
39,68
39,68
39,68
39,68
39,67
39,67
39,67
39,67
39,67
39,67
39,67
40,66
40,66
40,66
40,66
40,66
40,65
40,65
40,65
40,65
40,64
40,64
40,64
40,63
40,63
40,63
40,63
40,62
40,62
40,62
40,62
40,62
40,62
40,62
41,61
41,61
41,61
41,61
41,60
41,60
41,60
41,60
41,59
41,59
42,59
42,58
42,58
42,58
42,58
42,57
42,57
42,57
42,57
42,56
42,56
43,56
43,56
43,56
43,56
43,55
43,55
43,55
43,55
43,55
43,55
43,55
43,55
43,55
43,55
43,55
43,55
43,55
43,55
43,55
43,55
43,55
43,55
43,55
43,55
43,55
43,55
43,55
43,55
43,55
43,55
43,55
43,55
43,55
43,55
43,55
43,55
43,55
43,55
43,54
43,54
43,54
43,54
44,54
44,54
44,54
44,54
44,54
44,53
44,53
44,53
44,53
44,53
44,53
44,52
44,52
44,52
44,52
45,52
45,52
45,52
45,52
45,52
45,51
45,51
45,51
45,51
45,51
45,51
45,51
45,50
45,50
45,50
45,50
45,50
45,50
45,49
45,49
45,49
45,48
45,48
45,48
45,48
45,48
45,48
45,48
45,48
45,47
45,47
45,47
46,47
46,47
46,47
46,46
46,46
46,46
46,46
46,46
46,46
46,46
46,46
46,46
46,46
46,46
46,46
46,46
45,46
46,46
46,46
46,46
46,46
46,46
46,46
46,46
45,46
46,46
45,46
45,46
46,46
45,46
45,46
46,46
46,46
46,46
46,46
46,46
46,46
45,46
46,46
45,46
45,46
46,46
46,46
45,46
45,46
46,46
46,46
46,46
45,46
45,46
46,46
46,46
45,46
45,46
45,46
45,46
46,46
46,46
46,46
46,46
45,46
45,46
45,46
45,46
46,46
45,46
46,46
45,46
45,46
46,46
45,46
45,46
46,46
46,46
45,46
46,46
45,46
46,46
45,46
45,46
45,46
45,46
46,46
45,46
45,46
45,46
45,46
45,46
45,46
45,46
46,46
45,46
45,46
46,46
45,46
45,46
45,46
45,46
45,46
46,46
45,46
45,46
45,46
45,46
45,46
45,46
45,46
45,46
45,46
45,46
45,46
45,46
45,46
45,46
45,46
45,46
45,46
45,46
45,46
45,46
45,46
45,46
45,46
45,46
46,46
45,46
45,46
46,46
45,46
45,46
45,46
45,46
45,46
45,46
45,46
45,46
46,46
45,46
45,46
45,46
46,46
46,46
46,46
46,46
45,46
45,46
45,46
45,46
45,46
45,46
45,46
46,46
45,46
45,46
45,46
46,46
45,46
46,46
45,46
46,46
45,46
45,46
45,46
45,46
45,46
45,46
45,46
45,46
45,46
46,46
45,46
45,46
45,46
45,46
45,46
45,46
45,46
45,46
46,46
45,46
45,46
45,46
45,46
45,46
45,46
45,46
45,46
45,46
46,46
45,46
45,46
46,46
46,46
46,46
46,46
46,46
45,46
45,46
45,46
45,46
45,46
45,46
45,46
45,46
45,46
45,46
45,46
46,46
45,46
46,46
45,46
46,46
45,46
46,46
45,46
45,46
45,46
45,46
45,46
45,46
45,46
46,46
46,46
45,46
46,46
45,46
46,46
46,46
45,46
45,46
45,46
45,46
45,46
45,46
45,46
45,46
46,46
45,46
45,46
45,46
46,46
45,46
45,46
45,46
46,46
46,46
45,46
45,46
45,46
45,46
45,46
45,46
45,46
45,46
45,46
45,46
45,46
45,46
45,46
45,46
45,46
45,46
45,46
45,46
45,46
45,46
45,46
45,46
45,46
45,46
45,46
45,46
45,46
45,46
45,46
45,46
45,46
45,46
45,46
45,46
45,46
45,46
45,46
45,46
45,46
45,46
45,46
45,46
45,46
45,46
45,46
45,46
46,46
45,46
45,46
45,46
45,46
45,46
45,46
45,46
45,46
45,46
45,46
45,46
45,46
45,46
45,46
45,46
45,46
45,46
45,46
45,46
45,46
45,46
45,46
45,46
45,46
46,46
45,46
45,46
45,46
45,46
46,46
45,46
45,46
45,46
45,46
45,46
45,46
45,46
45,46
45,46
45,46
45,46
45,46
45,46
45,46
45,46
45,46
45,46
45,46
45,46
45,46
45,46
45,46
45,46
45,46
45,46
45,46
45,46
45,46
45,46
45,46
45,46
45,46
45,46
45,46
45,46
45,46
45,46
45,46
46,46
45,46
45,46
46,46
45,46
45,46
45,46
45,46
45,46
45,46
45,46
45,46
45,46
45,46
46,46
45,46
45,46
45,46
45,46
45,46
45,46
45,46
45,46
45,46
45,46
45,46
45,46
45,46
45,46
45,46
45,46
45,46
45,46
45,46
46,46
45,46
45,46
45,46
45,46
45,46
45,46
45,46
45,46
45,46
45,46
45,46
45,46
45,46
45,46
45,46
45,46
45,46
45,46
45,46
45,46
45,46
45,46
45,46
45,46
45,46
45,46
45,46
45,46
45,46
45,46
45,46
45,46
45,46
45,46
45,46
45,46
45,46
45,46
45,46
45,46
45,46
45,46
45,46
45,46
45,46
45,46
45,46
45,46
45,46
45,46
45,46
45,46
45,46
45,46
45,46
45,46
45,46
45,46
45,46
45,46
45,46
45,46
45,46
45,46
45,46
45,46
45,46
46,46
45,46
45,46
45,46
45,46
45,46
45,46
45,46
45,46
45,46
45,46
45,46
45,46
45,46
45,46
45,46
45,46
45,46
45,46
45,46
45,46
45,46
45,46
45,46
45,46
45,46
45,46
45,46
45,46
45,46
45,46
45,46
45,46
45,46
45,46
45,46
45,46
45,46
45,46
45,46
45,46
45,46
45,46
45,46
45,46
45,46
45,46
45,46
45,46
45,46
45,46
45,46
45,46
45,46
45,46
45,46
45,46
45,46
45,46
45,46
45,46
45,46
45,46
45,46
45,46
45,46
45,46
45,46
45,46
45,46
45,46
45,46
45,46
45,46
45,46
45,46
45,46
45,46
45,46
45,46
45,46
45,46
45,46
45,46
45,46
45,46
45,46
45,46
45,46
45,46
45,46
45,46
45,46
45,46
45,46
45,46
45,46
45,46
45,46
45,46
45,46
45,46
45,46
45,46
45,46
46,46
45,46
45,46
45,46
45,46
45,46
45,46
45,46
45,46
45,46
45,46
45,46
45,46
45,46
45,46
45,46
45,46
45,46
45,46
45,46
45,46
45,46
45,46
45,46
45,46
45,46
45,46
45,46
45,46
45,46
45,46
45,46
45,46
45,46
45,46
45,46
45,46
45,46
45,46
45,46
45,46
45,46
45,46
45,46
45,46
45,46
45,46
45,46
45,46
45,46
45,46
45,46
45,46
45,46
45,46
45,46
45,46
45,46
45,46
45,46
45,46
45,46
45,46
45,46
45,46
45,46
45,46
45,46
45,46
45,46
45,46
45,46
45,46
45,46
45,46
45,46
45,46
45,46
45,46
45,46
45,46
45,46
45,46
45,46
45,46
45,46
45,46
45,46
45,46
45,46
45,46
45,46
45,46
45,46
45,46
45,46
45,46
45,46
45,46
45,46
45,46
45,46
45,46
45,46
45,46
45,46
45,46
45,46
45,46
45,46
45,46
45,46
45,46
45,46
45,46
45,46
45,46
45,46
45,46
45,46
45,46
45,46
45,46
45,46
45,46
45,46
45,46
45,46
45,46
45,46
45,46
45,46
45,46
45,46
45,46
45,46
45,46
45,46
45,46
45,46
45,46
45,46
45,46
45,46
45,46
45,46
45,46
45,46
45,46
45,46
45,46
45,46
45,46
45,46
45,46
45,46
45,46
45,46
45,46
45,46
45,46
45,46
45,46
45,46
45,46
45,46
45,46
45,46
45,46
45,46
45,46
45,46
45,46
45,46
45,46
45,46
45,46
45,46
45,46
45,46
45,46
45,46
45,46
45,46
45,46
45,46
45,46
46,46
46,46
45,46
45,46
45,46
45,46
45,46
46,46
46,46
46,46
46,46
46,46
46,46
46,46
46,46
46,46
46,46
46,46
46,46
46,46
46,46
46,46
46,46
46,46
46,46
46,46
46,46
46,45
46,46
46,46
46,45
46,46
46,45
46,45
46,46
46,45
46,45
46,45
46,46
46,45
46,46
46,46
46,46
46,46
46,46
46,46
46,46
46,46
46,46
46,45
46,45
46,45
46,45
46,45
46,45
46,45
46,45
46,46
46,46
46,46
46,46
46,45
46,46
46,45
46,46
46,46
46,46
46,46
46,45
46,46
46,45
46,45
46,45
46,45
46,46
46,46
46,46
46,46
46,46
46,46
46,46
46,46
46,46
46,46
46,46
46,46
46,46
46,46
46,46
46,46
46,46
46,46
46,46
46,46
46,46
46,46
46,46
46,46
46,46
46,46
46,46
46,46
46,46
46,46
46,46
46,46
46,46
46,46
46,46
46,46
46,46
46,46
46,46
46,46
46,46
46,46
46,46
46,46
46,46
46,46
46,46
46,46
46,46
46,46
46,46
46,46
46,46
46,46
46,46
46,46
46,46
46,46
46,46
46,46
46,46
46,46
46,46
46,46
46,46
46,46
46,46
46,46
46,46
46,46
46,46
46,46
46,46
46,46
46,46
46,46
46,46
46,45
46,46
46,45
46,46
46,45
46,45
46,45
46,45
46,45
46,45
46,45
46,45
46,45
46,45
46,45
46,45
46,45
46,45
46,45
46,45
46,45
46,45
46,45
46,45
46,45
46,45
47,45
47,45
47,45
47,45
47,45
47,45
47,45
47,45
47,45
47,45
47,45
47,45
47,45
47,45
47,45
47,45
47,45
47,45
47,45
47,45
47,45
47,45
47,45
47,45
47,45
47,45
47,45
47,45
47,45
47,45
47,45
47,45
47,45
48,45
48,45
48,45
48,45
48,45
49,45
49,45
49,45
49,45
49,45
50,45
50,45
50,44
50,44
51,44
51,44
51,44
51,44
51,44
51,43
51,43
51,43
51,43
52,43
52,43
52,43
52,43
52,43
52,43
52,43
52,43
52,42
52,42
52,42
52,42
52,42
52,42
52,42
52,42
52,42
52,42
52,42
52,42
52,42
52,42
52,42
52,42
52,42
52,42
52,42
52,42
52,42
52,42
52,42
52,42
52,42
52,42
52,42
52,42
52,42
52,42
53,42
53,42
53,42
53,42
53,42
53,42
53,42
53,42
53,42
53,42
53,42
53,42
53,42
53,42
53,42
53,42
53,42
53,42
53,42
53,42
53,42
53,42
53,42
53,42
53,42
53,42
53,42
53,42
53,42
53,42
53,42
53,42
53,42
53,42
53,42
53,42
53,42
53,42
53,42
53,42
53,42
53,42
53,42
53,42
53,42
53,42
53,42
53,42
53,42
53,42
53,42
53,42
53,42
53,42
53,42
53,42
53,42
53,42
53,42
53,42
53,42
53,42
53,42
53,42
53,42
53,42
53,42
53,42
53,42
53,42
53,42
53,42
53,42
53,42
53,42
53,42
53,42
53,42
53,42
53,42
53,42
53,42
53,42
53,42
53,42
53,42
53,42
53,42
53,42
53,42
53,42
53,42
53,42
53,42
53,42
53,42
53,42
53,42
53,42
53,42
53,42
53,42
53,42
53,42
53,42
53,42
53,42
53,42
53,42
53,42
53,42
53,42
53,42
53,42
53,42
53,42
53,42
53,42
53,42
53,42
53,42
53,42
53,42
53,42
53,42
53,42
53,42
53,42
53,42
53,42
53,42
53,42
53,42
53,42
53,42
53,42
53,42
53,42
53,42
53,42
53,42
53,42
53,42
53,42
53,42
53,42
53,42
53,42
53,42
53,42
53,42
53,42
53,42
53,42
53,42
53,42
53,42
53,42
53,42
53,42
53,42
53,42
53,42
53,42
53,42
53,42
53,42
53,42
53,42
53,42
53,42
53,42
53,42
53,42
54,42
54,42
54,42
54,42
54,42
55,42
55,42
55,41
55,41
56,41
56,41
56,41
56,41
56,41
57,41
57,40
57,40
57,40
57,40
57,40
57,40
57,40
58,40
58,40
58,40
58,40
58,40
58,40
58,40
58,40
58,40
59,40
59,40
59,40
59,40
59,40
59,40
59,40
59,40
59,40
60,40
60,40
60,40
61,40
61,40
61,40
61,39
61,39
61,39
61,39
62,39
62,39
62,39
62,39
62,39
62,39
63,38
63,38
63,38
64,38
64,38
64,38
64,38
64,38
64,37
65,37
65,37
65,37
65,37
66,37
66,37
66,36
66,36
66,36
67,36
67,36
67,36
67,36
67,36
67,36
67,36
67,36
67,36
67,36
67,36
67,36
68,35
68,35
68,35
68,35
68,35
68,35
68,35
68,35
68,35
68,35
68,35
68,35
68,35
68,35
68,35
68,35
68,35
68,35
68,35
68,35
68,35
68,35
68,35
68,35
68,35
68,35
68,35
68,35
68,35
68,35
68,35
68,35
68,35
69,35
69,35
69,35
69,35
69,35
69,35
69,35
69,35
69,35
69,35
69,35
69,35
69,35
69,35
69,35
69,35
69,35
69,35
69,35
69,35
69,35
69,35
69,35
69,35
69,35
69,35
69,35
69,35
69,35
69,35
69,35
69,35
69,35
69,35
69,35
69,35
69,35
69,35
69,35
69,35
69,35
69,35
69,35
69,35
69,35
69,35
69,35
69,35
69,35
69,35
69,35
69,35
69,35
69,35
69,35
69,35
69,35
69,35
69,35
69,35
69,35
69,35
69,35
69,35
69,35
69,35
69,35
69,35
69,35
69,35
69,35
69,35
69,35
69,35
69,35
69,35
69,35
69,35
69,35
69,35
69,35
69,35
69,35
69,35
69,35
69,35
69,35
69,35
69,35
69,35
69,35
69,35
69,35
69,35
69,35
69,35
69,35
69,35
69,35
69,35
69,35
69,35
69,35
69,35
69,35
69,35
69,35
69,35
69,35
69,35
70,35
70,35
70,35
70,35
70,35
70,35
70,35
70,35
70,35
70,35
70,35
70,35
70,35
70,35
70,35
70,35
70,35
70,35
70,35
70,35
70,35
70,35
70,35
70,35
70,35
70,35
70,35
70,35
70,35
70,35
70,35
70,35
70,35
70,35
70,35
70,35
70,35
71,35
71,35
71,35
71,35
71,35
71,35
71,35
71,35
71,35
71,35
72,35
72,35
72,34
72,34
72,34
73,34
73,34
73,34
73,34
74,34
74,33
74,33
74,33
74,33
75,33
75,33
75,33
75,33
75,33
75,33
75,33
75,33
76,33
76,33
76,33
76,33
76,33
76,33
76,33
76,33
76,33
76,33
76,33
76,33
76,33
76,33
76,33
76,33
76,33
76,33
76,33
76,33
76,33
76,33
76,33
76,33
76,33
76,33
76,33
76,33
76,33
76,33
76,33
77,33
77,33
77,33
77,33
77,32
77,33
77,32
77,33
77,33
78,33
78,33
78,33
78,32
78,32
78,32
78,32
79,32
79,32
79,32
79,32
79,32
79,32
80,32
80,32
80,32
80,32
80,32
80,32
81,32
81,32
81,32
81,32
81,32
81,32
81,32
81,31
81,31
81,31
81,31
81,31
81,31
81,31
82,31
82,31
82,31
82,31
82,31
82,31
82,31
82,31
82,31
82,31
82,31
83,31
83,31
83,31
83,31
83,31
83,31
83,31
83,31
83,31
84,31
84,31
84,31
84,31
84,31
84,31
84,31
84,31
85,31
85,31
85,31
85,31
85,31
85,31
85,31
85,31
86,31
86,31
86,30
86,30
86,30
86,30
86,30
86,30
87,30
87,30
87,30
87,30
87,30
87,30
87,30
88,30
88,30
88,30
88,30
88,30
88,30
88,30
88,30
88,30
88,29
88,30
89,30
89,29
89,29
89,29
89,29
89,29
89,29
89,29
89,29
89,29
90,29
90,29
90,29
90,29
90,29
90,29
90,29
90,29
90,29
91,29
91,29
91,29
91,29
91,29
91,29
92,28
92,28
92,28
93,28
93,28
93,28
93,28
94,28
94,28
94,27
94,27
95,27
95,27
95,27
95,27
95,27
96,27
96,26
96,26
96,26
97,26
97,26
97,26
97,26
97,26
98,26
98,26
98,26
98,26
98,26
98,26
98,26
98,26
98,26
98,26
98,26
99,26
99,26
99,26
99,26
99,26
99,26
99,26
99,25
99,25
100,25
100,25
100,25
100,25
100,25
100,25
100,25
100,25
100,25
100,25
100,25
101,25
101,25
101,25
101,25
101,24
101,24
101,24
101,24
101,24
101,24
102,24
102,24
102,24
102,24
102,24
102,24
102,24
102,24
102,24
102,24
102,24
103,24
103,24
103,24
103,24
103,24
103,24
103,24
103,24
103,24
103,24
103,24
103,24
103,24
103,24
103,24
103,24
103,24
103,24
103,24
103,24
103,24
103,24
103,24
104,24
104,24
104,23
104,24
104,24
104,24
104,24
104,24
104,24
104,24
104,23
104,24
104,24
104,23
104,23
104,23
104,23
104,23
104,24
104,23
104,24
104,23
104,24
104,23
104,23
104,23
104,23
104,23
104,23
104,23
104,23
104,23
104,23
104,23
104,23
104,23
104,23
104,23
104,23
104,23
104,23
104,23
104,23
104,23
104,23
104,23
104,23
104,23
104,23
104,23
104,23
104,23
104,23
104,23
104,23
104,23
105,23
105,23
105,23
105,23
105,23
105,23
105,23
105,23
105,23
105,23
106,23
106,23
106,23
106,23
106,23
106,23
107,23
107,23
107,23
107,22
107,22
107,22
108,22
108,22
108,22
108,22
108,22
108,22
108,22
108,22
109,22
109,22
109,22
109,22
109,22
109,22
109,22
109,22
109,22
109,21
110,21
110,21
110,21
110,21
110,21
110,21
110,21
110,21
110,21
110,21
110,21
111,21
111,21
111,21
111,21
111,21
111,21
111,21
111,21
111,21
111,21
112,21
112,21
112,21
112,21
112,21
112,21
112,20
112,20
113,20
113,20
113,20
113,20
113,20
113,20
113,20
113,20
114,20
114,20
114,20
114,20
114,20
114,20
114,20
114,20
114,20
114,20
114,20
114,20
114,20
115,20
115,19
115,19
115,19
115,19
115,19
115,19
115,19
115,19
115,19
115,19
116,19
116,19
116,19
116,19
116,19
116,19
116,19
116,19
116,19
116,19
116,19
116,19
116,19
117,19
117,19
117,19
117,19
117,19
117,19
117,19
117,19
117,19
117,19
117,18
118,18
118,18
118,18
118,18
118,18
118,18
118,18
118,18
119,18
119,18
119,18
119,18
119,18
119,18
119,18
119,18
119,18
119,18
119,18
119,18
120,18
120,18
120,18
120,18
120,18
120,18
120,18
120,18
120,18
120,18
120,18
121,18
121,17
121,17
121,17
121,17
121,17
121,17
121,17
121,17
121,17
122,17
122,16
122,16
122,16
122,16
122,16
122,16
122,16
122,16
122,16
122,16
122,16
123,16
123,16
123,16
123,16
123,16
123,16
123,16
123,16
123,16
123,16
123,16
123,16
123,16
123,16
123,16
123,16
123,16
123,16
123,16
123,16
123,16
123,16
123,16
123,16
123,16
123,16
123,16
123,16
123,16
123,16
123,16
123,16
123,16
123,16
123,16
123,16
123,16
123,16
123,16
123,16
123,16
123,16
123,16
123,16
123,16
123,16
123,16
123,16
123,16
123,16
123,16
123,16
123,16
123,16
123,16
123,16
123,16
123,16
123,16
123,16
123,16
123,16
123,16
123,16
123,16
123,16
123,16
123,16
123,16
123,16
123,16
123,16
123,16
123,16
123,16
123,16
123,16
123,16
123,16
123,16
123,16
123,16
123,16
123,16
123,16
123,16
123,16
123,16
123,16
123,16
123,16
123,16
123,16
123,16
123,16
123,16
123,16
123,16
123,16
123,16
123,16
123,16
123,16
123,16
123,16
123,16
123,16
123,16
123,16
123,16
123,16
123,16
123,16
123,16
123,16
123,16
123,16
123,16
123,16
123,16
123,16
123,16
123,16
123,16
123,16
123,16
123,16
123,16
123,16
123,16
123,16
123,16
123,16
123,16
123,16
123,16
123,16
123,16
123,16
123,16
123,16
123,16
123,16
123,16
123,16
123,16
123,16
123,16
123,16
123,16
123,16
123,16
123,16
123,16
123,16
123,16
123,16
123,16
123,16
123,16
123,16
123,16
123,16
123,16
123,16
123,16
123,16
123,16
123,16
123,16
123,16
123,16
123,16
123,16
123,16
123,16
123,16
123,16
123,16
123,16
123,16
123,16
123,16
123,16
123,16
123,16
123,16
123,16
123,16
123,16
123,16
123,16
123,16
123,16
123,16
123,16
123,16
123,16
123,16
123,16
123,16
123,16
123,16
123,16
123,16
123,16
124,16
124,16
124,16
124,16
124,16
124,16
124,16
124,16
124,16
124,16
124,16
124,16
123,16
124,16
124,16
124,16
124,16
124,16
124,16
124,16
124,16
124,16
124,16
124,16
124,16
124,16
124,16
124,16
124,16
124,16
124,16
124,16
124,16
124,16
124,16
124,16
124,16
124,16
124,16
124,16
124,16
124,16
124,16
124,16
124,16
124,16
124,16
124,16
124,16
124,16
124,16
124,16
124,16
124,16
124,16
124,16
124,16
124,16
124,16
124,16
124,16
124,16
124,16
124,16
124,16
124,16
124,16
124,16
124,16
124,16
124,16
124,16
124,16
124,16
124,16
124,16
124,16
124,16
124,16
124,16
124,16
124,16
124,16
124,16
124,16
124,16
124,16
124,16
124,16
124,16
124,16
124,16
124,16
124,16
124,16
124,16
124,16
124,16
124,16
124,16
124,16
124,16
124,16
124,16
124,16
124,16
124,16
124,16
124,16
124,16
124,16
124,16
124,16
124,16
124,16
124,16
124,16
124,16
124,16
124,16
124,16
124,16
124,16
124,16
124,16
124,16
124,16
124,16
124,16
124,16
124,16
124,16
124,16
124,16
124,16
124,16
124,16
124,16
124,16
124,16
124,16
124,16
124,16
124,16
124,16
124,16
124,16
124,16
124,16
124,16
124,16
124,16
124,16
124,16
124,16
124,16
124,16
124,16
124,16
124,16
124,16
124,16
124,16
124,16
124,16
124,16
124,16
124,16
124,16
124,16
124,16
124,16
124,16
124,16
124,16
124,16
124,16
124,16
124,16
124,16
124,16
124,16
124,16
124,16
124,16
124,16
124,16
124,16
124,16
124,16
124,16
124,16
124,16
124,16
124,16
124,16
124,16
124,16
124,16
124,16
124,16
124,16
124,16
124,16
124,16
124,16
124,16
124,16
124,16
124,16
124,16
124,16
124,16
124,16
124,16
124,16
124,16
124,16
124,16
124,16
124,16
124,16
124,16
124,16
124,16
124,16
124,16
124,16
124,16
124,16
124,16
124,16
124,16
124,16
124,16
124,16
124,16
124,16
124,16
124,16
124,16
124,16
124,16
124,16
124,16
124,16
124,16
124,16
124,16
124,16
124,16
124,16
124,16
124,16
124,16
124,16
124,16
124,16
124,16
124,16
124,16
124,16
124,16
124,16
124,16
124,16
124,16
124,16
124,16
124,16
124,16
124,16
124,16
124,16
124,16
124,16
124,16
124,16
124,16
124,16
124,16
124,16
124,16
124,16
124,16
124,16
124,16
124,16
124,16
124,16
124,16
124,16
124,16
124,16
124,16
124,16
124,16
124,16
124,16
124,16
124,16
124,16
124,16
124,16
124,16
124,16
124,16
124,16
124,16
124,16
124,16
124,16
124,16
124,16
124,16
124,16
124,16
124,16
123,16
123,16
123,16
123,16
124,16
124,16
124,16
124,16
124,16
124,16
124,16
124,16
123,16
124,16
124,16
123,16
124,16
123,16
123,16
123,16
123,16
123,16
123,16
123,16
123,16
124,16
123,16
123,16
124,16
124,16
123,16
123,16
123,16
123,16
123,16
123,16
123,16
123,16
123,16
123,16
123,16
123,16
123,16
123,16
123,16
123,16
123,16
123,16
123,16
123,16
123,16
123,16
123,16
123,16
123,16
123,16
123,16
123,16
123,16
123,16
123,16
123,16
123,16
123,16
123,16
123,16
123,16
123,16
123,16
123,16
123,16
123,16
123,16
123,16
123,16
123,16
123,16
123,16
123,16
123,16
123,16
123,16
123,16
123,16
123,16
123,16
123,16
123,16
123,16
123,16
123,16
123,16
123,16
123,16
123,16
123,16
123,16
123,16
123,16
123,16
123,16
123,16
123,16
123,16
123,16
123,16
123,16
123,16
123,16
123,16
123,16
123,16
123,16
123,16
123,16
123,16
123,16
122,16
122,16
122,16
122,16
122,16
122,16
122,16
122,16
122,16
122,16
122,16
122,16
122,16
122,16
122,16
122,16
122,16
122,16
122,16
122,16
122,16
122,16
122,16
122,16
122,16
122,16
122,16
122,16
122,16
122,16
122,16
122,16
122,16
122,16
122,16
122,16
122,16
122,16
122,16
122,16
122,16
122,16
122,16
122,16
122,16
122,16
121,16
121,16
121,16
121,16
121,16
121,16
121,16
121,16
121,16
121,16
121,16
121,16
121,16
121,16
121,16
121,16
121,16
121,16
121,16
121,16
121,16
121,16
121,16
121,16
121,16
121,16
121,16
121,16
121,16
121,16
121,16
121,16
121,16
121,16
121,16
121,16
121,16
121,16
121,16
121,16
121,16
121,16
121,16
121,16
121,16
121,16
121,16
121,16
121,16
121,16
121,16
121,16
121,16
121,16
121,16
121,16
121,16
121,16
121,16
121,16
121,16
121,16
121,16
121,16
121,16
121,16
121,16
121,16
121,16
121,16
121,16
121,16
121,16
121,16
121,16
121,16
121,16
121,16
121,16
121,16
121,16
121,16
121,16
121,16
121,16
121,16
121,16
121,16
121,16
121,16
121,16
121,16
121,16
121,16
121,16
121,16
121,16
121,16
121,16
121,16
121,16
121,16
121,16
121,16
121,16
121,16
121,16
121,16
121,16
120,16
120,16
121,16
121,16
121,16
121,16
121,16
121,16
121,16
121,16
121,16
121,16
121,16
121,16
121,16
121,16
121,16
121,16
121,16
121,16
121,16
121,16
121,16
121,16
121,16
121,16
121,16
121,16
121,16
121,16
121,16
121,16
121,16
121,16
121,16
121,16
121,16
121,16
121,16
121,16
121,16
121,16
121,16
121,16
121,16
121,16
121,16
121,16
121,16
121,16
121,16
121,16
121,16
121,16
121,16
121,16
121,16
121,16
121,16
121,16
121,16
121,16
121,16
121,16
121,16
121,16
121,16
121,16
121,16
120,16
120,16
121,16
121,16
121,16
121,16
121,16
121,16
121,16
121,16
121,16
120,16
121,16
121,16
121,16
121,16
121,16
121,16
121,16
121,16
121,16
121,16
121,16
121,16
121,16
121,16
121,16
121,16
121,16
121,16
121,16
121,16
121,16
121,16
121,16
121,16
121,16
121,16
121,16
121,16
121,16
121,16
121,16
121,16
121,16
121,16
121,16
121,16
121,16
121,16
121,16
121,16
121,16
121,16
121,16
121,16
121,16
121,16
121,16
121,16
121,16
121,16
121,16
121,16
121,16
121,16
121,16
121,16
121,16
121,16
121,16
121,16
121,16
121,16
121,16
121,16
121,16
121,16
121,16
121,16
121,16
121,16
121,16
121,16
121,16
121,16
121,16
121,16
121,16
121,16
121,16
121,16
121,16
121,16
121,16
121,16
121,16
121,16
121,16
121,16
121,16
121,16
121,16
121,16
121,16
121,16
121,16
121,16
121,16
121,16
121,16
121,16
121,16
121,16
121,16
121,16
121,16
121,16
121,16
121,16
121,16
121,16
121,16
121,16
122,16
122,16
122,16
122,16
122,16
122,16
122,16
122,16
122,16
122,16
122,16
122,16
122,16
122,16
122,16
122,16
122,16
122,16
122,16
122,16
122,16
122,16
122,16
122,16
122,16
122,16
122,16
122,16
122,16
122,16
122,16
122,16
123,16
123,16
123,16
123,16
123,16
123,16
123,16
123,16
123,16
123,16
123,16
123,16
123,16
123,16
123,16
123,16
123,16
123,16
123,16
123,16
123,16
123,16
123,16
123,16
123,16
123,16
123,16
123,16
123,16
123,16
123,16
123,16
123,16
123,16
123,16
123,16
123,16
123,16
123,16
123,16
123,16
123,16
123,16
123,16
123,16
123,16
123,16
123,16
123,16
123,16
123,16
123,16
123,16
123,16
123,16
123,16
123,16
123,16
123,16
123,16
123,16
123,16
123,16
123,16
123,16
123,16
123,16
123,16
123,16
123,16
123,16
123,16
123,16
123,16
123,16
123,16
123,16
123,16
123,16
123,16
123,16
123,16
123,16
123,16
123,16
123,16
123,16
123,16
123,16
123,16
123,16
123,16
123,16
123,16
123,16
123,16
123,16
123,16
123,16
123,16
123,16
123,16
123,16
123,16
123,16
123,16
123,16
123,16
123,16
123,16
123,16
123,16
123,16
123,16
123,16
123,16
123,16
123,16
123,16
123,16
123,16
123,16
123,16
123,16
123,16
123,16
123,16
123,16
123,16
123,16
123,16
123,16
123,16
123,16
123,16
123,16
123,16
123,16
123,16
123,16
123,16
123,16
123,16
123,16
123,16
123,16
123,16
124,16
124,16
123,16
123,16
123,16
123,16
123,16
123,16
123,16
123,16
123,16
123,16
123,16
123,16
123,16
123,16
123,16
123,16
123,16
123,16
123,16
123,16
123,16
123,16
123,16
123,16
123,16
123,16
123,16
122,16
122,16
122,16
122,16
122,16
122,16
122,16
121,16
121,16
121,16
122,16
121,16
121,16
121,16
121,16
121,16
121,16
121,16
121,16
121,16
121,16
121,16
121,16
121,16
121,16
121,16
121,16
121,16
121,16
121,16
121,16
121,16
121,16
121,16
121,16
121,16
121,16
121,16
121,16
121,16
121,16
120,16
121,16
121,16
121,16
121,16
121,16
121,16
121,16
120,16
120,16
120,16
120,16
120,16
120,16
120,16
120,16
120,16
120,16
120,16
120,16
120,16
120,16
120,16
120,16
120,16
120,16
120,16
120,16
120,16
120,16
120,16
120,16
120,16
120,16
119,16
119,17
119,17
119,17
119,17
119,17
119,18
119,18
119,18
119,18
119,18
119,18
119,18
118,18
118,18
119,18
118,18
118,18
118,18
118,18
118,18
118,18
118,18
118,18
118,18
118,18
118,18
118,18
118,18
118,18
118,18
118,18
118,18
118,18
118,18
118,18
118,18
118,18
118,18
118,18
118,18
118,18
118,18
118,18
118,18
118,18
118,18
118,18
118,18
118,18
118,18
118,18
118,18
118,18
118,18
118,18
118,18
118,18
118,18
118,18
118,18
118,18
118,18
118,18
118,18
118,18
118,18
118,18
118,18
118,18
118,18
118,18
118,18
118,18
118,18
118,18
118,18
118,18
118,18
118,18
118,18
118,18
118,18
118,18
118,18
118,18
118,18
118,18
118,18
118,18
118,18
118,18
118,18
118,18
118,18
118,18
118,18
118,18
118,18
118,18
118,18
118,18
118,18
118,18
118,18
118,18
118,18
118,18
118,18
118,18
118,18
118,18
118,18
118,19
118,18
118,18
118,18
118,18
118,18
118,18
118,18
118,18
118,18
118,18
118,18
118,18
118,18
118,18
118,18
118,18
118,18
118,18
118,18
118,18
118,18
118,18
118,18
118,18
118,18
118,18
118,18
118,18
118,18
118,18
118,18
118,18
118,18
118,18
118,18
118,18
118,18
118,18
118,18
119,18
119,18
119,18
119,18
119,18
119,18
119,18
120,18
120,18
120,18
120,18
120,18
120,18
120,18
120,18
120,18
120,18
120,18
120,18
120,18
120,18
120,18
120,18
120,18
120,18
120,18
120,18
120,18
120,18
121,18
121,18
121,18
121,18
121,18
121,18
121,18
121,18
121,18
121,18
121,18
121,18
121,18
121,18
121,18
121,18
121,18
121,18
121,18
121,18
121,18
121,18
121,18
121,18
121,18
121,18
121,18
121,18
121,18
121,18
121,18
121,18
121,18
121,18
121,18
121,18
121,18
121,18
121,18
121,18
121,18
121,18
121,18
121,18
121,18
121,18
121,18
121,18
121,18
121,18
121,18
121,18
121,18
121,18
121,18
121,18
121,18
121,18
121,18
121,18
121,18
121,18
121,18
121,18
121,18
121,18
121,18
121,18
121,18
121,18
121,18
121,18
121,18
121,18
121,18
121,18
121,18
121,18
121,18
121,18
121,18
121,18
121,18
121,18
121,18
121,18
121,18
121,18
121,18
121,18
121,18
121,18
121,18
121,18
121,18
121,18
121,18
121,18
121,18
121,18
122,18
121,18
121,18
121,18
122,18
122,18
122,18
122,18
122,18
122,18
122,18
122,18
122,18
122,18
122,18
122,18
122,18
122,18
122,18
122,18
122,18
122,18
122,18
122,18
122,18
122,18
122,18
122,18
122,18
122,18
122,18
122,18
122,18
122,18
122,18
122,18
122,18
122,18
122,18
122,18
122,18
122,18
122,18
122,18
122,18
122,18
122,18
122,18
122,18
122,18
122,18
122,18
122,18
122,18
122,18
122,18
122,18
122,18
122,18
122,18
122,18
122,18
122,18
122,18
122,18
122,18
122,18
122,18
122,18
122,18
122,18
122,18
122,18
122,18
122,18
122,18
122,18
122,18
122,18
122,18
122,18
122,18
122,18
122,18
122,18
122,18
122,18
122,18
122,18
122,18
122,18
122,18
122,18
122,18
122,18
122,18
122,18
123,18
123,18
123,18
123,18
123,18
123,18
123,18
123,18
123,18
123,18
123,18
123,18
123,18
123,18
123,18
123,18
123,18
123,18
123,18
123,18
123,18
123,18
123,18
123,18
123,18
123,18
123,18
123,18
123,18
123,18
123,18
123,18
123,18
123,18
123,18
123,18
123,18
123,18
123,18
123,18
123,18
123,18
123,18
123,18
123,18
123,18
123,18
123,18
123,18
123,18
123,18
123,18
123,18
123,18
123,18
123,18
123,18
123,18
123,18
123,18
123,18
123,18
123,18
123,18
123,18
123,18
123,18
123,18
123,18
123,18
123,18
123,18
123,18
123,18
123,18
123,18
123,18
123,18
123,18
123,18
123,18
123,18
123,18
123,18
123,18
123,18
123,18
123,18
123,18
123,18
123,18
123,18
123,18
123,18
123,18
123,18
123,18
123,18
123,18
123,18
123,18
123,18
123,18
123,18
123,18
123,18
123,18
123,18
123,18
123,18
123,18
123,18
123,18
123,18
123,18
123,18
123,18
123,18
123,18
123,18
123,18
123,18
123,18
123,18
123,18
123,18
123,18
123,18
123,18
123,18
123,18
123,18
123,18
123,18
123,18
123,18
123,18
123,18
123,18
123,18
123,18
123,18
123,18
123,18
123,18
123,18
123,18
123,18
123,18
123,18
123,18
123,18
123,18
123,18
123,18
123,18
123,18
123,18
123,18
123,18
123,18
123,18
123,18
123,18
123,18
123,18
123,18
123,18
123,18
123,18
123,18
123,18
123,18
123,18
123,18
123,18
123,18
123,18
123,18
123,18
123,18
123,18
123,18
123,18
123,18
122,18
122,18
121,18
121,18
121,18
121,18
121,18
121,18
121,18
121,18
121,18
121,18
121,18
121,18
120,18
120,18
120,18
120,18
120,18
120,18
120,18
120,18
120,18
120,18
120,18
120,18
120,18
120,18
120,18
120,18
120,18
120,18
120,18
120,18
120,18
120,18
120,18
120,18
120,18
120,18
120,18
120,18
120,18
120,18
120,18
120,18
120,18
120,18
120,18
119,18
120,18
120,18
120,18
120,18
120,18
120,18
120,18
120,18
120,18
120,18
120,18
120,18
120,18
120,18
119,18
119,18
119,18
119,18
119,18
119,18
119,18
119,18
119,18
119,18
119,18
119,18
119,18
119,18
119,18
119,18
119,18
119,18
119,18
119,18
119,18
119,18
119,18
119,18
119,18
119,18
119,18
119,18
119,18
119,18
119,18
119,18
119,18
119,18
119,18
119,18
119,18
119,18
119,18
119,18
119,18
119,18
119,18
119,18
119,18
119,18
119,18
119,18
119,18
118,18
118,18
118,18
118,18
118,19
117,19
117,19
117,19
117,19
116,20
116,20
116,20
116,20
115,20
115,21
115,21
114,21
113,21
113,21
112,21
111,21
111,22
110,22
110,22
110,22
109,22
109,23
109,23
108,23
108,23
108,23
107,23
107,23
106,23
106,24
105,24
105,24
105,24
104,24
104,24
104,24
104,24
104,24
103,24
103,24
103,24
103,24
103,24
103,24
103,24
103,25
102,25
102,25
102,25
102,25
102,25
102,25
102,25
101,25
101,25
101,25
101,25
101,25
101,25
100,25
100,25
100,25
100,25
100,25
100,26
100,26
100,26
100,26
100,26
100,26
100,26
100,26
100,26
100,26
99,26
99,26
99,26
99,26
99,26
99,27
98,27
98,27
98,27
97,27
97,27
97,28
97,28
97,28
97,28
96,28
96,28
96,28
96,28
96,28
96,28
96,28
96,28
96,28
96,28
96,28
95,28
95,28
95,28
95,28
95,28
95,28
95,28
95,28
95,28
95,28
95,28
95,28
95,28
95,28
95,28
95,28
95,28
95,28
95,28
95,28
95,28
95,28
95,28
95,28
95,28
95,28
95,28
95,28
95,28
95,28
95,28
95,28
95,28
95,28
95,28
95,28
95,28
95,28
95,28
95,28
95,28
95,28
95,28
95,28
95,28
95,28
95,28
95,28
95,28
95,28
95,28
95,28
95,28
95,28
95,28
95,28
95,28
95,28
95,28
95,28
95,28
95,28
95,28
95,28
95,28
95,28
95,28
95,28
95,28
95,28
95,28
95,28
95,28
95,28
95,28
95,28
95,28
95,28
95,28
95,28
95,28
95,28
95,28
95,28
95,28
95,28
95,28
95,28
95,28
95,28
95,28
95,28
95,28
95,28
95,28
95,28
95,28
95,28
95,28
95,28
95,28
95,28
95,28
95,28
95,28
95,28
95,28
95,28
95,28
95,28
95,28
95,28
95,28
95,28
95,28
95,28
95,28
95,28
95,28
95,28
95,28
95,28
95,28
95,28
95,28
95,28
95,28
95,28
96,28
96,28
96,28
96,28
96,28
96,28
97,28
97,28
97,28
96,28
97,28
97,28
97,28
97,28
97,28
97,28
97,28
97,28
97,28
97,28
97,28
97,28
97,28
97,28
97,28
97,28
97,28
97,28
97,28
97,28
97,28
97,28
97,28
97,28
97,28
97,28
97,28
97,28
97,28
97,28
97,28
97,28
97,28
97,28
97,28
97,28
97,28
97,28
97,28
97,28
97,28
97,28
97,28
97,28
97,28
97,28
97,28
97,28
97,28
97,28
97,28
97,28
97,28
97,28
97,28
97,28
97,28
97,28
97,28
97,28
98,28
97,28
98,28
97,28
98,28
98,28
98,28
97,28
97,28
97,28
97,28
97,28
97,28
98,28
97,28
97,28
98,28
97,28
97,28
98,28
97,28
98,28
98,28
98,28
98,28
98,28
98,28
98,28
98,28
98,28
98,28
98,28
98,28
98,28
98,28
98,28
98,28
98,28
98,28
98,28
98,28
98,27
98,27
99,27
99,27
99,27
100,27
100,26
100,26
101,26
101,25
101,25
101,25
102,25
102,24
102,24
103,24
103,24
103,24
104,24
104,24
104,24
104,24
105,24
105,23
105,23
105,23
106,23
106,23
106,23
106,23
107,23
107,23
108,23
108,23
108,23
108,23
108,23
108,22
109,22
109,22
109,22
109,22
109,22
110,22
110,22
110,22
110,22
111,22
111,22
111,21
111,21
112,21
112,21
112,21
112,21
112,21
112,21
113,21
113,21
113,21
113,20
113,20
113,20
113,20
113,20
113,20
113,20
113,20
113,20
113,20
113,20
114,20
114,20
114,20
114,20
114,20
114,20
114,20
114,20
114,20
114,20
114,20
114,20
114,20
114,20
114,20
114,20
115,20
115,20
115,20
115,20
115,20
115,20
116,20
116,20
116,20
116,19
116,20
116,19
117,19
117,19
117,19
117,19
117,19
117,19
117,19
118,19
118,19
118,19
118,19
119,19
119,19
119,18
119,18
120,18
120,18
120,18
120,18
120,18
121,18
121,18
121,18
121,17
121,17
122,17
122,17
122,17
122,17
122,16
123,16
123,16
123,16
123,16
123,16
123,16
123,16
123,16
123,16
123,16
123,16
123,16
123,16
123,16
123,16
123,16
123,16
123,16
123,16
123,16
123,16
123,16
123,16
123,16
123,16
123,16
123,16
123,16
123,16
123,16
123,16
123,16
123,16
123,16
123,16
123,16
123,16
123,16
123,16
123,16
123,16
123,16
123,16
123,16
123,16
123,16
123,16
123,16
123,16
123,16
123,16
123,16
123,16
123,16
123,16
123,16
123,16
123,16
123,16
123,16
123,16
123,16
123,16
123,16
123,16
123,16
123,16
123,16
123,16
123,16
123,16
123,16
123,16
123,16
123,16
123,16
123,16
123,16
123,16
123,16
123,16
123,16
123,16
123,16
123,16
123,16
123,16
123,16
123,16
123,16
123,16
123,16
123,16
123,16
123,16
123,16
123,16
123,16
123,16
123,16
123,16
123,16
123,16
123,16
123,16
123,16
123,16
123,16
123,16
123,16
123,16
123,16
123,16
123,16
123,16
123,16
123,16
123,16
123,16
123,16
123,16
123,16
123,16
123,16
123,16
123,16
123,16
123,16
123,16
123,16
123,16
123,16
123,16
123,16
123,16
123,16
123,16
123,16
123,16
123,16
123,16
123,16
123,16
123,16
123,16
123,16
123,16
123,16
123,16
123,16
123,16
123,16
123,16
123,16
123,16
123,16
123,16
123,16
123,16
123,16
123,16
123,16
123,16
123,16
123,16
123,16
123,16
123,16
123,16
123,16
123,16
123,16
123,16
123,16
123,16
123,16
123,16
123,16
123,16
123,16
123,16
123,16
123,16
123,16
123,16
123,16
123,16
123,16
123,16
123,16
123,16
123,16
123,16
123,16
123,16
123,16
123,16
123,16
123,16
123,16
123,16
123,16
123,16
123,16
123,16
123,16
123,16
123,16
123,16
123,16
123,16
123,16
123,16
123,16
123,16
123,16
123,16
123,16
123,16
123,16
123,16
123,16
123,16
123,16
123,16
123,16
123,16
123,16
123,16
123,16
123,16
123,16
123,16
123,16
123,16
123,16
123,16
123,16
123,16
123,16
123,16
123,16
123,16
123,16
123,16
123,16
123,16
123,16
123,16
123,16
123,16
123,16
123,16
123,16
123,16
123,16
123,16
123,16
123,16
123,16
123,16
123,16
123,16
123,16
123,16
123,16
123,16
123,16
123,16
123,16
123,16
123,16
123,16
123,16
123,16
123,16
123,16
123,16
123,16
123,16
123,16
123,16
123,16
123,16
123,16
123,16
123,16
123,16
123,16
123,16
123,16
123,16
123,16
123,16
123,16
123,16
123,16
123,16
123,16
123,16
123,16
123,16
123,16
123,16
123,16
123,16
123,16
123,16
123,16
123,16
123,16
123,16
123,16
123,16
123,16
123,16
123,16
123,16
123,16
123,16
123,16
123,16
123,16
123,16
123,16
123,16
123,16
123,16
123,16
123,16
123,16
123,16
123,16
123,16
123,16
123,16
123,16
123,16
123,16
123,16
123,16
123,16
123,16
123,16
123,16
123,16
123,16
123,16
123,16
123,16
123,16
123,16
123,16
123,16
123,16
123,16
123,16
123,16
123,16
123,16
123,16
123,16
123,16
123,16
123,16
123,16
123,16
123,16
123,16
123,16
123,16
123,16
123,16
123,16
123,16
123,16
123,16
123,16
123,16
123,16
123,16
123,16
123,16
123,16
123,16
123,16
123,16
123,16
123,16
123,16
124,16
124,16
124,16
124,16
124,16
124,16
124,16
124,16
124,16
124,16
124,16
124,16
124,16
124,16
124,16
124,16
124,16
124,16
124,16
124,16
124,16
124,16
124,16
124,16
124,16
124,16
124,16
124,16
124,16
124,16
124,16
124,16
124,16
124,16
124,16
124,16
124,16
124,16
125,16
125,16
125,17
125,17
125,17
125,17
125,17
125,17
125,17
125,17
125,18
125,18
126,18
126,18
126,18
126,18
126,18
126,18
126,18
126,18
126,18
126,18
126,18
126,18
126,18
126,18
126,18
127,18
127,18
127,18
127,19
127,19
127,19
128,19
128,19
128,19
128,19
128,19
128,19
128,19
128,19
129,19
129,19
129,19
129,19
129,19
129,19
129,20
129,20
129,20
129,20
129,20
129,20
129,20
129,20
129,20
129,20
129,20
129,20
129,20
129,20
129,20
129,20
130,20
130,20
130,20
130,20
130,20
130,20
130,20
130,20
130,20
130,20
130,20
130,20
130,20
130,20
130,20
130,20
130,20
130,20
130,21
131,21
131,21
131,21
131,21
131,21
131,21
131,21
131,21
131,21
131,21
131,21
131,21
131,21
131,21
132,21
132,21
132,21
132,21
132,21
132,21
132,21
133,21
133,21
133,21
133,21
133,21
133,21
133,21
133,21
133,21
133,21
133,21
133,21
133,21
133,21
134,21
134,21
133,21
134,21
134,21
134,21
134,21
134,21
133,21
133,21
134,21
134,21
134,21
134,21
134,21
134,21
134,21
134,21
134,21
134,21
134,21
134,21
134,21
134,21
134,21
134,21
134,21
134,21
134,21
134,21
134,21
134,21
134,21
134,22
135,22
135,22
135,22
135,22
135,22
135,22
135,22
135,22
135,22
135,22
135,22
135,22
135,22
135,22
135,22
135,22
135,22
135,22
135,22
135,22
135,22
135,22
135,22
135,22
135,22
135,22
135,22
135,22
135,22
135,22
135,22
135,22
135,22
135,22
135,22
135,22
135,22
135,22
135,22
135,22
135,22
135,22
135,22
135,22
135,22
135,22
135,22
135,22
135,22
135,22
135,22
135,22
135,22
135,22
135,22
135,22
135,22
135,22
135,22
135,22
135,22
135,22
135,22
135,22
135,22
135,22
135,22
135,22
135,22
135,22
136,22
136,22
136,22
136,22
136,22
136,22
135,22
135,22
135,22
135,22
135,22
135,22
135,22
135,22
136,22
136,22
135,22
136,22
136,22
136,22
136,22
135,22
136,22
136,22
136,22
136,22
136,22
136,22
136,22
136,22
136,22
137,22
137,22
137,22
137,22
137,22
137,22
137,22
137,22
137,23
137,23
137,23
137,23
137,23
138,23
138,23
138,23
138,23
138,23
138,23
138,23
138,23
138,23
138,23
138,23
138,23
139,23
139,23
139,23
139,23
139,23
139,23
139,23
139,23
139,23
139,23
140,23
140,23
140,23
140,23
140,23
140,23
140,23
140,23
140,23
140,23
140,24
140,24
141,24
141,24
141,24
141,24
141,24
141,24
141,24
141,24
141,24
142,24
142,24
142,24
142,24
142,24
142,24
142,24
142,24
143,24
143,24
143,24
143,24
143,24
143,24
143,24
143,24
144,24
144,24
144,24
144,24
144,24
144,24
144,24
144,24
144,24
144,24
145,24
145,24
145,24
145,24
145,24
145,24
145,25
145,25
145,25
145,25
145,25
145,25
145,25
145,25
145,25
145,25
145,25
145,25
145,25
145,25
145,25
145,25
145,25
145,25
145,25
145,25
145,25
145,25
145,25
145,25
145,25
145,25
145,25
145,25
146,25
146,25
146,25
146,25
146,25
146,25
146,25
146,25
146,25
146,25
147,25
147,25
147,25
147,25
147,25
147,26
147,26
147,26
147,26
147,26
147,26
147,26
148,26
148,26
148,26
148,26
148,26
148,26
148,26
148,26
148,26
148,26
148,26
148,26
148,26
148,26
148,26
148,26
148,26
149,27
149,26
149,27
149,27
149,27
149,27
149,27
149,27
149,27
149,27
149,27
149,27
149,27
149,27
149,27
149,27
149,27
149,27
149,27
149,27
149,27
149,27
149,27
149,27
149,27
149,27
149,27
149,27
150,27
150,27
150,27
150,27
150,27
150,27
150,27
150,27
150,27
150,27
150,27
150,27
150,27
150,27
150,27
150,27
150,28
151,28
151,28
151,28
151,28
151,28
151,28
151,28
151,28
151,28
151,28
151,28
151,28
151,28
151,28
151,28
151,28
151,28
151,28
151,28
151,28
151,28
151,28
151,28
152,28
151,28
151,28
152,28
152,28
152,28
152,28
152,28
152,28
152,28
152,28
152,28
152,28
152,28
152,28
152,28
152,28
152,28
152,28
153,28
153,28
153,28
153,28
153,28
153,28
153,28
153,28
153,29
153,29
154,29
154,29
154,29
154,29
154,29
154,29
155,29
155,29
155,29
155,29
155,29
155,29
156,29
156,29
156,30
156,30
156,30
157,30
157,30
157,30
158,30
158,30
158,30
158,30
158,30
159,30
159,30
159,30
159,30
160,30
160,30
160,30
160,30
160,30
160,30
161,30
161,31
161,31
161,31
161,31
161,31
162,31
162,31
162,31
162,31
162,31
162,31
162,31
163,31
163,31
163,31
163,31
163,31
163,31
163,31
163,31
163,31
163,31
164,31
164,31
164,31
164,31
164,31
164,31
164,31
164,31
164,31
164,31
164,31
164,31
164,31
164,31
165,31
165,31
165,31
165,31
165,31
165,31
165,31
165,31
165,31
165,31
165,31
165,31
165,31
165,31
165,31
165,31
165,31
165,31
165,31
165,31
165,31
165,31
165,31
165,31
165,31
165,31
165,31
165,31
165,31
165,31
165,31
165,31
165,31
165,31
165,31
165,31
165,31
165,31
165,31
165,31
165,31
165,31
165,31
165,31
165,31
165,31
165,31
165,31
165,31
165,31
165,31
165,31
165,31
165,31
165,31
165,31
165,31
165,31
165,31
165,31
165,31
165,31
165,31
165,31
165,31
165,31
165,31
165,31
165,31
165,31
165,31
165,31
165,31
165,31
165,31
165,31
165,31
165,31
165,31
165,31
165,31
165,31
165,31
165,31
165,31
165,31
165,31
165,31
165,31
165,31
165,31
165,31
165,31
165,31
165,31
165,31
165,31
165,31
165,31
165,31
165,31
165,31
166,31
166,31
166,31
166,31
166,31
166,31
166,31
166,31
166,31
166,31
166,31
166,31
166,31
166,31
166,31
166,31
166,31
166,31
166,31
166,31
166,31
166,31
166,31
166,31
166,31
166,31
166,31
166,31
166,31
166,31
166,31
166,31
166,31
166,31
166,31
166,31
166,31
166,31
166,31
166,31
166,31
166,31
166,31
166,31
166,31
166,31
166,31
166,31
166,31
166,31
166,31
166,31
166,31
166,31
166,31
166,31
166,31
166,31
166,31
166,31
166,31
166,31
166,31
166,31
166,31
166,31
166,31
166,31
166,31
166,31
166,31
166,31
166,31
166,31
166,31
167,31
167,31
167,31
167,32
167,32
167,32
167,32
167,32
168,32
168,32
168,32
168,32
168,32
169,32
169,32
169,32
169,32
169,32
169,32
169,32
169,32
169,32
169,32
170,32
170,33
170,33
170,33
170,33
170,33
170,33
170,33
170,33
170,33
170,33
170,33
170,33
170,33
170,33
170,33
170,33
170,33
170,33
170,33
170,33
170,33
170,33
170,33
170,33
170,33
170,33
170,33
170,33
170,33
170,33
170,33
170,33
170,33
170,33
170,33
170,33
170,33
170,33
170,33
170,33
170,33
170,33
170,33
170,33
170,33
170,33
170,33
170,33
170,33
170,33
170,33
170,33
170,33
170,33
170,33
170,33
170,33
170,33
170,33
170,33
170,33
170,32
170,32
170,32
169,32
169,32
169,32
169,32
168,32
168,32
168,32
167,32
167,32
167,32
166,32
166,31
166,31
166,31
166,31
165,31
165,31
165,31
165,31
165,31
164,31
164,31
164,31
164,31
164,31
163,31
163,31
163,31
163,31
163,31
162,31
162,31
162,31
162,30
161,30
161,30
161,30
161,30
161,30
161,30
160,30
160,30
160,30
160,30
160,30
160,30
160,30
160,30
160,30
160,30
159,30
159,30
159,30
159,30
159,30
159,30
159,30
159,30
159,29
159,29
159,29
159,29
159,29
159,29
159,29
159,29
159,29
159,29
159,29
158,29
159,29
159,29
159,29
159,29
159,29
159,29
159,29
159,29
159,29
159,29
159,29
159,29
159,29
159,29
159,29
159,29
159,29
159,29
159,29
159,29
159,29
159,29
159,29
159,29
159,29
159,29
159,29
159,29
159,29
159,29
159,29
159,29
159,29
158,29
158,29
159,29
159,29
159,29
159,29
159,29
159,29
159,29
159,29
159,29
159,29
159,29
159,29
159,29
159,29
159,29
159,29
159,29
158,29
159,29
159,29
159,29
159,29
159,29
159,29
159,29
159,29
159,29
159,29
159,29
159,29
159,29
158,29
158,29
158,29
158,29
158,29
158,29
158,29
158,29
158,29
158,29
158,29
158,29
158,29
158,29
158,29
158,29
158,29
158,29
158,29
158,29
158,29
158,29
158,29
158,29
158,29
158,29
158,29
158,29
158,29
159,29
159,29
159,29
159,29
159,29
159,29
158,29
159,29
159,29
160,29
160,29
160,29
161,29
161,29
161,29
161,29
161,29
161,29
161,29
162,29
162,29
162,29
162,29
162,29
162,29
162,29
163,29
163,29
163,30
163,30
163,30
163,30
163,30
163,30
163,31
163,31
163,31
163,31
163,31
163,31
163,31
163,31
163,31
163,31
163,31
163,31
163,31
163,31
163,31
163,31
163,31
163,31
163,31
163,31
163,31
163,31
163,31
163,31
163,31
163,31
163,31
163,31
163,31
163,31
163,31
163,31
163,31
163,31
163,31
163,31
163,31
163,31
163,31
163,31
163,31
163,31
163,31
163,31
163,31
163,31
163,31
163,31
163,31
163,31
163,31
163,31
163,31
163,31
163,31
163,31
163,31
163,31
163,31
163,31
163,31
163,31
163,31
163,31
163,31
163,31
163,31
163,31
163,31
163,31
163,31
163,31
163,31
163,31
163,31
163,31
163,31
163,31
163,31
163,31
163,31
163,31
163,31
163,31
163,31
163,31
163,31
163,31
163,31
163,31
163,31
163,31
163,31
163,31
163,31
163,31
163,31
163,31
163,31
163,31
163,31
163,31
163,31
163,31
163,31
163,31
163,31
163,31
163,31
163,31
163,31
163,31
163,31
163,31
163,31
163,31
163,31
163,31
163,31
163,31
163,31
163,31
163,31
163,31
163,31
163,31
163,31
163,31
163,31
163,31
163,31
163,31
163,31
163,31
163,31
163,31
163,31
163,31
163,31
163,31
163,31
163,31
163,31
163,31
163,31
163,31
163,31
163,31
163,31
163,31
163,31
163,31
163,31
163,31
163,31
163,31
163,31
163,31
163,31
163,31
163,31
163,31
163,31
163,31
163,31
163,31
163,31
163,31
163,31
163,31
163,31
163,31
163,31
163,31
163,31
163,31
163,31
163,31
163,31
163,31
163,31
163,31
163,31
163,31
163,31
163,31
163,31
163,31
163,31
163,31
163,31
163,31
163,31
163,31
163,31
163,31
163,31
163,31
163,31
163,31
163,31
163,31
163,31
163,31
163,31
163,31
163,31
163,31
163,31
163,31
163,31
163,31
163,31
163,31
163,31
163,31
163,31
163,31
163,31
163,31
163,31
163,31
163,31
163,31
163,31
163,31
163,31
163,31
163,31
163,31
163,31
163,31
163,31
163,31
163,31
163,31
163,31
163,31
163,31
163,31
163,31
163,31
164,31
164,31
164,31
163,31
163,31
163,31
164,31
164,31
164,31
164,31
164,31
164,31
164,31
164,31
164,31
164,31
164,31
164,31
164,31
164,31
164,31
164,31
164,31
164,31
164,31
164,31
164,31
164,31
164,31
164,31
164,31
164,31
164,31
164,31
164,31
164,31
164,31
164,31
164,31
164,31
165,31
165,31
165,31
165,31
165,31
165,31
165,31
165,31
165,31
165,31
165,31
165,31
165,31
166,31
166,31
166,31
166,31
166,31
166,31
166,31
166,31
166,31
167,31
167,31
167,31
168,31
168,32
169,32
169,32
170,32
170,32
170,32
171,33
171,33
172,33
173,33
173,33
174,33
174,34
175,34
176,34
177,34
178,34
179,34
179,35
180,35
181,35
181,35
182,35
183,35
183,36
184,36
184,36
185,36
186,36
186,37
186,37
187,37
187,37
188,38
189,38
189,38
190,38
190,38
190,39
191,39
191,39
192,39
192,39
193,39
193,39
193,40
194,40
194,40
195,40
195,40
195,41
195,41
196,41
196,41
196,41
197,42
197,42
197,42
197,42
198,42
199,42
199,42
199,42
199,42
199,42
200,42
200,42
200,43
200,43
200,42
200,42
200,42
200,42
199,42
200,42
200,42
200,42
200,42
200,42
200,42
200,42
200,42
200,42
200,42
200,42
200,42
200,42
200,42
200,42
200,42
200,43
200,42
200,43
200,43
200,43
200,42
200,43
200,43
200,43
200,43
200,43
200,43
200,43
200,43
200,43
200,43
200,43
200,43
200,43
200,43
200,43
200,43
200,43
200,43
200,43
200,43
200,43
200,43
200,43
200,43
200,43
200,43
200,43
200,43
200,43
200,43
200,43
200,43
200,43
200,43
200,43
200,43
200,43
200,43
200,43
200,43
200,43
200,43
200,43
200,43
200,43
200,43
200,43
200,43
200,43
200,43
200,43
200,43
200,43
200,43
200,43
200,43
200,43
200,43
200,43
200,43
200,43
200,43
200,43
200,43
200,43
200,43
200,43
200,43
200,43
200,43
200,43
200,43
200,43
200,43
200,43
200,43
200,43
200,43
200,43
200,43
200,43
200,43
200,43
200,43
200,43
200,43
200,43
200,43
200,43
200,43
200,43
200,43
200,43
200,43
200,43
200,43
200,43
200,43
200,43
200,43
200,43
200,43
200,43
200,43
200,43
200,43
200,43
200,43
200,43
200,43
200,43
200,43
200,43
200,43
200,43
200,43
200,43
200,43
200,43
200,43
200,43
200,43
200,43
200,43
200,43
200,43
200,43
200,43
200,43
200,43
200,43
200,43
200,43
200,43
200,43
200,43
200,43
200,43
200,43
200,43
200,43
200,43
200,43
200,43
200,43
200,43
200,43
200,43
200,43
200,43
200,43
200,43
200,43
200,43
200,43
200,43
200,43
200,43
200,43
200,43
200,43
200,43
200,43
200,43
200,43
200,43
200,43
200,43
200,43
200,43
200,43
200,43
200,43
200,43
200,43
200,43
200,43
200,43
200,43
200,43
200,43
200,43
200,43
200,43
200,43
200,43
200,43
200,43
200,43
200,43
200,43
200,43
200,43
200,43
200,43
200,43
200,43
200,43
200,43
200,43
200,43
200,43
200,43
200,43
200,43
200,43
200,43
200,43
200,43
200,43
200,43
200,43
200,43
201,43
200,43
201,43
200,43
200,43
200,43
200,43
200,43
200,43
200,43
200,43
200,43
200,43
200,43
200,43
200,43
200,43
200,43
200,43
200,43
200,43
200,43
200,43
200,43
200,43
200,43
200,43
200,43
200,43
201,43
201,43
201,43
201,43
201,43
201,43
201,43
201,43
201,43
201,43
200,43
200,43
200,43
200,43
200,43
200,43
200,43
201,43
200,43
201,43
201,43
200,43
200,43
200,43
201,43
201,43
200,43
200,43
200,43
200,43
200,43
200,43
200,43
201,43
201,43
201,43
201,43
201,43
201,43
201,43
201,43
201,43
201,43
201,43
200,43
200,43
200,43
200,43
200,43
200,43
200,43
200,43
201,43
201,43
201,43
201,43
201,43
201,43
201,43
201,43
200,43
201,43
200,43
201,43
200,43
201,43
201,43
201,43
201,43
201,43
201,43
201,43
201,43
201,43
201,43
201,43
201,43
201,43
200,43
200,43
200,43
201,43
201,43
201,43
201,43
201,43
201,43
201,43
201,43
201,43
201,43
201,43
201,43
201,43
201,43
201,43
201,43
201,43
201,43
201,43
201,43
201,43
201,43
201,43
201,43
201,43
201,43
201,43
201,43
201,43
201,43
201,43
200,43
200,43
200,43
201,43
201,43
201,43
201,43
201,43
201,43
201,43
201,43
201,43
201,43
201,43
201,43
201,43
201,43
201,43
201,43
201,43
201,43
201,43
201,43
201,43
201,43
201,43
201,43
201,43
201,43
201,43
201,43
201,43
201,43
201,43
200,43
200,43
201,43
201,43
201,43
201,43
201,43
201,43
201,43
201,43
201,43
201,43
201,43
201,43
201,43
201,43
201,43
201,43
201,43
201,43
201,43
201,43
201,43
201,43
201,43
201,43
201,43
201,43
201,43
201,43
201,43
201,43
201,43
201,43
200,43
200,43
201,43
201,43
201,43
201,43
201,43
201,43
201,43
201,43
201,43
201,43
201,43
201,43
201,43
201,43
201,43
201,43
201,43
201,43
201,43
201,43
201,43
201,43
201,43
201,43
201,43
201,43
201,43
201,43
201,43
201,43
201,43
201,43
200,43
200,43
200,43
201,43
201,43
201,43
201,43
201,43
201,43
201,43
201,43
201,43
201,43
201,43
201,43
201,43
201,43
201,43
201,43
201,43
201,43
201,43
201,43
201,43
201,43
201,43
201,43
201,43
201,43
201,43
201,43
201,43
201,43
201,43
200,43
200,43
201,43
201,43
201,43
201,43
201,43
201,43
201,43
201,43
201,43
201,43
201,43
201,43
201,43
201,43
201,43
201,43
201,43
201,43
201,43
201,43
201,43
201,43
201,43
201,43
201,43
201,43
201,43
201,43
201,43
201,43
201,43
201,43
200,43
200,43
201,43
201,43
201,43
201,43
201,43
201,43
201,43
201,43
201,43
201,43
201,43
201,43
201,43
201,43
201,43
201,43
201,43
201,43
201,43
201,43
201,43
201,43
201,43
201,43
201,43
201,43
201,43
201,43
201,43
201,43
201,43
201,43
200,43
200,43
201,43
201,43
201,43
201,43
201,43
201,43
201,43
201,43
201,43
201,43
201,43
201,43
201,43
201,43
201,43
201,43
201,43
201,43
201,43
201,43
201,43
201,43
201,43
201,43
201,43
201,43
201,43
201,43
201,43
200,43
200,43
200,43
200,43
200,43
200,43
200,43
200,43
200,43
200,43
200,43
200,43
200,43
200,43
200,43
200,43
200,43
200,43
200,43
200,43
200,43
200,43
200,43
200,43
200,43
200,43
200,43
200,43
200,43
200,43
200,43
200,43
200,43
200,43
200,43
200,43
200,43
200,43
200,43
200,43
200,43
200,43
200,43
200,43
200,43
200,43
200,43
200,43
200,43
200,43
200,43
200,43
200,43
200,43
200,43
200,43
200,43
200,43
200,43
200,43
200,43
200,43
200,43
200,43
200,43
200,43
200,43
200,43
200,43
200,43
200,43
200,43
200,43
200,43
200,43
200,43
200,43
200,43
200,43
200,43
200,43
200,43
200,43
200,43
200,43
200,43
200,43
200,43
200,43
200,43
200,43
200,43
200,43
200,43
200,43
200,43
200,43
200,43
200,43
200,43
200,43
200,43
200,43
200,43
200,43
200,43
200,43
200,43
200,43
200,43
200,43
200,43
200,43
200,43
200,43
200,43
200,43
200,43
200,43
200,43
200,43
200,43
200,43
200,43
200,43
200,43
200,43
200,43
200,43
200,43
200,43
200,43
200,43
200,43
200,43
200,43
200,43
200,43
200,43
200,43
200,43
200,43
200,43
200,43
200,43
200,43
200,43
200,43
200,43
200,43
200,43
200,43
200,43
200,43
200,43
200,43
200,43
200,43
200,43
200,43
200,43
200,43
200,43
200,43
200,43
200,43
200,43
200,43
200,43
200,43
200,43
200,43
200,43
200,43
200,43
200,43
200,43
200,43
200,43
200,43
200,43
200,43
200,43
200,43
200,43
200,43
200,43
200,43
200,43
200,43
200,43
200,43
200,43
200,43
200,43
200,43
200,43
200,43
200,43
200,43
200,43
200,43
200,43
200,43
200,43
200,43
200,43
200,43
200,43
200,43
200,43
200,43
200,43
200,43
200,43
200,43
200,43
200,43
200,43
200,43
200,43
200,43
200,43
200,43
200,43
200,43
200,43
200,43
200,43
200,43
200,43
200,43
200,43
200,43
200,43
200,43
200,43
200,43
200,43
200,43
200,43
200,43
200,43
200,43
200,43
200,43
200,43
200,43
200,43
200,43
200,43
200,43
200,43
200,43
200,43
200,43
200,43
200,43
200,43
200,43
200,43
200,43
200,43
200,43
200,43
200,43
200,43
200,43
200,43
200,43
200,43
200,43
200,43
200,43
200,43
200,43
200,43
200,43
200,43
200,43
200,43
200,43
200,43
200,43
200,43
200,43
200,43
200,43
200,43
200,43
200,43
200,43
200,43
200,43
200,43
200,43
200,43
200,43
200,43
200,43
200,43
200,43
200,43
200,43
200,43
200,43
200,43
200,43
200,43
200,43
200,43
200,43
200,43
200,43
200,43
200,43
200,43
200,43
200,43
200,43
200,43
200,43
200,43
200,43
200,43
200,43
200,43
200,43
200,43
200,43
200,43
200,43
200,43
200,43
200,43
200,43
200,43
200,43
200,43
200,43
200,43
200,43
200,43
200,43
200,43
200,43
200,43
200,43
200,43
200,43
200,43
200,43
200,43
200,43
200,43
200,43
200,43
200,43
200,43
200,43
200,43
200,43
200,43
200,43
200,43
200,43
200,43
200,43
200,43
200,43
200,43
200,43
200,43
200,43
200,43
200,43
200,43
200,43
200,43
200,43
200,43
200,43
200,43
200,43
200,43
200,43
200,43
200,43
200,43
200,43
200,43
200,43
200,43
200,43
200,43
200,43
200,43
200,43
200,43
200,43
200,43
200,43
200,43
200,43
200,43
200,43
200,43
200,43
200,43
200,43
200,43
200,43
200,43
200,43
200,43
200,43
200,43
200,43
200,43
200,43
200,43
200,43
200,43
200,43
200,43
200,43
200,43
200,43
200,43
200,43
200,43
200,43
200,43
200,43
200,43
200,43
200,43
200,43
200,43
200,43
200,43
200,43
200,43
200,43
200,43
200,43
200,43
200,43
200,43
200,43
200,43
200,43
200,43
200,43
200,43
200,43
200,43
200,43
200,43
200,43
200,43
200,43
200,43
200,43
200,43
200,43
200,43
200,43
200,43
200,43
200,43
200,43
200,43
200,43
200,43
200,43
200,43
200,43
200,43
200,43
200,43
200,43
200,43
200,43
200,43
200,43
200,43
200,43
200,43
200,43
200,43
200,43
200,43
200,43
200,43
200,43
200,43
200,43
200,43
200,43
200,43
200,43
200,43
200,43
200,43
200,43
200,43
200,43
200,43
200,43
200,43
200,43
200,43
200,43
200,43
200,43
200,43
200,43
200,43
200,43
200,43
200,43
200,43
200,43
200,43
200,43
200,43
200,43
200,43
200,43
200,43
200,43
200,43
200,43
200,43
200,43
200,43
200,43
200,43
200,43
200,43
200,43
200,43
200,43
200,43
200,43
200,43
200,43
200,43
200,43
200,43
200,43
200,43
200,43
200,43
200,43
200,43
200,43
200,43
200,43
200,43
200,43
200,43
200,43
200,43
200,43
200,43
200,43
200,43
200,43
200,43
200,43
200,43
200,43
200,43
200,43
200,43
200,43
200,43
200,43
200,43
200,43
200,43
200,43
200,43
200,43
200,43
200,43
200,43
200,43
200,43
200,43
200,43
200,43
200,43
200,43
200,43
200,43
200,43
200,43
200,43
200,43
200,43
200,43
200,43
200,43
200,43
200,43
200,43
200,43
200,43
200,43
200,43
200,43
200,43
200,43
200,43
200,43
200,43
200,43
200,43
200,43
200,43
200,43
200,43
200,43
200,43
200,43
200,43
200,43
200,43
200,43
200,43
200,43
200,43
200,43
200,43
200,43
200,43
200,43
200,43
200,43
200,43
200,43
200,43
200,43
200,43
200,43
200,43
200,43
200,43
200,43
200,43
200,43
200,43
200,43
200,43
200,43
200,43
200,43
200,43
200,43
200,43
200,43
200,43
200,43
200,43
200,43
200,43
200,43
200,43
200,43
200,43
200,43
200,43
201,43
200,43
200,43
200,43
200,43
200,43
200,43
200,43
201,43
200,43
200,43
200,43
200,43
200,43
200,43
200,43
200,43
200,43
200,43
200,43
200,43
200,43
200,43
200,43
200,43
200,43
200,43
200,43
200,43
200,43
200,43
200,43
200,43
200,43
200,43
200,43
200,43
200,43
200,43
200,43
200,43
200,43
200,43
200,43
200,43
200,43
200,43
200,43
200,43
200,43
200,43
200,43
200,43
200,43
200,43
200,43
200,43
200,43
200,43
200,43
200,43
200,43
200,43
200,43
200,43
200,43
200,43
200,43
200,43
200,43
200,43
200,43
200,43
200,43
200,43
200,43
200,43
200,43
200,43
200,43
200,43
200,43
200,43
200,43
200,43
200,43
200,43
200,43
201,43
200,43
200,43
200,43
200,43
201,43
200,43
200,43
200,43
200,43
200,43
200,43
200,43
201,43
200,43
201,43
200,43
201,43
201,43
200,43
201,43
201,43
201,43
201,43
200,43
200,43
200,43
200,43
201,43
201,43
201,43
201,43
201,43
201,43
201,43
201,43
201,43
201,43
201,43
201,43
201,43
201,43
201,43
201,43
201,43
201,43
201,43
201,43
201,43
201,43
201,43
201,43
201,43
201,43
201,43
201,43
201,43
201,43
200,43
201,43
201,43
201,43
201,43
201,43
201,43
201,43
201,43
201,43
201,43
201,43
201,43
201,43
201,43
201,43
201,43
201,43
201,43
201,43
201,43
201,43
201,43
201,43
201,43
201,43
201,43
201,43
201,43
201,43
201,43
201,43
201,43
201,43
201,43
201,43
201,43
201,43
201,43
201,43
201,43
201,43
201,43
201,43
201,43
201,43
201,43
201,43
201,43
201,43
201,43
201,43
201,43
201,43
201,43
201,43
201,43
201,43
201,43
201,43
201,43
201,43
201,43
201,43
201,43
201,43
201,43
201,43
201,43
201,43
201,43
201,43
201,43
201,43
201,43
201,43
201,43
201,43
201,43
201,43
201,43
201,43
201,43
201,43
201,43
201,43
201,43
201,43
201,43
201,43
201,43
201,43
201,43
201,43
201,43
201,43
201,43
201,43
201,43
201,43
201,43
201,43
201,43
201,43
201,43
201,43
201,43
201,43
201,43
201,43
201,43
201,43
201,43
201,43
201,43
201,43
201,43
201,43
201,43
201,43
201,43
201,43
201,43
201,43
201,43
201,43
201,43
201,43
201,43
201,43
201,43
201,43
201,43
201,43
201,43
201,43
201,43
201,43
201,43
201,43
201,43
201,43
201,43
201,43
201,43
201,43
201,43
201,43
201,43
201,43
201,43
201,43
201,43
201,43
201,43
201,43
201,43
201,43
201,43
201,43
201,43
201,43
201,43
201,43
201,43
201,43
201,43
201,43
201,43
201,43
201,43
201,43
201,43
201,43
201,43
201,43
201,43
201,43
201,43
201,43
201,43
201,43
201,43
201,43
201,43
201,43
201,43
201,43
201,43
201,43
201,43
201,43
201,43
201,43
201,43
201,43
201,43
201,43
201,43
201,43
201,43
201,43
201,43
201,43
201,43
201,43
201,43
201,43
201,43
201,43
201,43
201,43
201,43
201,43
201,43
201,43
201,43
201,43
201,43
201,43
201,43
201,43
201,43
201,43
201,43
201,43
201,43
201,43
201,43
201,43
201,43
201,43
201,43
201,43
201,43
201,43
201,43
201,43
201,43
201,43
201,43
201,43
201,43
201,43
201,43
201,43
201,43
201,43
201,43
201,43
201,43
201,43
201,43
201,43
201,43
201,43
201,43
201,43
201,43
201,43
201,43
201,43
201,43
201,43
201,43
201,43
201,43
201,43
201,43
201,43
201,43
201,43
201,43
201,43
201,43
201,43
201,43
201,43
201,43
201,43
201,43
201,43
201,43
201,43
201,43
201,43
201,43
201,43
201,43
201,43
201,43
201,43
201,43
201,43
201,43
201,43
201,43
201,43
201,43
201,43
201,43
201,43
201,43
201,43
201,43
201,43
201,43
201,43
201,43
201,43
201,43
201,43
201,43
201,43
201,43
201,43
201,43
201,43
201,43
201,43
201,43
201,43
201,43
201,43
201,44
201,44
201,44
201,44
201,44
201,44
201,44
201,44
201,44
201,44
201,44
201,44
201,44
201,44
201,45
201,45
201,45
201,45
201,46
201,46
202,46
202,46
202,47
202,47
202,47
202,47
202,48
202,48
202,48
202,48
202,49
202,49
202,49
202,49
202,49
202,50
202,50
202,50
202,50
202,50
202,51
203,51
203,51
203,51
203,51
203,51
203,51
203,51
203,51
203,51
203,51
203,51
203,51
203,51
203,51
203,51
203,51
203,52
203,52
203,51
203,51
203,51
203,51
203,51
203,52
203,52
203,52
203,52
203,51
203,51
203,51
203,51
203,51
203,51
203,51
203,51
203,52
203,52
203,52
203,51
203,51
203,51
203,52
203,52
203,52
203,51
203,51
203,52
203,51
203,52
203,51
203,51
203,51
203,52
203,52
203,52
203,52
203,52
203,52
203,52
203,52
203,52
203,52
203,52
203,52
203,52
203,52
203,52
203,52
203,52
203,52
203,52
203,52
203,52
203,52
203,52
203,52
203,52
203,52
203,52
203,52
203,52
203,52
203,52
203,52
203,52
203,52
203,52
204,52
203,52
204,53
204,53
204,53
203,53
204,53
204,53
204,53
204,53
204,53
204,53
204,53
204,53
204,53
204,53
204,53
204,53
204,53
204,53
204,53
204,53
204,53
204,53
204,53
204,53
204,53
204,53
204,53
204,53
204,53
204,53
204,53
204,53
204,53
204,53
204,53
204,53
204,53
204,53
204,53
204,53
204,53
204,53
204,53
204,53
204,53
204,54
204,54
204,54
204,54
204,54
204,54
204,54
204,54
204,54
204,54
204,54
204,54
204,54
204,54
204,54
204,55
204,55
204,55
204,55
204,55
204,55
204,55
204,55
204,55
204,55
204,55
204,55
204,55
204,55
205,55
204,55
204,55
204,55
204,55
204,55
204,55
204,55
204,55
204,55
204,55
204,55
204,55
205,55
204,55
205,55
205,55
205,55
204,55
204,55
204,55
204,55
204,55
204,55
204,55
204,55
204,55
204,55
204,55
204,55
204,55
204,55
204,55
204,55
204,55
204,55
204,55
204,55
204,55
205,55
204,55
205,55
205,55
205,55
205,55
205,55
205,55
205,55
205,55
205,55
205,56
205,56
204,55
205,56
205,56
205,56
205,56
205,56
205,56
205,56
205,56
205,56
205,56
205,56
205,56
205,56
205,56
205,57
205,57
205,57
205,57
205,57
205,57
205,57
205,57
205,57
205,57
205,57
205,57
205,57
205,57
205,57
205,58
205,57
205,58
205,58
205,57
205,58
205,58
205,58
205,58
205,58
205,58
205,58
205,58
205,58
205,58
205,58
205,58
205,58
205,58
205,58
205,58
205,58
205,58
205,59
205,58
205,59
206,59
206,59
206,59
206,59
206,59
206,59
206,59
206,59
206,59
206,59
206,59
206,59
205,59
206,59
206,60
206,60
206,60
206,60
206,60
206,60
206,60
206,60
206,60
206,60
206,60
206,60
206,60
206,60
206,60
206,60
206,60
206,60
206,60
206,60
206,60
206,60
206,60
206,60
206,60
206,60
206,60
206,60
206,60
206,60
206,60
206,60
206,60
206,60
206,60
206,60
206,60
206,60
206,60
206,60
206,60
206,60
206,60
206,60
206,60
206,60
206,60
206,60
206,60
206,60
206,60
206,60
206,60
206,60
206,60
206,60
206,60
206,60
206,60
206,60
206,60
206,60
206,60
206,60
206,60
206,60
206,60
206,60
206,60
206,60
206,61
206,61
206,61
206,61
206,61
206,61
206,62
207,62
207,62
207,62
207,63
207,63
207,63
207,63
207,63
207,64
207,64
207,64
207,64
208,64
208,64
208,65
208,65
208,65
208,65
208,65
208,65
208,65
208,65
208,65
208,65
208,65
208,65
208,66
208,66
208,66
208,66
208,66
208,66
208,66
208,66
208,66
208,66
208,66
208,66
208,66
208,66
208,66
208,66
208,66
208,66
208,66
208,66
208,66
208,66
208,66
208,66
208,66
208,66
208,66
208,66
208,66
208,66
208,66
208,66
208,66
208,66
208,66
208,66
209,66
208,66
208,66
208,66
208,66
208,66
208,66
208,66
208,66
208,66
208,66
208,66
208,66
208,66
208,66
209,66
208,66
209,66
209,66
209,66
209,66
209,66
209,66
209,66
209,66
209,66
209,66
209,66
209,66
208,66
208,66
208,66
209,66
208,66
209,66
209,66
209,66
209,66
209,66
209,66
209,66
209,66
209,66
209,66
209,66
209,66
209,66
209,66
208,66
209,66
209,66
209,66
209,66
209,66
209,66
209,66
209,66
209,66
209,66
209,66
209,66
209,66
209,66
208,66
208,66
208,66
209,66
209,66
209,66
209,66
209,66
209,66
209,66
209,66
208,66
209,66
209,66
209,66
209,66
209,66
209,66
208,66
209,66
209,66
209,66
209,66
209,66
209,66
209,66
209,67
209,67
209,67
209,67
209,67
209,67
209,68
209,68
209,68
209,69
209,69
209,69
209,69
209,70
209,70
209,70
209,70
209,70
209,70
209,71
210,71
210,71
210,71
210,71
210,71
210,71
210,71
210,72
210,72
210,72
210,72
210,72
210,72
210,73
210,73
210,73
210,73
210,74
211,74
211,74
211,74
211,75
211,75
210,75
211,75
211,75
211,75
211,75
211,76
211,76
211,76
211,76
211,76
211,76
211,76
211,76
211,76
211,76
211,76
211,76
211,77
211,77
211,77
211,77
211,77
211,77
211,77
211,77
211,77
211,77
212,77
212,77
212,78
212,78
212,78
212,78
212,78
212,78
212,78
212,78
212,78
212,78
212,78
212,79
212,79
212,79
212,79
212,79
212,79
212,79
212,79
213,79
213,79
213,79
213,79
213,79
213,79
213,79
213,79
213,79
213,79
213,79
213,79
213,80
213,80
213,80
213,80
213,80
213,80
213,80
213,80
213,80
213,80
213,80
213,80
213,80
213,80
213,80
214,81
214,81
214,81
214,81
214,81
214,81
214,81
214,81
214,81
214,81
214,81
214,81
214,82
214,82
214,82
214,82
214,82
214,82
214,82
214,82
214,82
214,83
214,83
214,83
214,83
214,83
214,83
214,83
214,83
214,83
214,83
214,83
214,83
214,83
214,83
214,84
214,84
214,84
214,84
214,84
214,84
214,84
214,84
214,84
214,85
214,85
214,85
214,85
215,85
215,85
215,85
215,85
215,86
215,86
215,86
215,86
215,86
215,86
215,86
215,86
215,87
215,87
215,87
215,87
215,87
215,87
215,87
215,88
215,88
215,88
215,88
215,88
215,88
215,88
215,88
215,88
215,89
215,89
215,89
215,89
215,89
215,89
215,89
215,90
216,90
216,90
216,90
216,90
216,90
216,90
216,90
216,91
216,91
216,91
216,91
216,91
216,91
216,91
216,91
216,91
216,92
216,92
216,92
216,92
216,92
216,92
216,92
216,92
216,92
216,92
216,92
216,93
216,93
217,93
217,93
217,93
217,93
217,93
217,93
217,94
217,94
217,94
217,95
217,95
217,95
217,95
217,95
217,96
217,96
217,96
217,96
217,96
217,97
217,97
217,97
217,97
217,97
218,97
218,97
218,97
218,97
218,97
218,98
218,98
218,98
218,98
218,98
218,98
218,98
218,99
218,99
218,99
218,99
218,99
218,99
218,99
219,99
219,100
219,100
219,100
219,100
219,100
219,100
219,101
219,101
219,101
219,101
219,101
219,101
220,101
219,101
219,101
219,101
219,102
219,102
219,102
219,102
220,102
219,102
219,102
220,102
220,102
220,103
220,103
220,102
220,103
220,103
220,103
220,103
220,103
220,103
220,103
220,103
220,103
220,103
220,103
220,103
220,103
220,103
220,104
220,103
220,104
220,104
220,104
220,104
220,104
220,104
220,104
220,104
221,104
221,104
221,104
221,104
221,104
221,104
221,105
221,105
221,105
221,105
221,105
221,105
221,105
221,105
221,105
221,105
222,106
222,106
222,106
222,106
222,107
222,107
222,107
222,107
222,107
222,108
222,108
223,108
223,108
223,108
223,108
223,109
223,109
223,109
224,109
224,110
224,110
224,110
224,111
224,111
224,111
224,111
224,112
224,112
224,112
224,112
225,113
225,113
225,113
225,113
225,114
225,114
225,114
225,114
225,115
225,115
225,115
225,116
225,116
225,116
225,116
225,116
226,117
226,117
226,117
226,117
226,118
226,118
227,118
227,119
227,119
227,119
227,120
227,120
227,120
227,121
227,121
227,121
227,121
227,122
227,122
227,122
227,122
227,122
227,122
227,122
227,122
227,122
227,122
227,122
227,122
227,122
227,122
227,122
227,122
227,122
227,122
227,122
227,122
227,122
227,122
227,122
227,122
227,122
227,122
227,122
227,122
227,122
227,122
227,122
227,122
227,122
227,122
227,122
227,122
227,122
227,122
227,122
227,122
227,122
227,122
227,122
227,122
227,122
227,122
227,122
227,122
227,122
227,122
227,122
227,122
227,122
227,122
227,122
227,122
227,122
227,122
227,122
227,122
227,122
227,122
227,122
227,122
227,122
227,122
227,122
227,122
227,122
227,122
227,122
227,122
227,122
227,122
227,122
227,122
227,122
227,122
227,122
227,122
227,122
227,122
227,122
227,122
227,122
227,122
227,122
227,122
227,122
227,122
227,122
227,122
227,122
227,122
227,122
227,122
227,122
227,122
227,122
227,122
227,122
227,122
227,122
227,122
227,122
227,122
227,122
227,122
227,122
227,122
227,122
227,122
227,122
227,122
227,122
227,122
227,122
227,122
227,122
227,122
227,122
227,122
227,122
227,122
227,122
227,122
227,122
227,122
227,122
227,122
227,122
227,122
227,122
227,122
227,122
227,122
227,122
227,122
227,122
227,122
227,122
227,122
227,122
227,122
227,122
227,122
227,122
227,122
227,122
227,122
227,122
227,122
227,122
227,122
227,122
227,122
227,122
227,122
227,122
227,122
227,122
227,122
227,122
227,122
227,122
227,122
227,122
227,122
227,122
227,122
227,122
227,122
227,122
227,122
227,122
227,122
227,122
227,122
227,122
227,122
227,122
227,122
227,122
227,122
227,122
227,122
227,122
227,122
227,122
227,122
227,122
227,122
227,122
227,122
227,122
227,122
227,122
227,122
227,122
227,122
227,122
227,122
227,122
227,122
227,122
227,122
227,122
227,122
227,122
227,122
227,122
227,122
227,122
227,122
227,122
227,122
227,122
227,122
227,122
227,122
227,122
227,122
227,122
227,122
227,122
227,122
227,122
227,122
227,122
227,122
227,122
227,122
227,122
227,122
227,122
227,122
227,122
227,122
227,122
227,122
227,122
227,122
227,122
227,122
227,122
227,122
227,122
227,122
227,122
227,122
227,122
227,122
227,122
227,122
227,122
227,122
227,122
227,122
227,122
227,122
227,122
227,122
227,122
227,122
227,122
227,122
227,122
227,122
227,122
227,122
227,122
227,122
227,122
227,122
227,122
227,122
227,122
227,122
227,122
227,122
227,122
227,122
227,122
227,122
227,122
227,122
227,122
227,122
227,122
227,122
227,122
227,122
227,122
227,122
227,122
227,122
227,122
227,122
227,122
227,122
227,122
227,122
227,122
227,122
227,122
227,122
227,122
227,122
227,122
227,122
227,122
227,122
227,122
227,122
227,122
227,122
227,122
227,122
227,122
227,122
227,122
227,122
227,122
227,122
227,122
227,122
227,122
227,122
227,122
227,122
227,122
227,122
227,122
227,122
227,122
227,122
227,122
227,122
227,122
227,122
227,122
227,122
227,122
227,122
227,122
227,122
227,122
227,122
227,122
227,122
227,122
227,122
227,122
227,122
227,122
227,122
227,122
227,122
227,122
227,122
227,122
227,122
227,122
227,122
227,122
227,122
227,122
227,122
227,122
227,122
227,122
227,122
227,122
227,122
227,122
227,122
227,122
227,122
227,122
227,122
227,122
227,122
227,122
227,122
227,122
227,122
227,122
227,122
227,122
227,122
227,122
227,122
227,122
227,122
227,122
227,122
227,122
227,122
227,122
227,122
227,122
227,122
227,122
227,122
227,122
227,122
227,122
227,122
227,122
227,122
227,122
227,122
227,122
227,122
227,122
227,122
227,122
227,122
227,122
227,122
227,122
227,122
227,122
227,122
227,122
227,122
227,122
227,122
227,122
227,122
227,122
227,122
227,122
227,122
227,122
227,122
227,122
227,122
227,122
227,122
227,122
227,122
227,122
227,122
227,122
227,122
227,122
227,122
227,122
227,122
227,122
227,122
227,122
227,122
227,122
227,122
227,122
227,122
227,122
227,122
227,122
227,122
227,122
227,122
227,122
227,122
227,122
227,122
227,122
227,122
227,122
227,122
227,122
227,122
227,122
227,122
227,122
227,122
227,122
227,122
227,122
227,122
227,122
227,122
227,122
227,122
227,122
227,122
227,122
227,122
227,122
227,122
227,122
227,122
227,122
227,122
227,122
227,122
227,122
227,122
227,122
227,122
227,122
227,122
227,122
227,122
227,122
227,122
227,122
227,122
227,122
227,122
227,122
227,122
227,122
227,122
227,122
227,122
227,122
227,122
227,122
227,122
227,122
227,122
227,122
227,122
227,122
227,122
227,122
227,122
227,122
227,122
227,122
227,122
227,122
227,122
227,122
227,122
227,122
227,122
227,122
227,122
227,122
227,122
227,122
227,122
227,122
227,122
227,122
227,122
227,122
227,122
227,122
227,122
227,122
227,122
227,122
227,122
227,122
227,122
227,122
227,122
227,122
227,122
227,122
227,122
227,122
227,122
227,122
227,122
227,122
227,122
227,122
227,122
227,122
227,122
227,122
227,122
227,122
227,122
227,122
227,122
227,122
227,122
227,122
227,122
227,122
227,122
227,122
227,122
227,122
227,122
227,121
227,122
227,122
227,122
227,122
227,122
227,122
227,122
227,122
227,122
227,122
227,122
227,122
227,122
227,122
227,122
227,122
227,122
227,122
227,122
227,122
227,122
227,122
227,122
227,122
227,122
227,122
227,122
227,122
227,122
227,122
227,122
227,122
227,122
227,121
227,122
227,122
227,122
227,122
227,122
227,122
227,122
227,122
227,122
227,122
227,122
227,122
227,122
227,122
227,122
227,122
227,122
227,122
227,122
227,122
227,122
227,122
227,122
227,122
227,122
227,122
227,122
227,122
227,122
227,122
227,122
227,122
227,122
227,121
227,122
227,122
227,122
227,122
227,122
227,122
227,122
227,122
227,122
227,122
227,122
227,122
227,122
227,122
227,122
227,122
227,122
227,122
227,122
227,122
227,122
227,122
227,122
227,122
227,122
227,122
227,122
227,122
227,122
227,122
227,122
227,122
227,122
227,121
227,122
227,122
227,122
227,122
227,122
227,122
227,122
227,122
227,122
227,122
227,122
227,122
227,122
227,122
227,122
227,122
227,122
227,122
227,122
227,122
227,122
227,122
227,122
227,122
227,122
227,122
227,122
227,122
227,122
227,122
227,122
227,122
227,122
227,121
227,122
227,122
227,122
227,122
227,122
227,122
227,122
227,122
227,122
227,122
227,122
227,122
227,122
227,122
227,122
227,122
227,122
227,122
227,122
227,122
227,122
227,122
227,122
227,122
227,122
227,122
227,122
227,122
227,122
227,122
227,122
227,122
227,122
227,121
227,122
227,122
227,122
227,122
227,122
227,122
227,122
227,122
227,122
227,122
227,122
227,122
227,122
227,122
227,122
227,122
227,122
227,122
227,122
227,122
227,122
227,122
227,122
227,122
227,122
227,122
227,122
227,122
227,122
227,122
227,122
227,122
227,122
227,122
227,122
227,122
227,122
227,122
227,122
227,122
227,122
227,122
227,122
227,122
227,122
227,122
227,122
227,122
227,122
227,122
227,122
227,122
227,122
227,122
227,122
227,122
227,122
227,122
227,122
227,122
227,122
227,122
227,122
227,122
227,122
227,122
227,122
227,122
227,122
227,122
227,122
227,122
227,122
227,122
227,122
227,122
227,122
227,122
227,122
227,122
227,122
227,122
227,122
227,122
227,122
227,122
227,122
227,122
227,122
227,122
227,122
227,122
227,122
227,122
227,122
227,122
227,122
227,122
227,122
227,122
227,122
227,122
227,122
227,122
227,122
227,122
227,122
227,122
227,122
227,122
227,122
227,122
227,122
227,122
227,122
227,122
227,122
227,122
227,122
227,122
227,122
227,122
227,122
227,122
227,122
227,122
227,122
227,122
227,122
227,122
227,122
227,122
227,122
227,122
227,122
227,122
227,122
227,122
227,122
227,122
227,122
227,122
227,122
227,122
227,122
227,122
227,122
227,122
227,122
227,122
227,122
227,122
227,122
227,122
227,122
227,122
227,122
227,122
227,122
227,122
227,122
227,122
227,122
227,122
227,122
227,122
227,122
227,122
227,122
227,122
227,122
227,122
227,122
227,122
227,122
227,122
227,122
227,122
227,122
227,122
227,122
227,122
227,122
227,122
227,122
227,122
227,122
227,122
227,122
227,122
227,122
227,122
227,122
227,122
227,122
227,122
227,122
227,122
227,122
227,122
227,122
227,122
227,122
227,122
227,122
227,122
227,122
227,122
227,122
227,122
227,122
227,122
227,122
227,122
227,122
227,122
227,122
227,122
227,122
227,122
227,122
227,122
227,122
227,122
227,122
227,122
227,122
227,122
227,122
227,122
227,122
227,122
227,122
227,122
227,122
227,122
227,122
227,122
227,122
227,122
227,122
227,122
227,122
227,122
227,122
227,122
227,122
227,122
227,122
227,122
227,122
227,122
227,122
227,122
227,122
227,122
227,122
227,122
227,122
227,122
227,122
227,122
227,122
227,122
227,122
227,122
227,122
227,122
227,122
227,122
227,122
227,122
227,122
227,122
227,122
227,122
227,122
227,122
227,122
227,122
227,122
227,122
227,122
227,122
227,122
227,122
227,122
227,122
227,122
227,122
227,122
227,122
227,122
227,122
227,122
227,122
227,122
227,122
227,122
227,122
227,122
227,122
227,122
227,122
227,122
227,122
227,122
227,122
227,122
227,122
227,122
227,122
227,122
227,122
227,122
227,122
227,122
227,122
227,122
227,122
227,122
227,122
227,122
227,122
227,122
227,122
227,122
227,122
227,122
227,122
227,123
227,123
227,123
227,123
227,123
227,123
227,123
227,123
227,123
227,123
227,123
227,123
227,123
227,123
227,123
227,123
227,123
227,123
227,123
227,123
227,123
227,123
227,123
227,123
227,123
227,123
227,123
227,123
227,123
227,123
227,123
227,123
227,123
227,123
227,123
227,123
227,123
227,123
227,123
227,123
227,123
227,123
227,123
227,123
227,123
227,123
227,123
227,123
227,123
227,124
227,124
227,124
227,124
227,124
227,124
227,124
227,124
227,124
227,124
227,124
227,124
227,124
227,125
227,125
227,125
227,125
227,125
227,125
227,125
227,126
227,126
227,126
227,126
227,126
227,126
227,126
227,126
226,126
226,126
226,126
226,126
226,126
226,126
226,126
226,126
226,127
226,127
226,127
226,127
226,127
226,127
226,127
226,127
226,127
226,127
226,128
226,128
226,128
226,128
226,128
226,128
226,128
226,128
225,128
225,128
225,128
225,128
225,129
225,129
225,129
225,129
225,129
225,129
225,129
225,129
225,129
225,129
225,129
225,129
225,129
225,130
225,130
225,130
225,130
225,130
225,130
225,130
225,130
225,130
224,130
224,130
224,130
224,130
224,130
224,130
224,130
224,131
224,131
224,131
224,131
224,131
224,131
224,131
224,132
224,132
224,131
224,131
224,132
224,132
224,132
224,132
224,132
224,132
224,132
224,132
224,132
224,132
224,132
224,133
224,133
223,133
224,133
223,133
223,133
223,133
223,133
223,133
223,133
223,133
223,133
223,133
223,133
223,133
223,134
223,133
223,134
223,134
223,134
223,134
223,134
223,134
223,134
223,134
223,134
223,134
223,134
223,134
223,135
223,135
223,135
223,135
223,135
223,135
223,135
223,135
223,135
222,135
222,135
222,136
222,136
221,136
221,136
222,136
221,136
221,136
221,136
221,136
221,137
220,137
220,137
220,137
220,137
220,137
220,137
220,138
220,138
220,138
220,138
220,139
220,139
220,139
220,139
219,139
220,140
219,140
219,140
219,140
219,140
219,140
219,141
219,141
219,141
219,141
219,141
219,142
219,142
219,142
219,142
219,142
218,142
218,143
218,143
218,143
218,143
218,143
218,143
218,143
218,143
218,143
218,143
218,144
218,144
218,144
218,144
218,145
218,145
218,145
218,145
218,145
218,145
218,145
218,145
218,146
218,146
217,146
217,146
217,146
217,146
217,146
217,147
217,147
217,147
217,147
217,148
217,148
217,148
217,148
217,148
217,149
217,149
217,149
217,149
217,149
217,149
217,150
217,150
217,150
217,150
216,150
216,150
216,150
216,151
216,151
216,151
216,151
216,151
216,151
216,151
216,151
216,152
216,152
216,152
216,152
216,152
216,153
216,153
216,153
216,153
216,153
216,153
216,153
216,153
216,153
216,154
216,154
216,154
216,154
216,154
216,154
216,154
215,154
215,155
215,155
215,155
215,155
215,155
215,156
215,156
215,156
215,157
215,157
215,157
215,157
215,158
215,158
215,158
215,158
215,158
215,159
215,159
215,159
215,159
215,159
215,160
215,160
215,160
215,160
215,160
214,161
214,160
214,161
214,161
214,161
214,161
214,161
214,162
214,162
214,162
214,162
214,162
214,162
214,163
214,163
214,163
213,163
214,163
214,163
213,163
213,164
213,164
213,164
213,164
213,164
213,164
212,164
212,164
212,165
213,165
213,165
212,165
212,165
212,165
212,165
212,165
212,165
212,166
212,166
212,166
212,166
212,166
212,167
212,167
212,167
212,167
212,167
212,167
212,167
212,168
212,168
212,168
212,168
211,168
212,168
212,168
211,168
212,168
211,169
212,169
212,169
212,169
211,169
211,169
211,169
211,169
211,170
211,170
211,170
211,170
211,170
211,170
211,170
211,170
211,170
211,171
211,171
211,171
211,171
211,171
211,171
211,171
211,171
211,171
211,172
211,172
211,172
211,172
211,172
211,172
211,172
211,172
211,172
211,172
211,173
211,173
211,173
211,173
211,173
210,173
210,173
210,174
210,174
210,173
210,174
210,174
210,174
210,174
210,174
210,174
210,175
210,175
210,175
210,175
210,175
210,176
210,176
210,176
210,176
210,176
209,177
209,177
209,177
209,178
209,178
209,178
209,178
209,178
209,179
209,179
209,179
209,179
209,180
209,180
209,180
209,180
209,180
208,180
209,180
209,181
209,181
209,181
208,181
208,182
208,182
208,182
208,182
208,182
208,182
208,182
208,182
208,183
208,183
208,183
208,183
208,183
208,183
208,183
208,183
208,183
207,183
208,183
208,183
208,184
208,184
208,184
208,184
208,184
208,184
208,184
208,184
207,184
207,184
207,184
207,184
208,185
207,185
207,185
207,185
207,185
207,185
207,185
207,185
207,185
207,185
207,185
207,185
207,185
207,185
207,185
207,185
207,185
207,185
207,185
207,185
207,185
207,186
207,186
207,186
207,186
207,186
207,186
207,186
207,186
207,186
206,186
206,186
206,186
206,186
206,186
206,186
206,186
206,186
206,186
206,186
206,186
206,186
206,186
206,186
206,186
206,187
206,187
206,187
206,187
206,187
206,187
206,187
206,187
206,187
206,187
206,187
206,187
206,187
206,187
206,187
206,188
206,188
206,188
206,188
205,188
205,188
205,188
205,188
206,188
206,188
206,188
206,188
206,189
206,189
206,189
205,189
205,189
205,189
205,189
205,189
205,189
205,189
205,189
205,189
205,189
205,189
205,189
205,189
205,189
205,189
205,190
205,190
205,190
205,190
205,190
205,190
205,190
205,190
205,190
205,190
205,190
205,190
205,190
205,190
205,190
205,191
205,191
205,191
205,191
205,191
205,191
205,191
205,191
205,191
205,192
205,192
205,192
205,192
205,192
204,192
205,193
205,193
205,193
205,193
205,194
205,194
205,194
205,194
204,194
204,194
204,194
205,194
204,194
204,194
204,194
204,195
204,195
204,195
204,195
204,195
204,195
204,195
204,195
204,196
204,196
204,196
204,196
204,196
204,196
204,196
204,196
204,197
204,197
204,197
204,197
204,197
204,197
204,197
204,197
204,197
204,197
204,197
204,197
204,197
204,197
204,197
203,197
203,197
203,197
203,197
204,198
203,198
203,198
203,198
203,198
203,198
203,198
203,198
203,198
203,198
203,198
203,198
203,198
203,198
203,198
203,199
203,199
203,199
203,199
203,199
203,199
203,200
203,200
202,200
202,200
202,200
202,200
202,201
202,201
202,201
202,201
202,201
202,201
202,201
202,201
202,201
202,201
202,201
202,201
202,201
202,201
202,201
202,201
202,201
202,201
202,201
202,201
202,201
202,201
202,201
202,201
202,201
202,201
202,201
202,201
202,201
202,201
202,201
202,201
202,201
202,201
202,201
202,201
202,201
202,201
202,201
202,201
202,201
202,201
202,201
202,201
202,201
202,201
202,201
202,201
202,201
202,201
202,201
202,201
202,201
202,201
202,201
202,201
202,201
202,201
202,201
202,201
202,201
202,201
202,201
202,201
202,201
202,201
202,201
202,201
202,201
202,201
202,201
202,201
202,201
202,201
202,201
202,201
202,201
202,201
202,201
202,201
202,201
202,201
202,201
202,201
202,201
202,201
202,201
202,201
202,201
202,201
202,201
202,201
202,201
202,201
202,201
202,201
202,201
202,201
202,201
202,201
202,201
202,201
202,201
202,201
202,201
202,201
202,201
202,201
202,201
202,201
202,201
202,201
202,201
202,201
202,201
202,201
202,201
202,201
202,201
202,201
202,201
202,201
202,201
202,201
202,201
202,201
202,201
202,201
202,201
202,201
202,201
202,201
202,201
202,201
202,201
202,201
202,201
202,201
202,201
202,201
202,201
202,201
202,201
202,201
202,201
202,201
202,201
202,201
202,201
202,201
202,201
202,201
202,201
202,201
202,201
202,201
202,201
202,201
202,201
202,201
202,201
202,201
202,201
202,201
202,201
202,201
202,201
202,201
202,201
202,201
202,201
202,201
202,201
202,201
202,201
202,201
202,201
202,201
202,201
202,201
202,201
202,201
202,201
202,201
202,201
202,201
202,201
202,201
202,201
202,201
202,201
202,201
202,201
202,201
202,201
202,201
202,201
202,201
202,201
202,201
202,201
202,201
202,201
202,201
202,201
202,201
202,201
202,201
202,201
202,201
202,201
202,201
202,201
202,201
202,201
202,201
202,201
202,201
202,201
202,201
202,201
202,201
202,201
202,201
202,201
202,201
202,201
202,201
202,201
202,201
202,201
202,201
202,201
202,201
202,201
202,201
202,201
202,201
202,201
202,201
202,201
202,201
202,201
202,201
202,201
202,201
202,201
202,201
202,201
202,201
202,201
202,201
202,201
202,201
202,201
202,201
202,201
202,201
202,201
202,201
202,201
202,201
202,201
202,201
202,201
202,201
202,201
202,201
202,201
202,201
202,201
202,201
202,201
202,201
202,201
202,201
202,201
202,201
202,201
202,201
202,201
202,201
202,201
202,201
202,201
202,201
202,201
202,201
202,201
202,201
202,201
202,201
202,201
202,201
202,201
202,201
202,201
202,201
202,201
202,201
202,201
202,201
202,201
202,201
202,201
202,201
202,201
202,201
202,201
202,201
202,201
202,201
202,201
202,201
202,201
202,201
202,201
202,201
202,201
202,201
202,201
202,201
202,201
202,201
202,201
202,201
202,201
202,201
202,201
202,201
202,201
202,201
202,201
202,201
202,201
202,201
202,201
202,201
202,201
202,201
202,201
202,201
202,201
202,201
202,201
202,201
202,201
202,201
202,201
202,201
202,201
202,201
202,201
202,201
202,201
202,201
202,201
202,201
202,201
202,201
202,201
202,201
202,201
202,201
202,201
202,201
202,201
202,201
202,201
202,201
202,201
202,201
202,201
202,201
202,201
202,201
202,201
202,201
202,201
202,201
202,201
202,201
202,201
202,201
202,201
202,201
202,201
202,201
202,201
202,201
202,201
202,201
202,201
202,201
202,201
202,201
202,201
202,201
202,201
202,201
202,201
202,201
202,201
202,201
202,201
202,201
202,201
202,201
202,201
202,201
202,201
202,201
202,201
202,201
202,201
202,201
202,201
202,201
202,201
202,201
202,201
202,201
202,201
202,201
202,201
202,201
202,201
202,201
202,201
202,201
202,201
202,201
202,201
202,201
202,201
202,201
202,201
202,201
202,201
202,201
202,201
202,201
202,201
202,201
202,201
202,201
202,201
202,201
202,201
202,201
202,201
202,201
202,201
202,201
202,201
202,201
202,201
202,201
202,201
202,201
202,201
202,201
202,201
202,201
202,201
202,201
202,201
202,201
202,201
202,201
202,201
202,201
202,201
202,201
202,201
202,201
202,201
202,201
202,201
202,201
202,201
202,201
202,201
202,201
202,201
202,201
202,201
202,201
202,201
202,201
202,201
202,201
202,201
202,201
202,201
202,201
202,201
202,201
202,201
202,201
202,201
202,201
202,201
202,201
202,201
202,201
202,201
202,201
202,201
202,201
203,201
202,201
202,201
202,201
202,201
202,201
202,201
202,201
202,201
202,201
202,201
202,201
202,201
202,201
202,201
202,201
202,201
202,201
202,201
202,201
202,201
202,201
202,201
202,201
202,201
202,201
202,201
202,201
202,201
202,201
202,201
203,201
202,201
203,201
202,201
203,201
202,201
202,201
202,201
202,201
202,201
202,201
202,201
202,201
202,201
202,201
202,201
202,201
202,201
202,201
202,201
202,201
203,201
202,201
202,201
202,201
202,201
202,201
202,201
202,201
202,201
203,201
203,201
203,201
203,201
203,201
203,201
203,201
203,201
203,201
203,201
202,201
202,201
202,201
202,201
202,201
202,201
202,201
202,201
202,201
202,201
202,201
202,201
202,201
202,201
202,201
202,201
202,201
202,201
202,201
202,201
202,201
202,201
202,201
202,201
202,201
202,201
202,201
203,201
202,201
203,201
202,201
202,201
202,201
203,201
202,201
202,201
202,201
202,201
202,201
202,201
202,201
202,201
202,201
202,201
202,201
202,201
202,201
202,201
202,201
202,201
202,201
202,201
202,201
202,201
202,201
202,201
202,201
202,201
202,201
202,201
202,201
202,201
202,201
202,201
202,201
202,201
202,201
202,201
202,201
202,201
202,201
202,201
202,201
202,201
202,201
202,201
202,201
202,201
202,201
202,201
202,201
202,201
202,201
202,201
202,201
202,201
202,201
202,201
202,201
202,201
202,201
202,201
202,201
202,201
202,201
202,201
202,201
202,201
202,201
202,201
202,201
202,201
202,201
202,201
202,201
202,201
202,201
202,201
201,201
201,201
201,201
201,201
201,201
201,201
201,201
200,201
200,201
200,202
200,202
200,202
200,202
200,202
200,202
200,202
200,202
200,202
200,202
200,202
199,202
199,202
199,202
199,202
199,202
199,202
199,202
199,202
198,202
198,202
198,202
198,202
198,203
198,203
198,203
198,203
198,203
198,203
198,203
197,203
197,203
197,203
197,203
197,203
197,203
197,203
197,203
197,203
197,203
197,203
196,204
196,204
196,204
196,204
196,204
196,204
196,204
195,204
195,204
195,204
195,205
194,205
194,204
194,205
193,205
193,205
193,205
193,205
192,206
192,206
192,206
191,206
191,206
190,206
190,207
189,207
189,207
189,207
188,208
188,208
187,208
186,208
186,208
185,209
185,209
184,209
184,209
184,209
183,209
183,209
182,210
182,210
181,210
180,210
179,210
178,210
177,210
176,211
176,211
175,211
175,211
174,212
174,212
172,212
172,212
170,212
169,212
168,213
166,213
165,213
164,214
163,214
163,215
162,215
160,216
158,216
157,216
156,217
155,217
154,218
154,218
153,218
151,219
149,219
148,220
147,220
146,221
146,221
146,221
145,221
145,221
145,221
144,221
143,221
143,222
142,222
142,222
141,222
141,222
141,222
140,222
140,222
140,222
140,222
139,222
139,222
139,222
139,223
139,223
139,223
139,223
139,223
139,223
138,223
138,223
139,223
138,223
138,223
138,223
138,223
138,223
138,223
138,223
138,223
138,223
138,223
138,223
138,223
138,223
138,223
138,223
138,223
138,223
138,223
138,223
138,223
138,223
138,223
138,223
138,223
138,223
138,223
138,223
138,223
138,223
138,223
138,223
138,223
138,223
138,223
138,223
138,223
138,223
138,223
138,223
138,223
138,223
138,223
137,223
137,223
137,223
137,223
137,223
137,223
137,223
137,223
137,223
137,223
137,223
137,223
137,223
137,223
137,223
137,223
137,223
137,223
137,223
137,223
137,223
137,223
137,223
137,223
137,223
137,223
137,223
137,223
137,223
136,223
136,223
136,223
136,223
136,223
136,223
135,223
135,223
135,223
135,223
135,223
135,223
135,223
135,223
135,223
135,223
135,223
135,224
135,224
135,224
135,224
135,223
135,224
135,224
135,224
135,224
135,224
135,224
135,224
135,224
135,224
134,224
134,224
134,224
134,224
134,224
134,224
134,224
134,224
134,224
134,224
134,224
133,224
133,224
133,224
133,224
133,224
133,224
133,224
133,224
133,224
133,224
133,224
133,224
133,225
132,225
132,225
132,225
132,225
132,225
132,225
131,225
131,225
131,225
131,226
131,226
131,226
130,226
130,226
130,226
130,226
130,226
130,226
129,226
129,226
129,226
129,226
129,226
129,226
129,227
129,227
129,227
129,227
129,227
128,227
128,227
128,227
128,227
128,227
128,227
128,227
127,227
127,227
127,227
127,227
127,227
127,227
127,228
127,227
127,227
127,228
127,228
127,228
127,228
127,228
127,228
127,228
127,227
127,227
127,227
127,227
127,228
127,228
127,227
127,227
127,227
127,228
127,228
127,228
127,228
127,228
127,228
127,228
127,227
127,227
127,227
127,227
127,227
127,228
127,228
127,228
127,228
127,228
127,228
127,228
127,228
127,228
127,228
127,228
127,228
127,228
126,227
126,227
126,227
126,227
126,228
126,228
126,228
126,228
126,227
126,228
126,227
126,228
126,228
126,228
126,228
126,228
126,228
126,228
126,227
126,228
126,228
126,228
126,228
126,228
126,228
127,228
126,228
126,228
126,228
126,228
127,228
127,228
127,228
127,228
126,227
126,227
126,227
126,227
126,228
127,228
126,228
126,228
126,228
126,228
127,228
126,228
126,228
126,228
126,228
127,228
127,228
127,228
126,227
126,228
127,228
127,228
126,228
126,228
127,228
127,228
127,228
127,228
127,228
127,228
127,228
127,228
127,228
127,228
126,227
126,227
126,228
126,228
126,228
126,228
126,228
126,228
126,228
126,228
126,228
126,228
127,228
126,228
126,228
127,228
126,228
126,228
126,227
126,228
126,228
126,228
126,228
126,228
126,228
126,228
126,228
126,228
126,228
126,228
126,228
126,228
126,228
126,228
126,227
126,227
126,227
126,228
126,228
126,228
126,227
126,228
126,228
126,228
126,228
126,228
126,228
126,228
126,227
126,228
126,228
126,227
126,227
126,228
126,228
126,228
126,228
126,228
126,228
126,228
126,228
126,228
126,228
126,228
126,228
126,228
126,228
126,228
126,227
126,227
126,227
126,227
126,228
126,227
126,228
126,227
126,228
126,228
126,228
126,228
126,228
126,228
126,228
126,228
126,228
126,228
126,227
126,227
126,227
126,228
126,228
126,228
126,228
126,228
126,228
126,228
126,228
126,228
126,228
126,228
126,228
126,228
126,227
126,227
126,227
126,227
126,227
126,228
126,228
126,228
126,228
126,228
126,228
126,228
126,228
126,228
126,228
126,228
126,228
126,227
126,227
126,228
126,228
126,228
126,228
126,228
126,228
126,228
126,228
126,228
126,228
126,228
126,228
126,228
126,228
126,228
126,227
126,227
126,227
126,227
126,228
126,228
126,228
126,228
126,228
126,228
126,228
126,228
126,228
126,228
126,228
126,228
126,228
126,228
126,227
126,228
126,228
126,228
126,228
126,228
126,228
126,228
126,228
126,228
126,228
126,228
126,228
126,228
126,228
126,228
126,227
126,227
126,228
126,228
126,228
126,228
126,228
126,228
126,228
126,228
126,228
126,228
126,228
126,228
126,228
126,228
126,228
126,228
126,228
126,228
126,228
126,228
126,228
126,228
126,228
126,228
126,228
126,228
126,228
126,228
126,228
126,228
126,228
126,228
126,227
126,227
126,228
126,228
126,228
126,228
126,228
126,228
126,228
126,228
126,228
126,228
126,228
126,228
126,228
126,228
126,228
126,228
126,227
126,227
126,228
126,228
126,228
126,228
126,228
126,228
126,228
126,228
126,228
126,228
126,228
126,228
126,228
126,228
126,227
126,227
126,227
126,228
126,228
126,228
126,228
126,228
126,228
126,228
126,228
126,228
126,228
126,228
126,228
126,228
126,228
126,228
126,228
126,228
126,228
126,228
126,228
126,228
126,228
126,228
126,228
126,228
126,228
126,228
126,228
126,228
126,228
126,228
126,227
126,227
126,227
126,228
126,228
126,228
126,228
126,228
126,228
126,228
126,228
126,228
126,228
126,228
126,228
126,228
126,228
126,228
126,227
126,228
126,228
126,228
126,228
126,228
126,228
126,228
126,228
126,228
126,228
126,228
126,228
126,228
126,228
126,228
126,227
126,227
126,227
126,227
126,228
126,228
126,228
126,228
126,228
126,228
126,228
126,228
126,228
126,228
126,228
126,228
126,228
126,228
126,228
126,228
126,228
126,228
126,228
126,228
126,228
126,228
126,228
126,228
126,228
126,228
126,228
126,228
126,228
127,228
126,227
126,227
126,228
126,228
126,228
126,228
126,228
126,228
126,228
126,228
126,228
126,228
126,228
126,228
126,228
126,228
126,228
126,228
126,228
126,228
126,228
126,228
126,228
126,228
126,228
126,228
126,228
126,228
126,228
126,228
126,228
126,228
126,228
126,228
126,227
126,227
126,227
126,227
126,228
126,228
126,228
126,228
126,228
126,228
126,228
126,228
126,228
126,228
126,228
126,228
126,228
126,228
126,227
126,228
126,228
126,228
126,228
126,228
126,228
127,228
126,228
126,228
127,228
127,228
126,228
127,228
127,228
127,228
126,227
126,227
126,228
126,228
126,228
127,228
127,228
127,228
127,228
127,228
127,228
127,228
127,228
127,228
127,228
127,228
127,228
127,228
127,228
127,228
127,228
127,228
127,228
127,228
127,228
127,228
127,228
127,228
127,228
127,228
127,228
127,228
127,228
127,228
127,227
127,227
127,228
127,227
127,228
127,228
127,228
127,228
127,228
127,228
127,228
127,228
127,228
127,228
127,228
127,228
127,228
127,227
127,227
127,228
127,228
127,228
127,228
127,228
127,228
127,228
127,228
127,228
127,228
127,228
127,228
127,228
127,228
127,228
127,227
127,227
127,227
127,227
127,228
127,228
127,228
127,228
127,228
127,228
127,228
127,228
127,228
127,228
127,228
127,228
127,228
127,228
127,227
127,227
127,228
127,228
127,228
127,228
127,228
127,228
128,228
127,228
127,228
128,228
128,228
128,228
128,228
128,228
127,227
127,227
128,227
128,227
128,227
128,227
128,227
128,227
128,227
128,227
128,228
128,227
128,227
128,227
128,227
128,228
128,227
128,227
128,227
128,227
128,227
128,227
128,228
128,227
128,227
128,228
128,228
128,227
128,227
128,228
128,228
128,228
128,227
128,228
128,227
128,227
128,227
128,227
128,227
128,227
128,227
128,227
128,227
128,227
129,227
129,228
129,227
129,227
129,227
129,227
129,227
129,227
129,227
129,227
129,227
129,227
129,227
129,227
129,227
129,227
129,227
129,228
129,227
129,228
129,227
129,227
129,227
129,227
129,227
129,227
129,227
129,227
129,227
129,227
130,227
130,227
130,227
130,227
130,227
130,227
130,227
130,226
130,226
130,225
131,225
131,225
131,225
131,224
131,224
131,224
131,224
131,224
131,224
131,224
131,224
131,224
132,224
132,224
132,224
132,224
132,224
132,224
131,224
131,224
131,224
132,224
132,224
132,224
132,224
132,224
132,224
132,224
132,224
132,224
132,224
132,224
132,224
132,224
132,224
132,224
132,224
132,224
132,224
132,224
132,224
132,224
132,224
132,224
132,224
132,224
133,224
133,224
133,224
133,224
133,224
133,224
133,223
134,223
134,223
134,223
134,223
134,223
135,223
135,223
135,223
135,223
135,223
135,223
135,223
135,223
135,223
135,223
135,223
136,223
135,223
136,223
136,223
136,223
136,223
136,223
136,223
136,223
136,223
136,223
136,223
136,223
136,223
136,223
136,223
136,223
136,223
136,223
136,223
136,223
136,223
136,223
136,223
136,223
136,223
136,223
136,223
136,223
136,223
136,223
136,223
136,223
136,223
136,223
136,223
136,223
136,223
136,223
136,223
136,223
137,223
137,223
137,223
137,223
137,223
137,223
137,223
137,223
137,223
137,223
136,222
136,223
137,223
137,223
137,223
137,223
137,223
137,223
137,223
137,223
137,223
137,223
137,223
137,223
137,223
137,223
137,223
137,223
137,222
137,223
137,223
137,223
137,223
137,223
137,223
137,223
137,222
137,222
137,222
138,222
138,222
138,222
138,222
139,222
139,221
140,221
141,221
141,221
142,221
143,221
144,220
145,220
145,220
146,220
146,219
147,219
147,219
148,218
149,218
149,218
151,217
152,217
154,216
155,216
155,216
156,216
156,215
156,215
157,215
157,214
158,214
160,214
161,213
161,213
162,213
163,212
164,212
164,212
164,212
165,212
165,211
166,211
166,211
167,211
168,211
169,211
170,211
170,211
171,211
171,211
172,211
173,211
173,210
174,210
174,210
175,210
175,210
176,210
176,210
177,210
177,210
177,209
178,209
178,209
178,209
179,209
179,209
180,209
180,209
180,209
181,209
181,209
181,208
181,208
181,208
182,208
182,208
182,208
182,208
183,208
183,208
183,208
183,208
183,208
184,208
184,207
184,207
184,207
184,207
185,207
185,207
185,206
185,206
186,206
186,206
186,206
186,206
187,206
187,206
187,206
187,205
188,205
188,205
188,205
189,205
189,205
189,205
189,205
190,205
190,205
190,205
191,204
191,204
192,204
192,204
192,204
193,204
193,204
193,204
193,203
194,203
194,203
195,203
195,202
195,202
195,202
196,202
196,202
196,202
197,202
197,202
197,202
198,202
198,202
198,202
198,202
198,202
198,201
198,201
199,201
198,201
199,201
199,201
199,201
199,201
200,201
200,201
200,201
200,201
200,201
200,201
200,201
201,200
201,200
201,200
201,200
201,200
202,200
202,200
202,200
202,200
202,200
202,200
202,200
202,200
202,200
202,200
202,200
202,200
202,200
202,200
202,200
202,200
202,200
202,199
202,199
202,199
202,199
202,200
202,200
202,200
202,200
202,200
202,199
202,199
202,199
202,199
202,199
202,199
202,199
203,199
203,199
203,199
202,199
203,199
203,199
203,199
203,199
203,199
203,199
203,199
203,199
203,199
203,199
203,199
203,199
203,199
203,199
202,199
202,199
203,199
202,199
203,199
203,199
203,199
203,199
203,199
203,199
203,199
203,199
203,199
203,199
203,199
203,199
203,199
203,199
203,199
203,199
203,199
203,199
203,199
203,199
203,199
203,199
203,199
203,199
203,199
203,199
203,199
203,199
203,199
203,199
203,199
203,199
203,199
203,199
203,199
203,199
203,199
203,199
203,199
203,199
203,199
203,199
203,199
203,199
203,199
203,199
203,199
203,199
203,199
203,199
203,199
203,199
203,199
203,199
203,199
203,199
203,199
203,199
203,199
203,199
203,199
203,199
203,199
203,199
203,199
203,199
203,199
203,199
203,199
203,199
203,199
203,199
203,199
203,199
203,199
203,199
203,199
203,199
203,199
203,199
203,199
203,199
203,199
203,199
203,199
203,199
203,199
203,199
203,199
203,199
203,199
203,199
203,199
203,199
203,199
203,199
203,199
203,199
203,199
203,199
203,199
203,199
203,199
203,199
203,199
203,199
203,199
203,199
203,199
203,199
203,199
203,199
203,199
203,199
203,199
203,199
203,199
203,199
203,199
203,199
203,199
203,199
203,199
203,199
203,199
203,199
203,199
203,199
203,199
203,199
203,199
203,199
203,199
203,199
203,199
203,199
203,199
203,199
203,199
203,199
203,199
203,199
203,199
203,199
203,199
203,199
203,199
203,199
203,199
203,199
203,199
203,199
203,199
203,199
203,199
203,199
203,199
203,199
203,199
203,199
203,199
203,199
203,199
203,199
203,199
203,199
203,199
203,199
203,199
203,199
203,199
203,199
203,199
203,199
203,199
203,199
203,199
203,199
203,199
203,199
203,199
203,199
203,199
203,199
203,199
203,199
203,199
203,199
203,199
203,199
203,199
203,199
203,199
203,199
203,199
203,199
203,199
203,199
203,199
203,199
203,199
203,199
203,199
203,199
203,199
203,199
203,199
203,199
203,199
203,199
203,199
203,199
203,199
203,199
203,199
203,199
203,199
203,199
203,199
203,199
203,199
203,199
203,199
203,199
203,199
203,199
203,199
203,199
203,199
203,199
203,199
203,199
203,199
203,199
203,199
203,199
203,199
203,199
203,199
203,199
203,199
203,199
203,199
203,199
203,199
203,199
203,199
203,199
203,199
203,199
203,199
203,199
203,199
203,199
203,199
203,199
203,199
203,199
203,199
203,199
203,199
203,199
203,199
203,199
203,199
203,199
203,199
203,199
203,199
203,199
203,199
203,199
203,199
203,199
203,199
203,199
203,199
203,199
203,199
203,199
203,199
203,199
203,199
203,199
203,199
203,199
203,199
203,199
203,199
203,199
203,199
203,199
203,199
203,199
203,199
203,199
203,199
203,199
203,199
203,199
203,199
203,199
203,199
203,199
203,199
203,199
203,199
203,199
203,199
203,199
203,199
203,199
203,199
203,199
203,199
203,199
203,199
203,199
203,199
203,199
203,199
203,199
203,199
203,199
203,199
203,199
203,199
203,199
203,199
203,199
203,199
203,199
203,199
203,199
203,199
203,199
203,199
203,199
203,199
203,199
203,199
203,199
203,199
203,199
203,199
203,199
203,199
203,199
203,199
203,199
203,199
203,199
203,199
203,199
203,199
203,199
203,199
203,199
203,199
203,199
203,199
203,199
203,199
203,199
203,199
203,199
203,199
203,199
203,199
203,199
203,199
203,199
203,199
203,199
203,199
203,199
203,199
203,199
203,199
203,199
203,199
203,199
203,199
203,199
203,199
203,199
203,199
203,199
203,199
203,199
203,199
203,199
203,199
203,199
203,199
203,199
203,199
203,199
203,199
203,199
203,199
203,199
203,199
203,199
202,199
202,199
203,199
203,199
203,199
202,199
202,199
202,199
202,199
202,199
202,199
202,199
202,199
202,199
202,199
202,199
202,199
202,199
202,199
202,199
202,199
202,199
202,199
202,199
202,199
202,199
202,199
202,199
202,199
202,199
202,199
202,199
202,199
202,199
202,199
202,199
202,199
202,199
202,199
202,199
202,199
202,199
202,199
202,199
202,199
202,199
202,199
202,199
202,199
202,199
202,199
202,199
202,199
202,199
202,199
202,199
202,199
202,199
202,199
202,199
202,199
202,199
202,199
202,199
202,199
202,199
202,199
202,199
202,199
202,199
202,199
202,199
202,199
202,199
202,199
202,199
202,199
202,199
202,199
202,199
202,199
202,199
202,199
202,199
202,199
202,199
202,199
202,199
202,199
202,199
202,199
202,199
202,200
202,200
202,200
201,200
201,200
201,200
201,200
201,200
201,201
201,201
200,201
200,201
200,201
200,201
200,201
200,201
200,201
200,202
200,202
199,202
199,202
199,202
199,202
199,202
199,202
198,202
198,202
198,202
198,202
198,202
198,203
198,203
197,203
197,203
197,203
197,203
197,203
197,203
197,203
196,203
196,204
196,204
196,204
196,204
196,204
195,204
195,204
195,204
195,204
194,205
194,205
194,205
194,205
194,205
193,205
193,205
193,205
193,205
193,205
193,205
193,205
193,205
193,205
192,205
192,205
192,205
192,206
192,206
192,206
191,206
191,206
191,206
191,206
191,206
191,206
190,206
190,206
190,206
190,206
189,206
189,207
189,207
189,207
189,207
189,207
189,207
188,207
188,207
188,207
188,208
187,208
187,208
187,208
187,208
186,208
186,208
186,208
186,208
186,208
186,208
185,208
185,208
185,208
185,209
185,209
185,209
184,209
184,209
184,209
184,209
184,209
184,209
183,209
183,209
183,209
183,209
183,209
183,209
183,209
182,209
183,209
182,209
182,209
182,209
182,209
182,209
182,209
182,209
182,209
181,209
181,209
181,209
181,209
181,209
181,210
181,210
180,210
180,210
180,210
180,210
180,210
180,210
180,210
180,210
180,210
180,210
179,209
179,209
179,210
179,210
179,210
179,210
179,210
179,210
179,210
179,210
178,210
178,210
178,210
178,210
178,210
178,210
178,210
178,210
177,210
177,210
177,210
177,210
177,210
177,210
177,210
177,210
177,210
177,211
177,211
176,211
176,211
176,211
176,211
176,211
175,211
175,211
175,211
175,211
175,211
175,211
175,211
174,211
174,211
174,211
174,211
174,211
174,211
174,211
173,212
173,212
173,212
172,212
172,212
172,212
172,212
171,212
171,212
171,212
171,212
171,212
170,212
170,212
170,212
170,212
170,212
169,212
169,212
169,212
168,212
168,212
168,212
167,212
167,213
167,213
167,213
167,213
167,213
166,213
166,213
166,213
165,213
165,213
165,213
165,213
165,213
165,213
164,213
164,213
164,213
164,214
164,214
164,214
164,214
164,214
163,214
163,214
163,214
163,214
162,215
162,215
162,215
162,215
161,215
161,215
161,215
160,215
160,215
160,215
160,215
159,216
159,216
159,216
158,216
158,216
158,216
157,216
157,216
156,216
156,216
156,216
155,217
155,217
155,217
155,217
155,217
155,217
155,217
155,217
155,218
154,218
154,218
154,218
153,218
153,218
152,218
152,218
152,218
151,218
151,218
151,218
151,218
151,218
151,219
151,219
150,219
150,219
150,219
150,219
150,219
149,219
149,219
149,219
148,220
148,220
148,220
147,220
147,220
147,220
147,220
147,221
147,221
147,221
146,221
146,221
146,221
146,221
146,221
146,221
146,221
146,221
145,221
145,221
145,221
145,221
145,221
145,221
144,221
144,221
144,222
143,222
143,222
142,222
142,222
142,222
141,222
141,222
141,222
141,222
140,222
140,222
140,222
139,223
139,223
139,223
139,223
139,223
139,223
138,223
138,223
138,223
138,223
138,223
137,223
137,223
137,223
137,223
136,223
136,224
136,224
136,224
136,224
136,224
135,224
135,224
135,224
134,224
134,224
134,224
133,224
133,224
133,224
133,224
132,224
132,225
131,225
131,225
130,225
130,225
130,225
130,225
130,225
129,226
129,226
129,226
129,226
129,226
129,226
128,226
128,226
128,227
128,227
128,227
127,227
127,227
127,227
127,227
127,227
127,228
127,227
127,228
126,228
126,227
126,228
127,228
127,228
127,228
126,227
126,227
127,228
127,227
127,228
127,228
127,228
127,228
126,228
126,228
126,228
126,228
126,228
126,228
126,228
126,228
126,227
126,227
126,227
126,228
126,228
126,228
126,228
126,228
126,228
126,228
126,228
126,228
126,228
126,228
126,228
126,228
126,228
126,228
126,227
126,228
126,228
126,228
126,228
126,228
126,228
126,228
126,228
126,228
126,228
126,228
126,228
126,228
126,228
126,228
125,227
125,227
126,227
126,228
126,228
126,228
126,228
126,228
126,228
126,228
126,228
126,228
126,228
126,228
126,228
126,228
126,228
126,228
126,227
126,228
126,228
126,228
126,228
126,228
126,228
126,228
126,228
126,228
126,228
126,228
126,228
126,228
126,228
126,228
125,227
125,227
125,228
126,228
126,228
126,228
126,228
126,228
126,228
126,228
126,228
126,228
126,228
126,228
126,228
126,228
126,228
126,228
126,228
126,228
126,228
126,228
126,228
126,228
126,228
126,228
126,228
126,228
126,228
126,228
126,228
126,228
126,228
126,228
125,227
125,227
125,228
125,228
125,228
126,228
126,228
126,228
126,228
126,228
126,228
126,228
126,228
126,228
126,228
126,228
126,228
126,228
126,228
126,228
126,228
125,228
126,228
126,228
126,228
126,228
126,228
126,228
126,228
126,228
125,228
126,228
125,228
125,228
125,227
125,227
125,227
125,228
125,228
125,228
125,228
125,228
125,228
125,228
125,228
125,228
125,228
125,228
125,228
125,228
125,228
125,228
125,227
125,228
126,228
125,228
125,228
125,228
125,228
125,228
125,228
125,228
125,228
125,228
125,228
125,228
125,228
125,228
125,227
125,227
125,227
125,228
125,227
125,228
125,228
125,228
125,228
125,228
125,228
125,228
125,228
125,228
125,228
125,228
125,228
125,227
125,227
125,228
125,228
125,228
125,228
125,228
125,228
125,228
125,228
125,228
125,228
125,228
125,228
125,228
125,228
125,228
125,227
125,227
125,227
125,227
125,227
125,227
125,227
125,228
125,227
125,227
125,227
125,227
125,227
125,227
125,227
125,227
125,227
125,227
125,227
125,227
125,227
125,227
125,227
125,227
125,227
125,227
125,227
125,227
125,227
125,227
125,227
125,227
125,227
125,227
125,227
125,227
125,227
125,227
125,227
125,227
125,227
125,227
125,227
125,227
125,227
125,227
125,227
125,227
125,227
125,227
125,227
125,227
125,227
125,227
125,227
125,227
125,227
125,227
125,227
125,227
125,227
125,227
125,227
125,227
125,227
125,227
125,227
125,227
125,227
125,227
125,227
125,227
125,227
125,227
125,227
125,227
125,227
125,227
125,227
125,227
125,227
125,227
125,227
125,227
125,227
125,227
125,227
125,227
125,227
125,227
125,227
125,227
125,227
125,227
125,227
125,227
125,227
125,227
125,227
125,227
125,227
125,227
125,227
125,227
125,227
125,227
125,227
125,227
125,227
125,227
124,227
124,227
124,227
124,227
124,227
124,226
124,226
124,226
124,226
124,226
124,225
124,225
124,225
124,225
124,225
124,225
124,225
124,225
124,225
123,225
123,225
123,224
123,224
123,224
123,224
123,224
123,224
123,224
123,224
123,224
123,224
122,224
122,224
122,224
122,224
122,224
122,224
122,224
122,224
122,224
122,224
121,224
121,224
121,224
121,224
121,224
121,224
121,224
120,224
120,224
120,224
120,224
120,224
120,224
120,224
120,224
119,224
119,223
119,223
119,223
119,223
119,223
119,223
118,223
118,223
118,223
118,223
118,223
118,223
118,223
118,223
117,223
117,223
117,223
117,222
117,222
117,222
116,222
116,222
116,222
116,222
115,222
115,222
115,222
115,222
115,222
114,222
114,222
114,222
113,222
113,222
113,222
113,221
112,221
112,221
112,221
112,221
112,221
111,221
111,221
111,221
111,221
111,221
111,221
111,221
110,221
110,221
110,221
110,221
110,221
110,221
110,221
110,220
109,220
109,220
109,220
109,220
109,220
108,220
108,220
108,220
108,220
108,220
108,220
108,220
108,220
107,220
107,219
107,219
107,219
107,219
107,219
107,219
106,219
106,219
106,219
106,218
106,218
106,218
105,218
105,218
104,218
104,218
104,217
103,217
103,217
102,217
102,217
101,217
101,216
100,216
100,216
99,216
99,216
99,216
99,216
99,215
98,215
98,215
98,215
97,215
97,215
97,214
97,214
96,214
96,214
96,214
96,214
96,214
95,213
95,213
95,213
94,213
94,213
93,213
93,213
92,212
92,212
91,212
91,212
90,212
90,212
89,212
89,211
88,211
88,211
87,211
87,211
87,211
86,211
86,211
86,211
85,211
85,211
85,211
84,211
84,211
84,211
84,211
83,211
83,211
83,210
83,210
82,210
82,210
82,210
81,210
81,210
81,210
80,210
80,210
80,210
80,210
79,210
79,210
79,210
79,210
78,210
78,210
78,210
78,210
77,210
77,210
77,209
77,209
77,209
76,209
76,209
76,209
76,209
76,209
76,209
76,209
75,209
75,209
75,209
75,209
75,209
74,209
74,209
74,209
74,209
73,208
73,208
73,208
73,208
73,208
73,208
72,208
72,208
72,208
71,208
71,208
71,208
70,208
70,208
70,208
69,208
69,208
69,208
69,207
68,207
68,207
68,207
68,207
68,207
67,207
67,207
67,207
67,207
67,207
67,207
66,207
66,207
66,207
66,207
66,206
66,206
65,206
65,206
65,206
65,206
65,206
65,206
65,206
65,206
64,206
64,206
64,206
64,206
64,206
64,206
64,205
64,205
64,205
64,205
64,205
64,205
64,205
63,205
63,205
63,205
63,205
63,205
63,205
63,205
63,205
62,205
62,205
62,205
62,205
62,205
62,205
62,205
62,205
62,205
62,205
61,205
61,205
61,204
61,204
61,204
61,204
61,204
61,204
61,204
60,204
60,204
60,204
60,204
60,204
60,204
60,204
60,204
60,204
60,204
60,204
60,203
59,203
59,203
58,203
58,203
58,203
58,203
57,203
57,203
57,203
57,203
57,203
57,203
56,203
56,202
56,202
56,202
55,202
55,202
55,202
55,202
55,202
55,202
54,202
54,202
54,202
54,202
54,202
54,202
53,201
53,201
53,202
53,201
52,202
52,201
52,201
52,201
52,201
52,201
52,201
52,201
52,201
51,201
51,201
51,201
51,201
51,201
51,201
51,201
51,201
51,201
51,201
51,201
51,201
50,201
50,201
50,201
50,201
50,201
50,201
50,201
50,201
50,201
50,200
50,200
50,200
49,200
49,200
49,200
49,200
49,200
49,200
49,200
49,200
49,200
49,200
49,200
48,200
48,200
48,200
48,200
48,200
48,200
48,200
48,200
48,200
48,200
48,200
48,200
48,200
48,200
48,200
48,200
48,200
48,200
48,200
48,200
48,200
48,199
48,199
48,199
48,200
48,200
48,200
48,200
48,200
48,200
48,200
48,200
48,200
48,199
48,199
48,199
48,199
48,199
48,199
48,199
48,199
48,199
48,200
48,199
48,199
48,200
48,199
48,199
48,199
48,199
48,199
48,199
48,199
48,199
48,199
48,199
48,199
48,199
48,199
48,199
48,199
48,199
48,199
48,199
48,199
48,199
48,199
48,199
48,199
48,199
48,199
48,199
48,199
48,199
48,199
48,199
48,199
48,199
48,199
48,200
48,199
48,199
48,199
48,199
48,199
48,199
48,199
48,199
48,199
48,199
48,199
48,199
48,199
48,199
48,199
48,199
48,199
48,199
48,199
48,199
48,199
48,199
48,199
48,199
48,199
48,199
48,199
48,199
48,199
48,199
48,199
48,199
48,199
48,199
48,199
48,199
48,199
48,199
48,199
48,199
48,199
48,199
48,199
48,199
48,199
48,199
48,199
48,199
48,199
48,199
48,199
48,199
48,199
48,199
48,199
48,199
48,199
48,199
48,199
48,199
48,199
48,199
48,199
48,199
48,199
48,199
48,199
48,199
48,199
48,199
48,199
48,199
48,199
48,199
48,199
48,199
48,199
48,199
48,199
48,199
48,199
48,199
48,199
48,199
48,199
48,199
48,199
48,199
48,199
48,199
48,199
48,199
48,199
48,199
48,199
48,199
48,199
48,199
48,199
48,199
48,199
48,199
48,199
48,199
48,199
48,199
48,199
48,199
48,199
48,199
48,199
48,199
48,199
48,199
48,199
48,199
48,199
48,199
48,199
48,199
48,199
48,199
48,199
48,199
48,199
48,199
48,199
48,199
48,199
48,199
48,199
48,199
48,199
48,199
48,199
48,199
48,199
48,199
48,199
48,199
48,199
48,199
48,199
48,199
48,199
48,199
48,199
48,199
48,199
48,199
48,199
48,199
48,199
48,199
48,199
48,199
48,199
48,199
48,199
48,199
48,199
48,199
48,199
48,199
48,199
48,199
48,199
48,199
48,199
48,199
48,199
48,199
48,199
48,199
48,199
48,199
48,199
48,199
48,199
48,199
48,199
48,199
48,199
48,199
48,199
48,199
48,199
48,199
48,199
48,199
48,199
48,199
48,199
48,199
48,199
48,199
48,199
48,199
48,199
48,199
48,199
48,199
48,199
48,199
48,199
48,199
48,199
48,199
48,199
48,199
48,199
48,199
48,199
48,199
48,199
48,199
48,199
48,199
48,199
48,199
48,199
48,199
48,199
48,199
48,199
48,199
48,199
48,199
48,199
48,199
48,199
48,199
48,199
48,199
48,199
48,199
48,199
48,199
48,199
48,199
48,199
48,199
48,199
48,199
48,199
48,199
48,199
48,199
48,199
48,199
48,199
48,199
48,199
48,199
48,199
48,199
48,199
48,199
48,199
48,199
48,199
48,199
48,199
48,200
48,199
48,199
48,199
48,199
48,199
48,200
48,200
48,200
48,200
48,200
48,200
48,200
48,200
48,200
48,200
48,200
48,200
48,199
48,199
49,199
49,199
49,200
49,200
49,200
49,200
49,200
49,200
49,200
49,200
49,200
49,200
49,200
49,200
49,200
49,200
49,200
49,200
49,200
49,200
49,200
49,200
49,200
49,200
49,200
49,200
49,200
49,200
49,200
49,200
49,200
49,200
49,200
49,200
49,200
49,200
49,200
49,200
49,200
50,200
50,200
50,200
50,200
50,200
50,200
50,200
50,200
50,200
50,200
50,200
50,200
50,200
50,200
50,200
50,200
50,200
50,200
50,200
50,200
50,200
50,200
50,200
51,200
51,200
51,200
51,200
51,200
51,200
51,200
52,200
52,200
52,200
52,200
52,201
53,201
53,201
53,201
53,201
54,201
54,201
54,201
54,201
54,201
54,201
55,201
55,201
55,201
55,201
55,201
56,202
56,202
56,202
56,202
56,202
57,202
57,202
57,202
57,202
58,202
58,202
58,202
58,202
59,202
59,202
59,202
60,202
60,202
60,202
60,202
60,202
60,202
60,202
60,203
60,203
60,203
60,203
60,203
60,203
61,203
60,203
61,203
61,203
61,203
61,203
61,203
61,203
61,203
61,203
61,203
61,203
61,203
61,203
61,203
61,203
61,203
61,203
61,203
61,203
61,203
61,203
61,203
61,203
62,203
62,203
62,203
62,203
62,203
62,203
62,203
62,203
62,203
62,203
62,204
62,204
62,204
62,204
63,204
63,204
63,204
63,204
63,204
63,204
63,204
64,204
64,204
64,204
64,204
64,204
64,204
64,204
64,204
64,204
64,204
64,204
64,204
64,204
64,204
64,204
65,204
65,204
65,204
65,204
65,204
65,204
65,204
65,204
65,204
65,204
65,204
65,204
65,204
65,205
65,205
65,205
65,205
65,205
65,205
65,205
65,205
65,205
65,205
65,205
65,205
65,204
65,204
65,204
65,205
65,205
65,205
65,205
65,205
65,205
65,205
65,205
66,205
66,205
66,205
65,205
65,205
65,205
65,205
65,205
65,205
65,205
65,205
65,205
66,205
66,205
66,205
66,205
66,205
66,205
66,205
66,205
66,205
66,205
66,205
66,204
66,204
66,205
66,205
66,205
66,205
66,205
66,205
66,205
66,205
66,205
66,205
66,205
66,205
66,205
66,205
66,205
66,205
66,205
66,205
66,205
66,205
66,205
66,205
66,205
66,205
66,205
66,205
66,205
66,205
66,205
66,205
66,205
66,205
66,204
66,204
66,205
66,205
66,205
66,205
66,205
66,205
66,205
66,205
66,205
66,205
66,205
66,205
66,205
66,205
66,205
66,205
66,205
66,205
66,205
66,205
66,205
66,205
66,205
66,205
66,205
66,205
66,205
66,205
66,205
66,205
67,205
67,205
67,205
67,204
67,205
67,205
68,205
68,205
69,205
69,206
69,206
70,206
70,206
71,206
72,207
72,207
73,207
73,207
73,207
74,207
74,207
74,207
74,207
75,207
75,208
75,208
75,208
76,208
76,208
76,208
76,208
76,208
76,208
77,208
77,208
77,208
77,208
77,208
77,208
77,208
78,209
78,209
78,209
78,209
78,209
79,209
79,209
80,209
80,209
81,209
82,209
82,210
82,210
82,210
83,210
84,210
84,210
85,211
86,211
86,211
86,211
87,211
87,211
88,211
88,211
88,212
90,212
91,212
93,212
94,212
94,212
94,212
94,212
95,212
95,212
95,213
96,213
96,213
96,213
96,213
96,213
97,214
97,214
97,214
97,214
98,214
98,215
98,215
99,215
99,215
99,215
100,215
101,216
101,215
101,216
102,216
103,216
104,216
104,217
105,217
105,217
106,217
106,217
106,218
106,218
107,218
107,218
107,218
107,218
107,218
107,218
108,218
108,218
108,218
108,218
108,219
108,219
109,219
109,219
109,219
109,219
109,219
110,219
110,219
110,220
110,220
110,220
110,220
111,220
111,220
111,221
111,221
111,221
112,221
112,221
112,221
112,221
112,221
113,221
113,221
113,221
113,221
113,221
114,221
114,221
114,221
115,221
115,221
115,221
116,221
116,222
116,222
117,222
117,222
117,222
117,222
117,222
117,222
118,222
118,222
118,222
118,222
119,222
119,222
119,222
119,222
119,222
119,222
119,222
119,222
120,222
120,223
120,223
120,223
120,223
120,223
120,223
120,223
121,223
121,223
121,223
121,223
121,223
122,223
122,223
122,223
122,223
122,223
123,223
123,224
123,224
123,224
123,224
124,224
124,224
124,224
124,224
124,224
124,224
124,224
124,224
124,224
124,224
124,224
125,224
125,224
125,224
125,224
125,224
125,224
125,224
125,224
125,224
125,224
125,224
125,224
125,224
125,224
125,224
125,224
125,224
125,224
125,224
125,224
125,224
125,224
125,224
125,224
125,224
125,224
125,224
125,224
126,224
126,224
126,224
126,225
126,225
126,225
126,225
127,225
127,225
127,225
127,225
127,225
127,225
127,225
127,226
127,226
127,226
128,226
128,226
128,226
128,226
128,226
128,226
128,226
128,226
128,226
128,226
128,226
128,226
128,226
128,226
128,226
128,226
128,226
128,226
128,226
128,226
128,226
128,226
128,226
128,226
128,226
128,226
128,226
128,226
128,226
128,226
128,226
128,226
128,226
128,226
128,226
128,226
128,226
128,226
128,226
128,226
128,226
128,226
128,226
128,226
128,226
128,226
128,226
128,226
128,226
128,226
128,226
128,226
128,226
128,226
128,226
128,226
128,226
128,226
128,226
128,226
128,226
128,226
128,226
128,226
128,226
128,226
128,226
128,226
128,226
128,226
128,226
128,226
128,226
128,226
128,226
128,226
128,226
128,226
128,226
128,226
128,226
128,226
128,226
128,226
128,226
128,226
128,226
128,226
128,226
128,226
128,226
128,226
128,226
128,226
128,226
128,226
128,226
128,226
128,226
128,226
128,226
128,226
128,226
128,226
128,226
129,226
128,226
128,226
128,226
128,226
128,226
128,226
128,226
128,226
128,226
128,226
128,226
128,226
129,226
128,226
129,226
129,226
129,226
129,226
129,226
129,226
129,226
129,226
129,226
129,226
129,226
128,226
128,226
128,226
128,226
128,226
128,226
128,226
128,226
128,226
128,226
128,226
129,226
129,226
129,226
129,226
129,226
129,226
129,226
128,226
128,226
128,226
129,226
129,226
129,226
129,226
129,226
129,226
129,226
129,226
129,226
129,226
129,226
129,226
129,226
128,226
128,226
128,226
128,226
128,226
128,226
129,226
128,226
128,226
128,226
128,226
128,226
128,226
129,226
128,226
128,226
128,226
128,226
128,226
128,226
129,226
128,226
129,226
129,226
129,226
129,226
129,226
129,226
129,226
129,226
129,226
129,226
129,226
129,226
128,226
128,226
128,226
128,226
128,226
128,226
128,226
128,226
128,226
128,226
128,226
128,226
129,226
129,226
129,226
129,226
128,226
129,226
128,226
128,226
128,226
128,226
128,226
128,226
128,226
129,226
129,226
129,226
129,226
129,226
129,226
129,226
129,226
129,226
128,226
128,226
128,226
128,226
128,226
128,226
128,226
128,226
128,226
128,226
128,226
128,226
128,226
128,226
128,226
128,226
128,226
128,226
128,226
128,226
128,226
128,226
128,226
128,226
128,226
129,226
128,226
128,226
129,226
129,226
129,226
128,226
129,226
128,226
128,226
128,226
128,226
128,226
128,226
128,226
128,226
128,226
128,226
128,226
128,226
129,226
128,226
128,226
128,226
129,226
128,226
128,226
128,226
128,226
128,226
128,226
128,226
128,226
129,226
128,226
129,226
129,226
128,226
129,226
129,226
129,226
129,226
129,226
128,226
128,226
128,226
128,226
128,226
128,226
128,226
128,226
128,226
128,226
128,226
128,226
128,226
128,226
128,226
128,226
129,226
128,226
128,226
128,226
128,226
128,226
129,226
129,226
128,226
129,226
129,226
129,226
129,226
129,226
129,226
129,226
129,226
129,226
128,226
128,226
128,226
128,226
128,226
128,226
128,226
128,226
128,226
128,226
129,226
128,226
128,226
129,226
129,226
128,226
129,226
128,226
128,226
128,226
128,226
128,226
128,226
129,226
129,226
129,226
129,226
129,226
129,226
129,226
129,226
129,226
129,226
129,226
128,226
128,226
128,226
128,226
128,226
128,226
128,226
128,226
128,226
128,226
128,226
128,226
128,226
129,226
128,226
128,226
129,226
128,226
128,226
128,226
128,226
128,226
129,226
129,226
129,226
129,226
129,226
129,226
129,226
129,226
129,226
129,226
129,226
129,226
128,226
128,226
128,226
128,226
128,226
129,226
129,226
129,226
129,226
129,226
129,226
129,226
129,226
129,226
129,226
129,226
129,226
129,226
129,226
129,226
129,226
129,226
129,226
129,226
129,226
129,226
129,226
129,226
129,226
129,226
129,226
129,226
129,226
129,226
128,226
129,226
129,226
129,226
129,226
129,226
129,226
129,226
129,226
129,226
129,226
129,226
129,226
129,226
129,226
129,226
129,226
129,226
129,226
129,226
129,226
129,226
129,226
129,226
129,226
129,226
129,226
129,226
129,226
129,226
129,226
129,226
129,226
129,226
129,226
129,226
129,226
129,226
129,226
129,226
129,226
129,226
129,226
129,226
129,226
129,226
129,226
129,226
129,226
129,226
129,226
129,226
129,226
129,226
129,226
129,226
129,226
129,226
129,226
129,226
129,226
129,226
129,226
129,226
129,226
129,226
129,226
129,226
129,226
129,226
129,226
129,226
129,226
129,226
129,226
129,226
129,226
129,226
129,226
129,226
129,226
129,226
129,226
129,226
129,226
129,226
129,226
129,226
129,226
129,226
129,226
129,226
129,226
129,226
129,226
129,226
129,226
129,226
129,226
129,226
129,226
129,226
129,225
129,225
130,225
130,225
130,225
130,225
130,225
130,225
130,225
130,225
130,225
130,225
130,225
130,225
130,225
130,225
130,225
130,225
130,225
130,225
130,225
131,225
131,225
131,225
131,225
131,225
131,225
131,225
131,225
131,225
131,225
131,225
132,225
132,225
131,224
132,224
132,224
132,224
132,224
132,224
132,224
132,224
132,224
132,224
132,224
132,224
132,224
132,224
132,224
132,224
132,224
132,224
132,224
132,224
132,224
132,224
132,224
132,224
132,224
132,224
132,224
132,224
132,224
132,224
132,224
132,224
132,224
132,224
132,224
132,224
132,224
132,224
132,224
132,224
132,224
132,224
132,224
132,224
132,224
132,224
132,224
132,224
132,224
132,224
132,224
132,224
132,224
132,224
132,224
132,224
133,224
133,224
133,224
132,224
133,224
133,224
133,224
133,224
133,224
133,224
133,224
133,224
133,224
133,224
133,224
133,224
134,224
134,224
134,224
134,224
134,224
134,224
134,224
134,224
134,224
134,224
134,224
134,224
134,224
134,224
134,223
134,224
134,224
134,223
134,224
134,224
134,224
134,224
134,223
134,224
134,224
134,224
134,224
134,223
134,223
134,224
134,223
134,223
134,223
134,223
134,223
134,223
134,223
134,223
134,223
134,223
134,223
134,223
134,223
134,223
134,223
134,223
134,223
134,223
134,223
134,223
134,223
134,223
134,223
134,223
134,223
134,223
134,223
134,223
134,223
134,223
134,223
134,223
134,223
134,223
134,223
134,223
134,223
134,223
134,223
134,223
134,223
134,223
134,223
134,223
134,223
135,223
135,223
135,223
135,223
135,223
135,223
136,223
136,223
136,223
136,222
137,222
137,222
137,222
138,222
138,222
139,222
139,221
140,221
140,221
141,221
141,221
142,221
143,221
143,220
144,220
144,220
145,220
145,219
146,219
146,219
147,219
147,218
148,218
148,218
149,218
150,217
150,217
151,217
152,217
154,216
154,216
155,216
155,216
155,216
156,215
156,215
156,215
157,215
157,214
158,214
159,214
160,214
161,213
161,213
162,213
163,212
163,212
163,212
164,212
164,212
165,212
165,212
166,212
166,211
166,211
166,211
167,211
167,211
168,211
168,211
169,211
169,211
170,211
170,211
170,211
171,211
171,211
171,211
171,211
172,211
172,211
173,211
173,211
174,210
174,210
174,210
174,210
174,210
175,210
175,210
175,210
175,210
175,210
175,210
175,210
176,210
176,210
176,210
176,209
176,210
177,209
177,209
177,209
177,209
177,209
177,209
177,209
178,209
178,209
178,209
178,209
178,209
178,209
178,209
179,209
179,209
179,209
179,209
179,209
180,209
180,209
180,208
180,208
181,208
181,208
181,208
181,208
181,208
181,208
182,208
182,208
182,208
182,208
182,208
183,208
183,208
183,208
183,208
183,208
184,207
184,207
184,207
184,207
184,207
185,207
185,207
185,206
186,206
186,206
186,206
186,206
187,206
187,206
187,205
187,205
188,205
188,205
188,205
189,205
189,205
189,205
189,205
190,205
190,205
190,204
191,204
191,204
191,204
191,204
192,204
192,204
192,204
192,204
193,204
193,204
193,204
193,204
193,203
193,203
193,203
194,203
194,203
194,203
194,203
194,203
195,203
195,203
195,203
195,202
195,202
195,202
195,202
195,202
195,202
195,202
195,202
195,202
195,202
195,202
195,202
195,202
196,202
195,202
195,202
196,202
196,202
196,202
196,202
196,202
196,202
196,202
196,202
196,202
196,202
196,202
196,202
196,202
196,202
196,202
196,202
196,202
196,202
196,202
196,202
196,202
196,202
196,202
196,202
196,202
196,202
196,202
196,202
196,202
196,202
196,202
196,202
196,202
196,202
196,202
196,202
196,202
196,202
196,202
196,202
196,202
196,202
196,202
196,202
196,202
196,202
196,202
196,202
196,202
196,202
196,202
196,202
196,202
196,202
196,202
196,202
196,202
196,202
196,202
196,202
196,202
197,202
197,202
197,202
197,202
197,202
197,202
197,202
197,202
197,202
198,202
198,202
198,202
198,202
198,202
198,201
198,201
198,201
198,201
198,201
198,201
198,201
198,201
198,201
198,201
198,201
198,201
198,201
198,201
198,201
198,201
198,201
198,201
198,201
198,201
198,201
198,201
199,201
198,201
198,201
199,201
199,201
199,201
199,201
199,201
199,201
199,201
199,201
199,201
199,201
199,201
199,201
199,201
199,201
199,201
199,201
199,201
199,201
199,201
200,201
200,201
200,201
200,201
200,201
200,201
199,201
199,201
199,201
200,201
200,201
200,201
200,201
200,201
200,201
200,201
200,201
200,201
200,201
200,201
200,201
200,201
200,201
200,201
200,201
200,201
200,201
200,201
200,201
200,201
200,201
200,201
200,201
200,201
200,201
200,201
200,201
200,201
200,201
200,201
200,200
201,201
201,201
201,200
201,200
201,200
201,200
201,200
201,200
201,200
202,200
202,200
202,200
202,200
202,200
202,200
202,200
202,200
202,200
202,200
202,200
203,200
203,200
203,200
203,200
203,200
203,199
203,199
203,199
203,200
203,199
203,199
203,199
203,199
203,199
203,199
203,199
203,199
203,199
203,199
203,199
203,199
203,199
203,199
203,199
203,199
203,199
203,199
203,199
203,199
203,199
203,199
203,199
203,199
203,199
203,199
203,199
203,199
203,199
203,199
203,199
203,199
203,199
203,199
203,199
203,199
203,199
203,199
203,199
203,199
203,199
203,199
203,199
203,199
203,199
203,199
203,199
203,199
203,199
203,199
203,199
203,199
203,199
203,199
203,199
203,199
203,199
203,199
203,199
203,199
203,199
203,199
203,199
203,199
203,199
203,199
203,199
203,199
203,199
203,199
203,199
203,199
203,199
203,199
203,199
203,199
203,199
203,199
203,199
203,199
203,199
203,199
203,199
203,199
203,199
203,199
203,199
203,199
203,199
203,199
203,199
203,199
203,199
203,199
203,199
203,199
203,199
203,199
203,199
203,199
203,199
203,199
203,199
203,199
203,199
203,199
203,199
203,199
203,199
203,199
203,199
203,199
203,199
203,199
203,199
203,199
203,199
203,199
203,199
203,199
203,199
203,199
203,199
203,199
203,199
203,199
203,199
203,199
203,199
203,199
203,199
203,199
203,199
203,199
203,199
203,199
203,199
203,199
203,199
203,199
203,199
203,199
203,199
203,199
203,199
203,199
203,199
203,199
203,199
203,199
203,199
203,199
203,199
203,199
203,199
203,199
203,199
203,199
203,199
203,199
203,199
203,199
203,199
203,199
203,199
203,199
203,199
203,199
203,199
203,199
203,199
203,199
203,199
203,199
203,199
203,199
203,199
203,199
203,199
203,199
203,199
203,199
203,199
203,199
203,199
203,199
203,199
203,199
203,199
203,199
203,199
203,199
203,199
203,199
203,199
203,199
203,199
203,199
203,199
204,199
204,199
204,199
204,199
204,199
204,199
204,199
204,199
204,199
203,199
203,199
203,199
203,199
203,199
203,199
203,199
203,199
203,199
203,199
203,199
203,199
204,199
203,199
203,199
203,199
204,199
204,199
203,199
203,199
203,199
204,199
204,199
204,199
204,199
204,199
204,199
204,199
204,199
204,199
204,199
204,199
204,199
204,199
203,199
203,199
203,199
203,199
204,199
203,199
204,199
204,199
204,199
204,199
204,199
204,199
204,199
204,199
204,199
204,199
204,199
204,199
204,199
204,199
204,199
204,199
204,199
204,199
204,199
204,199
204,199
204,199
204,199
204,199
204,199
204,199
204,199
204,199
203,199
203,199
203,199
204,199
204,199
204,199
204,199
204,199
204,199
204,199
204,199
204,199
204,199
204,199
204,199
204,199
204,199
204,199
204,199
204,199
204,199
204,199
204,199
204,199
204,199
204,199
204,199
204,199
204,199
204,199
204,199
204,199
204,199
204,199
203,199
203,199
204,199
204,199
204,199
204,199
204,199
204,199
204,199
204,199
204,199
204,199
204,199
204,199
204,199
204,199
204,199
204,199
204,199
204,199
204,199
204,199
204,199
204,199
204,199
204,199
204,199
204,199
204,199
204,199
204,199
204,199
204,199
204,199
204,199
204,199
204,199
204,199
204,199
204,199
204,199
204,199
204,199
204,199
204,199
204,199
204,199
204,199
204,199
204,199
204,199
204,199
204,199
204,199
204,199
204,199
204,199
204,199
204,199
204,199
204,199
204,199
204,199
204,199
204,199
204,199
204,199
204,199
204,199
204,199
204,199
204,199
204,199
204,199
204,199
204,199
204,199
204,199
204,199
204,199
204,199
204,199
204,199
204,199
204,199
204,199
204,199
204,199
204,199
204,199
204,199
204,199
204,199
204,199
204,198
204,198
204,198
204,198
204,198
204,198
204,198
204,198
204,198
204,198
204,198
204,198
204,198
204,198
204,197
204,197
204,197
204,197
204,197
204,197
204,197
204,197
204,197
205,197
204,197
204,196
204,196
204,196
205,196
205,196
205,195
205,195
205,195
205,195
205,195
205,194
205,194
205,194
205,194
205,194
205,194
205,194
205,193
205,193
205,193
205,193
205,193
205,193
205,193
205,193
205,193
205,193
205,193
205,193
205,193
205,192
205,192
205,192
205,192
205,192
205,191
206,191
206,191
206,191
206,191
206,191
206,191
206,191
206,190
206,190
206,190
206,190
206,190
206,190
206,190
206,190
206,189
206,189
206,189
206,189
206,189
206,189
206,189
206,189
206,189
206,189
206,189
206,189
206,188
206,188
206,188
207,188
207,188
207,188
207,188
207,188
207,187
207,187
207,187
207,187
207,187
207,187
207,187
207,187
207,187
207,187
207,187
207,187
207,187
207,187
207,186
207,186
207,186
207,186
207,186
207,186
207,186
207,186
207,186
207,186
207,186
207,186
207,186
207,186
207,186
207,186
207,186
208,186
207,185
208,185
208,185
208,185
208,185
208,185
208,185
208,185
208,185
208,185
208,185
208,185
208,185
208,184
208,184
208,184
208,184
208,184
208,184
208,184
208,184
208,183
208,183
208,183
208,183
208,183
208,183
208,183
208,183
208,183
208,183
208,183
208,183
208,183
208,183
208,183
209,183
209,183
209,183
209,183
209,183
208,183
209,183
209,182
209,182
209,182
209,182
209,182
209,182
209,182
208,182
208,182
209,182
209,182
209,182
209,182
209,182
209,182
209,182
209,181
209,181
209,181
209,182
209,182
209,181
209,181
209,182
209,181
209,181
209,181
209,181
209,181
209,181
209,181
209,181
209,181
209,181
209,181
209,181
209,181
209,181
209,181
209,181
209,181
209,180
209,180
209,180
209,180
209,180
209,180
209,180
209,180
209,179
209,179
209,179
209,179
209,179
209,179
209,178
209,178
209,178
209,178
209,178
209,178
209,177
210,177
209,177
210,177
210,177
210,177
210,177
210,176
210,176
210,176
210,175
210,175
210,175
210,175
210,174
210,174
210,174
210,174
210,174
210,173
210,173
210,173
210,173
210,173
210,173
210,173
210,173
210,173
210,173
210,172
210,172
210,172
211,172
211,172
211,172
211,172
211,172
211,172
211,171
211,171
211,171
211,171
211,171
211,171
211,171
211,171
211,170
211,170
211,170
211,169
211,169
211,169
212,169
212,169
212,169
212,168
212,168
212,168
212,168
212,167
212,167
212,167
212,167
212,167
212,166
212,166
212,165
212,165
212,165
213,164
213,164
213,164
213,164
213,164
213,163
213,163
213,163
214,162
214,162
214,162
214,162
214,161
214,161
214,160
214,160
214,160
214,159
214,159
215,159
215,158
215,158
215,157
215,157
215,156
215,156
215,155
215,155
216,154
216,154
216,154
216,153
216,153
216,153
216,152
216,152
216,151
216,151
216,151
216,150
217,150
217,150
217,149
217,149
217,149
217,149
217,148
217,148
217,148
217,148
217,147
217,147
217,147
217,146
218,146
218,145
218,145
218,145
218,145
218,145
218,144
218,144
218,144
218,143
218,143
218,143
218,143
219,143
219,143
219,142
219,142
219,142
219,142
219,142
219,142
219,142
219,142
219,141
219,141
219,141
219,141
219,140
219,140
219,140
219,140
219,140
219,140
220,139
220,139
220,139
220,139
220,139
220,139
220,139
220,139
220,139
220,139
220,138
220,138
220,138
220,138
220,138
220,138
220,138
220,138
220,138
220,138
220,138
220,138
220,138
220,138
220,138
220,138
220,138
220,138
220,137
220,138
220,138
220,138
220,138
220,138
220,138
220,138
220,138
221,138
221,138
221,137
221,137
221,137
221,137
221,137
220,137
220,137
221,137
221,137
221,137
221,137
221,137
221,137
221,137
221,136
221,136
221,136
221,136
221,136
221,136
221,136
221,136
221,136
221,136
221,136
221,136
221,136
221,136
221,136
221,136
221,136
221,136
221,136
221,136
221,135
221,135
221,135
222,135
222,135
222,135
222,135
222,135
222,135
222,135
222,134
222,134
222,134
222,134
222,134
222,134
222,134
222,134
222,134
222,134
222,134
222,134
222,134
222,134
222,134
222,133
222,133
222,133
222,133
222,133
222,133
222,133
222,133
222,133
222,133
223,133
222,133
223,133
223,133
223,133
223,133
223,132
223,132
223,132
223,132
223,132
223,132
223,132
223,132
223,132
223,132
223,132
223,132
223,132
223,132
223,132
224,132
223,131
223,131
224,131
224,131
224,131
224,131
224,131
224,131
224,131
224,130
224,131
224,130
224,130
224,130
224,130
225,130
225,130
225,130
225,130
225,129
225,129
225,129
225,129
225,129
225,129
225,129
225,129
225,128
225,128
225,128
225,128
225,128
225,127
225,127
225,127
225,126
226,126
226,126
226,126
226,126
226,126
226,125
226,125
226,125
226,124
226,124
227,124
227,124
227,123
227,123
227,123
227,122
227,122
227,121
227,121
227,121
227,121
227,120
227,120
227,120
227,120
227,120
227,120
227,120
227,120
227,120
227,120
227,120
227,119
227,119
227,119
227,119
227,119
227,119
227,119
227,119
227,119
227,119
227,119
227,119
227,119
227,119
227,119
227,119
227,119
227,119
227,119
227,119
227,119
227,119
227,119
227,119
227,119
227,119
227,119
227,119
227,119
227,119
227,119
227,119
227,119
227,119
227,119
227,119
227,119
227,119
227,119
227,119
227,119
227,119
227,119
227,119
227,119
227,119
227,119
227,119
227,119
227,119
227,119
227,119
227,119
227,119
227,119
227,119
227,119
227,119
227,119
227,119
227,119
227,119
227,119
227,119
227,119
227,119
227,119
227,119
227,119
227,119
227,119
227,119
227,119
227,119
227,119
227,119
227,119
227,119
227,119
227,119
227,119
227,119
227,119
227,119
227,119
227,119
227,119
227,119
227,119
227,119
227,119
227,119
227,119
227,119
227,119
227,119
227,119
227,119
228,119
227,119
227,119
227,119
227,119
227,119
227,119
227,119
227,119
227,119
227,119
227,119
227,119
227,119
227,119
227,119
227,119
227,119
227,119
227,119
227,119
227,119
227,119
227,119
227,119
227,119
227,119
227,119
227,119
227,119
227,119
227,119
227,119
227,119
227,119
227,119
227,119
227,119
227,119
227,119
227,119
227,119
227,119
227,119
227,119
227,119
227,119
227,119
227,119
227,119
227,119
227,119
227,119
227,119
227,119
227,119
227,119
227,119
227,119
227,119
227,119
227,119
227,119
227,119
227,119
227,119
227,119
227,119
227,119
227,119
227,119
228,119
227,119
227,119
227,119
227,119
227,119
227,119
227,119
227,119
227,119
227,119
227,119
227,119
227,119
227,119
227,119
227,119
227,119
227,119
227,119
227,119
227,119
227,119
227,119
227,119
227,119
227,119
227,119
227,119
228,119
227,119
227,119
227,119
228,119
228,119
227,119
227,119
227,119
227,119
227,119
227,119
227,119
227,119
227,119
227,119
227,119
227,119
227,119
227,119
227,119
227,119
227,119
227,119
227,119
227,119
227,119
227,119
227,119
228,119
228,119
228,119
228,119
228,119
228,119
228,119
228,119
228,119
228,119
228,119
227,119
227,119
227,119
227,119
227,119
227,119
227,119
227,119
227,119
228,119
227,119
227,119
227,119
227,119
227,119
227,119
227,119
227,119
227,119
227,119
227,119
227,119
227,119
227,119
228,119
228,119
228,119
228,119
228,119
228,119
228,119
227,119
228,119
228,119
227,119
227,119
227,119
227,119
227,119
227,119
227,119
227,119
227,119
227,119
227,119
227,119
227,119
228,119
227,119
228,119
227,119
227,119
227,119
227,119
227,119
227,119
228,119
227,119
228,119
228,119
228,119
228,119
228,119
227,119
228,119
228,119
228,119
228,119
227,119
227,119
227,119
227,119
227,119
227,119
227,119
227,119
228,119
227,119
227,119
227,119
228,119
228,119
228,119
227,119
228,119
227,119
227,119
227,119
227,119
227,119
228,119
228,119
228,119
228,119
228,119
228,119
228,119
228,119
228,119
228,119
228,119
228,119
227,119
227,119
227,119
227,119
227,119
227,119
227,119
227,119
227,119
227,119
227,119
227,119
227,119
228,119
227,119
227,119
227,119
227,119
227,119
227,119
227,119
227,119
227,119
227,119
228,119
228,119
228,119
228,119
227,119
228,119
228,119
228,119
228,119
228,119
227,119
227,119
227,119
227,119
227,119
227,119
227,119
227,119
227,119
227,119
227,119
227,119
227,119
227,119
227,119
227,119
227,119
227,119
227,119
227,119
227,119
227,119
227,119
227,119
227,119
228,119
227,119
227,119
227,119
227,119
228,119
227,119
228,119
227,119
227,119
227,119
227,119
227,119
227,119
227,119
227,119
227,119
227,119
227,119
227,119
227,119
227,119
227,119
227,119
227,119
227,119
227,119
227,119
227,119
227,119
227,119
227,119
227,119
227,119
227,119
227,119
227,119
227,119
227,119
227,119
227,119
227,119
228,119
227,119
227,119
227,119
227,119
227,119
227,119
227,119
227,119
227,119
227,119
227,119
227,119
227,119
227,119
227,119
227,119
227,119
227,119
227,119
227,119
227,119
227,119
227,119
227,119
227,119
227,119
227,119
227,119
227,119
227,119
227,119
227,119
227,119
227,118
227,118
227,118
227,118
227,118
227,118
227,118
227,118
227,118
227,118
227,118
227,118
227,118
227,118
227,118
227,118
227,118
227,118
227,118
227,118
227,118
227,118
227,118
227,118
227,118
227,118
227,118
227,118
227,118
227,118
227,118
227,118
227,118
227,118
227,118
227,118
227,118
227,118
227,118
227,118
227,118
227,118
227,118
227,118
227,118
227,118
227,118
227,118
227,118
227,118
227,118
227,118
227,118
227,118
227,118
227,118
227,118
227,118
227,118
227,118
227,118
227,118
227,118
227,118
227,118
227,118
227,118
227,118
227,118
227,117
227,117
227,117
227,117
227,117
227,117
227,117
227,117
227,117
227,117
227,117
227,117
227,117
227,117
227,117
227,117
227,117
227,117
227,117
227,117
227,117
227,117
227,117
227,117
227,117
227,117
227,117
227,117
227,117
227,117
227,117
227,117
227,117
227,117
227,117
227,117
227,117
227,117
227,117
227,117
227,117
227,117
227,117
227,117
227,117
227,117
227,117
227,117
227,117
227,117
227,117
227,117
227,117
227,117
227,117
227,117
227,117
227,117
227,117
227,117
227,117
227,117
227,117
227,116
227,116
227,116
227,116
227,116
226,116
226,116
226,116
226,116
226,116
226,116
226,116
226,116
226,115
226,115
226,115
226,115
226,115
226,115
226,115
226,114
226,114
226,114
226,114
226,114
226,114
226,114
226,114
226,114
226,114
226,114
226,114
226,114
226,114
226,114
226,114
226,114
226,114
226,114
225,114
225,114
225,114
225,114
225,114
225,114
226,114
225,113
225,114
225,114
226,114
226,114
225,114
226,113
225,113
226,113
226,113
225,113
225,113
225,113
225,113
225,113
225,113
225,113
225,113
225,113
225,113
225,113
225,113
225,113
225,113
225,113
226,113
225,113
225,113
225,113
225,113
225,113
225,113
225,113
225,113
225,113
225,113
225,113
225,113
225,113
225,113
225,113
225,113
225,113
225,113
225,113
225,113
225,113
225,113
225,113
225,113
225,113
225,113
225,113
225,113
225,113
225,113
225,113
225,113
225,113
225,113
225,113
225,112
225,112
225,112
225,112
224,112
224,112
224,111
224,111
224,111
224,111
224,111
224,111
224,111
224,111
224,111
224,111
224,111
224,110
224,110
224,110
224,110
224,110
224,110
224,110
224,110
224,110
224,110
224,110
224,110
224,110
224,110
224,110
224,110
224,110
224,110
224,110
224,110
224,110
224,110
224,109
224,109
224,109
224,109
223,109
223,109
224,109
224,108
223,108
223,108
223,108
223,108
223,107
223,107
223,107
223,107
223,107
223,107
223,106
222,106
222,106
222,106
222,106
222,106
221,106
221,105
221,105
221,105
221,105
221,104
220,104
221,104
220,104
220,104
220,104
220,104
221,104
220,104
220,104
220,103
220,103
220,103
220,103
220,103
220,103
220,103
220,103
220,103
220,103
220,102
220,102
220,102
220,102
220,102
220,102
219,102
219,102
220,101
219,101
220,101
219,101
220,101
219,101
219,101
219,101
219,101
219,101
219,100
219,100
219,100
219,100
219,100
219,100
219,100
219,99
219,99
219,99
218,99
218,99
218,98
218,98
218,98
218,98
218,98
218,97
218,97
218,97
218,97
218,97
217,97
217,97
217,97
217,96
217,96
217,96
217,95
217,95
217,94
217,94
217,94
217,94
217,94
217,94
217,93
217,93
217,93
217,93
216,92
216,92
216,92
216,92
216,92
216,91
216,91
216,91
216,90
216,90
216,90
216,89
216,89
216,88
215,88
215,88
215,88
215,87
215,87
215,87
215,87
215,87
215,86
215,86
214,85
214,85
214,85
214,85
214,84
214,84
214,84
214,84
214,84
214,83
214,83
214,83
214,83
214,82
214,82
214,81
213,81
213,81
213,81
213,81
213,80
213,80
213,80
213,80
213,80
212,80
212,79
212,79
212,79
212,79
212,79
212,79
212,79
212,78
212,78
211,78
211,78
211,77
211,77
211,77
211,77
211,76
211,76
211,76
211,76
211,76
211,75
210,75
210,75
210,75
210,74
210,74
210,73
210,73
210,73
210,72
210,72
210,72
210,72
210,71
210,71
209,71
209,71
209,71
209,70
209,70
209,70
209,70
209,69
209,69
209,69
209,68
208,68
208,68
208,68
208,67
208,67
208,66
208,66
207,66
207,66
207,65
207,65
207,65
207,64
207,64
206,63
206,62
206,62
206,62
206,61
206,61
206,61
206,60
206,60
205,60
205,60
205,60
205,59
205,59
205,59
205,59
205,59
205,58
205,58
205,58
205,58
205,57
205,57
205,57
205,57
205,57
205,57
205,56
205,56
205,56
205,56
204,56
204,56
204,55
204,55
204,55
204,55
204,55
204,55
204,55
204,55
204,55
204,55
204,55
204,55
204,55
204,55
204,55
204,55
204,54
204,54
204,54
204,54
204,54
204,54
204,54
204,54
204,54
204,54
204,54
204,54
204,54
203,54
204,54
204,54
204,54
203,54
203,53
203,53
203,53
203,53
203,53
203,53
203,53
203,53
203,53
203,53
203,53
203,52
203,52
203,52
203,52
203,52
203,52
203,52
203,52
203,52
203,52
203,52
203,52
203,52
203,51
203,52
203,51
203,51
203,51
203,51
203,51
203,51
203,51
203,51
203,51
203,51
203,51
203,51
203,51
203,51
203,51
203,51
203,51
203,51
203,51
203,51
203,51
203,51
203,51
203,51
203,51
203,51
203,51
203,51
203,51
203,50
203,50
203,50
203,50
203,50
203,50
203,50
203,50
203,50
203,50
203,50
203,50
203,50
203,50
203,50
203,50
203,49
203,49
203,49
203,49
203,49
203,49
203,49
203,49
203,49
203,49
203,49
203,49
203,49
203,48
203,48
203,48
203,48
203,48
203,48
202,48
203,48
203,48
203,48
202,48
202,47
202,47
202,47
202,47
202,47
202,47
202,47
202,46
202,46
202,46
202,46
202,46
202,46
202,46
202,46
202,46
202,45
202,45
202,45
202,45
202,45
202,45
202,45
202,45
202,45
202,45
202,44
202,44
202,44
202,44
202,44
202,44
202,44
202,44
202,44
202,44
202,44
201,43
201,43
201,43
201,43
201,43
201,43
201,43
201,43
201,43
201,43
201,42
201,42
201,42
201,42
201,42
201,42
201,42
201,42
201,42
201,41
201,41
201,41
201,41
201,41
201,41
201,41
201,41
201,41
201,41
201,41
201,41
201,41
201,41
201,41
201,41
201,41
201,41
201,41
201,41
201,41
201,41
201,41
201,41
201,41
201,41
201,41
201,41
201,41
201,41
201,41
201,41
201,41
201,41
201,41
201,41
201,41
201,41
201,41
201,41
201,41
201,41
201,41
201,41
201,41
201,41
201,41
201,41
201,41
201,41
201,41
201,41
201,41
201,41
201,41
201,41
201,41
201,41
201,41
201,41
201,41
201,41
201,41
201,41
201,41
201,41
201,41
201,41
201,41
201,41
201,41
201,41
201,41
201,41
201,41
201,41
201,41
201,41
201,41
201,41
201,41
201,41
201,41
201,41
201,41
201,41
201,41
201,41
201,41
201,41
201,41
201,41
201,41
201,41
201,41
201,41
201,41
201,41
201,41
201,41
201,41
201,41
201,41
201,41
201,41
201,41
201,41
201,41
201,41
201,41
201,41
201,41
201,41
201,41
201,41
201,41
201,41
201,41
201,41
201,41
201,41
201,41
201,41
201,41
201,41
201,41
201,41
201,41
201,41
201,41
201,41
201,41
201,41
201,41
201,41
201,41
201,41
201,41
201,41
201,41
201,41
201,41
201,41
201,41
201,41
201,41
201,41
201,41
201,41
201,41
201,41
201,41
201,41
201,41
201,41
201,41
201,41
201,41
201,41
201,41
201,41
201,41
201,41
201,41
201,41
201,41
201,41
201,41
201,41
201,41
201,41
201,41
201,41
201,41
201,41
201,41
201,41
201,41
201,41
201,41
201,41
201,41
201,41
201,41
201,41
201,41
201,41
201,41
201,41
201,41
201,41
201,41
201,41
201,41
201,41
201,41
201,41
201,41
201,41
201,41
201,41
201,41
201,41
201,41
201,41
201,41
201,41
201,41
201,41
201,41
201,41
201,41
201,41
201,41
201,41
201,41
201,41
201,41
201,41
201,41
201,41
201,41
201,41
201,41
201,41
201,41
201,41
201,41
201,41
201,41
201,41
201,41
201,41
201,41
201,41
201,41
201,41
201,41
201,41
201,41
201,41
201,41
201,41
201,41
201,41
201,41
201,41
201,41
201,41
201,41
201,41
201,41
201,41
201,41
201,41
201,41
201,41
201,41
201,41
201,41
201,41
201,41
201,41
201,41
201,41
201,41
201,41
201,41
201,41
201,41
201,41
201,41
201,41
201,41
201,41
201,41
201,41
201,41
201,41
201,41
201,41
201,41
201,41
201,41
201,41
201,41
201,41
201,41
201,41
201,41
201,41
201,41
201,41
201,41
201,41
201,41
201,41
201,41
201,41
201,41
201,41
201,41
201,41
201,41
201,41
201,41
201,41
201,41
201,41
201,41
201,41
201,41
201,41
201,41
201,41
201,41
201,41
201,41
201,41
201,41
201,41
201,41
201,41
201,41
201,41
201,41
201,41
201,41
201,41
201,41
201,41
201,41
201,41
201,41
201,41
201,41
201,41
201,41
201,41
201,41
201,41
201,41
201,41
201,41
201,41
201,41
201,41
201,41
201,41
201,41
201,41
201,41
201,41
201,41
201,41
201,41
201,41
201,41
201,41
201,41
201,41
201,41
201,41
201,41
201,41
201,41
201,41
201,41
201,41
201,41
201,41
201,41
201,41
201,41
201,41
201,41
201,41
201,41
201,41
201,41
201,41
201,41
201,41
201,41
201,41
201,41
201,41
201,41
201,41
201,41
201,41
201,41
201,41
201,41
201,41
201,41
201,41
201,41
201,41
201,41
201,41
201,41
201,41
201,41
201,41
201,41
201,41
201,41
201,41
201,41
201,41
201,41
201,41
201,41
201,41
201,41
201,41
201,41
201,41
201,41
201,41
201,41
201,41
201,41
201,41
201,41
201,41
201,41
201,41
201,41
201,41
201,41
201,41
201,41
201,41
201,41
201,41
201,41
201,41
201,41
201,41
201,41
201,41
201,41
201,41
201,41
201,41
201,41
201,41
201,41
201,41
201,41
201,41
201,41
201,41
201,41
201,41
201,41
201,41
201,41
201,41
201,41
201,41
201,41
201,41
201,41
201,41
201,41
201,41
201,41
201,41
201,41
201,41
201,41
201,41
201,41
201,41
201,41
201,41
201,41
201,41
201,41
201,41
201,41
201,41
201,41
201,41
201,41
201,41
201,41
201,41
201,41
201,41
201,41
201,41
201,41
201,41
201,41
201,41
201,41
201,41
201,41
201,41
201,41
201,41
201,41
201,41
201,41
201,41
201,41
201,41
201,41
201,41
201,41
201,41
201,41
201,41
200,41
201,41
201,41
201,41
201,41
201,41
201,41
201,41
201,41
201,41
201,41
201,41
201,41
201,41
201,41
201,41
201,41
201,41
201,41
201,41
201,41
201,41
201,41
201,41
201,41
201,41
201,41
201,41
201,41
201,41
201,41
200,41
200,41
200,41
200,41
200,41
200,41
200,41
200,41
200,41
200,41
200,41
200,41
200,41
200,41
200,41
200,41
200,41
200,41
200,41
200,40
200,40
200,41
200,40
200,41
200,41
200,41
200,41
200,41
200,41
200,40
200,41
200,40
200,40
200,40
200,40
199,40
199,40
199,40
199,40
199,40
199,40
199,40
199,40
199,40
199,40
199,40
199,40
198,40
198,40
198,40
198,40
198,40
198,40
198,40
198,40
198,40
198,40
198,40
198,40
198,40
198,40
198,40
198,40
198,40
198,40
198,40
198,40
198,40
198,40
198,40
198,40
197,40
197,40
198,40
198,40
198,40
198,40
198,40
198,40
198,40
198,40
198,40
198,40
198,40
198,40
198,40
198,40
198,40
198,40
197,40
197,40
198,40
197,40
197,40
197,40
198,40
197,40
197,40
197,40
197,40
197,40
197,40
197,40
197,40
197,40
197,40
197,40
197,40
197,40
197,40
197,40
197,40
197,40
197,40
197,40
197,39
197,39
196,39
196,39
196,39
196,39
196,39
196,39
196,39
196,39
196,39
196,39
196,39
196,39
196,39
196,39
196,39
196,39
196,39
196,39
196,39
196,39
196,39
196,39
196,39
196,39
196,39
196,39
196,39
196,39
196,39
196,39
196,39
196,39
196,39
196,39
196,39
196,39
196,39
196,39
196,39
196,39
196,39
196,39
196,39
196,39
196,39
196,39
196,39
196,39
196,39
196,39
196,39
196,39
196,39
196,39
196,39
196,39
196,39
195,39
195,39
195,39
195,39
195,39
195,39
195,39
195,39
195,39
195,39
195,39
195,39
195,39
195,39
195,39
195,39
195,39
195,39
195,39
195,39
195,39
195,39
195,39
195,39
195,39
195,39
194,39
195,39
195,38
195,38
195,39
194,38
195,39
194,38
194,38
194,38
194,38
194,38
194,38
194,38
194,38
194,38
194,38
194,38
194,38
194,38
194,38
194,38
194,38
194,38
194,38
194,38
194,38
194,38
194,38
194,38
194,38
194,38
194,38
194,38
194,38
194,38
194,38
194,38
194,38
194,38
194,38
194,38
193,38
193,38
193,38
193,38
193,38
193,38
193,38
193,38
193,38
193,38
193,38
193,38
193,38
193,38
193,38
193,38
193,38
193,38
193,38
193,38
193,38
193,38
193,38
193,38
193,38
192,38
192,38
192,38
192,38
192,38
192,37
192,37
192,38
192,38
192,37
192,37
192,37
192,37
192,37
192,37
192,37
192,37
192,37
192,37
192,37
192,37
192,37
192,37
192,37
192,37
192,37
192,37
192,37
191,37
191,37
191,37
191,37
191,37
191,37
191,37
191,37
191,37
191,37
191,37
191,37
190,37
190,37
190,37
190,37
190,37
190,37
190,37
190,36
190,36
190,36
189,36
189,36
189,36
189,36
189,36
189,36
189,36
189,36
189,36
189,36
189,36
189,36
189,36
189,36
189,36
189,36
189,36
189,36
189,36
189,36
188,36
188,36
188,36
188,36
188,36
188,36
188,36
188,36
188,36
187,36
187,35
187,35
187,35
187,35
187,35
187,35
187,35
187,35
186,35
186,35
186,35
186,35
186,35
186,35
186,35
186,35
185,35
185,35
185,34
185,34
185,34
184,34
184,34
184,34
184,34
184,34
184,34
183,34
183,34
183,34
183,34
183,34
182,34
182,34
182,34
182,34
182,33
182,33
181,33
181,33
181,33
181,33
181,33
181,33
181,33
181,33
181,33
180,33
180,33
180,33
180,33
180,33
180,33
180,33
180,33
179,33
179,33
179,33
179,33
179,33
179,33
179,33
179,33
179,33
179,33
179,33
179,33
179,33
179,33
179,33
179,33
179,33
179,33
179,33
179,33
179,33
179,33
179,33
179,33
179,33
179,33
179,33
179,33
179,33
179,33
179,33
179,33
179,33
179,33
179,33
179,33
179,33
179,33
179,33
179,33
179,33
179,33
179,33
179,33
179,33
178,33
178,33
178,33
178,33
178,33
178,33
179,33
178,33
178,33
178,33
178,33
178,33
178,33
178,33
178,33
178,33
178,33
178,33
178,33
178,33
178,33
178,33
178,33
178,33
178,33
178,33
178,33
178,33
177,33
177,33
177,33
177,33
177,33
177,33
177,33
177,33
177,33
177,33
177,33
177,33
177,33
177,33
177,33
177,33
177,33
176,33
176,33
176,33
176,33
176,33
176,33
176,33
176,32
176,32
176,32
176,33
176,33
176,32
176,32
176,32
176,32
176,32
176,32
176,32
176,32
176,32
176,32
175,32
175,32
175,32
175,32
175,32
175,32
175,32
175,32
175,32
175,32
175,32
175,32
175,32
175,32
175,32
175,32
175,32
175,32
175,32
175,32
175,32
175,32
175,32
175,32
174,32
174,32
174,32
174,32
174,32
174,32
174,32
174,32
174,32
174,32
174,32
174,32
174,32
174,32
174,32
174,32
173,32
173,32
173,32
173,32
173,32
173,32
173,32
173,32
173,32
172,32
172,32
172,32
172,32
172,32
171,32
171,31
171,31
170,31
170,31
170,31
170,31
170,31
169,31
169,31
169,31
169,31
168,31
168,31
168,31
167,31
167,31
167,31
166,31
166,31
166,31
166,31
166,31
165,31
165,30
165,30
165,30
165,30
164,30
164,30
164,30
164,30
163,30
163,30
163,30
163,30
163,30
163,30
162,30
162,30
162,30
162,29
161,29
161,29
161,29
160,29
160,29
160,29
159,29
159,29
159,28
159,28
158,28
158,28
158,28
158,28
158,28
157,28
157,28
157,27
156,28
156,27
156,27
156,27
155,27
155,27
155,27
155,27
154,27
154,27
154,27
154,27
154,26
154,26
154,26
153,26
153,26
153,26
153,26
153,26
152,26
152,26
152,26
152,26
152,26
151,25
151,26
151,25
150,25
150,25
150,25
150,25
150,25
149,25
149,25
149,25
149,25
149,24
149,25
148,24
148,24
148,24
148,24
147,24
147,24
147,24
147,24
147,24
146,24
146,24
146,24
146,24
146,24
146,24
146,24
146,24
146,24
146,24
146,24
145,24
145,24
145,24
145,24
145,24
145,24
145,24
145,24
145,24
145,24
145,23
145,23
145,23
145,23
145,23
145,23
145,23
145,23
144,23
144,23
144,23
144,23
144,23
144,23
144,23
144,23
143,23
143,23
143,23
143,23
142,23
142,23
141,23
141,23
141,23
140,22
140,22
140,22
140,22
140,22
140,22
140,22
139,22
139,22
139,22
139,22
139,22
139,22
139,22
139,22
138,22
138,22
138,22
138,21
138,21
137,21
137,21
137,21
137,21
137,21
137,21
137,21
137,21
137,21
136,21
136,21
136,21
136,21
136,21
136,21
136,21
136,21
136,21
136,21
136,21
136,21
136,21
136,21
136,21
136,21
136,21
136,21
136,21
136,21
136,21
136,21
136,21
136,21
136,21
135,21
135,21
135,21
135,21
135,21
135,21
135,21
135,21
135,21
135,21
135,21
135,21
135,21
135,21
135,21
134,21
134,21
134,21
134,20
134,20
133,20
133,20
133,20
133,20
133,20
132,20
132,20
132,20
132,20
132,19
131,19
131,19
131,19
130,19
130,19
130,19
130,19
130,19
130,19
130,19
130,19
130,19
129,19
129,19
129,19
129,19
129,19
129,19
129,19
129,19
129,19
129,19
129,18
129,18
129,18
129,18
129,18
129,18
128,18
128,18
128,18
128,18
128,18
128,18
128,18
128,18
128,18
128,18
128,18
128,18
128,18
128,18
128,18
128,18
128,18
128,18
128,18
128,18
127,18
127,18
127,18
127,18
127,18
127,18
126,18
126,18
126,18
126,18
126,18
126,18
126,18
125,18
125,18
125,18
125,18
125,18
125,18
124,18
124,17
124,17
124,17
124,17
124,17
123,17
123,17
123,17
123,17
123,17
123,17
123,17
123,17
123,17
123,17
123,17
123,17
123,17
123,17
123,17
123,17
123,17
123,17
123,17
123,17
123,16
123,16
123,16
123,16
123,16
123,17
123,17
123,17
123,16
123,16
123,16
123,16
123,16
123,16
123,16
123,16
123,16
123,16
123,16
123,16
123,16
123,16
123,16
123,16
123,16
123,16
123,16
123,16
123,16
122,16
122,16
122,16
123,16
123,16
123,16
123,16
123,16
123,16
123,16
122,16
123,16
123,16
123,16
123,16
123,16
123,16
123,16
122,16
122,16
123,16
123,16
122,16
122,16
122,16
122,16
123,16
123,16
122,16
123,16
123,16
122,16
123,16
122,16
122,16
122,16
122,16
122,16
122,16
122,16
122,16
122,16
122,16
122,16
122,16
122,16
122,16
122,16
122,16
122,16
122,16
122,16
122,16
122,16
122,16
122,16
122,16
122,16
122,16
122,16
122,16
122,16
122,16
122,16
122,16
122,16
122,16
122,16
122,16
122,16
122,16
122,16
122,16
122,16
122,16
122,16
122,16
122,16
122,16
122,16
122,16
122,16
122,16
122,16
122,16
122,16
122,16
122,16
122,16
122,16
122,16
122,16
122,16
122,16
122,16
122,16
122,16
122,16
122,16
122,16
122,16
122,16
122,16
122,16
122,16
122,16
122,16
122,16
122,16
122,16
122,16
122,16
122,16
122,16
122,16
122,16
122,16
122,16
122,16
122,16
122,16
122,16
122,16
122,16
122,16
122,16
122,16
122,16
122,16
122,16
122,16
122,16
122,16
122,16
122,16
122,16
122,16
122,16
122,16
122,16
122,16
122,16
122,16
122,16
122,16
122,16
122,16
122,16
122,16
122,16
122,16
122,16
122,16
122,16
122,16
122,16
122,16
122,16
122,16
122,16
122,16
122,16
122,16
122,16
122,16
122,16
122,16
122,16
122,16
122,16
122,16
122,16
122,16
122,16
122,16
122,16
122,16
122,16
122,16
122,16
122,16
122,16
122,16
122,16
122,16
122,16
122,16
122,16
122,16
122,16
122,16
122,16
122,16
122,16
122,16
122,16
122,16
122,16
122,16
122,16
122,16
122,16
122,16
122,16
122,16
122,16
122,16
122,16
122,16
122,16
122,16
122,16
122,16
122,16
122,16
122,16
122,16
122,16
122,16
122,16
122,16
122,16
122,16
122,16
122,16
122,16
122,16
122,16
122,16
122,16
122,16
122,16
122,16
122,16
122,16
122,16
122,16
122,16
122,16
122,16
122,16
122,16
122,16
122,16
122,16
122,16
122,16
122,16
122,16
122,16
122,16
122,16
122,16
122,16
122,16
122,16
122,16
122,16
122,16
122,16
122,16
122,16
122,16
122,16
122,16
122,16
122,16
122,16
122,16
122,16
122,16
122,16
122,16
122,16
122,16
122,16
122,16
122,16
122,16
122,16
122,16
122,16
122,16
122,16
122,16
122,16
122,16
122,16
122,16
122,16
122,16
122,16
122,16
122,16
122,16
122,16
122,16
122,16
122,16
122,16
122,16
122,16
122,16
122,16
122,16
122,16
122,16
122,16
122,16
122,16
122,16
122,16
122,16
122,16
122,16
122,16
122,16
122,16
122,16
122,16
122,16
122,16
122,16
122,16
122,16
122,16
122,16
122,16
122,16
122,16
122,16
122,16
122,16
122,16
122,16
122,16
122,16
122,16
122,16
122,16
122,16
122,16
122,16
122,16
122,16
122,16
122,16
122,16
122,16
122,16
122,16
122,16
122,16
122,16
122,16
122,16
122,16
122,16
122,16
122,16
122,16
122,16
122,16
122,16
122,16
122,16
122,16
122,16
122,16
122,16
122,16
122,16
122,16
122,16
122,16
122,16
122,16
122,16
122,16
122,16
122,16
122,16
122,16
122,16
122,16
122,16
122,16
122,16
122,16
122,16
122,16
122,16
122,16
122,16
122,16
122,16
122,16
122,16
122,16
122,16
122,16
122,16
122,16
122,16
122,16
122,16
122,16
122,16
122,16
122,16
122,16
122,16
122,16
122,16
122,16
122,16
122,16
122,16
122,16
122,16
122,16
122,16
122,16
122,16
122,16
122,16
122,16
122,16
122,16
122,16
122,16
122,16
122,16
122,16
122,16
122,16
122,16
122,16
122,16
122,16
122,16
122,16
122,16
122,16
122,16
122,16
122,16
122,16
122,16
122,16
122,16
122,16
122,16
122,16
122,16
122,16
122,16
122,16
122,16
122,16
122,16
122,16
122,16
122,16
122,16
122,16
122,16
122,16
122,16
122,16
122,16
122,16
122,16
122,16
122,16
122,16
122,16
122,16
122,16
122,16
122,16
122,16
122,16
122,16
122,16
122,16
122,16
122,16
122,16
122,16
122,16
122,16
122,16
122,16
122,16
122,16
122,16
122,16
122,16
122,16
122,16
122,16
122,16
122,16
122,16
122,16
122,16
122,16
122,16
122,16
122,16
122,16
122,16
122,16
122,16
122,16
122,16
122,16
122,16
122,16
122,16
122,16
122,16
122,16
122,16
122,16
122,16
122,16
122,16
122,16
122,16
122,16
122,16
122,16
122,16
122,16
122,16
122,16
122,16
122,16
122,16
122,16
122,16
122,16
122,16
122,16
122,16
122,16
122,16
122,16
122,16
122,16
122,16
122,16
122,16
122,16
122,16
122,16
122,16
122,16
122,16
122,16
122,16
122,16
122,16
122,16
122,16
122,16
122,16
122,16
122,16
122,16
122,16
122,16
122,16
122,16
122,16
122,16
122,16
122,16
122,16
122,16
122,16
122,16
122,16
122,16
122,16
122,16
122,16
122,16
122,16
122,16
122,16
122,16
122,16
122,16
122,16
122,16
122,16
122,16
122,16
122,16
122,16
122,16
122,16
122,16
122,16
122,16
122,16
122,16
122,16
122,16
122,16
122,16
122,16
122,16
122,16
122,16
122,16
122,16
122,16
122,16
122,16
122,16
122,16
122,16
122,16
122,16
122,16
122,16
122,16
122,16
122,16
122,16
122,16
122,16
122,16
122,16
122,16
122,16
122,16
122,16
122,16
122,16
122,16
122,16
122,16
122,16
122,16
122,16
122,16
122,16
122,16
122,16
122,16
122,16
122,16
122,16
122,16
122,16
122,16
122,16
122,16
122,16
122,16
122,16
122,16
122,16
122,16
122,16
122,16
122,16
122,16
122,16
122,16
122,16
122,16
122,16
122,16
122,16
122,16
122,16
122,16
122,16
122,16
122,16
122,16
122,16
122,16
122,16
122,16
122,16
121,16
122,16
121,16
121,16
121,16
121,16
121,16
121,16
121,16
121,16
121,16
121,16
121,16
120,16
120,16
120,16
120,16
120,16
120,16
120,16
120,16
120,16
120,16
120,16
120,16
120,16
120,16
120,16
120,17
120,17
120,17
120,17
120,17
120,17
120,17
120,17
120,17
119,17
119,17
119,17
119,17
119,17
119,17
119,17
119,17
119,17
119,17
119,18
119,18
119,18
119,18
119,18
119,18
119,18
119,18
119,18
119,18
119,18
119,18
119,18
119,18
119,18
118,18
118,18
118,18
118,18
118,18
118,18
118,18
118,18
118,18
118,18
118,18
118,18
118,18
118,18
118,18
118,18
118,19
118,19
118,19
118,19
118,19
118,19
118,19
118,19
118,19
118,19
118,19
118,19
118,19
118,19
118,19
118,19
118,19
118,19
117,19
117,19
117,19
117,20
117,19
117,20
117,20
117,20
117,20
117,20
117,20
117,20
117,20
117,20
117,20
117,20
117,20
117,20
117,20
117,20
117,20
117,20
117,20
117,20
117,20
117,20
117,20
117,20
117,20
116,20
116,20
116,21
116,21
116,21
116,21
116,21
116,21
116,21
115,21
115,21
115,21
115,21
115,21
115,21
115,21
114,21
114,21
114,21
114,21
114,21
114,21
114,21
114,21
113,21
113,21
113,21
113,21
113,21
113,21
113,21
113,21
113,21
112,21
112,21
112,21
112,21
112,21
112,21
112,21
112,21
112,22
112,22
112,22
112,22
111,22
111,22
111,22
111,22
111,22
111,22
111,22
111,22
111,22
111,22
111,22
111,22
110,22
110,22
110,22
110,22
110,22
110,23
110,23
110,23
110,23
110,23
110,23
110,23
110,23
110,23
110,23
110,23
109,23
109,23
109,23
109,23
109,23
109,23
109,23
109,23
109,23
109,23
109,23
109,23
109,23
109,23
109,23
109,23
109,23
109,23
109,23
109,23
109,23
109,23
109,23
109,23
109,23
109,23
108,23
108,23
108,23
108,23
108,23
108,23
108,23
108,23
108,23
108,23
108,23
108,23
108,23
108,23
108,23
108,23
108,23
108,24
108,23
108,24
108,24
108,24
108,24
108,24
108,24
107,24
107,24
107,24
107,24
107,24
107,24
107,24
107,24
107,24
107,24
107,24
107,24
107,24
107,24
107,24
107,24
107,24
107,24
107,24
107,24
106,24
106,24
106,24
106,24
106,24
106,24
106,24
106,24
106,24
106,24
106,24
106,24
106,24
106,24
106,24
106,24
106,24
105,24
105,24
105,24
105,24
105,24
105,24
105,24
105,24
105,24
105,24
105,24
105,24
105,24
105,24
105,25
105,25
104,25
104,25
104,25
104,25
104,25
104,25
104,25
104,25
104,25
104,25
104,25
104,25
104,25
104,25
104,25
104,25
103,25
103,25
103,25
103,25
103,25
103,25
103,25
103,25
103,25
103,25
103,25
103,25
103,26
103,26
102,26
102,26
102,26
102,26
102,26
102,26
102,26
102,26
102,26
102,26
101,26
101,26
101,26
101,26
101,26
101,26
101,26
100,26
100,26
100,26
100,26
100,27
100,27
100,27
100,27
100,27
100,27
100,27
99,27
99,27
99,27
99,27
99,27
99,27
99,27
98,28
98,28
98,28
98,28
97,28
97,28
97,28
97,28
97,28
97,28
97,29
96,29
96,29
96,29
95,29
95,29
95,29
95,29
94,29
94,29
94,29
94,29
94,29
93,29
93,29
93,29
93,30
92,30
92,30
92,30
91,30
91,30
91,30
90,30
90,30
90,30
90,30
89,30
89,31
89,31
89,31
89,31
89,31
89,31
88,31
88,31
88,31
88,31
88,31
88,31
88,31
88,31
87,31
87,31
87,31
87,31
87,31
87,31
87,31
87,31
87,31
87,31
86,31
86,31
86,31
86,31
86,31
86,31
86,31
86,31
86,31
86,31
86,31
86,31
86,31
86,31
86,31
86,31
86,31
86,31
86,31
86,31
86,31
86,31
86,31
86,31
86,31
86,31
85,31
85,31
85,31
85,31
85,31
86,31
85,31
85,31
85,31
85,31
85,31
85,31
85,31
85,31
85,31
85,31
85,31
85,31
85,31
85,31
85,31
85,31
85,31
85,31
85,31
85,31
85,31
85,31
85,31
85,31
85,31
85,31
85,31
85,31
85,31
85,31
85,31
85,31
85,31
85,31
85,31
85,31
85,31
85,31
85,31
85,31
85,31
85,31
85,31
85,31
85,31
85,31
85,31
85,31
85,31
85,31
85,31
85,31
85,31
85,31
85,31
85,31
85,31
85,31
85,31
85,31
85,31
85,31
85,31
85,31
85,31
85,31
85,31
85,31
85,31
85,31
85,31
85,31
85,31
85,31
85,31
85,31
85,31
85,31
85,31
85,31
84,31
84,31
84,31
84,31
84,31
84,31
84,31
84,31
84,31
84,31
84,31
84,31
84,31
84,31
84,31
84,31
83,31
83,32
83,32
83,32
83,32
82,32
82,32
82,32
82,32
82,32
81,32
81,32
81,32
81,32
81,32
81,32
80,32
80,32
80,32
80,32
80,32
80,33
80,32
80,33
80,33
79,32
79,33
79,33
79,33
79,33
79,33
79,33
79,32
79,33
79,33
79,33
79,32
79,33
79,33
79,33
79,33
79,33
79,33
79,33
78,33
78,33
78,33
78,33
78,33
78,33
78,33
78,33
78,33
78,33
78,33
78,33
78,33
78,33
78,33
78,33
78,33
78,33
78,33
78,33
78,33
77,33
77,33
77,33
77,33
77,33
77,33
77,33
77,33
77,33
77,33
77,33
76,33
76,33
76,33
76,33
76,33
76,33
76,33
76,33
76,33
76,33
76,33
76,33
76,33
75,33
75,33
75,33
75,33
75,33
75,33
75,33
75,33
75,34
75,34
75,34
75,34
75,34
75,34
75,34
75,34
75,34
75,34
75,34
75,34
75,34
74,34
74,34
74,34
74,34
74,34
74,34
74,34
74,34
74,34
74,34
73,34
73,34
73,34
73,35
73,35
73,35
73,35
73,35
73,35
73,35
73,35
73,35
73,35
72,35
72,35
72,35
72,35
72,35
72,35
72,35
72,35
72,35
72,35
72,36
72,36
71,36
71,36
71,36
71,36
71,36
71,36
71,36
71,36
71,36
71,36
70,36
70,36
70,36
70,36
70,36
70,36
70,36
70,36
70,36
70,36
70,36
69,36
69,36
69,36
69,36
69,36
69,36
69,36
69,36
68,36
68,36
68,36
68,37
68,37
68,37
68,37
68,37
68,37
68,37
68,37
67,37
67,37
67,37
67,37
67,37
67,37
67,37
67,37
67,37
67,37
66,37
66,37
66,37
66,37
66,37
66,37
66,37
66,37
66,37
66,38
66,38
65,38
65,38
65,38
65,38
65,38
65,38
65,38
65,38
65,38
65,38
65,38
65,38
65,38
65,38
64,38
64,38
64,38
64,38
64,38
64,38
64,38
64,38
64,38
64,38
64,38
64,38
64,38
64,38
64,38
64,38
64,38
64,38
64,38
64,38
64,38
64,38
64,38
64,38
64,38
64,38
64,38
64,38
64,38
63,38
63,38
63,38
63,38
63,38
63,38
63,38
63,38
63,38
63,38
63,38
63,38
63,38
63,39
63,38
63,38
63,38
63,38
63,39
63,39
63,39
63,39
63,39
63,39
63,39
63,39
63,39
63,39
63,39
63,39
63,39
63,39
63,39
63,39
63,39
63,39
63,39
63,39
63,39
63,39
63,39
63,39
63,39
62,39
62,39
62,39
62,39
62,39
62,39
62,39
62,39
62,39
62,39
62,39
62,39
62,39
62,39
62,39
62,39
62,39
62,39
62,39
62,39
62,39
62,39
62,39
62,39
62,39
62,39
62,39
62,39
62,39
62,39
62,39
62,39
62,39
62,39
62,39
62,39
62,39
62,39
62,39
62,39
61,39
61,39
61,39
61,39
61,39
61,39
61,40
61,40
61,40
61,40
61,40
61,40
61,40
60,40
60,40
60,40
60,40
60,40
60,40
60,40
60,40
59,40
59,40
59,41
59,41
58,41
58,41
58,41
58,41
58,41
58,41
57,41
57,41
57,41
57,41
57,41
57,41
57,41
57,41
57,41
57,42
57,41
57,42
57,42
57,42
57,42
57,42
57,42
57,42
57,42
57,42
57,42
57,42
57,42
57,42
57,42
57,41
57,42
57,42
57,42
57,42
57,42
57,42
56,41
56,41
56,42
56,42
56,42
56,42
56,42
56,42
56,42
56,42
56,42
56,42
56,42
56,42
56,42
56,42
56,42
56,42
56,42
56,42
56,42
56,42
56,42
56,42
56,42
56,42
56,42
56,42
56,42
56,42
56,42
56,42
56,42
56,42
55,42
55,42
55,42
55,42
55,42
55,42
55,42
55,42
55,42
55,42
55,42
55,42
55,42
55,42
55,42
55,42
54,42
54,42
54,42
54,42
54,42
54,42
53,42
53,42
53,42
53,42
52,43
52,43
52,43
52,43
52,43
52,43
52,43
51,43
51,43
51,43
51,43
51,43
51,43
51,43
51,43
51,43
51,43
51,43
51,44
50,44
50,44
50,44
50,44
50,44
50,44
50,44
50,44
50,44
50,44
50,44
50,44
50,44
50,44
50,44
50,44
50,44
50,44
50,44
50,44
50,44
50,44
50,44
50,44
50,44
50,44
50,44
50,44
50,44
50,44
50,44
49,44
49,44
49,44
49,44
49,45
49,45
49,45
49,45
49,45
49,45
48,45
48,45
48,45
48,45
48,45
48,45
48,45
48,45
48,45
48,45
48,45
48,45
47,45
47,45
47,45
47,45
47,45
47,45
47,45
47,45
47,45
47,45
47,45
47,45
47,45
47,45
47,45
47,45
47,45
47,45
47,45
47,46
47,45
47,46
47,46
47,46
47,46
47,46
47,46
47,46
47,46
46,46
46,46
46,46
46,46
46,46
46,46
46,46
46,46
46,46
46,46
46,46
46,46
46,46
46,46
46,46
46,46
46,46
46,46
46,46
46,46
46,46
46,46
46,46
46,46
46,46
46,46
46,46
46,46
46,46
46,46
46,46
46,46
46,46
46,46
46,46
46,46
46,46
46,46
46,46
45,46
45,46
45,46
45,46
45,46
45,46
45,46
45,46
45,46
45,46
45,46
45,46
45,46
45,46
45,46
45,46
45,46
45,46
45,46
45,46
45,46
45,46
45,46
45,46
45,46
45,46
45,46
45,46
45,46
45,46
45,46
45,46
45,46
45,46
45,46
45,46
45,46
45,46
45,46
45,46
45,46
45,46
45,46
45,46
45,46
45,46
45,46
45,46
45,46
45,46
45,46
45,46
45,46
45,46
45,46
45,46
45,46
45,46
45,46
45,46
45,46
45,46
45,46
45,46
45,46
45,46
45,46
45,46
45,46
45,46
45,46
45,46
45,46
45,46
45,46
45,46
45,46
45,46
45,46
45,46
45,46
45,46
45,46
45,46
45,46
45,46
45,46
45,46
45,46
45,46
45,46
45,46
45,46
45,46
45,46
45,46
45,46
45,46
45,46
45,46
45,46
45,46
45,46
45,46
45,46
45,46
45,46
45,46
45,46
45,46
45,46
45,46
45,46
45,46
45,46
45,46
45,46
45,46
45,46
45,46
45,46
45,46
45,46
45,46
45,46
45,46
45,46
45,46
45,46
45,46
45,46
45,46
45,46
45,46
45,46
45,46
45,46
45,46
45,46
45,46
45,46
45,46
45,46
45,46
45,46
45,46
45,46
45,46
45,46
45,46
45,46
45,46
45,46
45,46
45,46
45,46
45,46
45,46
45,46
45,46
45,46
45,46
45,46
45,46
45,46
45,46
45,46
45,46
45,46
45,46
45,46
45,46
45,46
45,46
45,46
45,46
45,46
45,46
45,46
45,46
45,46
45,46
45,46
45,46
45,46
45,46
45,46
45,46
45,46
45,46
45,46
45,46
45,46
45,46
45,46
45,46
45,46
45,46
45,46
45,46
45,46
45,46
45,46
45,46
45,46
45,46
45,46
45,46
45,46
45,46
45,46
45,46
45,46
45,46
45,46
45,46
45,46
45,46
45,46
45,46
45,46
45,46
45,46
45,46
45,46
45,46
45,46
45,46
45,46
45,46
45,46
45,46
45,46
45,46
45,46
45,46
45,46
45,46
45,46
45,46
45,46
45,46
45,46
45,46
45,46
45,46
45,46
45,46
45,46
45,46
45,46
45,46
45,46
45,46
45,46
45,46
45,46
45,46
45,46
45,46
45,46
45,46
45,46
45,46
45,46
45,46
45,46
45,46
45,46
45,46
45,46
45,46
45,46
45,46
45,46
45,46
45,46
45,46
45,46
45,46
45,46
45,46
45,46
45,46
45,46
45,46
45,46
45,46
45,46
45,46
45,46
45,46
45,46
45,46
45,46
45,46
45,46
45,46
45,46
45,46
45,46
45,46
45,46
45,46
45,46
45,46
45,46
45,46
45,46
45,46
45,46
45,46
45,46
45,46
45,46
45,46
45,46
45,46
45,46
45,46
45,46
45,46
45,46
45,46
45,46
45,46
45,46
45,46
45,46
45,46
45,46
45,46
45,46
45,46
45,46
45,46
45,46
45,46
45,46
45,46
45,46
45,46
45,46
45,46
45,46
45,46
45,46
45,46
45,46
45,46
45,46
45,46
45,46
45,46
45,46
45,46
45,46
45,46
45,46
45,46
45,46
45,46
45,46
45,46
45,46
45,46
45,46
45,46
45,46
45,46
45,46
45,46
45,46
45,46
45,46
45,46
45,46
45,46
45,46
45,46
45,46
45,46
45,46
45,46
45,46
45,46
45,46
45,46
45,46
45,46
45,46
45,46
45,46
45,46
45,46
45,46
45,46
45,46
45,46
45,46
45,46
45,46
45,46
45,46
45,46
45,46
45,46
45,46
45,46
45,46
45,46
45,46
45,46
45,46
45,46
45,46
45,46
45,46
45,46
45,46
45,46
45,46
45,46
45,46
45,46
45,46
45,46
45,46
45,46
45,46
45,46
45,46
45,46
45,46
45,46
45,46
45,46
45,46
45,46
45,46
45,46
45,46
45,46
45,46
45,46
45,46
45,46
45,46
45,46
45,46
45,46
45,46
45,46
45,46
45,46
45,46
45,46
45,46
45,46
45,46
45,46
45,46
45,46
45,46
45,46
45,46
45,46
45,46
45,46
45,46
45,46
45,46
45,46
45,46
45,46
45,46
45,46
45,46
45,46
45,46
45,46
45,46
45,46
45,46
45,46
45,46
45,46
45,46
45,46
45,46
45,46
45,46
45,46
45,46
45,46
45,46
45,46
45,46
45,46
45,46
45,46
45,46
45,46
45,46
45,46
45,46
45,46
45,46
45,46
45,46
45,46
45,46
45,46
45,46
45,46
45,46
45,46
45,46
45,46
45,46
45,46
45,46
45,46
45,46
45,46
45,46
45,46
45,46
45,46
45,46
45,46
45,46
45,46
45,46
45,46
45,46
45,46
45,46
45,46
45,46
45,46
45,46
45,46
45,46
45,46
45,46
45,46
45,46
45,46
45,46
45,46
45,46
45,46
45,46
45,46
45,46
45,46
45,46
45,46
45,46
45,46
45,46
45,46
45,46
45,46
45,46
45,46
45,46
45,46
45,46
45,46
45,46
45,46
45,46
45,46
45,46
45,46
45,46
45,46
45,46
45,46
45,47
45,46
45,46
45,46
45,46
45,46
45,46
45,46
45,47
45,46
45,46
45,46
45,46
45,47
45,46
45,47
45,47
45,47
45,47
45,47
45,47
45,47
45,47
45,47
45,47
45,47
45,47
45,47
45,47
45,47
45,47
45,47
45,47
45,47
45,47
45,47
45,47
45,47
45,46
45,46
45,46
45,46
45,46
45,46
45,46
45,46
45,46
45,46
45,47
45,46
45,46
45,46
45,46
45,46
45,46
45,46
45,47
45,47
45,47
45,47
45,47
45,47
45,47
45,47
45,47
45,47
45,47
45,47
45,47
45,47
45,47
45,47
45,47
45,47
45,47
45,47
45,47
45,47
45,47
45,47
45,47
45,47
45,47
45,47
45,47
45,47
45,47
45,47
45,48
45,48
45,48
45,48
45,48
45,48
45,48
45,48
45,48
45,48
45,48
45,49
45,49
45,49
45,49
45,49
45,49
45,49
45,49
45,49
45,49
45,49
45,49
45,49
45,50
45,50
45,50
45,50
45,50
45,50
45,50
45,50
45,50
45,50
45,50
45,50
45,50
45,50
45,50
45,50
45,50
45,51
45,51
45,51
45,51
45,51
45,51
45,51
45,51
45,51
45,51
45,51
45,51
45,51
45,51
45,51
45,51
45,51
45,51
45,51
45,51
45,51
45,51
45,51
45,51
45,51
45,51
45,51
45,51
44,51
45,51
45,51
45,51
44,51
45,51
45,51
45,51
45,51
45,51
44,51
44,51
44,51
44,51
44,51
44,51
44,51
44,51
44,51
44,51
44,51
44,51
44,51
44,51
44,51
44,51
44,52
44,52
44,52
44,52
44,52
44,52
44,52
44,52
44,52
44,52
44,52
44,52
44,52
44,52
44,52
44,52
44,52
44,52
44,52
44,52
44,52
44,52
44,52
44,52
44,52
44,52
44,52
44,52
44,52
44,52
44,52
44,52
44,52
44,52
44,52
44,52
44,52
44,52
44,52
44,52
44,52
44,52
44,52
44,52
44,52
44,52
44,52
44,52
44,53
44,53
44,53
44,53
44,53
44,53
44,53
44,53
44,53
44,53
44,53
44,53
44,53
44,53
44,53
44,53
44,53
44,53
44,53
44,53
44,53
44,53
44,53
44,53
44,53
44,53
44,53
44,53
44,53
44,54
44,54
44,54
44,54
44,54
44,54
44,54
44,54
44,54
44,54
44,54
44,54
44,54
44,54
44,54
44,54
44,54
44,54
44,54
44,54
44,54
44,54
44,54
44,54
44,54
44,54
44,54
44,54
44,54
44,54
44,54
44,54
44,54
44,54
44,54
44,54
44,54
44,54
44,54
44,54
44,54
44,54
44,54
44,54
44,54
44,54
44,54
44,54
44,54
44,54
44,54
44,54
44,54
44,54
44,54
44,54
44,54
43,54
44,54
44,54
43,55
43,55
43,55
43,55
43,55
43,55
43,55
43,55
43,55
43,55
43,55
43,55
43,55
43,55
43,55
43,55
43,55
43,55
43,55
43,55
43,55
43,55
43,55
43,55
43,56
43,56
43,56
43,56
43,56
43,56
43,56
43,56
43,56
43,56
43,56
43,56
43,56
43,56
43,56
43,56
43,56
43,56
43,56
43,56
43,56
43,56
43,56
43,56
43,56
43,56
43,56
43,56
43,56
43,56
43,56
42,56
42,57
42,57
42,57
42,57
42,57
42,57
42,57
42,57
42,57
42,57
42,58
42,58
42,58
42,58
42,58
42,58
42,58
42,58
42,58
42,59
42,59
42,59
42,59
42,59
42,59
42,59
42,59
42,59
42,59
42,59
42,59
42,59
42,59
42,59
42,60
42,60
42,60
42,60
42,60
41,60
41,60
41,60
41,60
41,61
41,61
41,61
41,61
41,61
41,61
41,61
41,62
41,62
41,62
41,62
41,62
41,62
41,62
41,62
41,62
41,62
41,62
41,62
41,62
40,62
40,63
40,63
40,63
40,63
40,63
40,63
40,64
40,64
40,64
40,64
40,64
40,64
40,64
40,64
40,64
40,65
40,65
40,65
40,65
40,65
40,65
40,65
40,65
40,65
40,65
40,65
40,65
40,65
40,65
40,66
40,66
40,66
40,66
40,66
40,66
40,66
40,66
40,66
40,66
40,66
40,66
40,66
40,66
40,66
40,66
40,66
40,66
40,66
40,66
40,66
40,66
40,66
40,66
40,66
40,66
40,66
40,66
40,66
40,66
40,66
40,66
40,66
40,66
40,66
40,66
40,66
40,66
40,66
40,66
40,66
40,66
40,66
40,66
40,66
40,66
39,67
39,67
39,67
39,67
39,67
39,68
39,68
39,69
39,69
39,69
39,69
39,69
39,69
39,70
39,70
39,70
39,70
39,70
39,70
39,70
39,70
39,70
39,70
39,70
39,70
39,70
39,70
39,70
39,70
39,70
39,70
39,70
39,70
39,70
39,70
39,70
39,70
39,70
39,70
39,70
39,70
39,70
39,70
39,70
39,70
39,70
39,71
39,71
39,71
39,71
39,71
39,71
39,71
39,71
38,71
38,71
39,71
38,71
38,71
38,71
38,71
38,71
38,72
38,72
38,72
38,72
38,72
38,72
38,72
38,72
38,73
38,72
38,73
38,73
38,73
38,73
38,73
38,73
38,73
37,73
37,74
37,74
37,74
37,74
37,74
37,74
37,74
37,74
37,74
37,75
37,75
37,75
37,75
37,75
37,75
37,75
37,75
37,75
37,75
37,75
37,76
37,76
37,76
37,76
37,76
37,76
37,76
37,76
37,76
37,76
37,76
37,76
37,76
37,76
37,76
37,76
37,76
37,76
36,77
36,77
36,77
36,77
36,77
36,77
36,77
36,77
36,77
36,77
36,78
36,78
36,78
36,78
36,78
36,78
36,78
36,78
36,79
36,79
36,79
36,79
36,79
36,79
36,79
36,79
36,79
36,79
36,79
36,80
36,80
36,80
36,80
36,80
36,80
36,80
36,80
35,80
35,81
35,81
35,81
35,81
35,81
35,81
35,81
35,81
35,82
35,82
35,82
35,82
35,83
35,83
35,83
35,83
35,83
35,83
35,83
35,83
35,84
35,84
35,84
35,84
35,84
35,84
35,84
35,85
35,85
35,85
35,85
35,85
35,85
35,85
35,85
35,85
35,85
35,85
35,86
35,86
35,86
35,86
35,86
35,86
35,86
35,87
35,87
35,87
35,87
35,87
35,88
34,88
34,88
34,88
34,89
34,89
34,90
34,90
34,90
34,91
33,91
33,91
33,92
33,92
33,92
33,92
33,93
33,93
33,94
33,94
33,94
32,95
32,95
32,95
32,96
32,96
32,96
32,97
31,97
31,97
31,97
31,97
31,97
31,97
31,97
31,97
31,97
31,97
31,97
31,97
31,97
31,97
31,98
31,98
31,98
31,98
31,98
31,98
30,97
30,97
31,98
30,98
30,97
30,98
30,98
30,98
30,98
30,98
30,98
30,98
30,98
30,98
30,98
30,98
30,98
30,98
30,98
30,98
30,98
30,98
30,98
30,98
30,98
30,98
30,98
30,98
30,98
30,98
30,98
30,98
30,98
30,98
30,98
30,98
30,98
30,98
30,98
30,98
30,98
30,98
30,98
30,99
30,99
30,99
30,99
30,99
30,99
30,100
30,100
30,100
30,101
30,101
30,101
30,101
29,101
29,101
29,102
29,102
29,102
29,102
29,103
29,103
29,103
29,103
29,103
29,103
29,103
29,103
29,104
29,104
29,104
29,104
29,104
29,104
29,104
29,104
29,104
29,104
29,104
29,104
29,105
29,105
29,105
29,105
29,105
29,105
29,105
29,105
29,105
29,105
29,105
29,105
28,105
28,105
28,105
28,105
28,105
28,105
28,105
28,106
28,106
28,106
28,106
28,106
28,106
28,106
28,106
28,106
28,106
28,106
28,106
28,106
28,106
28,106
28,107
28,107
28,107
28,107
28,107
28,107
28,107
28,107
28,107
28,107
28,107
28,108
28,108
28,108
28,108
28,108
28,108
28,108
28,108
28,108
28,108
28,108
28,108
28,109
28,108
28,108
28,109
28,109
28,109
27,109
27,109
27,109
27,109
27,109
27,109
27,109
27,110
27,110
27,110
27,110
27,111
27,111
27,111
27,111
27,111
27,111
26,112
26,112
26,112
26,112
26,112
26,113
26,113
26,113
26,114
26,114
26,114
26,115
25,115
25,115
25,115
25,115
25,116
25,116
25,116
25,116
25,116
25,116
25,116
25,116
25,117
25,117
25,117
25,117
25,117
24,117
25,118
24,118
24,118
24,118
24,118
24,118
24,118
24,118
24,118
24,119
24,119
24,119
24,119
24,119
24,119
24,119
24,119
24,119
24,120
24,120
24,120
24,120
24,120
24,120
24,120
24,120
24,120
24,120
24,120
24,120
24,121
24,121
24,121
24,121
24,121
24,121
24,121
24,121
24,122
24,122
24,122
24,122
24,122
24,122
24,123
24,123
24,123
24,123
24,124
24,124
24,124
24,124
24,124
24,124
24,124
24,124
24,124
24,124
24,124
24,124
24,124
24,124
24,124
24,124
24,124
24,124
24,124
24,124
24,124
24,124
24,124
24,124
24,124
24,124
24,124
24,124
24,124
24,124
24,124
24,124
24,124
24,124
24,124
24,124
24,124
24,124
24,124
24,124
24,124
24,124
24,124
24,124
24,124
24,124
24,124
24,124
24,124
24,124
24,124
24,124
24,124
24,124
24,124
24,124
24,124
24,124
24,124
24,124
24,124
24,124
24,124
24,124
24,124
24,124
24,124
24,124
24,124
24,124
24,124
24,124
24,124
24,124
24,124
24,124
24,124
24,124
24,124
24,124
24,124
24,124
24,124
24,124
24,124
24,124
24,124
24,124
24,124
24,124
24,124
24,124
24,124
24,124
24,124
24,124
24,124
24,124
24,124
24,124
24,124
24,124
24,124
24,124
24,124
24,124
24,124
24,124
24,124
24,124
24,124
24,124
24,124
24,124
24,124
24,124
24,124
24,124
24,124
24,124
24,124
24,124
24,124
24,124
24,124
24,124
24,124
24,124
24,124
24,124
24,124
24,124
24,124
24,124
24,124
24,124
24,124
24,124
24,124
24,124
24,124
24,124
24,124
24,124
24,124
24,124
24,124
24,124
24,124
24,124
24,124
24,124
24,124
24,124
24,124
24,124
24,124
24,124
24,124
24,124
24,124
24,124
24,124
24,124
24,124
24,124
24,124
24,124
24,124
24,124
24,124
24,124
24,124
24,124
24,124
24,124
24,124
24,124
24,124
24,124
24,124
24,124
24,124
24,124
24,124
24,124
24,124
24,124
24,124
24,124
24,124
24,124
24,124
24,124
24,124
24,124
24,124
24,124
24,124
24,124
24,124
24,124
24,124
24,124
24,124
24,124
24,124
24,124
24,124
24,124
24,124
24,124
24,124
24,124
24,124
24,124
24,124
24,124
24,124
24,124
24,124
24,124
24,124
24,124
24,124
24,124
24,124
24,124
24,124
24,124
24,124
24,124
24,124
24,124
24,124
24,124
24,124
24,124
24,124
24,124
24,124
24,124
24,124
24,124
24,124
24,124
24,124
24,124
24,124
24,124
24,124
24,124
24,124
24,124
24,124
24,124
24,124
24,124
24,124
24,124
24,124
24,124
24,124
24,124
24,124
24,124
24,124
24,124
24,124
24,124
24,124
24,124
24,124
24,124
24,124
24,124
24,124
24,124
24,124
24,124
24,124
24,124
24,124
24,124
24,124
24,124
24,124
24,124
24,124
24,124
24,124
24,124
24,124
24,124
24,124
24,124
24,124
24,124
24,124
24,124
24,124
24,124
24,124
24,124
24,124
24,124
24,124
24,124
24,124
24,124
24,124
24,124
24,124
24,124
24,124
24,124
24,124
24,124
24,124
24,124
24,124
24,124
24,124
24,124
24,124
24,124
24,124
24,124
24,124
24,124
24,124
24,124
24,124
24,124
24,124
24,124
24,124
24,124
24,124
24,124
24,124
24,124
24,124
24,124
24,124
24,124
24,124
24,124
24,124
24,124
24,124
24,124
24,124
24,124
24,124
24,124
24,124
24,124
24,124
24,124
24,124
24,124
24,124
24,124
24,124
24,124
24,124
24,124
24,124
24,124
24,124
24,124
24,124
24,124
24,124
24,124
24,124
24,124
24,124
24,124
24,124
24,124
24,124
24,124
24,124
24,124
24,124
24,124
24,124
24,124
24,124
24,124
24,124
24,124
24,124
24,124
24,124
24,124
24,124
24,124
24,124
24,124
24,124
24,124
24,124
24,124
24,124
24,124
24,124
24,124
24,124
24,124
24,124
24,124
24,124
24,124
24,124
24,124
24,124
24,124
24,124
24,124
24,124
24,124
24,124
24,124
24,124
24,124
24,124
24,124
24,124
24,124
24,124
24,124
24,124
24,124
24,124
24,124
24,124
24,124
24,124
24,124
24,124
24,124
24,124
24,124
24,124
24,124
24,124
24,124
24,124
24,124
24,124
24,124
24,124
24,124
24,124
24,124
24,124
24,124
24,124
24,124
24,124
24,124
24,124
24,124
24,124
24,124
24,124
24,124
24,124
24,124
24,124
24,124
24,124
24,124
24,124
24,124
24,124
24,124
24,124
24,124
24,124
24,124
24,124
24,124
24,124
24,124
24,124
24,124
24,124
24,124
24,124
24,124
24,124
24,124
24,124
24,124
24,124
24,124
24,124
24,124
24,124
24,124
24,124
24,124
24,124
24,124
24,124
24,124
24,124
24,124
24,124
24,124
24,124
24,124
24,124
24,124
24,124
24,124
24,124
24,124
24,124
24,124
24,124
24,124
24,124
24,124
24,124
24,124
24,124
24,124
24,124
24,124
24,124
24,124
24,124
24,124
24,124
24,124
24,124
24,124
24,124
24,124
24,124
24,124
24,124
24,124
24,124
24,124
24,124
24,124
24,124
24,124
24,124
24,124
24,124
24,124
24,124
24,124
24,124
24,124
24,124
24,124
24,124
24,124
24,124
24,124
24,124
24,124
24,124
24,124
24,124
24,124
24,124
24,124
24,124
24,124
24,124
24,124
24,124
24,124
24,124
24,124
24,124
24,124
24,124
24,124
24,124
24,124
24,124
24,124
24,124
24,124
24,124
24,124
24,124
24,124
24,124
24,124
24,124
24,124
24,124
24,124
24,124
24,124
24,124
24,124
24,124
24,124
24,124
24,124
24,124
24,124
24,124
24,124
24,124
24,124
24,124
24,124
24,124
24,124
24,124
24,124
24,124
24,124
24,124
24,124
24,124
24,124
24,124
24,124
24,124
24,124
24,124
24,125
24,125
24,125
24,125
24,125
24,125
24,125
24,125
24,125
24,125
24,125
24,125
24,125
24,125
24,125
24,126
24,126
24,126
24,126
24,126
24,126
24,126
24,126
24,126
24,126
24,126
24,126
24,126
24,126
24,126
24,127
24,127
24,127
25,127
25,127
25,127
24,127
25,127
25,127
25,127
25,128
25,128
25,128
25,128
25,128
25,128
25,128
25,128
25,128
25,128
25,128
25,128
25,128
25,128
25,128
25,129
25,129
25,129
25,129
25,129
25,129
25,129
25,129
25,130
25,130
25,130
25,130
25,130
26,131
26,131
26,131
26,131
26,131
26,131
26,132
26,132
26,132
26,132
26,132
27,132
27,133
27,133
27,133
27,133
27,134
27,134
27,134
27,134
27,135
28,135
28,135
28,135
28,135
28,136
28,136
28,136
28,136
28,137
28,137
28,138
29,138
29,138
29,139
29,139
29,139
29,139
29,140
29,140
29,140
29,140
29,140
29,141
30,141
30,141
30,141
30,142
30,142
30,142
30,142
30,142
30,142
30,142
30,143
30,143
30,143
30,143
30,143
30,143
30,144
31,144
31,144
31,145
31,145
31,145
31,145
31,146
31,146
31,147
32,147
32,148
32,148
32,149
33,149
33,150
33,150
33,151
33,151
34,152
34,152
34,153
34,153
34,154
34,154
35,154
35,155
35,155
35,155
35,156
35,156
35,157
35,157
35,157
35,158
35,158
35,158
35,159
35,159
35,159
35,160
36,160
36,160
36,160
36,160
36,160
36,160
36,160
36,161
36,161
36,161
36,161
36,162
36,162
36,162
36,162
36,162
36,163
36,163
36,163
36,164
37,164
37,164
37,164
37,165
37,165
37,165
37,165
37,166
37,166
37,167
37,167
37,168
38,168
38,168
38,169
38,169
38,169
38,170
38,170
38,170
38,171
38,171
38,171
39,172
39,172
39,173
39,173
39,173
39,174
40,174
40,174
40,175
40,175
40,176
40,176
40,176
40,177
40,177
40,177
40,178
40,178
40,178
40,178
40,179
41,179
41,179
41,179
41,179
41,179
41,180
41,180
41,180
41,180
41,180
41,180
41,180
41,180
41,181
41,181
41,181
41,181
41,181
41,181
41,182
41,182
41,182
42,182
42,183
42,183
42,183
42,183
42,184
42,184
43,184
43,184
43,184
43,185
43,185
43,185
43,185
43,185
43,185
43,185
43,186
43,186
44,186
43,186
43,186
43,186
44,186
44,186
44,187
44,187
44,187
44,187
44,187
44,187
44,188
44,188
44,188
44,188
44,189
44,189
44,189
45,189
45,190
45,190
45,190
45,190
45,191
45,191
46,191
46,191
46,192
46,192
46,192
46,192
46,192
46,193
46,193
46,193
46,193
46,193
46,193
46,193
46,194
46,194
46,194
46,194
46,194
46,194
47,194
47,194
47,194
47,195
47,195
47,195
47,195
47,195
47,195
47,196
47,196
47,196
48,196
48,196
48,196
48,197
48,197
48,197
48,197
48,197
48,197
49,197
49,198
49,198
49,198
49,198
49,198
49,198
49,198
49,198
49,198
49,198
49,198
49,198
49,198
49,198
49,198
49,198
49,198
49,198
49,198
49,198
49,198
49,198
49,198
49,198
49,198
49,198
49,198
49,198
49,198
49,198
49,198
49,198
49,198
49,198
49,198
49,198
49,198
49,198
49,198
49,198
49,198
49,198
49,198
49,198
49,198
49,198
49,198
49,198
49,198
49,198
49,198
49,198
49,198
49,198
49,198
49,198
49,198
49,198
49,198
49,198
49,198
49,198
49,198
49,198
49,198
49,198
49,198
49,198
49,198
49,198
49,198
49,198
49,198
49,198
49,198
49,198
49,198
49,198
49,198
49,198
49,198
49,198
49,198
49,198
49,198
49,198
49,198
49,198
49,198
49,198
49,198
49,198
49,198
49,198
49,198
49,198
49,198
49,198
49,198
49,198
49,198
49,198
49,198
49,198
49,198
49,198
49,198
49,198
49,198
49,198
49,198
49,198
49,198
49,198
49,198
49,198
49,198
49,198
49,198
49,198
49,198
49,198
49,198
49,198
49,198
49,198
49,198
49,198
49,198
49,198
49,198
49,198
49,198
49,198
49,198
49,198
49,198
49,198
49,198
49,198
49,198
49,198
49,198
49,198
49,198
49,198
49,198
49,198
49,198
49,198
49,198
49,198
49,198
49,198
49,198
49,198
50,198
49,198
49,198
50,198
49,198
50,198
50,198
50,198
50,198
50,198
50,198
50,198
50,198
50,198
50,198
50,198
50,198
50,198
50,198
50,198
50,198
50,198
50,198
50,198
50,198
50,198
50,198
50,198
50,198
50,198
50,198
50,198
50,198
50,198
50,198
50,198
50,198
50,198
50,198
50,198
50,198
50,198
50,198
50,198
50,198
50,198
50,198
50,198
50,198
50,198
50,198
50,198
50,198
50,198
50,198
50,198
50,198
50,198
50,198
50,198
50,198
50,198
50,198
50,198
50,198
50,198
50,198
50,198
50,198
50,198
50,198
50,198
50,198
50,198
50,198
50,198
50,198
50,198
50,198
51,199
51,199
51,199
51,199
51,199
51,199
51,199
51,199
52,199
52,199
52,199
52,200
52,200
52,200
53,200
53,200
53,200
53,200
53,200
54,200
54,200
54,200
54,200
54,200
54,200
54,200
55,201
55,201
55,201
56,201
56,201
56,201
56,201
57,201
57,201
57,201
58,201
58,201
59,201
59,201
59,201
60,201
60,201
60,201
60,202
60,202
60,202
60,202
60,202
60,202
60,202
60,202
60,202
60,202
60,202
60,202
60,202
60,202
60,202
60,202
60,202
60,202
60,202
60,202
60,202
60,202
60,202
60,202
60,202
60,202
60,202
60,202
60,202
60,202
60,202
60,202
60,202
60,202
60,202
60,202
60,202
60,202
60,202
60,202
60,202
60,202
60,202
60,202
60,202
60,202
60,202
61,202
60,202
60,202
60,202
60,202
60,202
60,202
60,202
60,202
61,202
60,202
60,202
61,202
61,202
61,202
61,202
60,202
60,202
60,202
60,202
61,202
61,202
61,202
61,202
61,202
61,202
61,202
61,202
61,202
61,202
61,202
61,202
61,202
61,202
61,202
61,202
61,202
61,202
61,202
61,202
61,202
61,202
61,202
61,202
61,202
61,202
61,202
61,202
61,202
61,202
61,202
61,202
61,202
61,202
61,202
61,202
61,202
61,202
61,202
61,202
61,202
61,202
61,202
61,202
61,202
61,202
61,202
61,202
61,202
61,202
61,202
61,202
61,202
61,202
61,202
61,202
61,202
61,202
61,202
61,202
61,202
61,202
61,202
61,202
61,202
61,202
61,202
61,202
61,202
61,202
61,202
61,202
61,202
61,202
61,202
61,202
61,202
61,202
61,202
61,202
61,202
61,202
61,202
61,202
61,202
61,202
61,202
61,202
61,202
61,202
61,202
61,202
62,202
62,202
62,202
63,203
64,203
64,203
64,203
65,204
65,204
66,204
66,204
67,205
68,205
68,205
70,206
71,206
73,207
74,207
75,207
76,208
76,208
77,208
77,208
77,209
77,209
78,209
78,209
80,209
81,210
82,210
83,210
84,210
85,210
86,211
86,211
87,211
87,211
88,211
88,212
89,212
91,212
93,212
94,213
95,213
95,213
96,214
96,214
97,215
98,215
99,215
99,215
101,216
102,217
103,216
104,216
105,217
106,217
107,218
107,218
107,218
108,219
108,219
109,220
109,220
110,221
110,221
111,221
112,221
113,221
113,222
114,222
115,222
115,222
116,222
117,222
117,222
118,222
118,222
118,222
119,222
119,223
119,223
119,223
119,223
120,223
120,223
120,223
120,223
120,223
120,223
120,223
120,223
120,223
120,223
120,223
120,223
120,223
120,223
120,223
120,223
120,223
120,223
120,223
120,223
120,223
120,223
120,223
120,223
120,223
120,223
120,223
120,223
120,223
120,223
120,223
120,223
120,223
120,223
121,223
121,223
121,223
121,223
121,223
121,223
121,223
121,223
121,223
121,223
121,223
121,223
121,223
121,223
121,223
121,223
121,223
121,223
121,223
121,223
121,223
121,223
121,223
121,223
121,223
121,223
121,223
122,223
121,223
122,223
122,223
122,223
122,223
123,223
123,223
123,223
123,223
123,224
123,224
124,224
124,224
124,224
124,224
124,224
124,224
124,224
124,224
124,224
124,224
124,224
125,224
125,224
125,224
125,224
125,224
125,224
125,224
125,224
125,224
125,224
125,224
125,224
125,224
125,224
125,224
125,224
125,224
125,224
125,224
125,224
126,224
126,224
126,224
126,225
126,225
126,225
127,225
127,225
127,225
127,225
127,225
127,225
127,226
127,226
128,226
128,226
128,226
128,226
128,226
128,226
128,226
128,226
128,226
128,226
128,226
128,226
128,225
128,226
128,226
128,226
128,226
128,226
128,226
128,226
128,226
128,226
128,226
128,226
128,226
128,226
128,226
128,226
128,226
128,226
128,226
128,226
128,226
128,226
128,226
128,226
128,226
128,226
128,226
128,226
128,226
128,226
128,226
128,226
128,226
128,226
128,226
128,226
128,226
128,226
128,226
128,226
128,226
128,226
128,226
128,226
128,226
128,226
128,226
128,226
128,226
128,226
128,226
128,226
128,226
128,226
128,226
128,226
128,226
128,226
128,226
128,226
128,226
128,226
128,226
128,226
128,226
128,226
128,226
129,226
128,226
128,226
128,226
128,226
128,226
128,226
128,226
128,226
128,226
128,226
128,226
128,226
128,226
128,226
128,226
129,226
129,226
129,226
129,226
129,226
129,226
129,226
129,226
129,226
129,226
129,226
129,226
129,226
129,226
129,226
129,226
129,226
129,226
129,226
128,226
128,226
129,226
129,226
129,226
129,226
129,226
129,226
129,226
129,226
129,226
129,226
129,226
129,226
129,226
129,226
129,226
129,226
129,226
129,226
129,226
129,226
129,226
129,226
129,226
129,226
129,226
129,226
129,226
129,226
129,226
129,226
129,226
129,226
128,226
128,226
129,226
129,226
129,226
129,226
129,226
129,226
129,226
129,226
129,226
129,226
129,226
129,226
129,226
129,226
129,226
129,226
129,226
129,226
129,226
129,226
129,226
129,226
129,226
129,226
129,226
129,226
129,226
129,226
129,226
129,226
129,226
129,226
128,226
128,226
128,226
129,226
129,226
129,226
129,226
129,226
129,226
129,226
129,226
129,226
129,226
129,226
129,226
129,226
129,226
129,226
128,226
129,226
129,226
129,226
129,226
129,226
129,226
129,226
129,226
129,226
129,226
129,226
129,226
129,226
129,226
129,226
128,226
128,226
128,226
128,226
128,226
128,226
128,226
128,226
128,226
128,226
128,226
128,226
128,226
128,226
128,226
128,226
128,226
128,226
128,226
128,226
128,226
128,226
128,226
128,226
128,226
128,226
128,226
128,226
128,226
129,226
129,226
128,226
128,226
128,226
128,226
128,226
128,226
128,226
128,226
128,226
128,226
128,226
128,226
128,226
128,226
128,226
128,226
128,226
128,226
128,226
128,226
128,226
128,226
128,226
128,226
128,226
128,226
128,226
128,226
128,226
128,226
128,226
128,226
128,226
128,226
128,226
128,226
128,226
128,226
128,226
128,226
128,226
128,226
128,226
128,226
128,226
128,226
128,226
128,226
128,226
128,226
128,226
128,226
128,226
128,226
128,226
128,226
128,226
128,226
128,226
128,226
128,226
128,226
128,226
128,226
128,226
128,226
128,226
128,226
128,226
128,226
128,226
128,226
128,226
128,226
128,226
128,226
128,226
128,226
128,226
128,226
128,226
128,226
128,226
128,226
128,226
128,226
128,226
128,226
128,226
128,226
128,226
128,226
128,226
128,226
128,226
128,226
128,226
128,226
128,226
128,226
128,226
128,226
128,226
128,226
128,226
128,226
128,226
128,226
128,226
128,226
128,226
128,226
128,226
128,226
128,226
128,226
128,226
128,226
128,226
128,226
128,226
128,226
128,226
128,226
128,226
128,226
128,226
128,226
128,226
128,226
128,226
128,226
128,226
128,226
128,226
128,226
128,226
128,226
128,226
127,226
128,226
128,226
128,226
128,226
128,226
128,226
128,226
128,226
128,226
128,226
128,226
128,226
128,226
128,226
128,226
128,226
128,226
127,226
128,226
128,226
128,226
128,226
128,226
128,226
128,226
128,226
128,226
128,226
128,226
128,226
128,226
128,226
128,226
127,226
127,226
127,226
127,226
127,226
127,226
127,226
127,226
127,226
127,226
127,226
127,226
127,226
127,226
127,226
127,226
127,226
127,226
127,226
127,226
127,226
127,226
127,226
127,226
127,226
127,226
127,226
127,226
127,226
127,226
127,226
127,226
127,226
127,226
127,226
127,226
127,226
127,226
127,226
127,226
127,226
127,226
127,226
127,226
127,226
127,226
127,226
127,226
127,226
127,226
127,226
127,226
127,226
127,226
127,226
127,226
127,226
127,226
127,226
127,226
127,226
127,226
127,226
127,226
127,226
127,226
127,226
127,226
126,226
126,226
126,226
126,226
126,226
126,226
126,226
126,226
126,226
126,226
126,226
126,226
126,226
126,226
126,226
126,226
126,226
126,226
126,226
126,226
126,226
126,226
126,226
126,226
126,226
126,226
126,226
126,226
126,226
126,226
126,226
126,226
126,226
126,226
126,226
126,226
126,226
126,226
126,226
126,226
126,226
126,226
126,226
126,226
126,226
126,226
126,226
126,226
126,226
126,226
126,226
126,226
126,226
126,226
126,226
126,226
126,226
126,226
126,226
126,226
126,226
126,226
126,226
126,226
126,226
126,226
126,226
126,226
126,226
126,226
126,226
126,226
126,226
126,226
126,226
126,226
126,226
126,226
126,226
126,226
126,226
126,226
126,226
126,226
126,226
126,226
126,226
126,226
126,226
126,226
126,226
126,226
126,226
126,226
126,226
126,226
126,226
126,226
126,226
126,226
126,226
126,226
126,226
126,226
126,226
126,226
126,226
126,226
126,226
126,226
126,226
126,226
126,226
126,226
126,226
126,226
126,226
126,226
126,226
126,226
126,226
126,226
126,226
126,226
126,226
126,226
126,226
126,226
126,226
126,226
126,226
126,226
126,226
126,226
126,226
126,226
126,226
126,226
126,226
126,226
126,226
126,226
126,226
126,226
126,226
126,226
126,226
126,226
126,226
126,226
126,226
126,226
126,226
126,226
126,226
126,226
126,226
126,226
126,226
126,226
126,226
126,226
126,226
126,226
126,226
126,226
126,226
126,226
126,226
126,226
126,226
126,226
126,226
126,226
126,226
126,226
126,226
126,226
126,226
126,226
126,226
126,226
126,226
126,226
126,226
126,226
126,226
126,226
126,226
126,226
126,226
126,226
126,226
126,226
126,226
126,226
126,226
126,226
126,226
126,226
126,226
126,226
126,226
126,226
125,226
125,226
125,226
125,226
125,226
125,226
125,226
125,226
125,226
125,226
125,226
125,226
125,226
125,226
125,226
125,226
125,226
125,226
125,226
125,226
125,226
125,226
125,226
125,226
125,226
125,226
125,226
125,226
125,226
125,226
126,226
125,226
125,226
125,226
125,226
125,226
125,226
125,226
125,226
125,226
125,226
125,226
125,226
125,226
125,226
125,226
125,226
125,226
125,226
125,226
125,226
125,226
125,226
125,226
125,226
125,226
125,226
125,226
125,226
125,226
125,226
125,226
125,226
125,226
125,226
125,226
125,226
125,226
125,226
125,226
125,226
125,226
125,226
125,226
125,226
125,226
125,226
125,226
125,226
125,226
125,226
125,226
125,226
125,226
125,226
125,226
125,226
125,226
125,226
125,226
125,226
125,226
125,226
125,226
125,226
125,226
125,226
125,226
125,226
126,226
126,226
126,226
125,225
125,225
125,226
125,226
125,226
125,226
125,226
125,226
125,226
125,226
125,226
125,226
125,226
125,226
125,226
125,226
125,226
125,226
125,226
125,226
125,226
125,226
125,226
125,226
125,226
125,226
125,226
125,226
125,226
125,226
125,226
125,226
125,226
125,226
125,225
125,226
125,226
125,226
125,226
125,226
125,226
125,226
125,226
125,226
125,226
125,226
125,226
125,226
125,226
125,226
125,226
125,226
125,226
125,226
125,226
125,226
125,226
125,226
125,226
125,226
125,226
125,226
125,226
125,226
126,226
125,226
126,226
126,226
125,225
125,225
125,226
125,226
125,226
125,226
125,226
126,226
125,226
126,226
126,226
126,226
126,226
126,226
126,226
126,226
126,226
126,226
126,226
126,226
126,226
126,226
126,226
126,226
126,226
126,226
126,226
126,226
126,226
126,226
126,226
126,226
126,226
126,226
125,225
125,226
126,226
126,226
126,226
126,226
126,226
126,226
126,226
126,226
126,226
126,226
126,226
126,226
126,226
126,226
126,226
126,226
126,226
126,226
126,226
126,226
126,226
126,226
126,226
126,226
126,226
126,226
126,226
126,226
126,226
126,226
126,226
126,226
125,226
126,226
126,226
126,226
126,226
126,226
126,226
126,226
126,226
126,226
126,226
126,226
126,226
126,226
126,226
126,226
126,226
126,226
126,226
126,226
126,226
126,226
126,226
126,226
126,226
126,226
126,226
126,226
126,226
126,226
126,226
126,226
126,226
126,226
126,226
126,226
126,226
126,226
126,226
126,226
126,226
126,226
126,226
126,226
126,226
126,226
126,226
126,226
126,226
126,226
126,226
126,226
126,226
126,226
126,226
126,226
126,226
126,226
126,226
126,226
126,226
126,226
126,226
126,226
126,226
126,226
126,226
126,226
126,226
126,226
126,226
126,226
126,226
126,226
126,226
126,226
126,226
126,226
126,226
126,226
126,226
126,226
126,226
126,226
126,226
126,226
126,226
126,226
126,226
126,226
126,226
126,226
126,226
126,226
126,226
126,226
126,226
126,226
126,226
126,226
126,226
126,226
126,226
126,226
126,226
126,226
126,226
126,226
126,226
126,226
126,226
126,226
126,226
126,226
126,226
126,226
126,226
126,226
126,226
126,226
126,226
126,226
126,226
126,226
126,226
126,226
126,226
126,226
126,226
126,226
126,226
126,226
126,226
126,226
126,226
126,226
126,226
126,226
126,226
126,226
126,226
126,226
126,226
126,226
126,226
126,226
126,226
126,226
126,226
126,226
126,226
126,226
126,226
126,226
126,226
126,226
126,226
126,226
126,226
126,226
126,226
126,226
126,226
126,226
126,226
126,226
126,226
126,226
126,226
126,226
126,226
126,226
126,226
126,226
126,226
126,226
126,226
126,226
126,226
126,226
126,226
126,226
126,226
126,226
126,226
126,226
126,226
126,226
126,226
126,226
126,226
126,226
126,226
126,226
126,226
126,226
126,226
126,226
126,226
126,226
126,226
126,226
126,226
126,226
126,225
126,226
126,226
126,226
126,226
126,226
126,226
126,226
126,226
126,226
126,226
126,226
126,226
126,226
126,226
126,226
126,226
126,226
126,226
126,226
126,226
126,226
126,226
126,226
126,226
126,226
126,226
126,226
126,226
126,226
126,226
126,226
126,226
126,226
126,225
126,225
126,226
126,226
126,226
126,226
126,226
126,226
126,226
126,226
126,226
126,226
126,226
126,226
126,226
126,226
126,226
126,226
126,226
126,226
126,226
126,226
126,226
126,226
126,226
126,226
126,226
126,226
126,226
126,226
126,226
126,226
126,226
126,226
126,225
126,226
126,226
126,226
126,226
126,226
126,226
126,226
126,226
126,226
126,226
126,226
126,226
126,226
126,226
126,226
126,226
126,226
126,226
126,226
126,226
126,226
126,226
126,226
126,226
126,226
126,226
126,226
126,226
126,226
126,226
126,226
126,226
126,226
126,226
126,226
126,226
126,226
126,226
126,226
126,226
126,226
126,226
126,226
126,226
126,226
126,226
126,226
126,226
126,226
126,226
126,226
126,226
126,226
126,226
126,226
126,226
126,226
126,226
126,226
127,226
127,226
127,226
127,226
127,226
127,226
127,226
127,226
127,226
127,226
127,226
127,226
127,226
127,226
127,226
127,226
127,226
127,226
127,226
127,226
127,226
127,226
127,226
127,226
127,226
127,226
127,226
127,226
127,226
128,226
128,226
128,226
128,226
128,226
128,226
128,226
128,226
128,226
128,226
128,226
128,226
128,226
127,226
127,226
128,226
128,226
128,226
128,226
128,226
128,226
128,226
128,226
128,226
128,226
128,226
128,226
128,226
128,226
128,226
128,226
128,226
128,226
128,226
128,226
128,226
128,226
128,226
128,226
128,226
128,226
128,226
128,226
128,226
128,226
128,226
128,226
128,226
128,226
128,226
128,226
128,226
128,226
128,226
128,226
128,226
128,226
128,226
128,226
128,226
128,226
128,226
128,226
128,226
128,226
128,226
128,226
128,226
128,226
128,226
128,226
128,226
128,226
128,226
128,226
128,226
128,226
128,226
128,226
128,226
128,226
128,226
128,226
128,226
128,226
128,226
128,226
128,226
128,226
128,226
128,226
128,226
128,226
128,226
128,226
128,226
128,226
128,226
128,226
128,226
128,226
128,226
128,226
128,226
128,226
128,226
128,226
128,226
128,226
128,226
128,226
128,226
128,226
128,226
128,226
128,226
128,226
128,226
128,226
128,226
128,226
128,226
128,226
128,226
128,226
128,226
128,226
128,226
128,226
128,226
128,226
128,226
128,226
128,226
128,226
128,226
128,226
128,226
128,226
128,226
128,226
128,226
128,226
128,226
128,226
128,226
128,226
128,226
128,226
127,226
128,226
128,226
128,226
128,226
128,226
128,226
128,226
128,226
128,226
128,226
128,226
128,226
128,226
128,226
128,226
128,226
128,226
128,226
128,226
128,226
128,226
128,226
128,226
128,226
128,226
128,226
128,226
128,226
128,226
128,226
128,226
128,226
128,226
127,226
127,226
128,226
128,226
128,226
128,226
128,226
128,226
128,226
128,226
128,226
128,226
128,226
128,226
128,226
128,226
128,226
128,226
128,226
128,226
128,226
128,226
128,226
128,226
128,226
128,226
128,226
128,226
128,226
128,226
128,226
128,226
128,226
128,226
127,226
127,226
127,226
128,226
128,226
128,226
128,226
128,226
128,226
128,226
128,226
128,226
128,226
128,226
128,226
128,226
128,226
128,226
128,226
128,226
128,226
128,226
128,226
128,226
128,226
128,226
128,226
128,226
128,226
128,226
128,226
128,226
128,226
128,226
127,226
127,226
127,226
128,226
128,226
128,226
128,226
128,226
128,226
128,226
128,226
128,226
128,226
128,226
128,226
128,226
128,226
128,226
127,226
128,226
128,226
128,226
128,226
128,226
128,226
128,226
128,226
128,226
128,226
128,226
128,226
128,226
128,226
128,226
127,226
127,226
127,226
127,226
128,226
128,226
128,226
128,226
128,226
128,226
128,226
128,226
128,226
128,226
128,226
128,226
128,226
128,226
127,226
127,226
128,226
128,226
128,226
128,226
128,226
128,226
128,226
128,226
128,226
128,226
128,226
128,226
128,226
128,226
127,226
127,226
127,226
127,226
127,226
128,226
128,226
127,226
128,226
127,226
128,226
127,226
127,226
128,226
128,226
128,226
128,226
127,226
127,226
127,226
128,226
127,226
127,226
128,226
128,226
128,226
128,226
128,226
128,226
128,226
128,226
128,226
128,226
127,226
127,226
127,226
127,226
127,226
127,226
127,226
127,226
127,226
127,226
127,226
127,226
127,226
127,226
127,226
127,226
127,226
127,226
127,226
127,226
127,226
127,226
127,226
127,226
127,226
127,226
127,226
127,226
127,226
127,226
127,226
127,226
127,226
127,226
127,226
127,226
127,226
127,226
127,226
127,226
127,226
127,226
127,226
127,226
127,226
127,226
127,226
127,226
127,226
127,226
127,226
127,226
127,226
127,226
127,226
127,226
127,226
127,226
127,226
127,226
127,226
127,226
127,226
127,226
127,226
127,226
127,226
127,226
127,226
127,226
127,226
127,226
127,226
127,226
127,226
127,226
127,226
127,226
127,226
127,226
127,226
127,226
127,226
127,226
127,226
127,226
127,226
127,226
127,226
127,226
127,226
127,226
127,226
127,226
127,226
127,226
127,226
127,226
127,226
127,226
127,226
127,226
127,226
127,226
127,226
127,226
127,226
127,226
127,226
127,226
127,226
127,226
127,226
127,226
127,226
127,226
127,226
127,226
127,226
127,226
127,226
127,226
127,226
127,226
127,226
127,226
127,226
127,226
127,226
127,226
127,226
127,226
127,226
127,226
127,226
127,226
127,226
127,226
127,226
127,226
127,226
127,226
127,226
127,226
127,226
127,226
127,226
127,226
127,226
127,226
127,226
127,226
127,226
127,226
127,226
127,226
127,226
127,226
127,226
127,226
127,226
127,226
127,226
127,226
127,226
127,226
127,226
127,226
127,226
127,226
127,226
127,226
127,226
127,226
127,226
127,226
127,226
127,226
127,226
127,226
127,226
127,226
127,226
127,226
127,226
127,226
127,226
127,226
127,226
127,226
127,226
127,226
127,226
127,226
127,226
127,226
127,226
127,226
127,226
127,226
127,226
127,226
127,226
127,226
127,226
127,226
127,226
127,226
127,226
127,226
127,226
127,226
127,226
127,226
127,226
127,226
127,226
127,226
127,226
127,226
127,226
127,226
127,226
127,226
127,226
127,226
127,226
127,226
127,226
127,226
127,226
127,226
127,226
127,226
127,226
127,226
127,226
127,226
127,226
127,226
127,226
127,226
127,226
127,226
127,226
127,226
127,226
127,226
127,226
127,226
127,226
127,226
127,226
127,226
127,226
127,226
127,226
127,226
127,226
127,226
127,226
127,226
127,226
127,226
127,226
127,226
127,226
127,226
127,226
127,226
127,226
127,226
127,226
127,226
127,226
127,226
127,226
127,226
127,226
127,226
127,226
127,226
127,226
127,226
127,226
127,226
127,226
127,226
127,226
127,226
127,226
127,226
127,226
127,226
127,226
127,226
127,226
127,226
127,226
127,226
127,226
127,226
127,226
127,226
127,226
127,226
127,226
127,226
127,226
127,226
127,226
127,226
127,226
127,226
127,226
127,226
127,226
127,226
127,226
127,226
127,226
127,226
127,226
127,226
127,226
127,226
127,226
127,226
127,226
127,226
127,226
127,226
127,226
127,226
127,226
127,226
127,226
127,226
127,226
127,226
127,226
127,226
127,226
127,226
127,226
127,226
127,226
127,226
127,226
127,226
127,226
127,226
127,226
127,226
127,226
127,226
127,226
127,226
127,226
127,226
127,226
127,226
127,226
127,226
127,226
127,226
127,226
127,226
127,226
127,226
127,226
127,226
127,226
127,226
127,226
127,226
127,226
127,226
127,226
127,226
127,226
127,226
127,226
127,226
127,226
127,226
127,226
127,226
127,226
127,226
127,226
127,226
127,226
127,226
127,226
127,226
127,226
127,226
127,226
127,226
127,226
127,226
127,226
127,226
127,226
127,226
127,226
127,226
127,226
127,226
127,226
127,226
127,226
127,226
127,226
127,226
127,226
127,226
127,226
127,226
127,226
127,226
127,226
127,226
127,226
127,226
127,226
127,226
127,226
127,226
127,226
127,226
127,226
127,226
127,226
127,226
127,226
127,226
127,226
127,226
127,226
127,226
127,226
127,226
127,226
127,226
127,226
127,226
127,226
127,226
127,226
127,226
127,226
127,226
127,226
127,226
127,226
127,226
127,226
127,226
127,226
127,226
127,226
127,226
127,226
127,226
127,226
127,226
127,226
127,226
127,226
127,226
127,226
127,226
127,226
127,226
127,226
127,226
127,226
127,226
127,226
127,226
127,226
127,226
127,226
127,226
127,226
127,226
127,226
127,226
127,226
127,226
127,226
127,226
127,226
127,226
127,226
127,226
127,226
127,226
127,226
127,226
127,226
127,226
127,226
127,226
127,226
127,226
127,226
127,226
127,226
127,226
127,226
127,226
127,226
127,226
127,226
127,226
127,226
127,226
127,226
127,226
127,226
127,226
127,226
127,226
127,226
127,226
127,226
127,226
127,226
127,226
127,226
127,226
127,226
127,226
127,226
127,226
127,226
127,226
127,226
127,226
127,226
127,226
127,226
127,226
127,226
127,226
127,226
127,226
127,226
127,226
127,226
127,226
127,226
127,226
127,226
127,226
127,226
127,226
127,226
127,226
127,226
127,226
127,226
127,226
127,226
127,226
127,226
127,226
127,226
127,226
127,226
127,226
127,226
127,226
127,226
127,226
127,226
127,226
127,226
127,226
127,226
127,226
127,226
127,226
127,226
127,226
127,226
127,226
127,226
127,226
127,226
127,226
127,226
127,226
127,226
127,226
127,226
127,226
127,226
127,226
127,226
127,226
127,226
127,226
127,226
127,226
127,226
127,226
127,226
127,226
127,226
127,226
127,226
127,226
127,226
127,226
127,226
127,226
127,226
127,226
127,226
127,226
127,226
127,226
127,226
127,226
127,226
127,226
127,226
127,226
127,226
127,226
127,226
127,226
127,226
127,226
127,226
127,226
127,226
127,226
127,226
127,226
127,226
127,226
127,226
127,226
127,226
127,226
127,226
127,226
127,226
127,226
127,226
127,226
127,226
127,226
127,226
127,226
127,226
127,226
127,226
127,226
127,226
127,226
127,226
127,226
127,226
127,226
127,226
127,226
127,226
127,226
127,226
127,226
127,226
127,226
127,226
127,226
127,226
127,226
127,226
127,226
127,226
127,226
127,226
127,226
127,226
127,226
127,226
127,226
127,226
127,226
127,226
127,226
127,226
127,226
127,226
127,226
127,226
127,226
127,226
127,226
127,226
127,226
127,226
127,226
127,226
127,226
127,226
127,226
127,226
127,226
127,226
127,226
127,226
127,226
127,226
127,226
127,226
127,226
127,226
127,226
127,226
127,226
127,226
127,226
127,226
127,226
127,226
127,226
127,226
127,226
127,226
127,226
127,226
127,226
127,226
127,226
127,226
127,226
127,226
127,226
127,226
127,226
127,226
127,226
127,226
127,226
127,226
127,226
127,226
127,226
127,226
127,226
127,226
127,226
127,226
127,226
127,226
127,226
127,226
127,226
127,226
127,226
127,226
127,226
127,226
127,226
127,226
127,226
127,226
127,226
127,226
127,226
127,226
127,226
127,226
127,226
127,226
127,226
127,226
127,226
127,226
127,226
127,226
127,226
127,226
127,226
127,226
127,226
127,226
127,226
127,226
127,226
127,226
127,226
127,226
127,226
127,226
127,226
127,226
127,226
127,226
127,226
127,226
127,226
127,226
127,226
127,226
127,226
127,226
127,226
127,226
127,226
127,226
127,226
127,226
127,226
127,226
127,226
127,226
127,226
127,226
127,226
127,226
127,226
127,226
127,226
127,226
127,226
127,226
127,226
127,226
127,226
127,226
127,226
127,226
127,226
127,226
127,226
127,226
127,226
127,226
127,226
127,226
127,226
127,226
127,226
127,226
127,226
127,226
127,226
127,226
127,226
127,226
127,226
127,226
127,226
127,226
127,226
127,226
127,226
127,226
127,226
127,226
127,226
127,226
127,226
127,226
127,226
127,226
127,226
127,226
127,226
127,226
127,226
127,226
127,226
127,226
127,226
127,226
127,226
127,226
127,226
127,226
127,226
127,226
127,226
127,226
127,226
127,226
127,226
127,226
127,226
127,226
127,226
127,226
127,226
127,226
127,226
127,226
127,226
127,226
127,226
127,226
127,226
127,226
127,226
127,226
127,226
127,226
127,226
127,226
127,226
127,226
127,226
127,226
127,226
127,226
127,226
127,226
127,226
127,226
127,226
127,226
127,226
127,226
127,226
127,226
127,226
127,226
127,226
127,226
127,226
127,226
127,226
127,226
127,226
127,226
127,226
127,226
127,226
127,226
127,226
127,226
127,226
127,226
127,226
127,226
127,226
127,226
127,226
127,226
127,226
127,226
127,226
127,226
127,226
127,226
127,226
127,226
127,226
127,226
127,226
127,226
127,226
127,226
127,226
127,226
127,226
127,226
127,226
127,226
127,226
127,226
127,226
127,226
127,226
127,226
127,226
127,226
127,226
127,226
127,226
127,226
127,226
127,226
127,226
127,226
127,226
127,226
127,226
127,226
127,226
127,226
127,226
127,226
127,226
127,226
127,226
127,226
127,226
127,226
127,226
127,226
127,226
127,226
127,226
127,226
127,226
127,226
127,226
127,226
127,226
127,226
127,226
127,226
127,226
127,226
127,226
127,226
127,226
127,226
127,226
127,226
127,226
127,226
127,226
127,226
127,226
127,226
127,226
127,226
127,226
127,226
127,226
127,226
127,226
127,226
127,226
127,226
127,226
127,226
127,226
127,226
127,226
127,226
127,226
127,226
127,226
127,226
127,226
127,226
127,226
127,226
127,226
127,226
127,226
127,226
127,226
127,226
127,226
127,226
127,226
127,226
127,226
127,226
127,226
127,226
127,226
127,226
127,226
127,226
127,226
127,226
127,226
127,226
127,226
127,226
127,226
127,226
127,226
127,226
127,226
127,226
127,226
127,226
127,226
127,226
127,226
127,226
127,226
127,226
127,226
127,226
127,226
127,226
127,226
127,226
127,226
127,226
127,226
127,226
127,226
127,226
127,226
127,226
127,226
127,226
127,226
127,226
127,226
127,226
127,226
128,226
127,226
127,226
127,226
127,226
127,226
128,226
127,226
127,226
127,226
127,226
127,226
127,226
127,226
127,226
127,226
127,226
127,226
127,226
127,226
127,226
127,226
128,226
127,226
127,226
127,226
127,226
127,226
127,226
127,226
127,226
128,226
128,226
128,226
128,226
128,226
128,226
128,226
128,226
127,226
128,226
127,226
127,226
127,226
127,226
127,226
127,226
127,226
128,226
127,226
127,226
127,226
128,226
128,226
127,226
128,226
127,226
127,226
128,226
127,226
127,226
127,226
128,226
128,226
128,226
128,226
128,226
128,226
128,226
128,226
128,226
128,226
128,226
128,226
128,226
127,226
127,226
127,226
127,226
127,226
127,226
128,226
128,226
127,226
128,226
128,226
128,226
128,226
127,226
128,226
128,226
128,226
127,226
127,226
127,226
127,226
128,226
128,226
128,226
127,226
128,226
128,226
128,226
128,226
128,226
128,226
128,226
128,226
128,226
127,226
127,226
127,226
127,226
127,226
127,226
127,226
128,226
127,226
128,226
127,226
128,226
128,226
128,226
127,226
127,226
128,226
127,226
127,226
127,226
127,226
128,226
128,226
128,226
128,226
128,226
128,226
128,226
128,226
128,226
128,226
128,226
128,226
128,226
127,226
127,226
127,226
127,226
127,226
127,226
128,226
128,226
127,226
127,226
128,226
128,226
128,226
127,226
127,226
128,226
128,226
128,226
127,226
127,226
128,226
128,226
128,226
128,226
128,226
128,226
128,226
128,226
128,226
128,226
128,226
128,226
128,226
128,226
127,226
127,226
127,226
127,226
127,226
127,226
128,226
128,226
127,226
128,226
128,226
128,226
127,226
128,226
127,226
128,226
127,226
127,226
127,226
127,226
127,226
128,226
128,226
128,226
128,226
128,226
128,226
128,226
128,226
128,226
128,226
128,226
128,226
128,226
127,226
127,226
127,226
127,226
127,226
127,226
127,226
128,226
127,226
128,226
127,226
128,226
128,226
128,226
128,226
127,226
127,226
128,226
127,226
127,226
127,226
128,226
128,226
127,226
128,226
128,226
128,226
128,226
128,226
128,226
128,226
128,226
128,226
128,226
127,226
127,226
127,226
127,226
127,226
128,226
128,226
128,226
128,226
127,226
127,226
128,226
128,226
128,226
128,226
127,226
128,226
127,226
127,226
127,226
127,226
128,226
128,226
128,226
128,226
128,226
128,226
128,226
128,226
128,226
128,226
128,226
128,226
128,226
127,226
127,226
127,226
127,226
127,226
127,226
128,226
128,226
127,226
128,226
128,226
128,226
128,226
127,226
128,226
128,226
128,226
127,226
127,226
127,226
128,226
128,226
128,226
128,226
128,226
128,226
128,226
128,226
128,226
128,226
128,226
128,226
128,226
128,226
127,226
127,226
127,226
127,226
127,226
127,226
128,226
128,226
128,226
128,226
127,226
127,226
128,226
128,226
128,226
128,226
128,226
127,226
127,226
127,226
128,226
128,226
128,226
128,226
128,226
128,226
128,226
128,226
128,226
128,226
128,226
128,226
128,226
128,226
127,226
127,226
127,226
128,226
127,226
128,226
128,226
128,226
128,226
128,226
128,226
128,226
128,226
128,226
128,226
128,226
128,226
128,226
127,226
127,226
128,226
128,226
128,226
128,226
128,226
128,226
128,226
128,226
128,226
128,226
128,226
128,226
128,226
128,226
127,226
127,226
127,226
128,226
128,226
128,226
128,226
128,226
128,226
128,226
128,226
128,226
128,226
128,226
128,226
128,226
128,226
128,226
128,226
128,226
128,226
128,226
128,226
128,226
128,226
128,226
128,226
128,226
128,226
128,226
128,226
128,226
128,226
128,226
128,226
128,226
128,226
128,226
128,226
128,226
128,226
128,226
128,226
128,226
128,226
128,226
128,226
128,226
128,226
128,226
128,226
128,226
128,226
128,226
128,226
128,226
128,226
128,226
128,226
128,226
128,226
128,226
128,226
128,226
128,226
128,226
128,226
128,226
128,226
128,226
128,226
128,226
128,226
128,226
128,226
128,226
128,226
128,226
128,226
128,226
128,226
128,226
128,226
128,226
128,226
128,226
128,226
128,226
128,226
128,226
128,226
128,226
128,226
128,226
128,226
128,226
128,226
128,226
128,226
128,226
128,226
128,226
128,226
128,226
128,226
128,226
128,226
128,226
128,226
128,226
128,226
128,226
128,226
128,226
128,226
128,226
128,226
128,226
128,226
128,226
128,226
128,226
128,226
128,226
128,226
128,226
128,226
128,226
128,226
128,226
128,226
128,226
128,226
128,226
128,226
128,226
128,226
128,226
128,226
128,226
128,226
128,226
128,226
128,226
128,226
128,226
128,226
128,226
128,226
128,226
128,226
128,226
128,226
128,226
128,226
128,226
128,226
128,226
128,226
128,226
128,226
128,226
128,226
128,226
128,226
128,226
128,226
128,226
128,226
128,226
128,226
128,226
128,226
128,226
128,226
128,226
128,226
128,226
128,226
128,226
128,226
128,226
128,226
128,226
128,226
128,226
128,226
128,226
128,226
128,226
128,226
128,226
128,226
128,226
128,226
128,226
128,226
128,226
128,226
128,226
128,226
128,226
128,226
128,226
128,226
128,226
128,226
128,226
128,226
128,226
128,226
128,226
128,226
128,226
128,226
128,226
128,226
128,226
128,226
128,226
128,226
128,226
128,226
128,226
128,226
128,226
128,226
128,226
128,226
128,226
128,226
128,226
128,226
128,226
128,226
128,226
128,226
128,226
128,226
128,226
128,226
128,226
128,226
128,226
128,226
128,226
128,226
128,226
128,226
128,226
128,226
128,226
128,226
128,226
128,226
128,226
128,226
128,226
128,226
128,226
128,226
128,226
128,226
128,226
128,226
128,226
128,226
128,226
128,226
128,226
128,226
128,226
128,226
128,226
128,226
128,226
128,226
128,226
128,226
128,226
128,226
128,226
128,226
128,226
128,226
128,226
128,226
128,226
128,226
128,226
128,226
128,226
128,226
128,226
128,226
128,226
128,226
128,226
128,226
128,226
128,226
128,226
128,226
128,226
128,226
128,226
128,226
128,226
128,226
128,226
128,226
128,226
128,226
128,226
128,226
128,226
128,226
128,226
128,226
128,226
128,226
128,226
128,226
128,226
128,226
128,226
128,226
128,226
128,226
128,226
128,226
128,226
128,226
128,226
128,226
128,226
128,226
128,226
128,226
128,226
128,226
128,226
128,226
128,226
128,226
128,226
128,226
128,226
128,226
128,226
128,226
128,226
128,226
128,226
128,226
128,226
128,226
128,226
128,226
128,226
128,226
128,226
128,226
128,226
128,226
128,226
128,226
128,226
128,226
128,226
128,226
128,226
128,226
128,226
128,226
128,226
128,226
128,226
128,226
128,226
128,226
128,226
128,226
128,226
128,226
128,226
128,226
128,226
128,226
128,226
128,226
128,226
128,226
128,226
128,226
128,226
128,226
128,226
128,226
128,226
128,226
128,226
128,226
128,226
128,226
128,226
128,226
128,226
128,226
128,226
128,226
128,226
128,226
128,226
128,226
128,226
128,226
128,226
128,226
128,226
128,226
128,226
128,226
128,226
128,226
128,226
128,226
128,226
128,226
128,226
128,226
128,226
128,226
128,226
128,226
128,226
128,226
128,226
128,226
128,226
128,226
128,226
128,226
128,226
128,226
128,226
128,226
128,226
128,226
128,226
128,226
128,226
128,226
128,226
128,226
128,226
128,226
128,226
128,226
128,226
128,226
128,226
128,226
128,226
128,226
128,226
128,226
128,226
128,226
128,226
128,226
128,226
128,226
128,226
128,226
128,226
128,226
128,226
128,226
128,226
128,226
128,226
128,226
128,226
128,226
128,226
128,226
128,226
128,226
128,226
128,226
128,226
128,226
128,226
128,226
128,226
128,226
128,226
128,226
128,226
128,226
128,226
128,226
128,226
128,226
128,226
128,226
128,226
128,226
128,226
128,226
128,226
128,226
128,226
128,226
128,226
128,226
128,226
128,226
128,226
128,226
128,226
128,226
128,226
128,226
128,226
128,226
128,226
128,226
128,226
128,226
128,226
128,226
128,226
128,226
128,226
128,226
128,226
128,226
128,226
128,226
128,226
128,226
128,226
128,226
128,226
128,226
128,226
128,226
128,226
128,226
128,226
128,226
128,226
128,226
128,226
128,226
128,226
128,226
128,226
128,226
128,226
128,226
128,226
128,226
128,226
128,226
128,226
128,226
128,226
128,226
128,226
128,226
128,226
128,226
128,226
128,226
128,226
128,226
128,226
128,226
128,226
128,226
128,226
128,226
128,226
128,226
128,226
128,226
128,226
128,226
128,226
128,226
128,226
128,226
128,226
128,226
128,226
128,226
128,226
128,226
128,226
128,226
128,226
128,226
128,226
128,226
128,226
128,226
128,226
128,226
128,226
128,226
128,226
128,226
128,226
128,226
128,226
128,226
128,226
128,226
128,226
128,226
128,226
128,226
128,226
128,226
128,226
128,226
128,226
128,226
128,226
128,226
128,226
128,226
128,226
128,226
128,226
128,226
128,226
128,226
128,226
128,226
128,226
128,226
128,226
128,226
128,226
128,226
128,226
128,226
128,226
128,226
128,226
128,226
128,226
128,226
128,226
128,226
128,226
128,226
128,226
128,226
128,226
128,226
128,226
128,226
128,226
128,226
128,226
128,226
128,226
128,226
128,226
128,226
128,226
128,226
128,226
128,226
128,226
128,226
128,226
128,226
128,226
128,226
128,226
128,226
128,226
128,226
128,226
128,226
128,226
128,226
128,226
128,226
128,226
128,226
128,226
128,226
128,226
128,226
128,226
128,226
128,226
128,226
128,226
128,226
128,226
128,226
128,226
128,226
128,226
128,226
128,226
128,226
128,226
128,226
128,226
128,226
128,226
128,226
128,226
128,226
128,226
128,226
128,226
128,226
128,226
128,226
128,226
128,226
128,226
128,226
128,226
128,226
128,226
128,226
128,226
128,226
128,226
128,226
128,226
128,226
128,226
128,226
128,226
128,226
128,226
128,226
128,226
128,226
128,226
128,226
128,226
128,226
128,226
128,226
128,226
128,226
128,226
128,226
128,226
128,226
128,226
128,226
128,226
128,226
128,226
128,226
128,226
128,226
128,226
128,226
128,226
128,226
128,226
128,226
128,226
128,226
128,226
128,226
128,226
128,226
128,226
128,226
128,226
128,226
128,226
128,226
128,226
128,226
128,226
128,226
128,226
128,226
128,226
128,226
128,226
128,226
128,226
128,226
128,226
128,226
128,226
128,226
128,226
128,226
128,226
128,226
128,226
128,226
128,226
128,226
128,226
128,226
128,226
128,226
128,226
128,226
128,226
128,226
128,226
128,226
128,226
128,226
128,226
128,226
128,226
128,226
128,226
128,226
128,226
128,226
128,226
128,226
128,226
128,226
128,226
128,226
128,226
128,226
128,226
128,226
128,226
128,226
128,226
128,226
128,226
128,226
128,226
128,226
128,226
128,226
128,226
128,226
128,226
128,226
128,226
128,226
128,226
128,226
128,226
128,226
128,226
128,226
128,226
128,226
128,226
128,226
128,226
128,226
128,226
128,226
128,226
128,226
128,226
128,226
128,226
128,226
128,226
128,226
128,226
128,226
128,226
128,226
128,226
128,226
128,226
128,226
128,226
128,226
128,226
128,226
128,226
128,226
128,226
128,226
128,226
128,226
128,226
128,226
128,226
128,226
128,226
128,226
128,226
128,226
128,226
128,226
128,226
128,226
128,226
128,226
128,226
128,226
128,226
128,226
128,226
128,226
128,226
128,226
128,226
128,226
128,226
128,226
128,226
128,226
128,226
128,226
128,226
128,226
128,226
128,226
128,226
128,226
128,226
128,226
128,226
128,226
128,226
128,226
128,226
128,226
128,226
128,226
128,226
128,226
128,226
128,226
128,226
128,226
128,226
128,226
128,226
128,226
128,226
128,226
128,226
128,226
128,226
128,226
128,226
128,226
128,226
128,226
128,226
128,226
128,226
128,226
128,226
128,226
128,226
128,226
128,226
128,226
128,226
128,226
128,226
128,226
128,226
128,226
128,226
128,226
128,226
128,226
128,226
128,226
128,226
128,226
128,226
128,226
128,226
128,226
128,226
128,226
128,226
128,226
128,226
128,226
128,226
128,226
128,226
128,226
128,226
128,226
128,226
128,226
128,226
128,226
128,226
128,226
128,226
128,226
128,226
128,226
128,226
128,226
128,226
128,226
128,226
128,226
128,226
128,226
128,226
128,226
128,226
128,226
128,226
128,226
128,226
128,226
128,226
128,226
128,226
128,226
128,226
128,226
128,226
128,226
128,226
128,226
128,226
128,226
128,226
128,226
128,226
128,226
128,226
128,226
128,226
128,226
128,226
128,226
128,226
128,226
128,226
128,226
128,226
128,226
128,226
128,226
128,226
128,226
128,226
128,226
128,226
128,226
128,226
128,226
128,226
128,226
128,226
128,226
128,226
128,226
128,226
128,226
128,226
128,226
128,226
128,226
128,226
128,226
128,226
128,226
128,226
128,226
128,226
128,226
128,226
128,226
128,226
128,226
128,226
128,226
128,226
128,226
128,226
128,226
128,226
128,226
128,226
128,226
128,226
128,226
128,226
128,226
128,226
128,226
128,226
128,226
128,226
128,226
128,226
128,226
128,226
128,226
128,226
128,226
128,226
128,226
128,226
128,226
128,226
128,226
128,226
128,226
128,226
128,226
128,226
128,226
128,226
128,226
128,226
128,226
128,226
128,226
128,226
128,226
128,226
128,226
128,226
128,226
128,226
128,226
128,226
128,226
128,226
128,226
128,226
128,226
128,226
128,226
128,226
128,226
128,226
128,226
128,226
128,226
128,226
128,226
128,226
128,226
128,226
128,226
128,226
128,226
128,226
128,226
128,226
128,226
128,226
128,226
128,226
128,226
128,226
128,226
128,226
128,226
128,226
128,226
128,226
128,226
128,226
128,226
128,226
128,226
128,226
128,226
128,226
128,226
128,226
128,226
128,226
128,226
128,226
128,226
128,226
128,226
128,226
128,226
128,226
128,226
128,226
128,226
128,226
128,226
128,226
128,226
128,226
128,226
128,226
128,226
128,226
128,226
128,226
128,226
128,226
128,226
128,226
128,226
128,226
128,226
128,226
128,226
128,226
128,226
128,226
128,226
128,226
128,226
128,226
128,226
128,226
128,226
128,226
128,226
128,226
128,226
128,226
128,226
128,226
128,226
128,226
128,226
128,226
128,226
128,226
128,226
128,226
128,226
128,226
128,226
128,226
128,226
128,226
128,226
128,226
128,226
128,226
128,226
128,226
128,226
128,226
128,226
128,226
128,226
128,226
128,226
128,226
128,226
128,226
128,226
128,226
128,226
128,226
128,226
128,226
128,226
128,226
128,226
128,226
128,226
128,226
128,226
128,226
128,226
128,226
128,226
128,226
128,226
128,226
128,226
128,226
128,226
128,226
128,226
128,226
128,226
128,226
128,226
128,226
128,226
128,226
128,226
128,226
128,226
128,226
128,226
128,226
128,226
128,226
128,226
128,226
128,226
128,226
128,226
128,226
128,226
128,226
128,226
128,226
128,226
128,226
128,226
128,226
128,226
128,226
128,226
128,226
128,226
128,226
128,226
128,226
128,226
128,226
128,226
128,226
128,226
128,226
128,226
128,226
128,226
128,226
128,226
128,226
128,226
128,226
128,226
128,226
128,226
128,226
128,226
128,226
128,226
128,226
128,226
128,226
128,226
128,226
128,226
128,226
128,226
128,226
128,226
128,226
128,226
128,226
128,226
128,226
128,226
128,226
128,226
128,226
128,226
128,226
128,226
128,226
128,226
128,226
128,226
128,226
128,226
128,226
128,226
128,226
128,226
128,226
128,226
128,226
128,226
128,226
128,226
128,226
128,226
128,226
128,226
128,226
128,226
128,226
128,226
128,226
128,226
128,226
128,226
128,226
128,226
128,226
128,226
128,226
128,226
128,226
128,226
128,226
128,226
128,226
128,226
128,226
128,226
128,226
128,226
128,226
128,226
128,226
128,226
128,226
128,226
128,226
128,226
128,226
128,226
128,226
128,226
128,226
128,226
128,226
128,226
128,226
128,226
128,226
128,226
128,226
128,226
128,226
128,226
128,226
128,226
128,226
128,226
128,226
128,226
128,226
128,226
128,226
128,226
128,226
128,226
128,226
128,226
128,226
128,226
128,226
128,226
128,226
128,226
128,226
128,226
128,226
128,226
128,226
128,226
128,226
128,226
128,226
128,226
128,226
128,226
128,226
128,226
128,226
128,226
128,226
128,226
128,226
128,226
128,226
128,226
128,226
128,226
128,226
128,226
128,226
128,226
128,226
128,226
128,226
128,226
128,226
128,226
128,226
128,226
128,226
128,226
128,226
128,226
128,226
128,226
128,226
128,226
128,226
128,226
128,226
128,226
128,226
128,226
128,226
128,226
128,226
128,226
128,226
128,226
128,226
128,226
128,226
128,226
128,226
128,226
128,226
128,226
128,226
128,226
128,226
128,226
128,226
128,226
128,226
128,226
128,226
128,226
128,226
128,226
128,226
128,226
128,226
128,226
128,226
128,226
128,226
128,226
128,226
128,226
128,226
128,226
128,226
128,226
128,226
128,226
128,226
128,226
128,226
128,226
128,226
128,226
128,226
128,226
128,226
128,226
128,226
128,226
128,226
128,226
128,226
128,226
128,226
128,226
128,226
128,226
128,226
128,226
128,226
128,226
128,226
128,226
128,226
128,226
128,226
128,226
128,226
128,226
128,226
128,226
128,226
128,226
128,226
128,226
128,226
128,226
128,226
128,226
128,226
128,226
128,226
128,226
128,226
128,226
128,226
128,226
128,226
128,226
128,226
128,226
128,226
128,226
128,226
128,226
128,226
128,226
128,226
128,226
128,226
128,226
128,226
128,226
128,226
128,226
128,226
128,226
128,226
128,226
128,226
128,226
128,226
128,226
128,226
128,226
128,226
128,226
128,226
128,226
128,226
128,226
128,226
128,226
128,226
128,226
128,226
128,226
128,226
128,226
128,226
128,226
128,226
128,226
128,226
128,226
128,226
128,226
128,226
128,226
128,226
128,226
128,226
128,226
128,226
128,226
128,226
128,226
128,226
128,226
128,226
128,226
128,226
128,226
128,226
128,226
128,226
128,226
128,226
128,226
128,226
128,226
128,226
128,226
128,226
128,226
128,226
128,226
128,226
128,226
128,226
128,226
128,226
128,226
128,226
128,226
128,226
128,226
128,226
128,226
128,226
128,226
128,226
128,226
128,226
128,226
128,226
128,226
128,226
128,226
128,226
128,226
128,226
128,226
128,226
128,226
128,226
128,226
128,226
128,226
128,226
128,226
128,226
128,226
128,226
128,226
128,226
128,226
128,226
128,226
128,226
128,226
128,226
128,226
128,226
128,226
128,226
128,226
128,226
128,226
128,226
128,226
128,226
128,226
128,226
128,226
128,226
128,226
128,226
128,226
128,226
128,226
128,226
128,226
128,226
128,226
128,226
128,226
128,226
128,226
128,226
128,226
128,226
128,226
128,226
128,226
128,226
128,226
128,226
128,226
128,226
128,226
128,226
128,226
128,226
128,226
128,226
128,226
128,226
128,226
128,226
128,226
128,226
128,226
128,226
128,226
128,226
128,226
128,226
128,226
128,226
128,226
128,226
128,226
128,226
128,226
128,226
128,226
128,226
128,226
128,226
128,226
128,226
128,226
128,226
128,226
128,226
128,226
128,226
128,226
128,226
128,226
128,226
128,226
128,226
128,226
128,226
128,226
128,226
128,226
128,226
128,226
128,226
128,226
128,226
128,226
128,226
128,226
128,226
128,226
128,226
128,226
128,226
128,226
128,226
128,226
128,226
128,226
128,226
128,226
128,226
128,226
128,226
128,226
128,226
128,226
128,226
128,226
128,226
128,226
128,226
128,226
128,226
128,226
128,226
128,226
128,226
128,226
128,226
128,226
128,226
128,226
128,226
128,226
128,226
128,226
128,226
128,226
128,226
128,226
128,226
128,226
128,226
128,226
128,226
128,226
128,226
128,226
128,226
128,226
128,226
128,226
128,226
128,226
128,226
128,226
128,226
128,226
128,226
128,226
128,226
128,226
128,226
128,226
128,226
128,226
128,226
128,226
128,226
128,226
128,226
128,226
128,226
128,226
128,226
128,226
128,226
128,226
128,226
128,226
128,226
128,226
128,226
128,226
128,226
128,226
128,226
128,226
128,226
128,226
128,226
128,226
128,226
128,226
128,226
128,226
128,226
128,226
128,226
128,226
128,226
128,226
128,226
128,226
128,226
128,226
128,226
128,226
128,226
128,226
128,226
128,226
128,226
128,226
128,226
128,226
128,226
128,226
128,226
128,226
128,226
128,226
128,226
128,226
128,226
128,226
128,226
128,226
128,226
128,226
128,226
128,226
128,226
128,226
128,226
128,226
128,226
128,226
128,226
128,226
128,226
128,226
128,226
128,226
128,226
128,226
128,226
128,226
128,226
128,226
128,226
128,226
128,226
128,226
128,226
128,226
128,226
128,226
128,226
128,226
128,226
128,226
128,226
128,226
128,226
128,226
128,226
128,226
128,226
128,226
128,226
128,226
128,226
128,226
128,226
128,226
128,226
128,226
128,226
128,226
128,226
128,226
128,226
128,226
128,226
128,226
128,226
128,226
128,226
128,226
128,226
128,226
128,226
128,226
128,226
128,226
128,226
128,226
128,226
128,226
128,226
128,226
128,226
128,226
128,226
128,226
128,226
128,226
128,226
128,226
128,226
128,226
128,226
128,226
128,226
128,226
128,226
128,226
128,226
128,226
128,226
128,226
128,226
128,226
128,226
128,226
128,226
128,226
128,226
128,226
128,226
128,226
128,226
128,226
128,226
128,226
128,226
128,226
128,226
128,226
128,226
128,226
128,226
128,226
128,226
128,226
128,226
128,226
128,226
128,226
128,226
128,226
128,226
128,226
128,226
128,226
128,226
128,226
128,226
128,226
128,226
128,226
128,226
128,226
128,226
128,226
128,226
128,226
128,226
128,226
128,226
128,226
128,226
128,226
128,226
128,226
128,226
128,226
128,226
128,226
128,226
128,226
128,226
128,226
128,226
128,226
128,226
128,226
128,226
128,226
128,226
128,226
128,226
128,226
128,226
128,226
128,226
128,226
128,226
128,226
128,226
128,226
128,226
128,226
128,226
128,226
128,226
128,226
128,226
128,226
128,226
128,226
128,226
128,226
128,226
128,226
128,226
128,226
128,226
128,226
128,226
128,226
128,226
128,226
128,226
128,226
128,226
128,226
128,226
128,226
128,226
128,226
128,226
128,226
128,226
128,226
128,226
128,226
128,226
128,226
128,226
128,226
128,226
128,226
128,226
128,226
128,226
128,226
128,226
128,226
128,226
128,226
128,226
128,226
128,226
128,226
128,226
128,226
128,226
128,226
128,226
128,226
128,226
128,226
128,226
128,226
128,226
128,226
128,226
128,226
128,226
128,226
128,226
128,226
128,226
128,226
128,226
128,226
128,226
128,226
128,226
128,226
128,226
128,226
128,226
128,226
128,226
128,226
128,226
128,226
128,226
128,226
128,226
128,226
128,226
128,226
128,226
128,226
128,226
128,226
128,226
128,226
128,226
128,226
128,226
128,226
128,226
128,226
128,226
128,226
128,226
128,226
128,226
128,226
128,226
128,226
128,226
128,226
128,226
128,226
128,226
128,226
128,226
128,226
128,226
128,226
128,226
128,226
128,226
128,226
128,226
128,226
128,226
128,226
128,226
128,226
128,226
128,226
128,226
128,226
128,226
128,226
128,226
128,226
128,226
128,226
128,226
128,226
128,226
128,226
128,226
128,226
128,226
128,226
128,226
128,226
128,226
128,226
128,226
128,226
128,226
128,226
128,226
128,226
128,226
128,226
128,226
128,226
128,226
128,226
128,226
128,226
128,226
128,226
128,226
128,226
128,226
128,226
128,226
128,226
128,226
128,226
128,226
128,226
128,226
128,226
128,226
128,226
128,226
128,226
128,226
128,226
128,226
128,226
128,226
128,226
128,226
128,226
128,226
128,226
128,226
128,226
128,226
128,226
128,226
128,226
128,226
128,226
128,226
128,226
128,226
128,226
128,226
128,226
128,226
128,226
128,226
128,226
128,226
128,226
128,226
128,226
128,226
128,226
128,226
128,226
128,226
128,226
128,226
128,226
128,226
128,226
128,226
128,226
128,226
128,226
128,226
128,226
128,226
128,226
128,226
128,226
128,226
128,226
128,226
128,226
128,226
128,226
128,226
128,226
128,226
128,226
128,226
128,226
128,226
128,226
128,226
128,226
128,226
128,226
128,226
128,226
128,226
128,226
128,226
128,226
128,226
128,226
128,226
128,226
128,226
128,226
128,226
128,226
128,226
128,226
128,226
128,226
128,226
128,226
128,226
128,226
128,226
128,226
128,226
128,226
128,226
128,226
128,226
128,226
128,226
128,226
128,226
128,226
128,226
128,226
128,226
128,226
128,226
128,226
128,226
128,226
128,226
128,226
128,226
128,226
128,226
128,226
128,226
128,226
128,226
128,226
128,226
128,226
128,226
128,226
128,226
128,226
128,226
128,226
128,226
128,226
128,226
128,226
128,226
128,226
128,226
128,226
128,226
128,226
128,226
128,226
128,226
128,226
128,226
128,226
128,226
128,226
128,226
128,226
128,226
128,226
128,226
128,226
128,226
128,226
128,226
128,226
128,226
128,226
128,226
128,226
128,226
128,226
128,226
128,226
128,226
128,226
128,226
128,226
128,226
128,226
128,226
128,226
128,226
128,226
128,226
128,226
128,226
128,226
128,226
128,226
128,226
128,226
128,226
128,226
128,226
128,226
128,226
128,226
128,226
128,226
128,226
128,226
128,226
128,226
128,226
128,226
128,226
128,226
128,226
128,226
128,226
128,226
128,226
128,226
128,226
128,226
128,226
128,226
128,226
128,226
128,226
128,226
128,226
128,226
128,226
128,226
128,226
128,226
128,226
128,226
128,226
128,226
128,226
128,226
128,226
128,226
128,226
128,226
128,226
128,226
128,226
128,226
128,226
128,226
128,226
128,226
128,226
128,226
128,226
128,226
128,226
128,226
128,226
128,226
128,226
128,226
128,226
128,226
128,226
128,226
128,226
128,226
128,226
128,226
128,226
128,226
128,226
128,226
128,226
128,226
128,226
128,226
128,226
128,226
128,226
128,226
128,226
128,226
128,226
128,226
128,226
128,226
128,226
128,226
128,226
128,226
128,226
128,226
128,226
128,226
128,226
128,226
128,226
128,226
128,226
128,226
128,226
128,226
128,226
128,226
128,226
128,226
128,226
128,226
128,226
128,226
128,226
128,226
128,226
128,226
128,226
128,226
128,226
128,226
128,226
128,226
128,226
128,226
128,226
128,226
128,226
128,226
128,226
128,226
128,226
128,226
128,226
128,226
128,226
128,226
128,226
128,226
128,226
128,226
128,226
128,226
128,226
128,226
128,226
128,226
128,226
128,226
128,226
128,226
128,226
128,226
128,226
128,226
128,226
128,226
128,226
128,226
128,226
128,226
128,226
128,226
128,226
128,226
128,226
128,226
128,226
128,226
128,226
128,226
128,226
128,226
128,226
128,226
128,226
128,226
128,226
128,226
128,226
128,226
128,226
128,226
128,226
128,226
128,226
128,226
128,226
128,226
128,226
128,226
128,226
128,226
128,226
128,226
128,226
128,226
128,226
128,226
128,226
128,226
128,226
128,226
128,226
128,226
128,226
128,226
128,226
128,226
128,226
128,226
128,226
128,226
128,226
128,226
128,226
128,226
128,226
128,226
128,226
128,226
128,226
128,226
128,226
128,226
128,226
128,226
128,226
128,226
128,226
128,226
128,226
128,226
128,226
128,226
128,226
128,226
128,226
128,226
128,226
128,226
128,226
128,226
128,226
128,226
128,226
128,226
128,226
128,226
128,226
128,226
128,226
128,226
128,226
128,226
128,226
128,226
128,226
128,226
128,226
128,226
128,226
128,226
128,226
128,226
128,226
128,226
128,226
128,226
128,226
128,226
128,226
128,226
128,226
128,226
128,226
128,226
128,226
128,226
128,226
128,226
128,226
128,226
128,226
128,226
128,226
128,226
128,226
128,226
128,226
128,226
128,226
128,226
128,226
128,226
128,226
128,226
128,226
128,226
128,226
128,226
128,226
128,226
128,226
128,226
128,226
128,226
128,226
128,226
128,226
128,226
128,226
128,226
128,226
128,226
128,226
128,226
128,226
128,226
128,226
128,226
128,226
128,226
128,226
128,226
128,226
128,226
128,226
128,226
128,226
128,226
128,226
128,226
128,226
128,226
128,226
128,226
128,226
128,226
128,226
128,226
128,226
128,226
128,226
128,226
128,226
128,226
128,226
128,226
128,226
128,226
128,226
128,226
128,226
128,226
128,226
128,226
128,226
128,226
128,226
128,226
128,226
128,226
128,226
128,226
128,226
128,226
128,226
128,226
128,226
128,226
128,226
128,226
128,226
128,226
128,226
128,226
128,226
128,226
128,226
128,226
128,226
128,226
128,226
128,226
128,226
128,226
128,226
128,226
128,226
128,226
128,226
128,226
128,226
128,226
128,226
128,226
128,226
128,226
128,226
128,226
128,226
128,226
128,226
128,226
128,226
128,226
128,226
128,226
128,226
128,226
128,226
128,226
128,226
128,226
128,226
128,226
128,226
128,226
128,226
128,226
128,226
128,226
128,226
128,226
128,226
128,226
128,226
128,226
128,226
128,226
128,226
128,226
128,226
128,226
128,226
128,226
128,226
128,226
128,226
128,226
128,226
128,226
128,226
128,226
128,226
128,226
128,226
128,226
128,226
128,226
128,226
128,226
128,226
128,226
128,226
128,226
128,226
128,226
128,226
128,226
128,226
128,226
128,226
128,226
128,226
128,226
128,226
128,226
128,226
128,226
128,226
128,226
128,226
128,226
128,226
128,226
128,226
128,226
128,226
128,226
128,226
128,226
128,226
128,226
128,226
128,226
128,226
128,226
128,226
128,226
128,226
128,226
128,226
128,226
128,226
128,226
128,226
128,226
128,226
128,226
128,226
128,226
128,226
128,226
128,226
128,226
128,226
128,226
128,226
128,226
128,226
128,226
128,226
128,226
128,226
128,226
128,226
128,226
128,226
128,226
128,226
128,226
128,226
128,226
128,226
128,226
128,226
128,226
128,226
128,226
128,226
128,226
128,226
128,226
128,226
128,226
128,226
128,226
128,226
128,226
128,226
128,226
128,226
128,226
128,226
128,226
128,226
128,226
128,226
128,226
128,226
128,226
128,226
128,226
128,226
128,226
128,226
128,226
128,226
128,226
128,226
128,226
128,226
128,226
128,226
128,226
128,226
128,226
128,226
128,226
128,226
128,226
128,226
128,226
128,226
128,226
128,226
128,226
128,226
128,226
128,226
128,226
128,226
128,226
128,226
128,226
128,226
128,226
128,226
128,226
128,226
128,226
128,226
128,226
128,226
128,226
128,226
128,226
128,226
128,226
128,226
128,226
128,226
128,226
128,226
128,226
128,226
128,226
128,226
128,226
128,226
128,226
128,226
128,226
128,226
128,226
128,226
128,226
128,226
128,226
128,226
128,226
128,226
128,226
128,226
128,226
128,226
128,226
128,226
128,226
128,226
128,226
128,226
128,226
128,226
128,226
128,226
128,226
128,226
128,226
128,226
128,226
128,226
128,226
128,226
128,226
128,226
128,226
128,226
128,226
128,226
128,226
128,226
128,226
128,226
128,226
128,226
128,226
128,226
128,226
128,226
128,226
128,226
128,226
128,226
128,226
128,226
128,226
128,226
128,226
128,226
128,226
128,226
128,226
128,226
128,226
128,226
128,226
128,226
128,226
128,226
128,226
128,226
128,226
128,226
128,226
128,226
128,226
128,226
128,226
128,226
128,226
128,226
128,226
128,226
128,226
128,226
128,226
128,226
128,226
128,226
128,226
128,226
128,226
128,226
128,226
128,226
128,226
128,226
128,226
128,226
128,226
128,226
128,226
128,226
128,226
128,226
128,226
128,226
128,226
128,226
128,226
128,226
128,226
128,226
128,226
128,226
128,226
128,226
128,226
128,226
128,226
128,226
128,226
128,226
128,226
128,226
128,226
128,226
128,226
128,226
128,226
128,226
128,226
128,226
128,226
128,226
128,226
128,226
128,226
128,226
128,226
128,226
128,226
128,226
128,226
128,226
128,226
128,226
128,226
128,226
128,226
128,226
128,226
128,226
128,226
128,226
128,226
128,226
128,226
128,226
128,226
128,226
128,226
128,226
128,226
128,226
128,226
128,226
128,226
128,226
128,226
128,226
128,226
128,226
128,226
128,226
128,226
128,226
128,226
128,226
128,226
128,226
128,226
128,226
128,226
128,226
128,226
128,226
128,226
128,226
128,226
128,226
128,226
128,226
128,226
128,226
128,226
128,226
128,226
128,226
128,226
128,226
128,226
128,226
128,226
128,226
128,226
128,226
128,226
128,226
128,226
128,226
128,226
128,226
128,226
128,226
128,226
128,226
128,226
128,226
128,226
128,226
128,226
128,226
128,226
128,226
128,226
128,226
128,226
128,226
128,226
128,226
128,226
128,226
128,226
128,226
128,226
128,226
128,226
128,226
128,226
128,226
128,226
128,226
128,226
128,226
128,226
128,226
128,226
128,226
128,226
128,226
128,226
128,226
128,226
128,226
128,226
128,226
128,226
128,226
128,226
128,226
128,226
128,226
128,226
128,226
128,226
128,226
128,226
128,226
128,226
128,226
128,226
128,226
128,226
128,226
128,226
128,226
128,226
128,226
128,226
128,226
128,226
128,226
128,226
128,226
128,226
128,226
128,226
128,226
128,226
128,226
128,226
128,226
128,226
128,226
128,226
128,226
128,226
128,226
128,226
128,226
128,226
128,226
128,226
128,226
128,226
128,226
128,226
128,226
128,226
128,226
128,226
128,226
128,226
128,226
128,226
128,226
128,226
128,226
128,226
128,226
128,226
128,226
128,226
128,226
128,226
128,226
128,226
128,226
128,226
128,226
128,226
128,226
128,226
128,226
128,226
128,226
128,226
128,226
128,226
128,226
128,226
128,226
128,226
128,226
128,226
128,226
128,226
128,226
128,226
128,226
128,226
128,226
128,226
128,226
128,226
128,226
128,226
128,226
128,226
128,226
128,226
128,226
128,226
128,226
128,226
128,226
128,226
128,226
128,226
128,226
128,226
128,226
128,226
128,226
128,226
128,226
128,226
128,226
128,226
128,226
128,226
128,226
128,226
128,226
128,226
128,226
128,226
128,226
128,226
128,226
128,226
128,226
128,226
128,226
128,226
128,226
128,226
128,226
128,226
128,226
128,226
128,226
128,226
128,226
128,226
128,226
128,226
128,226
128,226
128,226
128,226
128,226
128,226
128,226
128,226
128,226
128,226
128,226
128,226
128,226
128,226
128,226
128,226
128,226
128,226
128,226
128,226
128,226
128,226
128,226
128,226
128,226
128,226
128,226
128,226
128,226
128,226
128,226
128,226
128,226
128,226
128,226
128,226
128,226
128,226
128,226
128,226
128,226
128,226
128,226
128,226
128,226
128,226
128,226
128,226
128,226
128,226
128,226
128,226
128,226
128,226
128,226
128,226
128,226
128,226
128,226
128,226
128,226
128,226
128,226
128,226
128,226
128,226
128,226
128,226
128,226
128,226
128,226
128,226
128,226
128,226
128,226
128,226
128,226
128,226
128,226
128,226
128,226
128,226
128,226
128,226
128,226
128,226
128,226
128,226
128,226
128,226
128,226
128,226
128,226
128,226
128,226
128,226
128,226
128,226
128,226
128,226
128,226
128,226
128,226
128,226
128,226
128,226
128,226
128,226
128,226
128,226
128,226
128,226
128,226
128,226
128,226
128,226
128,226
128,226
128,226
128,226
128,226
128,226
128,226
128,226
128,226
128,226
128,226
128,226
128,226
128,226
128,226
128,226
128,226
128,226
128,226
128,226
128,226
128,226
128,226
128,226
128,226
128,226
128,226
128,226
128,226
128,226
128,226
128,226
128,226
128,226
128,226
128,226
128,226
128,226
128,226
128,226
128,226
128,226
128,226
128,226
128,226
128,226
128,226
128,226
128,226
128,226
128,226
128,226
128,226
128,226
128,226
128,226
128,226
128,226
128,226
128,226
128,226
128,226
128,226
128,226
128,226
128,226
128,226
128,226
128,226
128,226
128,226
128,226
128,226
128,226
128,226
128,226
128,226
128,226
128,226
128,226
128,226
128,226
128,226
128,226
128,226
128,226
128,226
128,226
128,226
128,226
128,226
128,226
128,226
128,226
128,226
128,226
128,226
128,226
128,226
128,226
128,226
128,226
128,226
128,226
128,226
128,226
128,226
128,226
128,226
128,226
128,226
128,226
128,226
128,226
128,226
128,226
128,226
128,226
128,226
128,226
128,226
128,226
128,226
128,226
128,226
128,226
128,226
128,226
128,226
128,226
128,226
128,226
128,226
128,226
128,226
128,226
128,226
128,226
128,226
128,226
128,226
128,226
128,226
128,226
128,226
128,226
128,226
128,226
128,226
128,226
128,226
128,226
128,226
128,226
128,226
128,226
128,226
128,226
128,226
128,226
128,226
128,226
128,226
128,226
128,226
128,226
128,226
128,226
128,226
128,226
128,226
128,226
128,226
128,226
128,226
128,226
128,226
128,226
128,226
128,226
128,226
128,226
128,226
128,226
128,226
128,226
128,226
128,226
128,226
128,226
128,226
128,226
128,226
128,226
128,226
128,226
128,226
128,226
128,226
128,226
128,226
128,226
128,226
128,226
128,226
128,226
128,226
128,226
128,226
128,226
128,226
128,226
128,226
128,226
128,226
128,226
128,226
128,226
128,226
128,226
128,226
128,226
128,226
128,226
128,226
128,226
128,226
128,226
128,226
128,226
128,226
128,226
128,226
128,226
128,226
128,226
128,226
128,226
128,226
128,226
128,226
128,226
128,226
128,226
128,226
128,226
128,226
128,226
128,226
128,226
128,226
128,226
128,226
128,226
128,226
128,226
128,226
128,226
128,226
128,226
128,226
128,226
128,226
128,226
128,226
128,226
128,226
128,226
128,226
128,226
128,226
128,226
128,226
128,226
128,226
128,226
128,226
128,226
128,226
128,226
128,226
128,226
128,226
128,226
128,226
128,226
128,226
128,226
128,226
128,226
128,226
128,226
128,226
128,226
128,226
128,226
128,226
128,226
128,226
128,226
128,226
128,226
128,226
128,226
128,226
128,226
128,226
128,226
128,226
128,226
128,226
128,226
128,226
128,226
128,226
128,226
128,226
128,226
128,226
128,226
128,226
128,226
128,226
128,226
128,226
128,226
128,226
128,226
128,226
128,226
128,226
128,226
128,226
128,226
128,226
128,226
128,226
128,226
128,226
128,226
128,226
128,226
128,226
128,226
128,226
128,226
128,226
128,226
128,226
128,226
128,226
128,226
128,226
128,226
128,226
128,226
128,226
128,226
128,226
128,226
128,226
128,226
128,226
128,226
128,226
128,226
128,226
128,226
128,226
128,226
128,226
128,226
128,226
128,226
128,226
128,226
128,226
128,226
128,226
128,226
128,226
128,226
128,226
128,226
128,226
128,226
128,226
128,226
128,226
128,226
128,226
128,226
128,226
128,226
128,226
128,226
128,226
128,226
128,226
128,226
128,226
128,226
128,226
128,226
128,226
128,226
128,226
128,226
128,226
128,226
128,226
128,226
128,226
128,226
128,226
128,226
128,226
128,226
128,226
128,226
128,226
128,226
128,226
128,226
128,226
128,226
128,226
128,226
128,226
128,226
128,226
128,226
128,226
128,226
128,226
128,226
128,226
128,226
128,226
128,226
128,226
128,226
128,226
128,226
128,226
128,226
128,226
128,226
128,226
128,226
128,226
128,226
128,226
128,226
128,226
128,226
128,226
128,226
128,226
128,226
128,226
128,226
128,226
128,226
128,226
128,226
128,226
128,226
128,226
128,226
128,226
128,226
128,226
128,226
128,226
128,226
128,226
128,226
128,226
128,226
128,226
128,226
128,226
128,226
128,226
128,226
128,226
128,226
128,226
128,226
128,226
128,226
128,226
128,226
128,226
128,226
128,226
128,226
128,226
128,226
128,226
128,226
128,226
128,226
128,226
128,226
128,226
128,226
128,226
128,226
128,226
128,226
128,226
128,226
128,226
128,226
128,226
128,226
128,226
128,226
128,226
128,226
128,226
128,226
128,226
128,226
128,226
128,226
128,226
128,226
128,226
128,226
128,226
128,226
128,226
128,226
128,226
128,226
128,226
128,226
128,226
128,226
128,226
128,226
128,226
128,226
128,226
128,226
128,226
128,226
128,226
128,226
128,226
128,226
128,226
128,226
128,226
128,226
128,226
128,226
128,226
128,226
128,226
128,226
128,226
128,226
128,226
128,226
128,226
128,226
128,226
128,226
128,226
128,226
128,226
128,226
128,226
128,226
128,226
128,226
128,226
128,226
128,226
128,226
128,226
128,226
128,226
128,226
128,226
128,226
128,226
128,226
128,226
128,226
128,226
128,226
128,226
128,226
128,226
128,226
128,226
128,226
128,226
128,226
128,226
128,226
128,226
128,226
128,226
128,226
128,226
128,226
128,226
128,226
128,226
128,226
128,226
128,226
128,226
128,226
128,226
128,226
128,226
128,226
128,226
128,226
128,226
128,226
128,226
128,226
128,226
128,226
128,226
128,226
128,226
128,226
128,226
128,226
128,226
128,226
128,226
128,226
128,226
128,226
128,226
128,226
128,226
128,226
128,226
128,226
128,226
128,226
128,226
128,226
128,226
128,226
128,226
128,226
128,226
128,226
128,226
128,226
128,226
128,226
128,226
128,226
128,226
128,226
128,226
128,226
128,226
128,226
128,226
128,226
128,226
128,226
128,226
128,226
128,226
128,226
128,226
128,226
128,226
128,226
128,226
128,226
128,226
128,226
128,226
128,226
128,226
128,226
128,226
128,226
128,226
128,226
128,226
128,226
128,226
128,226
128,226
128,226
128,226
128,226
128,226
128,226
128,226
128,226
128,226
128,226
128,226
128,226
128,226
128,226
128,226
128,226
128,226
128,226
128,226
128,226
128,226
128,226
128,226
128,226
128,226
128,226
128,226
128,226
128,226
128,226
128,226
128,226
128,226
128,226
128,226
128,226
128,226
128,226
128,226
128,226
128,226
128,226
128,226
128,226
128,226
128,226
128,226
128,226
128,226
128,226
128,226
128,226
128,226
128,226
128,226
128,226
128,226
128,226
128,226
128,226
128,226
128,226
128,226
128,226
128,226
128,226
128,226
128,226
128,226
128,226
128,226
128,226
128,226
128,226
128,226
128,226
128,226
128,226
128,226
128,226
128,226
128,226
128,226
128,226
128,226
128,226
128,226
128,226
128,226
128,226
128,226
128,226
128,226
128,226
128,226
128,226
128,226
128,226
128,226
128,226
128,226
128,226
128,226
128,226
128,226
128,226
128,226
128,226
128,226
128,226
128,226
128,226
128,226
128,226
128,226
128,226
128,226
128,226
128,226
128,226
128,226
128,226
128,226
128,226
128,226
128,226
128,226
128,226
128,226
128,226
128,226
128,226
128,226
128,226
128,226
128,226
128,226
128,226
128,226
128,226
128,226
128,226
128,226
128,226
128,226
128,226
128,226
128,226
128,226
128,226
128,226
128,226
128,226
128,226
128,226
128,226
128,226
128,226
128,226
128,226
128,226
128,226
128,226
128,226
128,226
128,226
128,226
128,226
128,226
128,226
128,226
128,226
128,226
128,226
128,226
128,226
128,226
128,226
128,226
128,226
128,226
128,226
128,226
128,226
128,226
128,226
128,226
128,226
128,226
128,226
128,226
128,226
128,226
128,226
128,226
128,226
128,226
128,226
128,226
128,226
128,226
128,226
128,226
128,226
128,226
128,226
128,226
128,226
128,226
128,226
128,226
128,226
128,226
128,226
128,226
128,226
128,226
128,226
128,226
128,226
128,226
128,226
128,226
128,226
128,226
128,226
128,226
128,226
128,226
128,226
128,226
128,226
128,226
128,226
128,226
128,226
128,226
128,226
128,226
128,226
128,226
128,226
128,226
128,226
128,226
128,226
128,226
128,226
128,226
128,226
128,226
128,226
128,226
128,226
128,226
128,226
128,226
128,226
128,226
128,226
128,226
128,226
128,226
128,226
128,226
128,226
128,226
128,226
128,226
128,226
128,226
128,226
128,226
128,226
128,226
128,226
128,226
128,226
128,226
128,226
128,226
128,226
128,226
128,226
128,226
128,226
128,226
128,226
128,226
128,226
128,226
128,226
128,226
128,226
128,226
128,226
128,226
128,226
128,226
128,226
128,226
128,226
128,226
128,226
128,226
128,226
128,226
128,226
128,226
128,226
128,226
128,226
128,226
128,226
128,226
128,226
128,226
128,226
128,226
128,226
128,226
128,226
128,226
128,226
128,226
128,226
128,226
128,226
128,226
128,226
128,226
128,226
128,226
128,226
128,226
128,226
128,226
128,226
128,226
128,226
128,226
128,226
128,226
128,226
128,226
128,226
128,226
128,226
128,226
128,226
128,226
128,226
128,226
128,226
128,226
128,226
128,226
128,226
128,226
128,226
128,226
128,226
128,226
128,226
128,226
128,226
128,226
128,226
128,226
128,226
128,226
128,226
128,226
128,226
128,226
128,226
128,226
128,226
128,226
128,226
128,226
128,226
128,226
128,226
128,226
128,226
128,226
128,226
128,226
128,226
128,226
128,226
128,226
128,226
128,226
128,226
128,226
128,226
128,226
128,226
128,226
128,226
128,226
128,226
128,226
128,226
128,226
128,226
128,226
128,226
128,226
128,226
128,226
128,226
128,226
128,226
128,226
128,226
128,226
128,226
128,226
128,226
128,226
128,226
128,226
128,226
128,226
128,226
128,226
128,226
128,226
128,226
128,226
128,226
128,226
128,226
128,226
128,226
128,226
128,226
128,226
128,226
128,226
128,226
128,226
128,226
128,226
128,226
128,226
128,226
128,226
128,226
128,226
128,226
128,226
128,226
128,226
128,226
128,226
128,226
128,226
128,226
128,226
128,226
128,226
128,226
128,226
128,226
128,226
128,226
128,226
128,226
128,226
128,226
128,226
128,226
128,226
128,226
128,226
128,226
128,226
128,226
128,226
128,226
128,226
128,226
128,226
128,226
128,226
