124,237
124,237
124,237
124,237
124,237
124,237
124,237
124,237
124,237
124,237
124,237
124,237
124,237
124,237
124,237
124,237
124,237
124,237
124,237
124,237
124,237
124,237
124,237
124,237
124,237
124,237
124,237
124,237
124,237
124,237
124,237
124,237
124,237
124,237
124,237
124,237
124,237
124,237
124,237
124,237
124,237
124,237
124,237
124,237
124,237
124,237
124,237
124,237
124,237
124,237
124,237
124,237
124,237
124,237
124,237
124,237
124,237
124,237
124,237
124,237
124,237
124,237
124,237
124,237
124,237
124,237
124,237
124,237
124,237
124,237
124,237
124,237
124,237
124,237
124,237
124,237
124,237
124,237
124,237
124,237
124,237
124,237
124,237
124,237
124,237
124,237
124,237
124,237
124,237
124,237
124,237
124,237
124,237
124,237
124,237
124,237
124,237
124,237
124,237
124,237
124,237
124,237
124,237
124,237
124,237
124,237
124,237
124,237
124,237
124,237
124,237
124,237
124,237
124,237
124,237
124,237
124,237
124,237
124,237
124,237
124,237
124,237
124,237
124,237
124,237
124,237
124,237
124,237
124,237
124,237
124,237
124,237
124,237
124,237
124,237
124,237
124,237
124,237
124,237
124,237
124,237
124,237
124,237
124,237
124,237
124,237
124,237
124,237
124,237
124,237
124,237
124,237
124,237
124,237
124,237
124,237
124,237
124,237
124,237
124,237
124,237
124,237
124,237
124,237
124,237
124,237
124,237
124,237
124,237
124,237
124,237
124,237
124,237
124,237
124,237
124,237
124,237
124,237
124,237
124,237
124,237
124,237
124,237
124,237
124,237
124,237
124,237
124,237
124,237
124,237
124,237
124,237
124,237
124,237
124,237
124,237
124,237
124,237
124,237
124,237
124,237
124,237
124,237
124,237
124,237
124,237
124,237
124,237
124,237
124,237
124,237
124,237
124,237
124,237
124,237
124,237
124,237
124,237
124,237
124,237
124,237
124,237
124,237
124,237
124,237
124,237
124,237
124,237
124,237
124,237
124,237
124,237
124,237
124,237
124,237
124,237
124,237
124,237
124,237
124,237
124,237
124,237
124,237
124,237
124,237
124,237
124,237
124,237
124,237
124,237
124,237
124,237
124,237
124,237
124,237
124,237
125,237
125,237
125,237
125,237
125,237
125,237
124,237
124,237
125,237
125,237
125,237
125,237
125,237
125,237
125,237
125,237
125,237
125,237
125,237
125,237
125,237
126,237
125,237
125,237
125,237
125,237
126,237
126,237
126,237
126,237
126,237
126,237
126,237
126,237
126,237
126,237
126,237
126,237
126,237
126,237
126,237
126,237
126,237
126,237
126,237
126,237
126,237
126,237
126,237
126,237
126,237
126,237
126,237
126,237
126,237
126,237
126,237
126,237
125,237
125,237
126,237
126,237
126,237
126,237
126,237
126,237
126,237
126,237
126,237
126,237
126,237
126,237
126,237
126,237
126,237
126,237
126,237
126,237
126,237
126,237
126,237
126,237
126,237
126,237
126,237
126,237
126,237
126,237
126,237
126,237
126,237
126,237
126,237
125,237
125,237
125,237
125,237
125,237
126,237
126,237
125,237
126,237
125,237
126,237
126,237
126,237
126,237
125,237
126,237
126,237
126,237
125,237
125,237
126,237
126,237
126,237
126,237
126,237
126,237
126,237
126,237
126,237
126,238
126,237
126,238
126,238
126,237
126,237
125,237
125,237
125,237
125,237
125,237
125,237
125,237
126,237
125,237
126,237
125,237
126,237
126,237
125,237
125,237
126,237
125,237
125,237
125,237
125,237
125,237
125,237
125,237
126,237
125,237
125,238
125,237
125,238
126,238
125,237
125,238
126,237
126,237
126,237
126,238
125,237
125,237
125,237
125,237
126,237
126,237
126,237
126,237
126,237
126,237
126,237
126,237
126,238
126,238
126,238
126,238
126,238
126,238
126,237
126,237
126,237
126,237
126,237
126,238
126,237
126,238
126,238
126,238
126,237
126,237
126,237
126,238
126,238
126,238
126,238
125,237
125,237
126,237
126,237
126,237
126,237
126,237
126,238
126,238
126,238
126,237
126,238
126,238
126,238
126,238
126,238
126,238
126,238
126,237
126,237
126,238
126,237
126,238
126,238
126,238
126,238
126,238
126,238
126,238
126,238
126,238
126,238
126,238
126,238
126,238
125,237
125,237
125,237
126,238
126,238
126,238
126,238
126,238
126,238
126,238
126,238
126,238
126,238
126,238
126,238
126,238
126,238
126,238
125,238
125,238
125,238
126,238
126,238
126,238
126,238
126,238
126,238
126,238
126,238
126,238
126,238
126,238
126,238
126,238
126,238
125,237
125,237
125,238
125,238
126,238
126,238
126,238
126,238
126,238
126,238
126,238
126,238
126,238
126,238
126,238
126,238
126,238
126,238
126,238
126,238
126,238
126,238
126,238
126,238
126,238
126,238
126,238
126,238
126,238
126,238
126,238
126,238
126,238
126,238
126,238
125,237
125,237
126,237
126,238
126,238
126,238
126,238
126,238
126,238
126,238
126,238
126,238
126,238
126,238
126,238
126,238
126,238
126,238
126,237
126,238
126,238
126,238
126,238
126,238
126,238
126,238
126,238
126,238
126,238
126,238
126,238
126,238
126,238
126,238
126,238
126,237
126,237
126,238
126,237
126,238
126,238
126,238
126,238
126,238
126,238
126,237
126,237
126,237
126,237
126,237
126,237
126,237
126,237
126,237
126,237
126,237
126,237
126,238
126,237
126,237
126,238
126,237
126,238
126,238
126,238
126,238
126,238
126,238
126,238
126,238
126,237
126,237
126,237
126,237
126,237
126,238
126,238
126,238
126,238
126,238
126,238
126,238
126,238
126,238
126,238
126,238
126,238
126,238
126,237
126,237
126,237
126,237
126,237
126,237
126,238
126,238
126,238
126,238
126,238
126,238
126,238
126,238
126,238
126,238
126,238
126,237
126,237
126,237
126,238
126,238
126,238
126,238
126,238
126,238
126,238
126,238
126,238
126,238
126,238
126,238
126,238
126,238
126,238
126,237
126,238
126,238
126,238
126,238
126,238
126,238
126,238
126,238
126,238
126,238
126,238
126,238
126,238
126,238
126,238
126,238
126,237
126,237
126,237
126,237
126,238
126,238
126,238
126,238
126,238
126,238
126,238
126,238
126,238
126,238
126,238
126,238
126,238
126,238
126,237
126,238
126,238
126,238
126,238
126,238
126,238
126,238
126,238
126,238
126,238
126,238
126,238
126,238
126,238
126,238
126,238
126,237
126,237
126,238
126,237
126,238
126,238
126,238
126,238
126,238
126,238
126,238
126,238
126,238
126,238
126,238
126,238
126,238
126,238
126,237
126,238
126,238
126,237
126,238
126,238
126,238
126,238
126,238
126,238
126,238
126,238
126,238
126,238
126,238
126,238
126,238
126,237
126,237
126,237
126,237
126,237
126,238
126,238
126,238
126,238
126,238
126,238
126,238
126,238
126,238
126,238
126,238
126,238
126,238
126,237
126,238
126,238
126,238
126,238
126,238
126,238
126,238
126,238
126,238
126,238
126,238
126,238
126,238
126,238
126,238
126,238
126,237
126,237
126,237
126,237
126,238
126,238
126,238
126,238
126,238
126,238
126,238
126,238
126,238
126,238
126,238
126,238
126,238
126,238
126,238
126,238
126,238
126,238
126,238
126,238
126,238
126,238
126,238
126,238
126,238
126,238
126,238
126,238
126,238
126,238
126,238
126,237
126,237
126,238
126,238
126,238
126,238
126,238
126,238
126,238
126,238
126,238
126,238
126,238
126,238
126,238
126,238
126,238
126,238
126,238
126,238
126,238
126,238
126,238
126,238
126,238
126,238
126,238
126,238
126,238
126,238
126,238
126,238
126,238
126,238
126,238
126,237
126,238
126,238
126,238
126,238
126,238
126,238
126,238
126,238
126,238
126,238
126,238
126,238
126,238
126,238
126,238
126,238
126,238
126,238
126,238
126,238
126,238
126,238
126,238
126,238
126,238
126,238
126,238
126,238
126,238
126,238
126,238
126,238
126,238
126,238
126,237
126,238
126,238
126,238
126,238
126,238
126,238
126,238
126,238
126,238
126,238
126,238
126,238
126,238
126,238
126,238
126,238
126,238
126,238
126,238
126,238
126,238
126,238
126,238
126,238
126,238
126,238
126,238
126,238
126,238
126,238
126,238
126,238
126,238
126,238
126,237
126,238
126,238
126,238
126,238
126,238
126,238
126,238
126,238
126,238
126,238
126,238
126,238
126,238
126,238
126,238
126,238
126,238
126,238
126,238
126,238
126,238
126,238
126,238
126,238
126,238
126,238
126,238
126,238
126,238
126,238
126,238
126,238
126,238
126,238
126,237
126,238
126,238
126,238
126,238
126,238
126,238
126,238
126,238
126,238
126,238
126,238
126,238
126,238
126,238
126,238
126,238
126,238
126,238
126,238
126,238
126,238
126,238
126,238
126,238
126,238
126,238
126,238
126,238
126,238
126,238
126,238
126,238
126,238
126,238
126,237
126,238
126,238
126,238
126,238
126,238
126,238
126,238
126,238
126,238
126,238
126,238
126,238
126,238
126,238
126,238
126,238
126,238
126,238
126,238
126,238
126,238
126,238
126,238
126,238
126,238
126,238
126,238
126,238
126,238
126,238
126,238
126,238
126,238
126,238
126,237
126,237
126,238
126,238
126,238
126,238
126,238
126,238
126,238
126,238
126,238
126,238
126,238
126,238
126,238
126,238
126,238
126,238
126,238
126,238
126,238
126,238
126,238
126,238
126,238
126,238
126,238
126,238
126,238
126,238
126,238
126,238
126,238
126,238
126,238
126,237
126,237
126,237
126,238
126,238
126,238
126,238
126,238
126,238
126,238
126,238
126,238
126,238
126,238
126,238
126,238
126,238
126,238
126,238
126,238
126,238
126,238
126,238
126,238
126,238
126,238
126,238
126,238
126,238
126,238
126,238
126,238
126,238
126,238
126,238
126,237
126,237
126,237
126,238
126,238
126,238
126,238
126,238
126,238
126,238
126,238
126,238
126,238
126,238
126,238
126,238
126,238
126,238
126,238
126,238
126,238
126,238
126,238
126,238
126,238
126,238
126,238
126,238
126,238
126,238
126,238
126,238
126,238
126,238
126,238
126,237
126,237
126,238
126,238
126,238
126,238
126,238
126,238
126,238
126,238
126,238
126,238
126,238
126,238
126,238
126,238
126,238
126,238
126,237
126,238
126,238
126,238
126,238
126,238
126,238
126,238
126,238
126,238
126,238
126,238
126,238
126,238
126,238
126,238
126,238
126,237
126,237
126,238
126,238
126,237
126,238
126,238
126,238
126,238
126,238
126,238
126,238
126,238
126,238
126,238
126,238
126,238
126,238
126,237
126,238
126,238
126,238
126,238
126,238
126,238
126,238
126,238
126,238
126,238
126,238
126,238
126,238
126,238
126,238
126,238
126,237
126,237
126,237
126,238
126,237
126,238
126,238
126,238
126,238
126,238
126,238
126,238
126,238
126,238
126,238
126,238
126,238
126,238
126,237
126,238
126,238
126,238
126,238
126,238
126,238
126,238
126,238
126,238
126,238
126,238
126,238
126,238
126,238
126,238
126,238
126,237
126,237
126,237
126,238
126,237
126,238
126,238
126,238
126,238
126,238
126,238
126,238
126,238
126,238
126,238
126,238
126,238
126,238
126,237
126,237
126,238
126,238
126,238
126,238
126,238
126,238
126,238
126,238
126,238
126,238
126,238
126,238
126,238
126,238
126,238
126,237
126,237
126,237
126,238
126,238
126,238
126,238
126,238
126,238
126,238
126,238
126,238
126,238
126,238
126,238
126,238
126,238
126,238
126,237
126,238
126,238
126,238
126,238
126,238
126,238
126,238
126,238
126,238
126,238
126,238
126,238
126,238
126,238
126,238
126,238
126,237
126,237
126,238
126,238
126,238
126,238
126,238
126,238
126,238
126,238
126,238
126,238
126,238
126,238
126,238
126,238
126,238
126,238
126,238
126,238
126,238
126,238
126,238
126,238
126,238
126,238
126,238
126,238
126,238
126,238
126,238
126,238
126,238
126,238
126,238
126,237
126,237
126,238
126,238
126,238
126,238
126,238
126,238
126,238
126,238
126,238
126,238
126,238
126,238
126,238
126,238
126,238
126,238
126,238
126,238
126,238
126,238
126,238
126,238
126,238
126,238
126,238
126,238
126,238
126,238
126,238
126,238
126,238
126,238
126,238
126,237
126,237
126,237
126,238
126,238
126,238
126,238
126,238
126,238
126,238
126,238
126,238
126,238
126,238
126,238
126,238
126,238
126,238
126,238
126,238
126,238
126,238
126,238
126,238
126,238
126,238
126,238
126,238
126,238
126,238
126,238
126,238
126,238
126,238
126,238
126,237
126,237
126,238
126,238
126,238
126,238
126,238
126,238
126,238
126,238
126,238
126,238
126,238
126,238
126,238
126,238
126,238
126,238
126,238
126,238
126,238
126,238
126,238
126,238
126,238
126,238
126,238
126,238
126,238
126,238
126,238
126,238
126,238
126,238
126,238
126,237
126,237
126,238
126,238
126,238
126,238
126,238
126,238
126,238
126,238
126,238
126,238
126,238
126,238
126,238
126,238
126,238
126,238
126,238
126,238
126,238
126,238
126,238
126,238
126,238
126,238
126,238
126,238
126,238
126,238
126,238
126,238
126,238
126,238
126,238
126,237
126,237
126,238
126,238
126,238
126,238
126,238
126,238
126,238
126,238
126,238
126,238
126,238
126,238
126,238
126,238
126,238
126,238
126,238
126,238
126,238
126,238
126,238
126,238
126,238
126,238
126,238
126,238
126,238
126,238
126,238
126,238
126,238
126,238
126,238
126,237
126,237
126,238
126,238
126,238
126,238
126,238
126,238
126,238
126,238
126,238
126,238
126,238
126,238
126,238
126,238
126,238
126,237
126,237
126,237
126,238
126,238
126,238
126,238
126,238
126,238
126,238
126,238
126,238
126,238
126,238
126,238
126,238
126,238
126,238
126,237
126,237
126,237
126,238
126,238
126,238
126,238
126,238
126,238
126,238
126,238
126,238
126,238
126,238
126,238
126,238
126,238
126,238
126,237
126,238
126,238
126,238
126,238
126,238
126,238
126,238
126,238
126,238
126,238
126,238
126,238
126,238
126,238
126,238
126,238
126,237
126,237
126,237
126,237
126,237
126,238
126,237
126,238
126,238
126,238
126,238
126,238
126,238
126,238
126,238
126,238
126,238
126,238
126,237
126,237
126,238
126,238
126,238
126,238
126,238
126,238
126,238
126,238
126,238
126,238
126,238
126,238
126,238
126,238
126,238
126,237
126,237
126,237
126,237
126,237
126,238
126,238
126,238
126,238
126,238
126,238
126,238
126,238
126,238
126,238
126,238
126,238
126,238
126,237
126,238
126,238
126,238
126,238
126,238
126,238
126,238
126,238
126,238
126,238
126,238
126,238
126,238
126,238
126,238
126,238
126,237
126,237
126,237
126,237
126,238
126,238
126,238
126,238
126,238
126,238
126,238
126,238
126,238
126,238
126,238
126,238
126,238
126,238
126,237
126,237
126,238
126,238
126,238
126,238
126,238
126,238
126,238
126,238
126,238
126,238
126,238
126,238
126,238
126,238
126,238
126,237
126,237
126,237
126,237
126,237
126,237
126,237
126,238
126,238
126,238
126,238
126,238
126,238
126,238
126,238
126,238
126,238
126,238
126,237
126,238
126,238
126,238
126,238
126,238
126,238
126,238
126,238
126,238
126,238
126,238
126,238
126,238
126,238
126,238
126,238
126,237
126,237
126,238
126,238
126,238
126,238
126,238
126,238
126,238
126,238
126,238
126,238
126,238
126,238
126,238
126,238
126,238
126,238
126,238
126,238
126,238
126,238
126,238
126,238
126,238
126,238
126,238
126,238
126,238
126,238
126,238
126,238
126,238
126,238
126,238
126,237
126,237
126,238
126,238
126,238
126,238
126,238
126,238
126,238
126,238
126,238
126,238
126,238
126,238
126,238
126,238
126,238
126,238
126,238
126,238
126,238
126,238
126,238
126,238
126,238
126,238
126,238
126,238
126,238
126,238
126,238
126,238
126,238
126,238
126,238
126,237
126,237
126,238
126,238
126,238
126,238
126,238
126,238
126,238
126,238
126,238
126,238
126,238
126,238
126,238
126,238
126,238
126,238
126,237
126,238
126,238
126,238
126,237
126,238
126,238
126,238
126,238
126,238
126,238
126,238
126,238
126,238
126,238
126,238
126,238
126,237
126,237
126,237
126,237
126,237
126,237
126,237
126,237
126,238
126,237
126,237
126,237
126,237
126,237
126,237
126,237
126,237
126,238
126,237
126,237
126,237
126,237
126,237
126,238
126,237
126,238
126,238
126,238
126,238
126,238
126,238
126,238
126,238
126,238
126,238
126,237
126,237
126,237
126,237
126,237
126,237
126,237
126,237
126,237
126,237
126,237
126,237
126,237
126,237
126,237
126,237
126,237
126,237
126,237
126,237
126,237
126,237
126,238
126,238
126,237
126,237
126,237
126,238
126,238
126,238
126,238
126,238
126,238
126,238
126,238
126,237
126,237
126,237
126,237
126,237
126,237
126,237
126,237
126,237
126,237
126,237
126,237
126,237
126,237
126,237
126,237
126,237
126,237
126,237
126,237
126,237
126,237
126,237
126,237
126,237
126,237
126,237
126,237
126,238
126,237
126,238
126,237
126,237
126,238
126,238
126,237
126,237
126,237
126,237
126,237
126,237
126,237
126,237
126,237
126,237
126,237
126,237
126,237
126,237
126,237
126,237
126,237
126,237
126,237
126,237
126,237
126,237
126,237
126,237
126,237
126,237
126,237
126,237
126,237
126,238
126,237
126,237
126,237
126,238
126,238
126,237
126,237
126,237
126,237
126,237
126,237
126,237
126,237
126,237
126,237
126,237
126,237
126,237
126,237
126,237
126,237
126,237
126,237
126,237
126,237
126,237
126,237
126,237
126,237
126,237
126,237
126,237
126,237
126,237
126,237
126,237
126,237
126,237
126,237
127,237
126,237
126,237
126,237
126,237
126,237
126,237
126,237
126,237
126,237
126,237
126,237
126,237
127,237
127,237
127,237
127,237
127,237
127,237
127,237
127,237
127,237
127,237
127,237
127,237
127,237
127,237
127,237
127,237
127,237
127,237
127,237
127,237
127,237
127,237
127,237
127,237
127,237
127,237
127,237
127,237
127,237
127,237
127,237
127,237
127,237
127,237
127,237
127,237
127,237
127,237
127,237
127,237
127,237
127,237
127,237
127,237
127,237
127,237
127,237
127,237
127,237
127,237
127,237
127,237
127,237
127,237
127,237
127,237
127,237
128,237
127,236
128,236
128,236
128,236
128,236
128,236
128,236
128,236
128,236
128,236
128,236
128,236
128,236
128,236
129,236
129,236
129,236
129,236
129,236
129,236
129,236
129,236
129,236
129,236
129,236
130,236
130,236
130,236
130,236
130,236
130,236
130,236
130,236
130,236
130,236
130,235
130,235
131,235
131,235
131,235
131,236
131,235
131,235
131,235
131,235
131,235
132,235
131,235
131,235
131,235
132,235
132,235
132,235
132,235
132,235
132,235
132,235
132,235
132,235
132,235
132,235
132,235
132,235
132,235
132,235
132,235
132,235
132,235
132,235
132,235
132,235
132,235
132,235
132,235
132,235
132,235
132,235
132,235
132,235
132,235
132,235
132,235
132,235
132,235
132,235
132,235
132,235
132,235
132,235
132,235
132,235
132,235
132,235
132,235
132,235
132,235
132,235
132,235
132,235
132,235
132,235
132,235
132,235
132,235
132,235
132,234
132,234
132,234
132,235
132,235
132,235
132,235
132,235
132,235
132,235
132,235
132,235
132,235
132,235
132,235
132,235
132,235
132,235
132,234
132,234
132,234
132,234
132,234
132,234
132,234
132,234
132,234
132,234
132,234
132,234
132,234
132,234
132,234
132,234
132,234
132,234
132,234
132,234
132,234
132,234
132,234
132,234
132,234
132,234
132,234
132,234
132,234
132,234
132,234
132,234
132,234
132,234
132,234
132,234
132,234
132,234
132,234
132,234
132,234
132,234
132,234
132,234
132,234
132,234
133,234
132,234
133,234
133,234
133,234
133,234
133,234
133,234
133,234
133,234
134,234
134,234
134,234
134,234
134,234
134,234
135,234
135,234
135,234
135,234
135,234
135,234
136,234
136,234
136,233
136,233
136,233
136,233
136,233
136,233
136,233
137,233
137,233
137,233
137,233
137,233
137,233
137,233
137,233
138,233
138,233
137,233
138,233
138,233
138,233
138,233
138,233
138,233
139,233
139,233
139,233
139,233
140,233
140,233
140,233
140,232
141,232
141,232
141,232
141,232
141,232
142,232
142,232
142,232
142,232
143,232
143,232
143,232
143,232
143,231
144,231
144,231
144,231
144,231
145,231
145,231
145,230
145,230
145,230
145,231
145,231
146,231
146,231
146,231
146,231
146,230
146,230
146,231
146,231
146,231
146,231
146,231
146,230
147,230
147,230
147,230
147,230
147,230
147,230
147,230
147,230
147,230
147,230
148,230
148,230
148,230
148,230
148,230
148,230
148,230
148,230
148,230
148,230
148,230
148,230
149,230
149,230
149,230
149,230
149,230
149,230
149,230
149,230
149,230
149,230
149,230
149,230
150,230
150,230
150,229
150,230
150,230
150,229
150,230
150,230
150,230
150,230
150,230
150,230
150,229
150,230
150,230
150,229
150,229
150,229
150,230
150,229
150,229
150,229
150,229
150,229
150,229
150,229
150,229
150,229
150,229
150,229
150,229
150,229
150,229
150,229
150,229
150,229
150,229
150,229
150,229
150,229
150,229
150,229
150,229
150,229
150,229
150,229
150,229
150,229
150,229
150,229
150,229
150,229
150,229
150,229
150,229
150,229
150,229
150,229
150,229
150,229
150,229
150,229
150,229
150,229
151,229
151,229
151,229
151,229
151,229
151,229
151,229
151,229
151,229
151,229
151,229
151,229
151,229
152,229
152,229
152,229
152,229
152,229
152,229
152,228
152,228
153,228
153,228
153,228
153,228
153,228
153,228
153,228
153,228
153,228
153,228
154,228
154,228
154,228
154,228
154,228
154,228
154,228
154,228
154,228
155,228
155,228
155,228
155,227
155,227
155,227
155,227
156,228
156,228
156,228
156,227
156,227
156,227
156,227
156,227
157,227
157,227
157,227
157,227
157,227
157,226
158,227
158,227
158,227
158,227
159,227
159,227
159,227
159,227
159,227
159,227
160,227
160,227
160,226
160,226
160,226
161,226
161,226
161,226
161,226
161,226
161,226
161,226
161,226
161,226
162,226
162,226
162,226
162,226
162,226
162,226
162,226
162,226
162,226
162,226
162,225
162,225
162,226
162,225
163,225
163,225
163,225
163,225
163,225
163,225
163,225
163,225
163,225
163,225
163,225
164,225
164,225
164,225
164,225
164,224
164,224
164,224
164,224
164,224
164,224
164,224
165,224
165,224
165,224
165,224
165,223
165,223
165,223
165,223
165,223
165,222
165,222
166,222
166,222
166,222
166,222
166,222
166,222
166,222
166,222
166,222
166,222
167,222
167,222
167,222
167,222
167,222
167,222
167,222
167,222
167,222
167,222
167,222
167,222
167,222
167,222
167,222
167,221
168,222
168,222
168,221
168,221
168,221
168,221
168,221
168,221
168,221
168,221
168,221
168,221
168,221
168,221
168,221
169,221
169,221
169,221
169,221
169,221
169,221
169,221
169,221
169,221
169,221
170,221
170,221
170,221
170,221
170,221
170,221
171,220
171,220
171,220
171,220
171,220
171,220
171,220
171,220
172,220
172,220
172,220
171,220
172,220
172,220
172,220
172,220
172,220
172,219
172,219
172,219
172,219
172,219
172,219
172,219
173,219
173,219
173,219
173,219
173,219
173,219
173,219
173,219
173,219
173,219
173,219
173,219
173,219
173,219
173,219
174,219
174,219
174,219
174,219
174,219
174,219
174,219
174,219
174,219
174,219
174,219
174,219
174,219
174,219
174,219
174,219
174,219
174,219
174,219
174,219
174,219
174,219
174,219
174,219
174,218
174,218
174,218
174,218
174,218
174,218
175,218
175,218
175,218
175,218
175,218
175,218
175,218
175,218
175,218
175,218
175,218
175,218
175,218
175,218
175,218
175,218
175,218
176,218
176,218
176,218
176,218
176,218
176,218
176,218
176,218
176,218
176,218
177,218
177,218
177,218
177,218
177,218
177,218
177,218
177,218
177,218
177,218
177,218
177,218
178,218
178,217
178,217
178,217
178,217
178,217
178,217
178,217
178,217
178,217
178,217
178,217
178,217
178,217
178,217
178,217
179,217
179,217
179,217
179,217
179,217
179,217
179,217
179,217
180,217
180,217
180,216
180,216
180,216
181,216
181,216
181,216
181,216
181,216
181,216
181,216
181,216
182,216
182,216
182,216
182,216
182,216
182,216
182,216
182,216
182,216
182,216
182,216
182,216
182,216
182,216
183,216
183,216
183,216
183,216
183,216
183,216
183,216
183,216
183,216
183,216
183,215
183,215
183,215
183,215
183,216
183,216
183,216
183,216
183,215
183,215
183,215
183,216
183,216
183,216
183,216
183,216
183,216
183,215
183,215
183,215
183,215
183,215
183,215
183,215
183,216
183,215
183,215
183,215
183,215
183,215
183,215
183,215
183,215
183,215
183,215
183,215
183,215
183,215
184,215
184,215
184,215
184,215
184,215
184,215
184,215
184,215
184,215
184,215
184,215
184,215
184,215
185,215
184,214
184,214
185,214
185,214
185,214
185,214
185,214
185,214
185,214
186,214
186,214
186,214
186,214
186,214
187,214
187,214
187,214
187,214
187,213
187,213
187,213
188,213
188,213
188,213
188,213
188,213
188,213
188,213
189,213
189,213
189,213
189,213
189,213
189,213
189,213
189,212
189,212
189,212
190,212
190,212
190,212
190,212
190,212
190,212
190,212
190,212
191,212
191,212
191,212
191,212
191,211
191,211
191,211
191,211
191,211
191,211
192,211
192,211
192,211
192,211
192,211
192,211
192,211
192,211
192,211
192,211
192,211
193,211
193,211
193,211
193,211
193,211
193,211
193,211
193,211
193,211
193,211
193,211
193,211
194,211
194,211
194,211
194,211
194,211
194,211
194,211
194,211
194,210
194,210
194,210
194,210
194,210
194,210
194,210
195,210
195,210
195,210
195,210
195,210
195,210
195,210
195,210
195,210
195,210
195,210
195,210
195,210
195,210
195,210
195,210
195,210
195,210
196,210
196,210
196,210
196,209
196,209
196,209
196,209
196,209
196,209
196,209
196,209
197,209
197,209
197,209
197,209
197,209
197,209
197,209
197,209
198,209
198,209
198,209
198,209
198,209
198,209
199,208
199,208
199,208
199,208
199,208
199,208
199,208
199,208
200,208
200,208
200,207
200,207
200,207
200,207
201,207
201,207
201,207
201,207
201,207
201,207
201,207
201,207
201,207
202,207
202,207
202,207
202,207
202,207
202,207
202,207
203,207
203,207
203,207
203,207
203,207
203,207
203,207
203,207
202,207
203,207
203,207
203,207
203,207
203,207
203,207
203,207
203,207
203,207
203,207
203,207
203,207
203,207
203,207
203,207
203,207
203,207
203,207
203,207
203,207
203,207
203,207
203,207
203,207
203,207
203,207
203,207
203,207
203,207
203,207
203,207
203,207
203,207
203,207
203,207
203,207
203,207
203,207
203,207
203,207
203,207
203,207
203,207
203,207
203,207
203,207
203,207
203,207
203,207
203,207
203,207
203,207
203,207
203,207
203,207
203,207
203,207
203,207
203,207
203,207
203,207
203,207
203,207
203,207
203,207
203,207
203,207
203,207
203,207
203,207
203,207
203,207
203,207
203,207
203,207
203,207
203,207
203,207
203,207
203,207
203,207
203,207
203,207
203,207
203,207
203,207
203,207
203,207
203,207
203,207
203,207
203,207
203,207
203,207
203,207
203,207
203,207
203,207
203,207
203,207
203,207
203,207
203,207
203,207
203,207
203,207
203,207
203,207
203,207
203,207
203,207
203,207
203,207
203,207
203,207
203,207
203,207
203,207
203,207
203,207
203,207
203,207
203,207
203,207
203,207
203,207
203,207
203,207
203,207
203,207
203,207
203,207
203,207
203,207
203,207
203,207
203,207
203,207
203,207
203,207
203,207
203,207
203,207
203,207
203,207
203,207
203,207
203,207
203,207
203,207
203,207
203,207
203,207
203,207
203,207
203,207
203,207
203,207
203,207
203,207
203,207
203,207
203,207
203,207
203,207
203,207
203,207
203,207
203,207
203,207
203,207
203,207
203,207
203,207
203,207
203,207
203,207
203,207
203,207
203,207
203,207
203,207
203,207
203,207
203,207
203,207
203,207
203,207
203,207
203,207
203,207
203,207
203,207
203,207
203,207
203,207
203,207
203,207
203,207
203,207
203,207
203,207
203,207
203,207
203,207
203,207
203,207
203,207
203,207
203,207
203,207
203,207
203,207
203,207
203,207
203,207
203,207
203,207
203,207
203,207
203,207
203,207
203,207
203,207
203,207
203,207
203,207
203,207
203,207
203,207
203,207
203,207
203,207
203,207
203,207
203,207
203,207
203,207
203,207
203,207
203,207
203,207
203,207
203,207
203,207
203,207
203,207
203,207
203,207
203,207
203,207
203,207
203,207
203,207
203,207
203,207
203,207
203,207
203,207
203,207
203,207
203,207
203,207
203,207
203,207
203,207
203,207
203,207
203,207
203,207
203,207
203,207
203,207
203,207
203,207
203,207
203,207
203,207
203,207
203,207
203,207
203,207
203,207
203,207
203,207
203,207
203,207
203,207
203,207
203,207
203,207
203,207
203,207
203,207
203,207
203,207
203,207
203,207
203,207
203,207
203,207
203,207
203,207
203,207
203,207
203,207
203,207
203,207
203,207
203,207
203,207
203,207
203,207
203,207
203,207
203,207
203,207
203,207
203,207
203,207
203,207
203,207
203,207
203,207
203,207
203,207
203,207
203,207
203,207
203,207
203,207
203,207
203,207
203,207
203,207
203,207
203,207
203,207
203,207
203,207
203,207
203,207
203,207
203,207
203,207
203,207
203,207
203,207
203,207
203,207
203,207
203,207
203,207
203,207
203,207
203,207
203,207
203,207
203,207
203,207
203,207
203,207
203,207
203,207
203,207
203,207
203,207
203,207
203,207
203,207
203,207
203,207
203,207
203,207
203,207
203,207
203,207
203,207
203,207
203,207
203,207
203,207
203,207
203,207
203,207
203,207
203,207
203,207
203,207
203,207
203,207
203,207
203,207
203,207
203,207
203,207
203,207
203,207
203,207
203,207
203,207
203,207
203,207
203,207
203,207
203,207
203,207
203,207
203,207
203,207
203,207
203,207
203,207
203,207
203,207
203,207
203,207
203,207
203,207
203,207
203,207
203,207
203,207
203,207
203,207
203,207
203,207
203,207
203,207
203,207
203,207
203,207
203,207
203,207
203,207
203,207
203,207
203,207
203,207
203,207
203,207
203,207
203,207
203,207
203,207
203,207
203,207
203,207
203,207
203,207
203,207
203,207
203,207
203,207
203,207
203,207
203,207
203,207
203,207
203,207
203,207
203,207
203,207
203,207
203,207
203,207
203,207
203,207
203,207
203,207
203,207
203,207
203,207
203,207
203,207
203,207
203,207
203,207
203,207
203,207
203,207
203,207
203,207
203,207
203,207
203,207
203,207
203,207
203,207
203,207
203,207
203,207
203,207
203,207
203,207
203,207
203,207
203,207
203,207
203,207
203,207
203,207
203,207
203,207
203,207
203,207
203,207
203,207
203,207
203,207
203,207
203,207
203,207
203,207
203,207
203,207
203,207
203,207
203,207
203,207
203,207
203,207
203,207
203,207
203,207
203,207
203,207
203,207
203,207
203,207
203,207
203,207
203,207
203,207
203,207
203,207
203,207
203,207
203,207
203,207
203,207
203,207
203,207
203,207
203,207
203,207
203,207
203,207
203,207
203,207
203,207
203,207
203,207
203,207
203,207
203,207
203,207
203,207
203,207
203,207
203,207
203,207
203,207
203,207
203,207
203,207
203,207
203,207
203,207
203,207
203,207
203,207
203,207
203,207
203,207
203,207
203,207
203,207
203,207
203,207
203,207
203,207
203,207
203,207
203,207
203,207
203,207
203,207
203,207
203,207
203,207
203,207
203,207
203,207
203,207
203,207
203,207
203,207
203,207
203,207
203,207
203,207
203,207
203,207
203,207
203,207
203,207
203,207
203,207
203,207
203,207
203,207
203,207
203,207
203,207
203,207
203,207
202,207
202,207
202,207
202,207
202,207
202,207
202,207
201,207
201,207
201,207
201,207
201,207
200,207
200,207
200,207
200,207
200,207
200,207
200,207
200,207
200,207
200,207
200,207
200,208
200,208
200,208
199,208
199,209
199,209
199,210
199,210
199,210
199,210
199,210
199,210
199,211
199,211
199,211
199,211
199,211
199,211
198,211
198,211
198,211
198,211
198,211
198,211
198,211
198,211
198,211
198,211
198,211
197,211
197,211
197,211
197,211
197,211
197,211
196,211
196,211
196,212
195,212
195,212
195,212
194,212
194,212
194,212
193,212
193,212
193,213
192,213
192,213
192,213
191,214
191,214
191,214
190,214
190,214
190,214
189,214
189,215
189,215
188,214
188,215
188,215
188,215
187,216
187,216
187,216
186,216
186,216
185,216
185,217
184,217
184,217
183,217
183,217
183,217
182,217
182,217
182,217
181,217
181,218
181,218
180,218
180,218
180,218
179,219
179,219
179,219
178,219
178,219
178,219
177,220
177,220
176,220
176,220
175,220
175,220
174,221
174,221
173,221
172,221
171,221
170,221
170,222
169,222
169,222
169,222
168,222
168,222
168,222
167,222
167,223
167,223
166,223
166,223
166,223
166,223
166,223
165,224
165,224
165,224
165,224
165,224
165,224
164,224
164,224
164,224
164,224
164,224
164,224
163,224
163,224
163,224
163,224
163,225
163,225
163,225
163,225
163,225
163,225
163,225
163,225
162,225
162,225
162,225
162,225
162,226
162,226
162,226
162,226
162,226
162,226
162,226
161,226
161,226
161,226
161,226
161,226
161,226
161,226
160,226
160,226
160,227
160,227
160,227
159,226
159,226
159,227
159,227
159,227
159,227
158,227
158,227
158,227
158,227
158,227
158,228
157,228
157,228
157,228
157,228
156,228
156,228
156,228
156,228
155,228
155,228
155,229
155,229
155,229
154,229
154,229
154,229
154,229
154,229
154,229
153,229
153,229
153,229
152,230
152,229
151,229
150,229
149,230
149,230
148,230
148,230
148,230
148,230
147,230
147,230
147,230
147,230
146,230
146,230
146,230
146,231
145,231
145,231
145,231
144,231
144,231
144,231
144,231
143,231
143,231
143,232
142,232
142,232
142,232
142,232
141,232
141,232
141,233
140,233
140,232
139,233
139,233
139,233
139,233
138,233
138,233
138,233
137,234
137,234
137,234
136,234
136,234
136,234
136,234
135,234
135,234
135,234
134,234
134,234
134,235
133,235
133,235
133,235
132,235
132,235
131,235
131,236
130,236
130,236
130,236
130,236
129,236
129,236
129,236
128,236
128,236
128,236
127,236
127,236
127,237
127,237
127,237
126,237
126,237
126,237
126,237
126,237
126,237
126,237
126,237
125,237
125,237
125,237
125,237
125,237
125,237
125,237
125,237
125,237
125,237
125,237
125,237
125,237
125,237
125,237
125,237
125,237
125,237
125,237
125,237
125,237
125,237
125,237
125,237
125,237
125,237
125,237
125,237
125,237
125,237
125,237
125,237
125,237
125,237
125,237
125,237
125,237
125,237
125,237
125,237
125,237
125,237
125,237
125,237
125,237
125,237
125,237
125,237
125,237
125,237
125,237
125,237
125,237
125,237
125,237
125,237
125,237
125,237
125,237
125,237
125,237
125,237
125,237
125,237
125,237
125,237
125,237
125,237
125,237
125,237
125,237
125,237
125,237
125,237
125,237
125,237
125,237
125,237
125,237
125,237
125,237
125,237
125,237
125,237
125,237
125,237
125,237
125,237
125,237
125,237
125,237
125,237
125,237
125,237
125,237
125,237
125,237
125,237
125,237
125,237
125,237
125,237
125,237
125,237
125,237
125,237
125,237
125,237
125,237
125,237
125,237
125,237
125,237
125,237
125,237
125,237
125,237
125,237
125,237
125,237
125,237
125,237
125,237
125,237
125,237
125,237
125,237
125,237
125,237
125,237
125,237
125,237
125,237
125,237
125,237
125,237
125,237
125,237
125,237
125,237
125,237
125,237
125,237
125,237
125,237
125,237
125,237
125,237
125,237
125,237
125,237
125,237
125,237
125,237
125,237
125,237
125,237
124,237
125,237
124,237
124,237
124,237
124,237
124,237
124,237
124,237
124,237
124,237
124,237
124,237
124,237
124,237
124,237
124,237
124,237
124,237
124,237
124,237
124,237
124,237
124,237
124,237
124,237
124,237
124,237
124,237
124,237
124,237
124,237
124,237
124,237
124,237
124,237
124,237
123,237
123,237
123,237
123,237
123,237
123,237
123,237
123,237
123,237
123,237
123,237
123,237
123,237
123,237
123,237
123,237
123,237
123,237
123,237
123,237
123,237
123,237
123,237
123,237
123,237
123,237
123,237
123,237
123,237
123,237
123,237
123,237
123,237
123,237
123,237
123,237
123,237
123,237
123,237
123,237
123,237
123,237
123,237
123,237
123,237
123,237
123,237
123,237
123,237
123,237
123,237
123,237
123,237
123,237
123,237
123,237
123,237
123,237
123,237
123,237
123,237
123,237
123,237
123,237
123,237
123,237
123,237
123,237
123,237
123,237
123,237
123,237
123,237
123,237
123,237
123,237
123,237
123,237
123,237
123,237
123,237
123,237
123,237
123,237
123,237
123,237
123,237
123,237
123,237
123,237
123,237
123,237
123,237
123,237
123,237
123,237
123,237
123,237
123,237
123,237
123,237
123,237
123,237
123,237
123,237
123,237
123,237
123,237
123,237
123,237
123,237
123,237
123,237
123,237
123,237
123,237
123,237
123,237
123,237
123,237
123,237
123,237
123,237
123,237
123,237
123,237
123,237
123,237
123,237
124,237
124,237
124,237
124,237
124,237
124,237
124,237
124,237
124,237
124,237
124,237
124,237
124,237
124,237
124,237
124,237
124,237
124,237
124,237
124,237
124,237
124,237
124,237
124,237
124,237
124,237
124,237
124,237
124,237
124,237
124,237
124,237
124,237
124,237
125,237
125,237
125,237
125,237
125,237
125,237
125,237
125,237
125,237
125,237
125,237
125,237
125,237
125,237
125,237
125,237
125,237
125,237
125,237
125,237
125,237
125,237
125,237
125,237
125,237
125,237
125,237
125,237
125,237
125,237
125,237
125,237
125,237
125,237
125,237
125,237
126,237
126,237
126,237
126,237
126,237
126,237
126,237
126,237
126,237
126,237
126,237
125,237
126,237
126,237
126,237
126,237
126,237
126,237
126,237
126,237
126,237
126,237
126,237
126,237
126,237
126,237
126,237
126,237
126,237
126,237
126,237
126,237
126,237
126,237
126,237
126,237
126,237
126,237
126,237
126,237
126,237
126,237
126,237
126,237
126,237
126,237
126,237
126,237
126,237
126,237
126,237
126,237
126,237
126,237
126,237
126,237
126,237
126,237
126,237
126,237
126,237
126,237
126,237
126,237
126,237
126,237
126,237
126,237
126,237
126,237
126,237
126,237
126,237
126,237
126,237
126,237
126,237
126,237
126,237
126,237
126,237
126,237
126,237
126,237
126,237
126,237
126,237
126,237
126,237
126,237
126,237
126,237
126,237
126,237
126,237
126,237
126,237
126,237
126,237
126,237
126,237
126,237
126,237
126,237
126,237
126,237
126,237
126,237
126,237
126,237
126,237
126,237
126,237
126,237
126,237
126,237
126,237
126,237
126,237
126,237
126,237
126,237
126,237
126,237
126,237
126,237
126,237
126,237
126,237
126,237
126,237
126,237
126,237
126,237
126,237
126,237
126,237
126,237
126,237
126,237
126,237
126,237
126,237
126,237
126,237
126,237
126,237
126,237
126,237
126,237
126,237
126,237
126,237
126,237
126,237
126,237
126,237
126,237
126,237
126,237
126,237
126,237
126,237
126,237
126,237
126,237
126,237
126,237
126,237
126,237
126,237
126,237
126,237
126,237
126,237
126,237
126,237
126,237
126,237
126,237
126,237
126,237
126,237
126,237
126,237
126,237
125,237
125,237
125,237
125,237
125,237
125,237
125,237
125,237
125,237
125,237
125,237
125,237
125,237
125,237
125,237
125,237
125,237
125,237
125,237
125,237
125,237
125,237
125,237
125,237
125,237
125,237
126,237
125,237
126,237
126,237
126,237
126,237
126,237
126,237
125,237
125,237
125,237
125,237
125,237
125,237
125,237
125,237
125,237
125,237
125,237
125,237
125,237
125,237
125,237
125,237
126,237
125,237
125,237
125,237
125,237
125,237
125,237
125,237
126,237
126,237
126,237
126,237
126,237
126,237
126,237
126,237
126,237
126,237
126,237
126,237
125,237
125,237
125,237
125,237
125,237
125,237
125,237
126,237
126,237
126,237
126,237
126,237
126,237
126,237
126,237
126,237
126,237
126,237
126,237
126,237
126,237
126,237
126,237
126,237
126,237
126,237
126,237
126,237
126,237
126,237
126,237
126,237
126,237
126,237
126,237
126,237
126,237
126,237
126,237
126,237
126,237
126,237
126,237
126,237
126,237
126,237
126,237
126,237
126,237
126,237
126,237
126,237
126,237
126,237
126,237
126,237
126,237
126,237
126,237
126,237
126,237
126,237
126,237
126,237
126,237
126,237
127,237
127,237
127,237
127,237
126,237
126,237
127,237
127,237
127,237
127,237
127,237
127,237
127,237
127,237
127,237
127,237
127,237
127,237
127,237
127,237
127,237
127,237
127,237
127,237
127,237
127,237
127,237
127,237
127,237
127,237
127,237
127,237
127,237
127,237
127,237
127,237
127,237
127,237
127,237
127,237
127,237
127,237
127,237
127,237
127,237
127,237
127,237
127,237
127,237
127,237
127,237
127,237
127,237
127,237
127,237
127,237
127,237
127,237
127,237
127,237
127,237
127,237
127,237
127,237
127,237
127,237
127,237
127,237
127,237
127,237
127,237
128,237
128,237
128,237
128,237
128,237
128,237
128,237
129,237
129,237
129,237
129,237
130,237
130,237
130,237
130,237
130,236
131,236
131,236
131,236
131,236
132,235
132,235
132,235
132,235
132,235
132,235
132,235
133,235
133,235
133,235
133,235
133,234
133,234
134,234
134,234
134,234
134,234
134,234
134,234
134,234
135,234
135,234
135,234
135,234
135,234
136,234
136,234
136,234
136,234
136,233
137,233
137,233
137,233
137,233
138,233
138,233
138,233
138,233
139,233
139,233
139,233
140,233
140,233
140,233
141,232
141,232
141,232
141,232
142,232
142,232
142,232
142,232
143,232
143,231
143,231
144,231
144,231
144,231
145,231
145,230
145,231
145,230
146,230
146,230
146,230
146,230
147,230
147,230
147,230
147,230
147,230
147,230
147,230
147,230
147,230
148,230
148,230
148,230
148,230
148,230
148,230
148,230
148,230
148,230
148,230
148,230
148,230
148,230
148,229
148,229
148,229
148,229
148,229
149,229
149,229
149,229
149,229
149,229
149,229
149,229
149,229
149,229
149,229
149,229
149,229
149,229
149,229
149,229
150,229
150,229
150,229
150,229
150,229
150,229
150,229
150,229
151,229
151,229
151,229
151,229
151,229
151,229
151,229
151,228
151,228
152,228
152,228
152,228
152,228
153,228
153,228
153,228
153,228
153,228
154,228
154,228
154,228
154,228
154,228
154,227
154,228
154,227
155,227
155,227
155,227
155,227
155,227
155,227
155,227
155,227
155,227
155,227
155,227
155,227
155,227
156,227
156,227
156,227
155,227
156,227
156,227
156,227
156,227
156,227
156,227
156,227
156,227
156,227
156,227
156,227
156,227
157,227
157,227
157,227
157,227
157,227
157,226
157,226
158,226
158,226
158,226
159,226
159,226
159,226
160,226
160,226
161,226
161,226
161,226
161,226
162,226
162,226
162,225
162,225
162,225
163,225
163,225
163,225
163,225
163,225
164,225
164,225
164,224
164,224
164,224
164,224
164,224
165,224
165,224
165,223
165,223
165,223
165,223
165,223
166,223
166,222
166,222
166,222
166,222
166,222
166,222
167,222
167,222
167,222
167,222
167,222
167,222
167,222
167,221
167,221
168,221
168,221
168,221
168,221
168,221
168,221
169,221
169,221
169,221
169,221
169,221
170,221
170,221
170,221
170,221
170,221
170,220
171,221
171,220
171,220
171,220
172,220
172,220
172,220
172,220
173,220
173,220
173,219
173,219
174,219
174,219
174,219
174,219
174,218
174,218
175,218
175,218
175,218
175,218
175,218
176,218
176,218
176,218
176,218
176,218
176,218
176,218
176,218
177,218
177,218
177,218
177,218
177,218
177,218
177,218
177,218
177,218
177,218
177,218
177,218
177,218
177,218
178,218
177,218
178,218
178,218
178,218
178,218
177,217
178,217
178,217
178,218
178,217
178,217
178,217
178,217
178,217
178,217
178,217
178,217
178,217
178,217
179,217
179,217
179,217
179,217
179,217
180,217
180,217
180,217
181,217
181,217
181,217
182,216
182,216
182,216
182,216
183,216
183,216
183,216
183,216
184,215
184,215
184,215
184,215
184,215
185,215
185,215
185,214
186,214
186,214
186,214
187,214
187,214
188,214
188,214
188,213
189,213
189,213
189,213
189,213
190,213
190,213
190,213
191,213
191,212
191,212
191,212
191,212
192,211
192,211
192,211
192,211
193,211
193,211
193,211
194,211
194,211
194,210
194,210
195,210
195,210
195,210
195,210
196,210
196,210
196,210
196,210
196,210
197,210
197,209
197,209
197,209
197,209
198,209
198,209
198,209
198,209
198,209
199,209
199,209
199,209
199,208
200,208
200,208
200,208
200,208
201,208
201,207
201,207
201,207
202,207
202,207
202,207
202,207
203,207
203,207
203,207
203,207
203,207
203,207
203,207
203,207
203,207
203,207
203,207
203,207
203,207
203,207
203,207
203,207
203,207
203,207
203,207
203,207
203,207
203,207
203,207
203,207
203,207
203,207
203,207
203,207
203,207
203,207
203,207
203,207
203,207
203,207
203,207
203,207
203,207
203,207
203,207
203,207
203,207
203,207
203,207
203,207
203,207
203,207
203,207
203,207
203,207
203,207
203,207
203,207
203,207
203,207
203,207
203,207
203,207
203,207
203,207
203,207
203,207
203,207
203,207
203,207
203,207
203,207
203,207
203,207
203,207
203,207
203,207
203,207
203,207
203,207
203,207
203,207
203,207
203,207
203,207
203,207
203,207
203,207
203,207
203,207
203,207
203,207
203,207
203,207
203,207
203,207
203,207
203,207
203,207
203,207
203,207
203,207
203,207
203,207
203,207
203,207
203,207
203,207
203,207
203,207
203,207
203,207
203,207
203,207
203,207
203,207
203,207
203,207
203,207
203,207
203,207
203,207
203,207
203,207
203,207
203,207
203,207
203,207
203,207
203,207
203,207
203,207
203,207
203,207
203,207
203,207
203,207
203,207
203,207
203,207
203,207
203,207
203,207
203,207
203,207
203,207
203,207
203,207
203,207
203,207
203,207
203,207
203,207
203,207
203,207
203,207
203,207
203,207
203,207
203,207
203,207
203,207
203,207
203,207
203,207
203,207
203,207
203,207
203,207
203,207
203,207
203,207
203,207
203,207
203,207
203,207
203,207
203,207
203,207
203,207
203,207
203,207
203,207
203,207
203,207
203,207
203,207
203,207
203,207
203,207
203,207
203,207
203,207
203,207
203,207
203,207
203,207
203,207
203,207
203,207
203,207
203,207
203,207
203,207
203,207
203,207
203,207
203,207
203,207
203,207
203,207
203,207
203,207
203,207
203,207
203,207
203,207
203,207
203,207
203,207
203,207
203,207
203,207
203,207
203,207
203,207
203,207
203,207
203,207
203,207
203,207
203,207
203,207
203,207
203,207
203,207
203,207
203,207
203,207
203,207
203,207
203,207
203,207
203,207
203,207
203,207
203,207
203,207
203,207
203,207
203,207
203,207
203,207
203,207
203,207
203,207
203,207
203,207
203,207
203,207
203,207
203,207
203,207
203,207
203,207
203,207
203,207
203,207
203,207
203,207
203,207
203,207
203,207
203,207
203,207
203,207
203,207
203,207
203,207
203,207
203,207
203,207
203,207
203,207
203,207
203,207
203,207
203,207
203,207
203,207
203,207
203,207
203,207
203,207
203,207
203,207
203,207
203,207
203,207
203,207
203,207
203,207
203,207
203,207
203,207
203,207
203,207
203,207
203,207
203,207
203,207
203,207
203,207
203,207
203,207
203,207
203,207
203,207
203,207
203,207
203,207
203,207
203,207
203,207
203,207
203,207
203,207
203,207
203,207
203,207
203,207
203,207
203,207
203,207
203,207
203,207
203,207
203,207
203,207
203,207
203,207
203,207
203,207
203,207
203,207
203,207
203,207
203,207
203,207
203,207
203,207
203,207
203,207
203,207
203,207
203,207
203,207
203,207
203,207
203,207
203,207
203,207
203,207
203,207
203,207
203,207
203,207
203,207
203,207
203,207
203,207
203,207
203,207
203,207
203,207
203,207
203,207
203,207
203,207
203,207
203,207
203,207
203,207
203,207
203,207
203,207
203,207
203,207
203,207
203,207
203,207
203,207
203,207
203,207
203,207
203,207
203,207
203,207
203,207
203,207
203,207
203,207
203,207
203,207
203,207
203,207
203,207
203,207
203,207
203,207
203,207
203,207
203,207
203,207
203,207
203,207
203,207
203,207
203,207
203,207
203,207
203,207
203,207
203,207
203,207
203,207
203,207
203,207
203,207
203,207
203,207
203,207
203,207
203,207
203,207
203,207
203,207
203,207
203,207
203,207
203,207
203,207
203,207
203,207
203,207
203,207
203,207
203,207
203,207
203,207
203,207
203,207
203,207
203,207
203,207
203,207
203,207
203,207
203,207
203,207
203,207
203,207
203,207
203,207
203,207
203,207
203,207
203,207
203,207
203,207
203,207
203,207
203,207
203,207
203,207
203,207
203,207
203,207
203,207
203,207
203,207
203,207
203,207
203,207
203,207
203,207
203,207
203,207
203,207
203,207
203,207
203,207
203,207
203,207
203,207
203,207
203,207
203,207
203,207
203,207
203,207
203,207
203,207
203,207
203,207
203,207
203,207
203,207
203,207
203,207
203,207
203,207
203,207
203,207
203,207
203,207
203,207
203,207
203,207
203,207
203,207
203,207
203,207
203,207
203,207
203,207
203,207
203,207
203,207
203,207
203,207
203,207
203,207
203,207
203,207
203,207
203,207
203,207
203,207
203,207
203,207
203,207
203,207
203,207
203,207
203,207
203,207
203,207
203,207
203,207
203,207
203,207
203,207
203,207
203,207
203,207
203,207
203,207
203,207
203,207
203,207
203,207
203,207
203,207
203,207
203,207
203,207
203,207
203,207
203,207
203,207
203,207
203,207
203,207
203,207
203,207
203,207
203,207
203,207
203,207
203,207
203,207
203,207
203,207
203,207
203,207
203,207
203,207
203,207
203,207
203,207
203,207
203,207
203,207
204,207
204,207
204,207
204,207
204,207
203,207
203,207
203,207
203,207
203,207
203,207
203,207
203,207
203,207
203,207
203,207
203,207
203,207
203,207
203,207
203,207
203,207
203,207
203,207
203,207
203,207
203,207
203,207
203,207
203,207
203,207
203,207
203,207
203,207
203,207
203,207
203,207
203,207
203,207
203,207
202,207
203,207
203,207
203,207
203,207
203,207
203,207
203,207
203,207
203,207
203,207
203,207
203,207
203,207
203,207
203,207
203,207
203,207
203,207
203,207
203,207
203,207
203,207
203,207
203,207
203,207
203,207
203,207
203,207
203,207
203,207
203,207
203,207
203,207
203,207
202,207
203,207
203,207
203,207
203,207
203,207
203,207
203,207
203,207
203,207
203,207
203,207
203,207
203,207
203,207
203,207
203,207
203,207
203,207
203,207
203,207
203,207
203,207
203,207
203,207
203,207
203,207
203,207
203,207
203,207
203,207
203,207
203,207
203,207
203,207
203,207
203,207
203,207
203,207
203,207
203,207
203,207
203,207
203,207
203,207
203,207
203,207
203,207
203,207
203,207
203,207
203,207
203,207
203,207
203,207
203,207
203,207
203,207
203,207
203,207
203,207
203,207
203,207
203,207
203,207
203,207
203,207
203,207
203,207
203,207
203,207
203,207
203,207
203,207
203,207
203,207
203,207
203,207
203,207
203,207
203,207
203,207
203,207
203,207
203,207
203,207
203,207
203,207
203,207
203,207
203,207
203,207
203,207
203,207
203,207
203,207
203,207
203,207
203,207
203,207
203,207
203,207
203,207
203,207
203,207
203,207
203,207
203,207
203,207
203,207
203,207
203,207
203,207
203,207
203,207
203,207
203,207
203,207
203,207
203,207
203,207
203,207
203,207
203,207
203,207
203,207
203,207
203,207
203,207
203,207
203,207
203,207
203,207
203,207
203,207
203,207
203,207
203,207
203,207
203,207
203,207
203,207
203,207
203,207
203,207
203,207
203,207
203,207
203,207
203,207
203,207
203,207
203,207
203,207
203,207
203,207
203,207
203,207
203,207
203,207
203,207
203,207
203,207
203,207
203,207
203,207
203,207
203,207
203,207
203,207
203,207
203,207
203,207
203,207
203,207
203,207
203,207
203,207
203,207
203,207
203,207
203,207
203,207
203,207
203,207
203,207
203,207
203,207
203,207
203,207
203,207
203,207
203,207
203,207
203,207
203,207
203,207
203,207
203,207
203,207
203,207
203,207
203,207
203,207
203,207
203,207
203,207
203,207
203,207
203,207
203,207
203,207
203,207
203,207
203,207
203,207
203,207
203,207
203,207
203,207
203,207
203,207
203,207
203,207
203,207
203,207
203,207
203,207
203,207
203,207
203,207
203,207
203,207
203,207
203,207
203,207
203,207
203,207
203,207
203,207
203,207
203,207
203,207
203,207
203,207
203,207
203,207
203,207
203,207
203,207
203,207
203,207
203,207
203,207
203,207
203,207
203,207
203,207
203,207
203,207
203,207
203,207
203,207
203,207
203,207
203,207
203,207
203,207
203,207
203,207
203,207
203,207
203,207
203,207
203,207
203,207
203,207
203,207
203,207
203,207
203,207
203,207
203,207
203,207
203,207
203,207
203,207
203,207
203,207
203,207
203,207
203,207
203,207
203,207
203,207
203,207
203,207
203,207
203,207
203,207
203,207
203,207
203,207
203,207
203,207
203,207
203,207
203,207
203,207
203,207
203,207
203,207
203,207
203,207
203,207
203,207
203,207
203,207
203,207
203,207
203,207
203,207
203,207
203,207
203,207
203,207
203,207
203,207
203,207
203,207
203,207
203,207
203,207
203,207
203,207
203,207
203,207
203,207
203,207
203,207
203,207
203,207
203,207
203,207
203,207
203,207
203,207
203,207
203,207
203,207
203,207
203,207
203,207
203,207
203,207
203,207
203,207
203,207
203,207
203,207
203,207
203,207
203,207
203,207
203,207
203,207
203,207
203,207
203,207
203,207
203,207
203,207
203,207
203,207
203,207
203,207
203,207
203,207
203,207
203,207
203,207
203,207
203,207
203,207
203,207
203,207
203,207
203,207
203,207
203,207
203,207
203,207
203,207
203,207
203,207
203,207
203,207
203,207
203,207
203,207
203,207
203,207
203,207
203,207
203,207
203,207
203,207
203,207
203,207
203,207
203,207
203,207
203,207
203,207
203,207
203,207
203,207
203,207
203,207
203,207
203,207
203,207
203,207
203,207
203,207
203,207
203,207
203,207
203,207
203,207
203,207
203,207
203,207
203,207
203,207
203,207
203,207
203,207
203,207
203,207
203,207
203,207
203,207
203,207
203,207
203,207
203,207
203,207
203,207
203,207
203,207
203,207
203,207
203,207
203,207
203,207
203,207
203,207
203,207
203,207
203,207
203,207
203,207
203,207
203,207
203,207
203,207
203,207
203,207
203,207
203,207
203,207
203,207
203,207
203,207
203,207
203,207
203,207
203,207
203,207
203,207
203,207
203,207
203,207
203,207
203,207
203,207
203,207
203,207
203,207
203,207
203,207
203,207
203,207
203,207
203,207
203,207
203,207
203,207
203,207
203,207
203,207
203,207
203,207
203,207
203,207
203,207
203,207
203,207
203,207
203,207
203,207
203,207
203,207
203,207
203,207
203,207
203,207
203,207
203,207
203,207
203,207
203,207
203,207
203,207
203,206
203,206
203,207
203,207
203,207
203,207
203,207
203,207
203,207
203,207
203,207
203,207
203,207
203,207
203,207
203,207
203,207
203,206
203,206
203,206
204,206
204,206
203,206
204,207
204,207
204,207
204,207
204,207
204,207
204,207
204,207
204,207
204,207
204,207
204,207
203,206
203,207
203,207
203,207
203,207
203,207
204,207
204,207
204,207
204,207
204,207
204,207
204,206
204,206
204,206
204,206
204,206
204,206
204,206
204,206
204,206
204,206
204,206
204,206
204,206
204,205
204,205
204,205
204,205
204,205
204,205
204,205
204,205
204,205
204,205
204,205
204,205
204,205
204,205
204,205
204,205
204,205
204,205
204,205
204,205
204,205
204,205
204,205
204,205
204,205
204,205
204,205
204,205
204,205
204,205
204,205
204,205
204,205
204,205
204,205
204,205
204,205
204,205
204,205
204,205
204,205
204,205
204,205
204,205
204,205
204,205
204,205
204,205
204,205
204,205
204,205
204,205
204,205
204,205
204,205
204,205
204,205
204,205
204,205
204,205
204,205
204,205
204,205
204,205
204,205
204,205
204,205
204,205
204,205
204,205
204,205
204,205
204,205
204,205
204,205
204,205
204,205
204,205
204,205
204,205
204,204
204,204
204,204
204,204
204,204
204,204
204,204
204,204
204,204
204,204
204,204
204,204
204,204
204,204
204,204
204,204
204,205
204,205
204,205
204,205
204,205
204,205
204,205
204,205
204,205
204,205
204,205
204,205
204,205
204,205
204,205
204,205
204,205
204,205
204,204
204,204
204,204
204,204
204,204
204,204
204,204
204,204
204,204
204,204
204,204
204,204
204,204
204,204
204,204
204,204
204,204
204,204
204,204
204,204
204,204
204,204
204,204
204,204
204,204
204,204
204,204
205,204
205,204
204,204
205,204
205,204
205,204
205,204
205,204
205,204
204,204
204,204
204,204
205,204
205,204
205,204
205,204
205,204
205,204
205,204
205,204
205,204
205,204
205,204
205,204
205,204
205,204
205,204
205,204
205,204
205,204
205,204
205,204
205,204
205,204
205,204
205,204
205,204
205,204
205,204
205,204
205,204
205,204
205,203
205,203
205,203
205,203
205,203
205,203
205,203
205,203
205,203
205,203
205,203
205,203
205,203
205,203
205,203
205,203
205,203
205,203
205,203
205,203
205,203
205,203
205,203
205,203
205,203
205,203
205,203
205,203
205,203
205,203
205,203
205,203
205,202
205,202
205,202
205,202
205,202
205,202
205,202
205,202
205,202
205,202
205,202
205,202
205,202
205,202
205,202
205,202
205,202
205,202
205,202
205,202
205,202
205,202
205,202
205,202
205,202
205,202
205,202
205,202
205,202
205,202
205,202
205,202
205,202
205,202
205,202
205,202
205,202
205,202
205,202
205,202
205,201
205,201
205,201
205,201
205,201
205,201
205,201
205,201
205,201
205,201
205,201
205,201
205,201
205,201
205,201
205,201
205,201
205,201
205,201
205,201
205,201
205,201
205,201
205,201
205,201
205,201
205,201
205,201
205,201
205,201
205,201
205,201
205,201
205,201
205,201
205,200
205,200
205,200
205,200
205,200
205,200
205,200
205,200
205,200
206,200
206,200
206,200
206,200
206,200
206,200
206,200
206,200
206,200
206,200
206,200
206,200
206,200
206,200
206,200
206,199
206,199
206,199
206,199
206,199
206,199
206,199
206,199
206,199
206,199
206,199
206,199
206,199
206,199
206,199
206,199
206,199
206,199
206,199
206,199
206,199
206,199
206,199
206,199
206,199
206,199
206,199
206,199
206,199
206,199
206,199
206,199
206,199
206,198
206,198
206,198
206,198
206,198
206,198
206,198
206,198
206,198
206,198
206,198
206,198
206,198
206,197
206,197
206,198
206,198
206,198
206,198
206,198
206,197
206,197
206,197
206,198
206,198
206,198
206,198
206,198
206,198
206,198
206,197
206,197
206,197
206,197
206,197
206,197
206,197
206,197
206,197
206,197
206,197
206,197
206,197
206,197
206,197
206,197
206,197
206,197
206,197
206,197
206,197
206,197
206,197
206,197
206,197
206,197
206,197
206,197
206,197
206,197
206,197
206,197
206,197
206,197
206,197
206,197
206,197
206,197
206,197
206,197
206,197
206,197
206,197
206,197
206,197
206,197
206,197
206,197
206,197
206,197
206,197
206,197
206,197
206,197
206,197
206,197
206,197
206,197
207,197
207,197
206,197
206,197
206,196
206,196
206,196
206,196
207,196
207,196
207,196
207,196
207,195
206,195
207,195
207,195
207,195
207,195
207,195
207,195
207,195
207,195
207,194
207,194
207,194
207,194
207,194
207,193
207,193
207,193
207,192
207,192
207,192
207,192
207,192
207,192
207,192
207,191
207,191
207,191
207,191
207,191
208,190
208,190
208,190
208,190
208,190
208,190
208,189
208,189
208,189
208,189
208,189
208,188
208,188
208,188
208,188
208,187
208,187
208,187
209,186
209,186
209,186
209,186
209,185
209,185
209,185
209,185
209,185
209,184
209,184
209,184
209,184
209,184
209,184
210,183
210,183
210,183
210,183
210,183
210,182
210,182
210,182
210,181
210,181
210,181
211,181
211,181
211,180
211,180
211,180
211,180
211,179
211,179
211,179
211,178
211,178
212,178
212,177
212,177
212,176
212,176
212,176
212,175
212,175
212,175
213,174
213,174
213,173
213,172
213,171
213,171
213,170
213,169
213,168
213,168
214,167
214,167
214,167
214,166
214,166
214,166
215,165
215,165
215,164
215,164
215,164
215,164
215,163
216,163
216,163
216,163
216,162
216,162
216,161
216,161
216,160
216,160
216,159
216,159
217,159
217,159
217,158
217,158
217,158
217,158
217,158
217,157
218,157
218,157
218,157
218,157
218,156
218,156
218,156
218,156
218,156
218,156
218,156
218,156
218,156
218,156
218,156
218,156
218,156
218,156
218,156
218,155
218,155
218,155
218,155
218,155
218,155
218,155
218,155
218,155
218,155
218,155
218,155
218,155
218,155
218,155
218,155
218,155
219,155
219,155
218,155
218,155
218,154
218,154
218,154
218,154
219,155
219,155
219,155
219,155
219,155
219,155
219,155
219,155
219,155
219,155
219,155
219,155
219,155
218,154
218,154
218,155
218,155
219,155
219,155
219,155
219,155
219,155
219,155
219,155
219,155
219,155
219,155
219,155
219,155
219,155
219,155
219,155
219,155
219,155
219,155
219,155
219,155
219,155
219,155
219,155
219,155
219,155
219,155
219,155
219,155
219,155
219,155
219,155
218,154
218,154
219,154
219,154
219,154
219,154
219,155
219,155
219,155
219,155
219,155
219,155
219,155
219,155
219,155
219,155
219,155
219,155
219,154
219,154
219,155
219,155
219,155
219,155
219,155
219,155
219,155
219,155
219,155
219,155
219,155
219,155
219,155
219,155
219,155
218,154
219,154
219,154
219,154
219,154
219,155
219,154
219,155
219,155
219,155
219,154
219,155
219,155
219,155
219,155
219,155
219,155
219,155
219,154
219,154
219,154
219,155
219,155
219,155
219,155
219,155
219,155
219,155
219,155
219,155
219,155
219,155
219,155
219,155
219,155
218,154
219,154
219,154
219,154
219,154
219,154
219,154
219,154
219,155
219,154
219,155
219,154
219,155
219,155
219,154
219,155
219,154
219,155
219,154
219,154
219,155
219,154
219,155
219,155
219,155
219,155
219,155
219,155
219,155
219,155
219,155
219,155
219,155
219,155
219,155
219,154
219,154
219,154
219,154
219,154
219,154
219,154
219,154
219,154
219,154
219,154
219,154
219,154
219,154
219,154
219,154
219,154
219,154
219,154
219,154
219,154
219,154
219,154
219,154
219,154
219,154
219,154
219,154
219,154
219,154
219,154
219,154
219,154
219,154
219,154
218,154
219,154
219,154
219,154
219,154
219,154
219,154
219,154
219,154
219,154
219,153
219,153
219,153
219,153
219,153
219,153
219,153
219,153
219,153
219,153
219,153
219,153
219,153
219,153
219,153
219,152
219,152
219,152
219,152
219,152
219,152
219,152
219,152
219,152
219,152
219,152
219,152
219,152
219,152
219,152
219,152
219,152
219,152
219,152
219,152
219,152
219,152
219,152
219,152
219,152
219,152
219,152
219,152
219,152
219,152
219,152
219,152
219,152
219,152
219,152
219,152
219,152
219,152
219,152
219,152
219,152
219,152
219,152
219,152
219,152
219,152
219,152
219,152
219,152
219,152
219,152
219,152
219,152
219,152
219,152
219,152
219,152
219,152
219,152
219,152
219,152
219,152
219,152
219,152
219,152
219,152
219,152
219,152
219,152
219,152
219,152
219,152
219,152
219,152
219,152
219,152
219,152
219,152
219,152
219,152
219,151
219,152
219,152
219,152
219,152
219,152
219,152
219,152
219,152
219,152
219,152
219,152
219,152
219,152
219,152
219,152
219,152
219,152
219,152
219,152
219,152
219,152
219,152
219,152
219,152
219,152
219,152
219,152
219,152
219,152
219,152
219,152
219,152
219,152
219,152
219,151
219,151
219,152
219,152
219,152
219,152
219,151
219,151
219,151
219,151
220,150
219,150
219,150
220,150
220,149
220,149
220,149
220,149
220,148
220,148
220,148
220,148
220,148
220,148
220,148
220,147
220,147
220,147
220,147
220,147
220,147
220,147
220,146
221,146
221,146
220,145
221,145
221,145
221,144
221,144
221,144
221,144
221,144
221,144
221,143
221,143
221,143
221,143
221,142
221,142
221,142
221,142
221,142
221,142
221,141
221,141
221,141
222,141
222,141
222,141
222,140
222,140
222,140
222,140
222,140
222,139
222,139
222,139
222,139
223,138
223,137
223,137
223,137
223,137
223,136
224,136
224,136
224,135
224,135
224,135
224,135
224,135
224,135
224,134
224,134
225,134
225,134
225,133
225,133
225,133
225,133
225,132
225,132
225,132
225,132
225,132
226,132
226,132
226,131
226,131
226,131
226,131
226,131
226,131
226,131
226,130
226,130
226,130
226,130
226,130
226,130
226,130
226,130
226,130
226,130
226,130
226,130
226,130
226,130
226,130
226,129
226,129
226,129
226,129
226,129
226,129
226,129
226,129
226,129
226,129
226,129
226,129
226,129
226,129
226,129
226,129
226,129
226,129
226,129
226,129
226,129
226,129
226,129
226,129
226,129
226,129
226,129
226,129
226,129
226,129
226,129
226,129
227,129
227,129
227,129
227,129
227,129
227,129
226,129
226,129
227,129
227,129
227,129
227,129
227,129
227,129
227,129
227,129
227,129
227,129
227,129
227,129
227,129
227,129
227,129
226,129
226,129
227,129
227,129
227,129
227,129
227,129
227,129
227,129
227,129
227,129
227,129
227,129
227,129
227,129
227,129
227,129
227,129
227,129
227,129
227,129
227,129
227,129
227,129
227,129
227,129
227,129
227,129
227,129
227,129
227,129
227,129
227,129
227,129
227,129
227,128
227,128
227,128
227,128
227,128
227,128
227,128
227,128
227,128
227,128
227,128
227,128
227,128
227,128
227,128
227,128
227,128
227,128
227,128
227,128
227,128
227,128
227,128
227,128
227,128
227,128
227,128
227,128
227,128
227,128
227,128
227,128
227,128
227,128
227,128
227,128
227,128
227,128
227,128
227,128
227,128
227,128
227,128
227,128
227,128
227,128
227,128
227,128
227,128
227,128
227,128
227,128
227,128
227,128
227,128
227,128
227,128
227,128
227,128
227,128
227,128
227,128
227,128
227,128
227,128
227,128
227,128
227,128
227,128
227,128
227,128
227,128
227,128
227,128
227,128
227,128
227,128
227,128
227,128
227,128
227,128
227,128
227,128
227,128
227,128
227,128
227,128
227,128
227,128
227,128
227,128
227,128
227,128
227,128
227,128
227,128
227,128
227,128
227,128
227,128
227,128
227,128
227,128
227,128
227,128
227,128
227,128
227,128
227,128
227,128
227,128
227,128
227,128
227,128
227,128
227,128
227,128
227,128
227,128
227,128
227,128
227,128
227,128
227,128
227,128
227,128
227,128
227,128
227,128
227,128
227,128
227,128
227,128
227,128
227,128
227,128
227,128
227,128
227,128
227,128
227,128
227,128
227,128
227,128
227,128
227,128
227,128
227,128
227,128
227,128
227,128
227,128
227,128
227,128
227,128
227,128
227,128
227,128
227,128
227,128
227,128
227,128
227,128
227,128
227,128
227,128
227,128
227,128
227,128
227,128
227,128
227,128
227,128
227,128
227,128
227,128
227,128
227,128
227,128
227,128
227,128
227,128
227,128
227,128
227,128
227,128
227,128
227,128
227,128
227,128
227,128
227,128
227,128
227,128
227,128
227,128
227,128
227,128
227,128
227,128
227,128
227,128
227,128
227,128
227,128
227,128
227,128
227,128
227,128
227,128
227,128
227,128
227,128
227,128
227,128
227,128
227,128
227,128
227,128
227,128
227,128
227,128
227,128
227,128
227,128
227,128
227,128
227,128
227,128
227,128
227,128
227,128
227,128
227,128
227,128
227,128
227,128
227,128
227,128
227,128
227,128
227,128
227,128
227,128
227,128
227,128
227,128
227,128
227,128
227,128
227,128
227,128
227,128
227,128
227,128
227,128
227,128
227,128
227,128
227,128
227,128
227,128
227,128
227,128
227,128
227,128
227,128
227,128
227,128
227,128
227,128
227,128
227,128
227,128
227,128
227,128
227,128
227,128
227,128
227,128
227,128
227,128
227,128
227,128
227,128
227,128
227,128
227,128
227,128
227,128
227,128
227,128
227,128
227,128
227,128
227,128
227,128
227,128
227,128
227,128
227,128
227,128
227,128
227,128
227,128
227,128
227,128
227,128
227,128
227,128
227,128
227,128
227,128
227,128
227,128
227,128
227,128
227,128
227,128
227,128
227,128
227,128
227,128
227,128
227,128
227,128
227,128
227,128
227,128
227,128
227,128
227,128
227,128
227,128
227,128
227,128
227,128
227,128
227,128
227,128
227,128
227,128
227,128
227,128
227,128
227,128
227,128
227,128
227,128
227,128
227,128
227,128
227,128
227,128
227,128
227,128
227,128
227,128
227,128
227,128
227,128
227,128
227,128
227,128
227,128
227,128
227,128
227,128
227,128
227,128
227,128
227,128
227,128
227,128
227,128
227,128
227,128
227,128
227,128
227,128
227,128
227,128
227,128
227,128
227,128
227,128
227,128
227,128
227,128
227,128
227,128
227,128
227,128
227,128
227,128
227,128
227,128
227,128
227,128
227,128
227,128
227,128
227,128
227,128
227,128
227,128
227,128
227,128
227,128
227,128
227,128
227,128
227,128
227,128
227,128
227,128
227,128
227,128
227,128
227,128
227,128
227,128
227,128
227,128
227,128
227,128
227,128
227,128
227,128
227,128
227,128
227,128
227,128
227,128
227,128
227,128
227,128
227,128
227,128
227,128
227,128
227,128
227,128
227,128
227,128
227,128
227,128
227,128
227,128
227,128
227,128
227,128
227,128
227,128
227,128
227,128
227,128
227,128
227,128
227,128
227,128
227,128
227,128
227,128
227,128
227,128
227,128
227,128
227,128
227,128
227,128
227,128
227,128
227,128
227,128
227,128
227,128
227,128
227,128
227,128
227,128
227,128
227,128
227,128
227,128
227,128
227,128
227,128
227,128
227,128
227,128
227,128
227,128
227,128
227,128
227,128
227,128
227,128
227,128
227,128
227,128
227,128
227,128
227,128
227,128
227,128
227,128
227,128
227,128
227,128
227,128
227,128
227,128
227,128
227,128
227,128
227,128
227,128
227,128
227,128
227,128
227,128
227,128
227,128
227,128
227,128
227,128
227,128
227,128
227,128
227,128
227,128
227,128
227,128
227,128
227,128
227,128
227,128
227,128
227,128
227,128
227,128
227,128
227,128
227,128
227,128
227,128
227,128
227,128
227,128
227,128
227,128
227,128
227,128
227,128
227,128
227,128
227,128
227,128
227,128
227,128
227,128
227,128
227,128
227,128
227,128
227,128
227,128
227,128
227,128
227,128
227,128
227,128
227,128
227,128
227,128
227,128
227,128
227,128
227,128
227,128
227,128
227,128
227,128
227,128
227,128
227,128
227,128
227,128
227,128
227,128
227,128
227,128
227,128
227,128
227,128
227,128
227,128
227,128
227,128
227,128
227,128
227,128
227,128
227,128
227,128
227,128
227,128
227,128
227,128
227,128
227,128
227,128
227,128
227,128
227,128
227,128
227,128
227,128
227,128
227,128
227,128
227,128
227,128
227,128
227,128
227,128
227,128
227,128
227,128
227,128
227,128
227,128
227,128
227,128
227,128
227,128
227,128
227,128
227,128
227,128
227,128
227,128
227,128
227,128
227,128
227,128
227,128
227,128
227,128
227,128
227,128
227,128
227,128
227,128
227,128
227,128
227,128
227,128
227,128
227,128
227,128
227,128
227,128
227,128
227,128
227,128
227,128
227,128
227,128
227,128
227,128
227,128
227,128
227,128
227,128
227,128
227,128
227,128
227,128
227,128
227,128
227,128
227,128
227,128
227,128
227,128
227,128
227,128
227,128
227,128
227,128
227,128
227,128
227,128
227,128
227,128
227,128
227,128
227,128
227,128
227,128
227,128
227,128
227,128
227,128
227,128
227,128
227,128
227,128
227,128
227,128
227,128
227,128
227,128
227,128
227,128
227,128
227,128
227,128
227,128
227,128
227,128
227,128
227,128
227,128
227,128
227,128
227,128
227,128
227,128
227,128
227,128
227,128
227,128
227,128
227,128
227,128
227,128
227,128
227,128
227,128
227,128
227,128
227,128
227,128
227,128
227,128
227,128
227,128
227,128
227,128
227,128
227,128
227,128
227,128
227,128
227,128
227,128
227,128
227,128
227,128
227,128
227,128
227,128
227,128
227,128
227,128
227,128
227,128
227,128
227,128
227,128
227,128
227,128
227,128
227,128
227,128
227,128
227,128
227,128
227,128
227,128
227,128
227,128
227,128
227,128
227,128
227,128
227,128
227,128
227,128
227,128
227,128
227,128
227,128
227,128
227,128
227,128
227,128
227,128
227,128
227,128
227,128
227,128
227,128
227,128
227,128
227,128
227,128
227,128
227,128
227,128
227,128
227,128
227,128
227,128
227,128
227,128
227,128
227,128
227,128
227,128
227,128
227,128
227,128
227,128
227,128
227,128
227,128
227,128
227,128
227,128
227,128
227,128
227,128
227,128
227,128
227,128
227,128
227,128
227,128
227,128
227,128
227,128
227,128
227,128
227,128
227,128
227,128
227,128
227,128
227,128
227,128
227,128
227,128
227,128
227,128
227,128
227,128
227,128
227,128
227,128
227,128
227,128
227,128
227,128
227,128
227,128
227,128
227,128
227,128
227,128
227,128
227,128
227,128
227,128
227,128
227,128
227,128
227,128
227,128
227,128
227,128
227,128
227,128
227,128
227,128
227,128
227,128
227,128
227,128
227,128
227,128
227,128
227,128
227,128
227,128
227,128
227,128
227,128
227,128
227,128
227,128
227,128
227,128
227,128
227,128
227,128
227,128
227,128
227,128
227,128
227,128
227,128
227,128
227,128
227,128
227,129
227,129
227,129
227,129
227,129
227,129
227,129
227,129
227,129
227,129
227,129
227,129
227,129
227,129
227,129
227,129
227,129
227,130
226,130
227,130
227,130
226,130
227,130
226,130
226,130
226,130
226,131
226,130
226,131
226,131
226,131
226,131
226,131
226,131
226,131
226,132
226,132
226,132
226,132
226,132
226,132
226,132
226,132
226,132
226,132
226,132
226,132
226,132
226,132
226,132
226,132
226,132
226,132
226,132
226,132
226,132
226,132
226,132
226,132
226,132
226,132
226,132
226,132
226,132
226,132
226,132
226,132
226,132
226,132
226,132
226,132
225,132
225,132
225,132
225,132
225,132
225,132
225,132
225,132
225,132
225,132
225,132
225,132
225,132
225,132
225,132
225,132
225,132
225,132
225,132
225,132
225,132
225,132
225,132
225,132
225,132
225,132
225,132
225,132
225,132
225,132
225,132
225,132
225,132
225,132
225,132
225,132
225,132
225,132
225,132
225,132
225,132
225,132
225,132
225,132
225,132
225,132
225,133
225,132
225,133
225,133
225,133
225,133
225,133
224,133
224,134
224,134
224,134
224,134
224,134
224,134
224,134
224,134
223,134
223,134
224,135
223,135
223,135
223,135
223,135
223,135
223,135
223,135
223,136
223,136
223,136
223,136
223,136
223,137
223,137
222,137
222,137
222,137
222,138
222,138
222,139
222,139
222,139
222,139
222,140
222,140
222,140
222,140
222,140
221,140
221,140
221,141
221,141
221,141
221,141
221,142
220,142
220,142
220,143
220,143
220,144
220,144
219,145
219,145
219,146
219,147
219,147
219,147
219,147
219,148
218,148
218,149
218,149
218,150
218,150
218,151
217,152
217,152
217,153
217,154
217,154
217,155
217,156
217,156
216,157
216,157
216,158
216,158
216,158
216,158
216,159
216,159
215,160
215,161
215,161
215,162
215,162
215,163
214,163
214,163
214,164
214,164
214,165
213,165
213,166
213,166
213,166
213,167
213,167
213,167
212,168
212,169
212,170
212,171
212,173
212,174
211,175
211,176
211,177
211,178
211,179
211,180
210,180
210,180
210,181
210,181
210,181
210,182
209,182
209,183
209,183
209,184
209,184
209,185
209,185
208,186
208,186
208,186
208,187
208,187
208,187
207,188
207,189
207,190
207,191
207,191
207,192
206,192
206,193
206,193
206,194
206,195
206,196
205,197
205,197
205,198
205,198
204,198
204,198
204,199
204,199
204,200
204,200
204,200
204,200
204,200
204,200
204,201
204,201
204,201
204,201
204,201
204,201
204,201
204,202
204,202
204,202
204,202
204,202
204,202
204,202
204,202
204,202
204,202
204,202
204,202
204,203
204,203
204,203
204,203
204,203
204,203
204,203
204,203
204,203
204,203
204,203
204,203
204,203
204,203
204,203
204,203
204,203
204,203
204,203
204,204
204,204
204,204
204,204
204,204
204,204
204,204
204,204
204,204
204,204
204,204
204,204
204,204
204,205
204,205
203,205
204,205
203,205
203,205
203,205
203,205
203,205
203,205
203,205
203,205
203,206
203,206
203,206
203,206
203,206
203,206
203,206
203,206
203,206
203,207
203,207
203,207
203,207
203,207
203,207
202,207
202,207
202,207
202,207
202,207
202,207
202,208
202,208
202,208
202,208
202,208
202,208
202,208
202,208
202,208
202,208
202,208
201,207
202,207
202,207
202,208
202,208
202,208
202,208
202,208
202,208
202,208
202,208
202,208
201,208
202,208
202,208
202,208
201,208
202,208
202,208
201,208
201,208
202,208
202,208
202,208
202,208
202,208
201,208
202,208
202,208
202,208
202,208
202,208
201,208
201,208
202,208
201,208
201,208
201,208
201,208
201,208
201,208
201,208
201,208
201,208
201,208
201,208
201,208
202,208
201,208
202,208
201,208
201,208
201,208
201,208
201,208
201,208
201,208
201,208
201,208
201,208
201,208
201,208
201,208
201,208
201,208
201,208
201,208
201,208
201,208
201,208
201,208
201,208
201,208
201,208
201,208
201,208
201,208
201,208
201,208
201,208
201,208
201,208
201,208
201,208
201,208
201,208
201,208
201,208
201,208
201,208
201,208
201,208
201,208
201,208
201,208
201,208
201,208
201,208
201,208
201,208
201,208
201,208
201,208
201,208
201,208
201,208
201,208
201,208
201,208
201,208
201,208
201,208
201,208
201,208
201,208
201,208
201,208
201,208
201,208
201,208
201,208
201,208
201,208
201,208
201,208
201,208
201,208
201,208
201,208
201,208
201,208
201,208
201,208
201,208
201,208
201,209
201,209
201,209
201,209
201,209
201,208
201,208
201,208
201,208
201,208
201,208
201,208
201,208
201,208
201,208
201,208
201,208
201,208
201,208
201,208
201,208
201,208
201,208
201,208
201,208
201,208
201,208
201,208
201,208
201,208
201,208
201,208
201,208
201,208
201,208
201,208
201,208
201,208
201,208
201,208
201,208
201,208
201,208
201,208
201,208
201,208
201,208
201,208
201,208
201,208
201,208
201,208
201,208
201,208
201,208
201,208
201,208
201,208
201,208
201,208
201,208
201,208
201,208
201,208
201,208
201,208
201,208
201,208
201,208
201,208
201,208
201,208
201,208
201,208
201,208
201,208
201,208
201,208
201,208
201,208
201,208
201,208
201,208
201,208
201,208
201,208
201,208
201,208
201,208
201,208
202,208
202,208
201,208
201,208
201,208
201,208
202,208
202,208
202,208
202,208
202,208
202,208
202,208
202,208
202,208
202,208
202,208
202,208
202,208
202,208
201,208
201,208
201,208
202,208
202,208
202,208
202,208
202,208
202,208
202,208
202,208
202,208
202,208
202,208
202,208
202,208
202,208
202,208
202,208
202,208
202,208
202,208
202,208
202,208
202,208
202,208
202,208
202,208
202,208
202,208
202,208
202,208
202,208
202,208
202,208
202,207
202,207
202,207
202,207
202,207
202,207
202,207
202,207
202,207
202,207
202,207
202,207
202,207
202,207
202,207
202,207
202,207
202,207
202,207
202,207
202,207
202,207
203,207
203,206
203,206
203,206
203,207
203,207
203,206
203,206
203,206
203,206
203,206
203,206
203,206
203,206
203,206
203,206
203,206
203,206
203,206
203,206
203,206
203,206
203,206
203,206
203,206
203,206
203,206
203,206
203,206
203,206
203,206
203,206
203,206
203,206
203,206
203,206
203,206
204,206
204,206
204,206
204,206
204,206
204,206
204,206
204,206
204,206
204,206
204,206
203,205
204,205
204,206
204,206
204,206
204,206
204,206
204,206
204,206
204,206
204,206
204,206
204,206
204,206
204,206
204,206
204,206
204,206
204,205
204,205
204,206
204,206
204,206
204,206
204,206
204,206
204,205
204,206
204,206
204,206
204,206
204,206
204,206
204,206
204,206
204,205
204,205
204,205
204,205
204,205
204,205
204,205
204,205
204,205
204,205
204,205
204,206
204,205
204,205
204,205
204,205
204,205
204,205
204,205
204,205
204,205
204,205
204,205
204,205
204,205
204,205
204,205
204,205
204,205
204,205
204,205
204,205
204,205
204,205
204,205
204,205
204,205
204,205
204,205
204,205
204,205
204,205
204,205
204,205
204,205
204,205
204,205
204,205
204,204
204,204
204,204
204,204
204,204
204,204
204,204
204,204
204,204
204,203
204,203
204,203
204,203
204,203
204,203
204,203
205,203
205,203
205,203
205,203
205,203
205,203
204,202
204,202
204,202
205,202
205,202
205,202
205,202
205,202
205,202
205,202
205,202
205,202
205,202
205,202
205,202
205,202
205,202
205,202
205,202
205,202
205,202
205,202
205,202
205,202
205,202
205,202
205,202
205,202
205,202
205,202
205,202
205,202
205,202
205,202
205,202
205,202
205,202
205,202
205,202
205,202
205,202
205,202
205,202
205,202
205,202
205,202
205,202
205,202
205,202
205,202
205,202
205,202
205,202
205,202
205,202
205,202
205,202
205,202
205,202
205,202
205,202
205,202
205,202
205,202
205,202
205,202
205,202
205,202
205,202
205,202
205,202
205,202
205,202
205,202
205,202
205,202
205,202
205,202
205,202
205,202
205,202
205,202
205,202
205,202
205,202
205,202
205,202
205,202
205,202
205,202
205,202
205,202
205,202
205,202
205,202
205,202
205,202
205,202
205,202
205,202
205,202
205,202
205,202
205,202
205,202
205,202
205,202
205,202
205,202
205,202
205,202
205,202
205,202
205,202
205,202
205,202
205,202
205,202
205,202
205,202
205,202
205,202
205,202
205,202
205,202
205,202
205,202
205,201
205,201
205,201
205,201
205,201
205,201
205,201
205,200
206,200
206,200
206,200
206,200
206,200
205,199
205,199
206,199
206,199
206,199
206,199
206,199
206,198
206,198
206,198
206,198
206,198
206,198
206,198
206,197
206,197
206,197
206,197
206,197
206,197
206,197
206,197
206,196
206,196
206,196
206,196
206,196
206,196
206,196
207,196
206,195
207,195
207,195
207,195
207,195
206,194
206,194
206,194
207,194
207,194
207,194
207,193
207,193
207,193
207,193
207,193
207,192
207,192
207,192
207,192
207,192
207,192
207,192
207,191
207,191
207,191
207,191
207,191
207,191
208,191
208,191
208,191
208,191
208,190
208,190
208,190
208,190
208,190
208,190
208,190
208,189
208,189
208,189
208,189
208,189
208,189
208,189
208,189
208,189
208,189
208,189
208,188
208,188
208,188
208,188
208,188
208,188
208,188
208,187
208,187
208,187
208,187
208,187
208,187
208,186
208,186
208,186
208,186
208,186
208,186
208,186
208,186
208,186
209,186
209,186
208,185
208,185
209,185
209,185
209,185
209,185
209,185
209,185
209,185
209,185
209,185
209,184
209,184
209,184
209,184
209,184
209,184
209,184
209,184
209,184
209,183
210,183
210,183
210,183
210,183
210,183
210,183
210,182
210,182
210,182
210,182
210,182
210,182
210,182
210,181
210,181
210,181
210,181
210,181
210,181
210,181
210,181
211,181
211,180
211,180
211,180
211,180
211,180
211,180
211,179
211,179
211,179
211,179
211,178
211,178
211,178
211,178
211,178
211,178
211,178
212,177
212,177
212,177
212,176
212,176
212,175
212,175
212,175
212,175
212,174
212,174
212,174
212,173
213,173
213,173
213,173
213,172
213,172
213,171
213,171
213,170
213,170
213,170
213,169
213,169
213,169
213,168
213,168
213,168
213,167
214,167
214,167
214,167
214,167
214,167
214,167
214,167
214,167
214,167
214,167
214,167
214,167
214,166
214,166
215,166
214,166
214,166
214,166
215,166
215,165
215,165
215,165
215,165
215,165
215,165
215,165
215,164
215,164
215,164
215,164
215,164
215,164
215,164
215,163
215,163
215,163
215,163
216,163
216,163
216,163
216,163
216,163
216,162
216,162
216,162
216,162
216,162
216,162
216,161
216,161
216,161
216,160
216,160
216,160
216,160
216,160
216,160
216,159
216,159
216,159
216,159
217,159
217,159
217,159
217,159
217,158
217,158
217,158
217,158
217,158
217,158
217,157
217,157
217,157
217,157
218,157
218,157
218,157
218,156
218,156
218,156
218,156
218,156
218,155
218,155
218,154
218,154
218,154
218,154
218,154
218,153
218,153
218,153
219,153
219,153
219,153
219,152
219,152
219,151
219,151
219,150
219,150
219,150
219,149
219,149
219,149
219,149
220,149
220,148
220,148
220,148
220,148
220,148
220,148
220,147
220,147
220,147
220,147
220,147
220,146
220,146
220,145
220,145
221,145
220,144
221,144
221,144
221,144
221,144
221,143
221,143
221,143
221,143
221,143
221,142
221,142
221,142
221,142
221,141
221,141
221,141
221,141
222,141
222,141
222,140
222,140
222,140
222,140
222,140
222,140
222,140
222,139
222,139
222,139
222,138
222,137
222,137
223,137
223,137
223,137
223,137
223,136
223,136
224,136
224,135
224,135
224,135
224,135
224,134
224,134
224,134
224,134
225,133
225,133
225,133
225,132
225,132
225,132
225,132
226,132
226,131
226,131
226,131
226,131
226,131
226,130
226,130
226,130
226,129
226,129
226,129
226,128
226,128
226,128
226,128
226,128
226,128
226,128
226,128
226,128
226,128
226,128
226,128
226,128
226,129
226,128
226,129
226,129
226,128
226,128
226,129
226,129
226,129
226,129
226,129
227,129
227,129
226,129
227,129
227,129
227,129
227,129
227,129
227,129
227,129
226,128
226,128
226,128
226,128
226,128
226,128
227,128
227,128
227,128
226,128
227,129
227,129
227,129
227,129
227,129
227,129
227,129
227,129
226,128
227,128
226,128
227,128
227,128
227,128
227,128
227,129
227,128
227,128
227,128
227,129
227,128
227,128
227,129
227,128
227,129
226,128
226,128
226,128
226,128
227,128
226,128
227,128
227,128
227,128
227,128
227,128
227,128
227,128
227,128
227,128
227,128
227,128
227,128
227,128
227,128
227,128
227,128
227,128
227,128
227,128
227,128
227,128
227,128
227,128
227,128
227,128
227,129
227,128
227,128
227,128
226,128
226,128
227,128
227,128
227,128
227,128
227,128
227,128
227,128
227,128
227,128
227,128
227,128
227,128
227,128
227,128
227,128
227,128
227,128
227,128
227,128
227,128
227,128
227,128
227,128
227,128
227,128
227,128
227,128
227,128
227,128
227,128
227,128
227,128
227,128
226,128
226,128
227,128
227,128
227,128
227,128
227,128
227,128
227,128
227,128
227,128
227,128
227,128
227,128
227,128
227,128
227,128
227,128
227,128
227,128
227,128
227,128
227,128
227,128
227,128
227,128
227,128
227,128
227,128
227,128
227,128
227,128
227,128
227,128
227,128
226,128
226,128
227,128
227,128
227,128
227,128
227,128
227,128
227,128
227,128
227,128
227,128
227,128
227,128
227,128
227,128
227,128
227,128
227,128
227,128
227,128
227,128
227,128
227,128
227,128
227,128
227,128
227,128
227,128
227,128
227,128
227,128
227,128
227,128
227,128
226,128
226,128
227,128
227,128
227,128
227,128
227,128
227,128
227,128
227,128
227,128
227,128
227,128
227,128
227,128
227,128
227,128
227,128
227,128
227,128
227,128
227,128
227,128
227,128
227,128
227,128
227,128
227,128
227,128
227,128
227,128
227,128
227,128
227,128
227,128
226,128
226,128
227,128
227,128
227,128
227,128
227,128
227,128
227,128
227,128
227,128
227,128
227,128
227,128
227,128
227,128
227,128
227,128
227,128
227,128
227,128
227,128
227,128
227,128
227,128
227,128
227,128
227,128
227,128
227,128
227,128
227,128
227,128
227,128
227,128
226,128
227,128
227,128
227,128
227,128
227,128
227,128
227,128
227,127
227,127
227,127
227,127
226,127
226,127
226,127
226,127
226,127
226,127
226,126
226,126
226,126
226,126
226,126
226,126
225,126
225,126
225,125
225,125
225,125
225,124
225,124
225,124
225,124
225,124
224,123
224,123
224,123
223,123
223,122
223,122
223,122
223,122
223,122
223,122
223,122
223,122
223,121
223,121
223,121
223,121
223,121
223,121
223,121
222,121
222,120
222,120
222,120
222,120
222,120
223,120
222,120
222,120
222,120
222,120
222,120
222,120
222,120
222,120
222,120
222,120
222,119
222,119
222,119
222,119
222,119
222,119
222,118
222,118
222,118
222,118
222,118
222,118
222,118
222,118
222,118
222,117
222,117
222,117
222,117
222,117
222,117
222,117
222,117
222,116
222,116
221,116
221,116
221,116
221,115
221,115
221,115
221,114
221,114
221,114
221,114
221,114
221,114
221,114
221,114
221,114
221,114
220,113
220,113
220,113
220,113
220,113
220,113
220,113
220,113
220,113
220,113
220,113
220,113
220,112
220,112
220,112
220,112
220,112
220,112
220,112
220,112
220,112
219,111
220,111
219,111
219,111
219,111
219,110
219,110
219,110
219,110
219,110
219,110
219,110
219,110
219,109
219,109
219,109
219,109
219,108
219,108
219,108
219,108
219,108
218,107
218,107
218,107
218,107
218,107
218,107
218,107
218,107
218,107
218,107
218,107
218,107
218,106
218,106
218,106
218,106
218,106
218,106
218,106
218,106
218,106
217,105
217,105
217,105
217,105
217,105
217,105
217,105
217,105
217,104
217,104
217,104
217,104
217,104
217,104
217,103
217,103
217,103
217,103
216,102
216,102
216,102
216,102
216,101
216,101
216,101
216,100
216,100
216,100
216,100
216,100
216,99
215,99
215,98
215,98
215,97
214,97
214,97
214,96
214,96
214,96
214,96
214,95
214,95
214,94
213,94
213,94
213,93
213,93
213,93
213,92
213,92
213,91
213,91
213,90
212,90
212,90
212,89
212,89
212,89
212,89
212,89
212,88
212,88
212,88
211,87
211,87
211,87
211,87
211,86
211,86
211,86
211,85
211,85
211,85
211,84
211,84
210,84
210,84
210,83
210,83
210,83
210,83
210,83
210,82
210,82
210,82
210,82
210,82
209,81
209,81
209,81
209,80
209,80
209,80
209,80
209,79
209,79
209,79
209,79
209,79
209,79
209,78
209,78
208,78
208,78
208,78
208,78
208,78
208,78
208,77
208,77
208,77
208,77
208,77
208,77
208,77
208,77
208,77
208,76
208,76
208,76
207,76
207,76
207,76
207,76
207,76
207,76
207,76
207,75
207,75
207,75
207,75
207,75
207,75
207,75
207,75
207,75
207,75
207,75
207,75
207,75
207,75
207,75
207,74
207,74
207,74
207,74
207,74
207,74
207,74
207,74
207,74
207,74
207,74
206,74
206,74
206,73
206,73
206,73
207,73
206,73
206,73
207,73
206,72
206,72
206,72
206,72
206,72
206,72
206,72
206,72
206,72
206,72
206,71
206,71
206,71
206,71
206,71
206,71
206,70
206,70
206,70
206,70
205,70
205,69
205,69
205,69
205,69
205,68
204,68
204,68
204,67
204,66
204,66
204,66
204,66
204,65
204,65
204,65
204,65
204,65
204,64
204,64
204,64
204,64
204,64
204,64
204,64
203,63
203,63
203,63
204,63
204,63
204,63
204,63
204,63
204,63
204,62
204,62
203,62
203,62
203,62
203,62
203,62
203,62
203,62
203,61
203,61
203,61
203,61
203,61
203,61
203,61
203,61
203,61
203,61
203,60
203,60
203,60
203,60
203,60
203,60
203,60
203,60
203,60
203,60
203,60
203,60
203,59
203,59
203,59
203,59
203,59
203,59
203,59
203,59
203,59
203,58
203,58
203,58
203,58
203,58
203,58
203,58
203,58
203,58
203,58
203,58
203,58
203,58
203,57
202,58
202,57
202,57
202,57
203,57
202,57
203,57
202,57
202,57
202,57
202,57
202,57
202,57
202,57
202,57
202,57
202,56
202,56
202,56
202,56
202,56
202,56
202,56
202,56
202,56
202,56
202,56
202,56
202,56
202,56
202,56
202,56
202,56
202,55
202,55
202,55
202,55
202,55
202,55
202,55
202,55
202,55
202,54
202,55
202,54
202,54
202,54
202,54
202,54
202,54
202,54
202,54
202,54
202,54
202,54
202,54
202,53
202,53
202,53
202,53
201,53
201,53
201,53
201,53
201,53
201,53
201,53
201,53
201,53
201,53
201,52
201,52
201,52
201,52
201,52
201,52
201,52
201,51
201,51
201,51
201,51
201,51
201,51
201,51
201,51
201,51
201,51
201,50
201,50
201,50
201,50
200,50
200,50
200,50
200,50
200,50
200,50
200,50
200,50
200,50
200,50
200,50
200,50
200,50
200,50
200,50
200,50
200,50
200,50
200,50
200,50
200,50
200,50
200,50
200,50
200,50
200,50
200,50
200,50
200,50
200,50
200,50
200,50
200,50
200,50
200,50
200,50
200,50
200,50
200,50
200,50
200,50
200,50
200,50
200,50
200,50
200,50
200,50
200,50
200,50
200,50
200,50
200,50
200,50
200,50
200,50
200,50
200,50
200,50
200,50
200,50
200,50
200,50
200,50
200,50
200,50
200,50
200,50
200,50
200,50
200,50
200,50
200,50
200,50
200,50
200,50
200,50
200,50
200,50
200,50
200,50
200,50
200,50
200,50
200,50
200,50
200,50
200,50
200,50
200,50
200,50
200,50
200,50
200,50
200,50
200,50
200,50
200,50
200,50
200,50
200,50
200,50
200,50
200,50
200,50
200,50
200,50
200,50
200,50
200,50
200,50
200,50
200,50
200,50
200,50
200,50
200,50
200,50
200,50
200,50
200,50
200,50
200,50
200,50
200,50
200,50
200,50
200,50
200,50
200,50
200,50
200,50
200,50
200,50
200,50
200,50
200,50
200,50
200,50
200,50
200,50
200,50
200,50
200,50
200,50
200,50
200,50
200,50
200,50
200,50
200,50
200,50
200,50
200,50
200,50
200,50
200,50
200,50
200,50
200,50
200,50
200,50
200,50
200,50
200,50
200,50
200,50
200,50
200,50
200,50
200,50
200,50
200,50
200,50
200,50
200,50
200,50
200,50
200,50
200,50
200,50
200,50
200,50
200,50
200,50
200,50
200,50
200,50
200,50
200,50
200,50
200,50
200,50
200,50
200,50
200,50
200,50
200,50
200,50
200,50
200,50
200,50
200,50
200,50
200,50
200,50
200,50
200,50
200,50
200,50
200,50
200,50
200,50
200,50
200,50
200,50
200,50
200,50
200,50
200,50
200,50
200,50
200,50
200,50
200,50
200,50
200,50
200,50
200,50
200,50
200,50
200,50
200,50
200,50
200,50
200,50
200,50
200,50
200,50
200,50
200,50
200,50
200,50
200,50
200,50
200,50
200,50
200,50
200,50
200,50
200,50
200,50
200,50
200,50
200,50
200,50
200,50
200,50
200,50
200,50
200,50
200,50
200,50
200,50
200,50
200,50
200,50
200,50
200,50
200,50
200,50
200,50
200,50
200,50
200,50
200,50
200,50
200,50
200,50
200,50
200,50
200,50
200,50
200,50
200,50
200,50
200,50
200,50
200,50
200,50
200,50
200,50
200,50
200,50
200,50
200,50
200,50
200,50
200,50
200,50
200,50
200,50
200,50
200,50
200,50
200,50
200,50
200,50
200,50
200,50
200,50
200,50
200,50
200,50
200,50
200,50
200,50
200,50
200,50
200,50
200,50
200,50
200,50
200,50
200,50
200,50
200,50
200,50
200,50
200,50
200,50
200,50
200,50
200,50
200,50
200,50
200,50
200,50
200,50
200,50
200,50
200,50
200,50
200,50
200,50
200,50
200,50
200,50
200,50
200,50
200,50
200,50
200,50
200,50
200,50
200,50
200,50
200,50
200,50
200,50
200,50
200,50
200,50
200,50
200,50
200,50
200,50
200,50
200,50
200,50
200,50
200,50
199,50
200,50
200,50
200,50
200,50
200,50
200,50
200,50
200,50
200,50
200,50
200,50
200,50
200,50
200,50
200,50
200,50
200,50
200,50
200,50
200,50
200,50
200,50
200,50
200,50
200,50
200,50
200,50
200,50
200,50
200,50
200,50
200,50
200,50
200,50
200,50
200,50
200,50
200,50
200,50
200,50
200,50
200,50
200,50
200,50
200,50
200,50
200,50
200,50
200,50
200,50
200,50
200,50
200,50
200,50
200,50
200,50
200,50
200,50
200,50
200,50
200,50
200,50
200,50
200,50
200,50
200,50
200,50
200,50
200,50
199,50
200,50
200,50
200,50
200,50
200,50
200,50
200,50
200,50
200,50
200,50
200,50
200,50
200,50
200,50
200,50
200,51
200,51
200,51
200,52
200,52
200,52
200,52
200,52
200,52
200,52
200,53
200,53
200,53
200,53
200,53
200,53
200,54
200,54
200,54
200,54
201,54
201,54
201,54
201,54
201,55
201,55
201,55
202,55
202,55
202,55
202,56
202,56
203,56
203,56
203,56
203,56
203,57
203,57
203,57
203,57
203,57
203,57
203,57
203,57
203,57
203,57
203,57
203,57
203,58
203,58
203,58
203,58
203,58
203,58
203,58
203,58
203,59
203,59
203,59
203,59
203,59
203,59
203,60
203,60
203,60
204,60
204,60
204,60
204,60
204,61
204,61
204,61
204,61
204,61
204,61
204,61
204,61
204,61
204,61
204,61
204,62
204,62
204,62
204,62
204,62
204,62
204,62
204,62
204,62
204,62
204,62
204,62
204,62
204,62
204,62
204,62
204,62
204,62
204,62
204,62
204,62
204,62
204,62
204,62
204,62
204,62
204,62
204,62
204,62
204,62
204,62
204,62
204,62
204,62
204,62
204,62
204,62
204,62
204,62
204,62
204,62
204,62
204,62
204,62
204,62
204,62
204,62
204,62
204,62
204,62
204,62
204,62
204,62
204,62
204,62
204,62
204,62
204,62
204,62
204,62
204,62
204,62
204,62
204,62
204,62
204,62
204,62
204,62
204,62
204,62
204,62
204,62
204,62
204,62
204,62
204,62
204,62
204,62
204,62
204,62
204,62
204,63
204,63
204,63
205,63
205,63
205,64
205,64
205,64
205,64
205,64
205,65
205,65
205,65
205,65
205,66
205,66
205,67
205,67
205,67
205,68
206,68
206,68
206,68
206,68
206,68
206,68
206,69
206,69
206,69
206,69
206,69
206,69
206,69
206,69
206,70
206,70
206,70
206,71
206,71
207,72
207,72
207,73
207,73
207,74
208,74
208,74
208,75
208,75
208,76
208,76
208,76
208,77
209,77
209,77
209,78
209,78
209,78
209,79
210,79
210,80
210,80
210,81
210,81
210,82
211,82
211,83
211,83
211,83
211,83
211,84
212,84
212,85
212,85
212,86
212,87
212,87
213,88
213,88
213,89
213,89
213,89
214,89
214,89
214,90
214,90
214,90
214,91
215,92
215,93
215,94
215,94
215,94
215,95
215,95
216,96
216,96
216,97
216,97
216,98
216,99
216,100
217,100
217,100
217,100
217,101
217,101
218,102
218,103
218,104
218,104
218,105
219,105
219,106
219,106
219,106
219,107
219,107
219,108
220,109
220,109
220,110
220,111
221,111
221,112
221,112
221,112
221,113
221,113
221,113
221,114
222,114
222,115
222,115
222,116
222,117
222,117
223,118
223,118
223,118
223,119
223,119
223,120
224,120
224,120
224,121
224,121
224,122
224,122
224,122
225,123
225,124
225,124
225,124
225,125
226,125
226,125
226,126
226,126
226,126
226,127
226,127
227,127
227,128
227,128
227,128
227,128
227,129
227,129
227,129
227,129
227,129
227,129
227,129
227,129
227,129
227,129
227,129
227,129
227,129
227,129
227,129
227,129
227,129
227,129
227,129
227,129
227,129
227,129
227,130
227,129
227,129
227,129
227,129
227,129
227,129
227,129
227,129
227,130
227,130
227,130
227,130
227,130
227,130
227,130
227,130
227,130
227,130
227,130
227,130
227,130
227,129
227,129
227,129
227,129
227,130
227,130
227,130
227,130
227,130
227,130
227,130
227,130
227,130
227,130
227,130
227,130
227,130
227,130
227,130
227,130
227,130
227,130
227,130
227,130
227,130
227,130
227,130
227,130
227,130
227,130
227,130
227,130
227,130
227,130
227,130
227,129
227,129
227,129
227,129
227,130
227,130
227,130
227,130
227,130
227,130
227,130
227,130
227,130
227,130
227,130
227,130
227,130
227,130
227,130
227,130
227,130
227,130
227,130
227,130
227,130
227,130
227,130
227,130
227,130
227,130
227,130
227,130
227,130
227,130
227,130
227,129
227,129
227,129
227,130
227,130
227,130
227,130
227,130
227,130
227,130
227,130
227,130
227,130
227,130
227,130
227,130
227,130
227,130
227,130
227,130
227,130
227,130
227,130
227,130
227,130
227,130
227,130
227,130
227,130
227,130
227,130
227,130
227,130
227,130
227,130
227,130
227,130
227,130
227,130
227,130
227,130
227,130
227,130
227,130
227,130
227,130
227,130
227,130
227,130
227,130
227,130
227,130
227,130
227,130
227,130
227,130
227,130
227,130
227,130
227,130
227,130
227,130
227,130
227,130
227,130
227,130
227,130
227,130
227,130
227,130
227,130
227,130
227,130
227,130
227,130
227,130
227,130
227,130
227,130
227,130
227,130
227,130
227,130
227,130
227,130
227,130
227,130
227,130
227,130
227,130
227,130
227,130
227,130
227,130
227,130
227,130
227,130
227,130
227,130
227,130
227,130
227,130
227,130
227,130
227,130
227,130
227,130
227,130
227,130
227,130
227,130
227,130
227,130
227,130
227,130
227,130
227,130
227,130
227,130
227,130
227,130
227,130
227,130
227,130
227,130
227,130
227,130
227,130
227,130
227,130
227,130
227,130
227,130
227,130
227,130
227,130
227,130
227,130
227,130
227,130
227,130
227,130
227,130
227,130
227,130
227,130
227,130
227,130
227,130
227,130
227,130
227,130
227,130
227,130
227,130
227,130
227,130
227,130
227,130
227,130
227,130
227,130
227,130
227,130
227,130
227,130
227,130
227,130
227,130
227,130
227,130
227,130
227,130
227,130
227,130
227,130
227,130
227,130
227,130
227,130
227,130
227,130
227,130
227,130
227,130
227,130
227,130
227,130
227,130
227,130
227,130
227,130
227,130
227,130
227,130
227,130
227,130
227,130
227,130
227,130
227,130
227,130
227,130
227,130
227,130
227,130
227,130
227,130
227,130
227,130
227,130
227,130
227,130
227,130
227,130
227,130
227,130
227,130
227,130
227,130
227,130
227,130
227,130
227,130
227,130
227,130
227,130
227,130
227,130
227,130
227,130
227,130
227,130
227,130
227,130
227,130
227,130
227,130
227,130
227,130
227,130
227,130
227,130
227,130
227,130
227,130
227,130
227,130
227,130
227,130
227,130
227,130
227,130
227,130
227,130
227,130
227,130
227,130
227,129
227,129
227,129
227,129
227,129
227,129
227,129
227,129
227,129
227,129
227,129
227,129
227,129
227,129
227,129
227,129
227,129
227,129
227,129
227,129
227,129
227,129
227,129
227,129
227,129
227,129
227,129
227,129
227,129
227,129
227,129
227,129
227,129
227,129
227,129
227,129
227,129
227,129
227,129
227,129
227,128
227,128
227,128
227,128
227,128
227,128
227,128
227,128
227,128
227,128
227,128
227,128
227,128
227,128
227,128
227,128
227,128
227,128
227,128
227,128
227,128
227,128
227,128
227,128
227,128
227,128
227,128
227,128
227,128
227,128
227,128
227,127
227,127
227,127
227,126
227,126
226,125
226,124
226,124
225,123
225,123
224,122
224,122
224,121
223,121
223,120
223,120
223,120
223,119
223,118
223,118
222,117
222,117
222,116
222,115
222,114
222,114
222,113
222,113
221,113
221,112
221,112
221,112
221,111
221,111
221,110
221,110
220,109
220,109
220,109
220,108
220,107
220,107
219,106
219,106
219,105
219,105
219,105
219,105
218,104
218,104
218,104
218,103
218,103
218,102
217,102
217,101
217,101
217,100
217,100
217,99
217,99
217,99
216,98
216,98
216,97
216,97
216,96
216,96
215,95
215,95
215,95
215,94
215,94
215,94
215,93
215,93
215,92
215,92
215,92
214,91
214,91
214,90
214,90
214,89
214,89
214,89
214,88
213,88
213,87
213,87
212,86
212,86
212,86
212,85
212,85
211,85
211,84
211,84
211,83
211,83
211,83
211,82
211,82
210,81
210,81
210,80
210,79
210,79
210,79
210,78
209,78
209,77
209,77
209,76
209,76
209,76
209,75
208,75
208,75
208,74
208,74
208,73
208,73
208,72
207,72
207,72
207,71
207,71
207,70
207,70
207,70
207,69
207,69
206,69
206,68
206,68
206,68
206,67
206,66
206,66
206,66
206,65
206,65
206,65
205,65
205,64
205,64
205,64
205,64
205,64
205,64
205,63
205,63
205,63
205,63
205,63
205,63
205,63
205,63
205,63
204,63
204,62
204,62
204,62
204,62
204,62
204,62
204,62
204,62
204,62
204,62
204,62
204,62
204,62
204,62
204,62
204,62
204,62
204,62
204,62
204,62
204,62
204,62
204,62
204,62
204,62
204,62
204,62
204,62
204,62
204,62
204,62
204,62
204,62
204,62
204,62
204,62
204,62
204,62
204,62
204,62
204,62
204,62
204,62
204,62
204,62
204,62
204,62
204,62
204,62
204,62
204,62
204,62
204,62
204,62
204,62
204,62
204,62
204,62
204,62
204,62
204,62
204,62
204,62
204,62
204,62
204,62
204,62
204,62
204,62
204,62
204,62
204,62
204,62
204,62
204,62
204,62
204,62
204,62
204,62
204,62
204,62
204,62
204,62
204,62
204,62
204,62
204,62
204,62
204,62
204,62
204,62
204,62
204,62
204,62
204,62
204,61
204,61
204,60
204,60
204,59
204,59
203,58
203,58
203,58
203,58
203,57
203,57
203,57
203,57
203,57
203,57
203,57
203,56
203,56
203,56
203,56
203,56
203,56
202,55
202,55
202,55
202,55
202,54
202,54
202,54
202,54
202,54
202,53
202,53
202,53
202,53
202,53
202,53
202,52
202,52
201,52
201,52
201,51
201,51
201,51
201,51
201,51
201,50
201,50
201,50
201,50
200,50
200,50
200,50
200,50
200,50
200,50
200,50
200,50
200,50
200,50
200,50
200,50
200,50
200,50
200,50
200,50
200,50
200,50
200,50
200,50
200,50
200,50
200,50
200,50
200,50
200,50
200,50
200,50
200,50
200,50
200,50
200,50
200,50
200,50
200,50
200,50
200,50
200,50
200,50
200,50
200,50
200,50
200,50
200,50
200,50
200,50
200,50
200,50
200,50
200,50
200,50
200,50
200,50
200,50
200,50
200,50
200,50
200,50
200,50
200,50
200,50
200,50
200,50
200,50
200,50
200,50
200,50
200,50
200,50
200,50
200,50
200,50
200,50
200,50
200,50
200,50
200,50
200,50
200,50
200,50
200,50
200,50
200,50
200,50
200,50
200,50
200,50
200,50
200,50
200,50
200,50
200,50
200,50
200,50
200,50
200,50
200,50
200,50
200,50
200,50
200,50
200,50
200,50
200,50
200,50
200,50
200,50
200,50
200,50
200,50
200,50
200,50
200,50
200,50
200,50
200,50
200,50
200,50
200,50
200,50
200,50
200,50
200,50
200,50
200,50
200,50
200,50
200,50
200,50
200,50
200,50
200,50
200,50
200,49
200,49
200,49
200,49
200,49
200,50
200,49
200,49
200,49
200,49
200,49
200,49
200,49
200,49
200,49
200,49
200,49
200,49
200,49
200,49
200,49
200,49
200,49
200,49
200,49
200,49
200,49
200,49
200,49
200,49
200,49
200,49
200,49
200,49
200,49
200,49
200,49
200,49
200,49
200,49
200,49
200,49
200,49
200,49
200,49
200,49
200,49
200,49
200,49
200,49
200,49
200,49
200,49
200,49
200,49
200,49
200,49
200,49
200,49
200,49
200,49
200,49
200,49
200,49
200,49
200,50
200,49
200,50
200,49
200,49
200,49
200,49
200,49
200,49
200,49
200,49
200,49
200,49
200,49
200,49
200,49
200,49
200,49
200,49
200,49
200,49
200,49
200,49
200,49
200,49
200,49
200,49
200,49
200,49
200,49
200,49
200,49
200,49
200,49
200,49
200,49
200,49
200,49
200,49
200,49
200,49
200,49
200,49
200,49
200,49
200,49
200,49
200,49
200,49
200,49
200,49
200,49
200,49
200,49
200,49
200,49
200,49
200,49
200,49
200,49
200,49
200,49
200,49
200,49
200,50
200,49
200,49
200,49
200,49
200,49
200,49
200,49
200,49
200,49
200,49
200,49
200,49
200,49
200,49
200,49
200,49
200,49
200,49
200,49
200,49
200,49
200,49
200,49
200,49
200,49
200,49
200,49
200,49
200,49
200,49
200,49
200,49
200,49
200,49
200,49
200,49
200,49
200,49
200,49
200,49
200,49
200,49
200,49
200,49
200,49
200,49
200,49
200,49
200,49
200,49
200,49
200,49
200,49
200,49
200,49
200,49
200,49
200,49
200,49
200,49
200,49
200,49
200,49
200,49
200,49
200,49
200,49
200,49
200,49
200,49
200,49
200,49
200,49
200,49
200,49
200,49
200,49
200,49
200,49
200,49
200,49
200,49
200,49
200,49
200,49
200,49
200,49
200,49
200,49
200,49
200,49
200,49
200,49
200,49
200,49
200,49
200,49
200,49
200,49
200,49
200,49
200,49
200,49
200,49
200,49
200,49
200,49
200,49
200,49
200,49
200,49
200,49
200,49
200,49
200,49
200,49
200,49
200,49
200,49
200,49
200,49
200,49
200,49
200,49
200,49
200,49
200,49
200,49
200,49
200,49
200,49
200,49
200,49
200,49
200,49
200,49
200,49
200,49
200,49
200,49
200,49
200,49
200,49
200,49
200,49
200,49
200,49
200,49
200,49
200,49
200,49
200,49
200,49
200,49
200,49
200,49
200,49
200,49
200,49
200,49
200,49
200,49
200,49
200,49
200,49
200,49
200,49
200,49
200,49
200,49
200,49
200,49
200,49
200,49
200,49
200,49
200,49
200,49
200,49
200,49
200,49
200,49
200,49
200,49
200,49
200,49
200,49
200,49
200,49
200,49
200,49
200,49
200,49
200,49
200,49
200,49
200,49
200,49
200,49
200,49
200,49
200,49
200,49
200,49
200,49
200,49
200,49
200,49
200,49
200,49
200,49
200,49
200,49
200,49
200,49
200,49
200,49
200,49
200,49
200,49
200,49
200,49
200,49
200,49
200,49
200,49
200,49
200,49
200,49
200,49
200,49
200,49
200,49
200,49
200,49
200,49
200,49
200,49
200,49
200,49
200,49
200,49
200,49
200,49
200,49
200,49
200,49
200,49
200,49
200,49
200,49
200,49
200,49
200,49
200,49
200,49
200,49
200,49
200,49
200,49
200,49
200,49
200,49
200,49
200,49
200,49
200,49
200,49
200,49
200,49
200,49
200,49
200,49
200,49
200,49
200,49
200,49
200,49
200,49
200,49
200,49
200,49
200,49
200,49
200,49
200,49
200,49
200,49
200,49
200,49
200,49
200,49
200,49
200,49
200,49
200,49
200,49
200,49
200,49
200,49
200,49
200,49
200,49
200,49
200,49
200,49
200,49
200,49
200,49
200,49
200,49
200,49
200,49
200,49
200,49
200,49
200,49
200,49
200,49
200,49
200,49
200,49
200,49
200,49
200,49
199,49
200,49
200,49
200,49
200,49
200,49
200,49
200,49
200,49
200,49
200,49
200,49
200,49
200,49
200,49
200,49
200,49
200,49
200,49
200,49
200,49
200,49
200,49
200,49
200,49
200,49
200,49
200,49
200,49
200,49
200,49
200,49
200,49
200,49
200,49
199,49
200,49
200,49
200,49
200,49
200,49
200,49
200,49
200,49
200,49
200,49
200,49
200,49
200,49
200,49
200,49
200,49
200,49
200,49
200,49
200,49
199,49
199,49
199,49
199,49
199,49
199,49
199,49
199,49
199,49
199,49
199,49
199,49
199,49
199,49
198,49
198,49
198,49
198,49
198,49
198,49
198,49
198,49
198,49
198,49
198,49
198,49
198,49
198,49
198,49
198,49
198,49
198,49
198,49
198,49
198,49
198,49
198,49
198,49
198,49
198,49
198,49
198,49
198,49
198,49
198,49
198,49
198,49
198,49
198,49
198,49
198,49
198,49
198,49
198,49
198,49
198,49
198,49
198,49
198,49
198,49
198,49
198,49
198,49
198,49
198,49
198,49
198,49
198,49
198,49
198,49
198,49
198,49
198,49
198,49
198,49
198,49
198,49
198,49
198,49
198,49
198,49
198,49
198,49
198,49
198,49
198,49
198,48
198,48
198,49
198,49
198,49
198,49
198,49
198,49
198,49
198,49
198,49
198,49
198,49
198,49
198,49
198,49
198,49
198,49
198,49
198,49
198,49
198,49
198,49
198,48
198,48
198,48
198,48
198,48
198,48
198,48
198,48
198,48
198,48
197,48
198,48
198,48
198,48
198,48
198,48
198,48
198,48
198,48
198,48
198,48
198,48
198,48
198,48
198,48
198,48
198,48
197,48
197,48
197,48
196,48
196,48
196,48
195,48
195,47
194,47
194,47
194,47
193,47
193,47
192,47
192,47
192,46
191,46
191,46
190,46
190,46
190,46
189,45
189,45
188,45
188,45
187,45
186,44
186,44
185,44
185,44
184,44
184,44
184,43
183,43
182,43
182,42
181,42
180,42
179,42
179,41
178,41
178,41
177,41
177,41
176,41
175,40
175,40
174,40
174,40
173,40
172,40
171,39
171,39
169,39
169,39
168,39
168,39
167,38
167,38
166,38
166,38
165,38
165,37
165,37
164,37
164,37
164,37
163,37
163,36
162,36
162,36
162,36
161,36
161,36
160,36
159,36
159,35
158,35
158,35
157,35
157,34
156,34
156,34
155,34
155,34
155,33
154,33
154,33
153,33
152,33
152,33
151,33
150,32
150,32
149,32
148,32
147,32
147,31
146,31
145,31
145,31
144,31
144,31
143,31
143,31
142,31
142,30
142,30
142,30
142,30
141,30
141,30
141,30
140,30
140,30
140,30
139,30
139,30
138,30
138,30
137,29
137,29
137,29
136,29
136,29
135,29
135,29
134,29
134,29
134,28
133,28
133,28
133,28
132,28
132,28
132,28
131,28
131,28
130,27
130,27
130,27
129,27
128,27
128,27
128,27
127,27
127,27
126,27
126,27
126,26
126,26
125,26
125,26
125,26
124,26
124,26
124,26
124,26
123,26
123,26
123,26
123,26
123,26
123,26
123,26
123,26
123,26
123,26
123,26
123,26
123,26
123,26
123,26
123,26
123,26
123,26
123,26
123,26
123,26
123,26
123,26
123,26
123,26
123,26
123,26
123,26
123,26
123,26
123,26
123,26
123,26
123,26
123,26
122,26
122,25
122,25
123,26
123,26
123,26
123,26
123,26
123,26
123,26
123,26
123,26
123,26
123,26
123,26
123,26
123,26
123,26
123,26
122,26
123,26
123,26
123,26
123,26
123,26
123,26
123,26
123,26
123,26
123,26
123,26
123,26
123,26
123,26
123,26
122,26
122,26
122,26
122,26
122,26
122,26
122,26
122,26
122,26
122,26
122,26
122,26
122,26
122,26
122,26
122,26
122,26
122,26
122,26
122,26
122,26
122,26
122,26
122,26
122,26
122,26
122,26
122,26
122,26
122,26
122,26
122,26
122,26
122,26
122,26
122,26
122,26
122,26
122,26
122,26
122,26
122,26
122,26
122,26
122,26
122,26
122,26
122,26
122,26
122,26
122,26
122,26
122,25
122,25
122,25
122,25
122,25
122,25
122,25
122,25
122,25
122,26
122,25
122,25
122,25
122,25
122,25
122,25
122,25
122,25
122,25
122,25
122,25
122,25
122,25
122,25
122,25
122,25
122,25
122,25
122,25
122,25
122,25
122,25
122,25
122,25
122,25
122,25
122,25
122,25
122,25
122,25
122,25
122,25
122,25
122,25
122,25
122,25
122,25
122,25
122,25
122,25
122,25
122,25
121,25
121,25
121,25
121,25
121,25
121,25
121,25
121,24
121,24
121,25
121,25
121,25
121,24
121,24
121,24
121,24
121,24
121,24
121,24
121,25
121,25
121,25
121,25
121,25
121,25
121,25
121,25
121,25
121,25
121,25
121,25
121,25
121,25
121,25
121,25
121,25
121,25
121,25
121,25
121,25
121,25
121,25
121,25
121,25
121,25
121,25
121,25
121,25
121,25
121,25
121,25
121,25
121,25
121,25
121,25
120,25
121,25
121,25
121,25
121,25
121,25
121,25
121,25
121,25
121,25
121,25
121,25
121,25
121,25
121,25
121,25
120,25
120,25
121,25
121,25
121,25
121,25
121,25
121,25
121,25
121,25
121,25
121,25
121,25
121,25
120,25
120,25
120,25
121,24
120,24
120,25
120,24
120,25
120,25
120,25
120,25
120,25
120,25
120,25
120,25
120,25
120,25
120,25
120,25
120,25
120,25
120,25
120,25
120,25
120,25
120,25
120,25
120,25
120,25
120,25
120,25
120,25
120,25
120,25
120,25
120,24
120,24
120,25
120,24
120,24
120,24
120,25
120,25
120,25
120,25
120,24
120,25
120,24
120,24
120,24
120,25
120,24
120,24
120,24
120,24
120,24
120,24
120,24
120,24
120,24
120,25
120,25
120,25
120,24
120,25
120,25
120,25
120,25
120,24
120,25
120,25
120,25
120,25
120,25
120,25
120,25
120,25
120,25
120,25
120,25
120,25
120,25
120,25
120,25
120,25
120,25
120,25
120,25
120,25
120,25
120,25
120,25
120,25
120,25
120,25
120,25
120,25
120,25
120,25
120,25
120,25
120,25
120,25
120,25
120,25
120,25
120,25
120,25
120,25
120,25
120,25
120,25
120,25
120,25
120,24
120,24
120,24
120,24
120,24
120,24
120,24
120,24
120,24
120,24
120,24
120,24
120,24
120,24
120,24
120,24
120,24
120,24
120,24
120,24
120,25
120,24
120,25
120,24
120,25
120,24
120,24
120,24
120,24
120,24
120,24
120,24
120,24
120,24
120,24
120,24
120,24
120,24
120,24
120,24
120,24
120,24
120,24
120,24
120,24
120,24
120,24
120,24
120,24
120,24
120,24
120,24
120,24
120,24
120,24
120,24
120,24
120,24
120,24
120,24
120,24
120,24
120,24
120,24
120,24
120,24
120,24
120,24
120,24
120,24
120,24
120,24
120,24
120,24
120,24
120,24
120,24
120,24
120,24
120,24
120,24
120,24
120,24
120,24
120,24
120,24
120,24
120,24
120,24
120,24
120,24
120,24
120,24
120,24
120,24
120,24
120,24
120,24
120,24
120,24
120,24
120,24
120,24
120,24
120,24
120,24
120,24
120,24
120,24
120,24
120,24
120,24
120,24
120,24
120,24
120,24
120,24
120,24
120,24
120,24
120,24
120,24
120,24
120,24
120,24
120,24
120,24
120,24
120,24
120,24
120,24
120,24
120,24
120,24
120,24
120,24
120,24
120,24
120,24
120,24
120,24
120,24
120,24
120,24
120,24
120,24
120,24
120,24
120,24
120,24
120,24
120,24
120,24
120,24
120,24
120,24
120,24
120,24
120,24
120,24
120,24
120,24
120,24
120,24
120,24
120,24
120,24
120,24
120,24
120,24
120,24
120,24
120,24
120,24
120,24
120,24
120,24
120,24
120,24
120,24
120,24
120,24
120,24
120,24
120,24
120,24
120,24
120,24
120,24
120,24
120,24
120,24
120,24
120,24
120,24
120,24
120,24
120,24
120,24
120,24
120,24
120,24
120,24
120,24
120,24
120,24
120,24
120,24
120,24
120,24
120,24
120,24
120,24
120,24
120,24
120,24
120,24
120,24
120,24
120,24
120,24
120,24
120,24
120,24
120,24
120,24
120,24
120,24
120,24
120,24
120,24
120,24
120,24
120,24
120,24
120,24
120,24
120,24
120,24
120,24
120,24
120,24
120,24
120,24
120,24
120,24
120,24
120,24
120,24
120,24
120,24
120,24
120,24
120,24
120,24
120,24
120,24
120,24
120,24
120,24
120,24
120,24
120,24
120,24
120,24
120,24
120,24
120,24
120,24
120,24
120,24
120,24
120,24
120,24
120,24
120,24
120,24
120,24
120,24
120,24
120,24
120,24
120,24
120,24
120,24
120,24
120,24
120,24
120,24
120,24
120,24
120,24
120,24
120,24
120,24
120,24
120,24
120,24
120,24
120,24
120,24
120,24
120,24
120,24
120,24
120,24
120,24
120,24
120,24
120,24
120,24
120,24
120,24
120,24
120,24
120,24
120,24
120,24
120,24
120,24
120,24
120,24
120,24
120,24
120,24
120,24
120,24
120,24
120,24
120,24
120,24
120,24
120,24
120,24
120,24
120,24
120,24
120,24
120,24
120,24
120,24
120,24
120,24
120,24
120,24
120,24
120,24
120,24
120,24
120,24
120,24
120,24
120,24
120,24
120,24
120,24
120,24
120,24
120,24
120,24
120,24
120,24
120,24
120,24
120,24
120,24
120,24
120,24
120,24
120,24
120,24
120,24
120,24
120,24
120,24
120,24
120,24
120,24
120,24
120,24
120,24
120,24
120,24
120,24
120,24
120,24
120,24
120,24
120,24
120,24
120,24
120,24
120,24
120,24
120,24
120,24
120,24
120,24
120,24
120,24
120,24
120,24
120,24
120,24
120,24
120,24
120,24
120,24
120,24
120,24
120,24
120,24
120,24
120,24
120,24
120,24
120,24
120,24
120,24
120,24
120,24
120,24
120,24
120,24
120,24
120,24
120,24
120,24
120,24
120,24
120,24
120,24
120,24
120,24
120,24
120,24
120,24
120,24
120,24
120,24
120,24
120,24
120,24
120,24
120,24
120,24
120,24
120,24
120,24
120,24
120,24
120,24
120,24
120,24
120,24
120,24
120,24
120,24
120,24
120,24
120,24
120,24
120,24
120,24
120,24
120,24
120,24
120,24
120,24
120,24
120,24
120,24
120,24
120,24
120,24
120,24
120,24
120,24
120,24
120,24
120,24
120,24
120,24
120,24
120,24
120,24
120,24
120,24
120,24
120,24
120,24
120,24
120,24
120,24
120,24
120,24
120,24
120,24
120,24
120,24
120,24
120,24
120,24
120,24
120,24
120,24
120,24
120,24
120,24
120,24
120,24
120,24
120,24
120,24
120,24
120,24
120,24
120,24
120,24
120,24
120,24
120,24
120,24
120,24
120,24
120,24
120,24
120,24
120,24
120,24
120,24
120,24
120,24
120,24
120,24
120,24
120,24
120,24
120,24
120,24
120,24
120,24
120,24
120,24
120,24
120,24
120,24
120,24
120,24
120,24
120,24
120,24
120,24
120,24
120,24
120,24
120,24
120,24
120,24
120,24
120,24
120,24
120,24
120,24
120,24
120,24
120,24
120,24
120,24
120,24
120,24
120,24
120,24
120,24
120,24
120,24
120,24
120,24
120,24
120,24
120,24
120,24
120,24
120,24
120,24
120,24
120,24
120,24
120,24
120,24
120,24
120,24
120,24
120,24
120,24
120,24
120,24
120,24
120,24
120,24
120,24
120,24
120,24
120,24
120,24
120,24
120,24
120,24
120,24
120,24
120,24
120,24
120,24
120,24
120,24
120,24
120,24
120,24
120,24
120,24
120,24
120,24
120,24
120,24
120,24
120,24
120,24
120,24
120,24
120,24
120,24
120,24
120,24
120,24
120,24
120,24
120,24
120,24
120,24
120,24
120,24
120,24
120,24
120,24
120,24
120,24
120,24
120,24
120,24
120,24
120,24
120,24
120,24
120,24
120,24
120,24
120,24
120,24
120,24
120,24
120,24
120,24
120,24
120,24
120,24
120,24
120,24
120,24
120,24
120,24
120,24
120,24
120,24
120,24
120,24
120,24
120,24
120,24
120,24
120,24
120,24
120,24
120,24
120,24
120,24
120,24
120,24
120,24
120,24
120,24
120,24
120,24
120,24
120,24
120,24
120,24
120,24
120,24
120,24
120,24
120,24
120,24
120,24
120,24
120,24
120,24
120,24
120,24
120,24
120,24
120,24
120,24
120,24
120,24
120,24
120,24
120,24
120,24
120,24
120,24
120,24
120,24
120,24
120,24
120,24
120,24
120,24
120,24
120,24
120,24
120,24
120,24
120,24
120,24
120,24
120,24
120,24
120,24
120,24
120,24
120,24
120,24
120,24
120,24
120,24
120,24
120,24
119,24
119,24
120,24
120,24
120,24
120,24
120,24
119,24
120,24
120,24
119,24
120,24
119,24
120,24
120,24
120,24
120,24
120,24
120,24
120,24
120,24
120,24
120,24
120,24
120,24
120,24
120,24
120,24
120,24
120,24
120,24
120,24
120,24
120,24
119,24
119,24
119,24
119,24
119,24
119,24
119,24
119,24
119,24
119,24
119,24
120,24
120,24
119,24
120,24
119,24
119,24
119,24
119,24
119,24
119,24
119,24
119,24
119,24
119,24
119,24
119,24
119,24
119,24
119,24
119,24
119,24
119,24
119,24
119,24
119,24
119,24
119,24
119,24
119,24
119,24
119,24
119,24
119,24
119,24
119,24
119,24
119,24
119,24
119,24
119,24
119,24
119,24
119,24
119,24
119,24
119,24
119,24
119,24
119,24
119,24
119,24
119,24
119,24
119,24
119,24
119,24
119,24
119,24
119,24
119,24
119,24
119,24
119,24
119,24
119,24
119,24
119,24
119,24
119,24
119,24
119,24
119,24
119,24
119,24
119,24
119,24
119,24
119,24
119,24
119,24
119,24
119,24
119,24
119,24
119,24
119,24
119,24
119,24
119,24
119,24
119,24
119,24
119,24
119,24
119,24
119,24
119,24
119,24
119,24
119,24
119,24
119,24
119,24
119,24
119,24
119,24
119,24
119,24
119,24
119,24
119,24
119,24
119,24
119,24
119,24
119,24
119,24
119,24
119,24
119,24
119,24
119,24
119,24
119,24
119,24
119,24
119,24
119,24
119,24
119,24
119,24
119,24
119,24
119,24
119,24
119,24
119,24
119,24
119,24
119,24
119,24
119,24
119,24
119,24
119,24
119,24
119,24
119,24
118,24
118,24
118,24
118,24
118,24
118,24
118,24
118,24
118,24
118,24
118,24
118,24
118,24
118,24
118,24
118,24
118,24
118,24
118,24
118,24
118,24
118,24
118,24
118,24
118,24
118,24
118,24
118,24
118,24
118,24
118,24
118,24
118,24
118,24
118,24
118,24
118,24
118,24
118,24
118,24
118,24
118,24
118,24
118,24
118,24
118,24
118,24
118,24
118,24
118,25
118,24
118,24
117,24
117,24
117,24
118,24
117,24
117,24
117,25
117,24
117,24
117,24
117,25
117,25
117,24
117,24
117,25
117,24
117,25
117,25
117,25
117,24
117,24
117,24
117,24
117,24
117,24
117,24
117,24
117,25
117,24
117,25
117,24
117,24
117,25
117,25
117,25
117,25
117,25
117,25
117,25
117,25
117,25
117,25
117,25
117,25
117,25
117,25
117,25
117,25
117,25
117,25
117,25
117,25
117,25
117,25
116,25
116,25
116,25
116,25
116,25
116,25
116,25
116,25
116,25
116,25
116,25
116,25
116,25
116,25
116,25
116,25
116,26
116,26
116,26
116,26
116,26
116,26
116,26
116,26
116,26
116,26
116,27
116,27
116,27
116,27
116,27
116,28
115,28
115,28
115,28
115,28
115,28
115,28
115,28
115,28
115,28
115,28
115,28
115,28
114,28
114,28
114,28
114,28
114,28
114,29
114,29
114,28
114,29
114,29
114,29
114,29
114,29
114,29
113,29
113,29
113,29
113,29
113,29
113,29
113,29
113,29
113,29
113,29
113,29
113,29
113,29
113,29
113,29
113,29
113,29
113,29
113,29
113,29
113,29
113,29
113,29
113,29
113,29
113,29
113,29
113,29
113,29
113,29
113,29
113,29
113,29
113,29
113,29
113,29
113,29
113,29
113,29
113,29
113,29
113,29
113,29
113,29
113,29
113,29
113,29
113,29
113,29
113,29
113,29
113,29
113,29
113,29
113,29
113,29
113,29
113,29
113,29
113,29
113,29
113,29
113,29
113,29
113,29
113,29
113,29
113,29
113,29
113,29
113,29
113,29
113,29
113,29
113,30
113,30
113,30
113,30
113,30
113,30
113,30
113,30
113,30
113,30
113,30
113,30
113,30
113,30
113,30
113,30
113,30
113,30
113,30
113,30
113,30
113,30
113,30
113,30
113,30
113,30
113,30
113,30
113,30
113,30
113,30
113,30
113,30
113,30
113,30
113,30
113,30
113,30
113,30
113,30
113,30
113,30
113,30
113,30
113,30
113,30
113,30
113,30
113,30
113,30
113,30
113,30
113,30
112,30
112,30
112,30
112,30
112,30
112,30
111,30
111,30
110,30
110,30
110,30
110,30
110,30
110,30
110,30
109,30
109,30
109,30
109,31
108,31
108,31
108,31
108,31
107,31
107,31
107,31
107,31
107,31
107,31
107,31
106,31
106,31
106,31
106,31
106,31
106,31
105,31
105,31
105,31
105,31
105,31
105,31
105,31
105,31
105,31
105,31
104,31
104,31
104,31
104,31
104,31
104,31
104,31
104,31
104,31
104,31
104,31
104,31
104,31
103,31
103,31
103,31
103,31
103,31
103,31
103,31
103,31
103,31
103,31
103,32
103,32
103,32
103,32
103,32
103,32
102,32
102,32
102,32
102,32
102,32
102,32
102,32
101,32
101,32
101,32
101,32
101,32
101,32
101,32
101,33
101,33
100,33
100,33
100,33
100,33
100,33
100,33
100,33
99,33
99,33
99,33
99,34
99,33
99,34
99,34
99,34
99,34
99,34
99,34
99,34
99,34
98,34
98,34
98,34
98,34
98,34
98,34
98,34
98,34
98,34
98,34
98,34
98,34
98,34
98,34
97,34
97,34
97,34
97,34
97,34
97,34
97,34
97,35
97,34
97,35
97,34
97,34
97,34
97,35
97,35
97,35
96,35
96,35
96,35
96,35
96,35
96,35
96,35
96,35
96,35
96,35
96,35
96,35
96,35
96,35
96,35
96,35
96,35
96,35
96,35
96,35
96,35
96,35
96,35
96,35
96,35
96,35
96,36
96,35
96,35
96,35
96,35
96,35
96,35
96,36
96,36
96,36
96,36
96,36
96,36
96,36
95,36
95,36
96,36
96,36
96,36
96,36
96,36
96,36
96,36
96,36
96,36
96,36
96,36
96,36
96,36
95,36
95,36
95,36
95,36
95,36
95,36
95,36
95,36
95,35
95,36
94,36
94,36
94,36
94,36
94,36
94,36
93,37
93,37
93,36
93,37
92,37
92,37
92,37
92,37
91,37
91,37
91,38
91,38
90,38
90,38
90,38
89,38
89,38
89,39
89,39
88,39
88,39
88,39
88,39
87,39
87,39
87,39
86,40
86,40
86,40
86,40
86,40
85,40
85,40
85,40
85,40
85,40
85,40
84,40
84,40
84,40
84,40
84,40
83,41
83,41
83,41
83,41
82,41
82,41
82,41
82,41
81,41
81,41
81,41
81,41
80,41
80,41
80,41
79,42
79,42
79,42
79,42
78,42
78,42
78,43
78,43
77,43
77,43
77,43
76,43
76,44
76,44
76,45
76,45
75,45
75,45
75,45
74,45
74,46
74,46
74,46
73,46
73,46
73,46
72,47
72,47
72,47
72,47
71,47
71,48
70,48
70,48
69,48
68,48
68,48
67,48
67,49
66,49
66,49
66,49
65,49
65,49
64,50
64,50
64,50
63,50
63,50
62,50
62,50
62,50
61,50
61,50
60,51
60,51
59,51
59,51
59,51
58,51
58,51
57,52
57,52
57,52
56,52
56,52
55,52
55,53
54,53
54,53
54,53
53,54
53,54
52,54
52,54
52,54
51,54
51,54
50,55
49,55
49,55
48,55
48,55
48,55
48,55
48,55
48,55
48,55
47,55
48,56
48,56
47,56
47,56
47,56
47,56
47,56
47,56
47,56
47,56
47,56
47,56
47,56
47,56
47,56
47,56
47,56
47,56
47,56
47,56
47,56
47,56
47,56
47,56
47,56
47,56
47,56
47,56
47,56
47,56
47,56
47,56
47,56
47,56
47,56
47,56
47,56
47,56
47,56
47,56
47,56
47,56
47,56
47,56
47,56
47,56
47,56
47,56
47,56
47,56
47,56
47,56
47,56
47,56
47,56
47,56
47,56
47,56
47,56
47,56
47,56
47,56
47,56
47,56
47,56
47,56
47,56
47,56
47,56
47,56
47,56
47,56
47,56
47,56
47,56
47,56
47,56
47,56
47,56
47,56
47,56
47,56
47,56
47,56
47,56
47,56
47,56
47,56
47,56
47,56
47,56
47,56
47,56
47,56
47,56
47,56
47,56
47,56
47,56
47,56
47,56
47,56
47,56
47,56
47,56
47,56
47,56
47,56
47,56
47,56
47,56
47,56
47,56
47,56
47,56
47,56
47,56
47,56
47,56
47,56
47,56
47,56
47,56
47,56
47,56
47,56
47,56
47,56
47,56
47,56
47,56
47,56
47,56
47,56
47,56
47,56
47,56
47,56
47,56
47,56
47,56
47,56
47,56
47,56
47,56
47,56
47,56
47,56
47,56
47,56
47,56
47,56
47,56
47,56
47,56
47,56
47,56
47,56
47,56
47,56
47,56
47,56
47,56
47,56
47,56
47,56
47,56
47,56
47,56
47,56
47,56
47,56
47,56
47,56
47,56
47,56
47,56
47,56
47,56
47,56
47,56
47,56
47,56
47,56
47,56
47,56
47,56
47,56
47,56
47,56
47,56
47,56
47,56
47,56
47,56
47,56
47,56
47,56
47,56
47,56
47,56
47,56
47,56
47,56
47,56
47,56
47,56
47,56
47,56
47,56
47,56
47,56
47,56
47,56
47,56
47,56
47,56
47,56
47,56
47,56
47,56
47,56
47,56
47,56
47,56
47,56
47,56
47,56
47,56
47,56
47,56
47,56
47,56
47,56
47,56
47,56
47,56
47,56
47,56
47,56
47,56
47,56
47,56
47,56
47,56
47,56
47,56
47,56
47,56
47,56
47,56
47,56
47,56
47,56
47,56
47,56
47,56
47,56
47,56
47,56
47,56
47,56
47,56
47,56
47,56
47,56
47,56
47,56
47,56
47,56
47,56
47,56
47,56
47,56
47,56
47,56
47,56
47,56
47,56
47,56
47,56
47,56
47,56
47,56
47,56
47,56
47,56
47,56
47,56
47,56
47,56
47,56
47,56
47,56
47,56
47,56
47,56
47,56
47,56
47,56
47,56
47,56
47,56
47,56
47,56
47,56
47,56
47,56
47,56
47,56
47,56
47,56
47,56
47,56
47,56
47,56
47,56
47,56
47,56
47,56
47,56
47,56
47,56
47,56
47,56
47,56
47,56
47,56
47,56
47,56
47,56
47,56
47,56
47,56
47,56
48,56
48,56
48,56
48,56
48,56
48,56
48,56
48,56
48,56
48,56
48,56
48,56
48,56
49,56
50,56
50,56
51,56
51,56
51,56
52,56
52,56
52,56
52,56
52,56
52,56
52,56
52,56
52,56
52,56
52,56
53,56
53,56
53,56
53,56
53,56
53,56
53,56
53,56
54,56
54,56
54,55
54,55
54,55
54,55
55,54
55,54
55,53
55,53
56,53
56,53
56,53
56,53
57,52
57,52
57,52
57,52
58,52
58,52
58,52
59,51
59,51
59,51
59,51
60,51
60,51
61,51
61,51
61,50
62,50
62,50
62,50
63,50
63,50
64,49
64,49
65,49
65,49
66,49
66,48
67,48
67,47
68,47
69,47
69,46
70,46
71,46
71,46
72,45
73,45
73,45
74,45
74,44
75,44
75,44
76,43
76,43
77,42
78,41
79,41
80,41
80,41
81,41
82,40
82,40
83,40
83,39
84,39
85,39
85,39
86,39
87,38
88,38
89,37
89,37
90,37
90,37
91,37
91,36
92,36
92,36
93,36
93,35
94,35
94,35
95,34
95,34
96,34
96,34
97,33
97,33
97,33
98,33
98,33
98,33
99,33
99,32
100,32
100,32
101,32
101,32
102,32
102,31
103,31
103,31
103,31
104,31
104,30
105,30
105,30
105,30
106,30
106,30
106,30
107,30
107,30
108,29
108,29
108,29
109,29
109,29
110,29
110,29
110,29
111,29
112,29
112,29
112,29
113,28
113,28
113,28
113,28
114,28
114,28
114,28
115,28
115,28
115,28
115,27
115,27
116,27
116,27
116,27
116,27
116,27
117,27
117,27
117,26
117,26
117,26
118,26
118,26
119,26
119,26
120,26
120,26
120,26
120,26
120,25
121,25
121,25
121,25
121,25
121,25
121,25
121,25
122,24
122,24
122,25
122,24
122,24
122,24
122,25
122,25
122,24
122,25
122,25
122,25
122,24
122,25
122,25
122,25
122,25
122,24
122,24
122,24
122,24
122,24
122,24
122,24
122,25
122,25
122,25
122,25
122,25
122,25
122,25
122,25
122,25
122,25
122,25
122,25
122,25
122,25
122,25
122,25
122,25
122,25
122,25
122,25
122,25
122,25
122,25
122,25
122,25
122,25
122,25
122,25
122,25
122,25
122,25
122,25
122,25
122,25
122,25
122,25
122,25
122,25
122,25
122,25
122,25
122,25
122,25
122,25
122,25
122,25
122,25
122,25
122,25
122,25
122,25
122,25
122,25
122,25
122,25
122,25
122,25
122,25
122,25
122,25
122,25
122,25
122,25
122,25
122,25
122,25
122,25
122,25
122,25
122,25
122,25
122,25
122,25
122,25
122,25
122,25
122,25
122,25
122,25
122,25
122,25
122,25
122,25
122,25
122,25
122,25
122,25
122,25
122,25
122,25
122,25
122,25
122,25
122,25
122,25
122,25
122,25
122,25
122,25
122,25
122,25
122,25
122,25
122,25
122,25
122,25
122,25
122,25
122,25
122,25
122,25
122,25
122,25
122,25
122,25
122,25
122,25
122,25
122,25
122,25
122,25
122,25
122,25
122,25
122,25
122,25
122,25
122,25
122,25
122,25
122,25
122,25
122,25
122,25
122,25
122,25
122,25
122,25
122,25
122,25
122,25
122,25
122,25
122,25
122,25
122,25
122,25
122,25
122,25
122,25
122,25
122,25
122,25
122,25
122,25
122,25
122,25
122,25
122,25
122,25
122,25
122,25
122,25
122,25
122,25
122,25
122,25
122,25
122,25
122,25
122,25
122,25
122,25
122,25
122,25
122,25
122,25
122,25
122,25
122,25
122,25
122,25
122,25
122,25
122,25
122,25
122,25
122,25
122,25
122,25
122,25
122,25
122,25
122,25
122,25
122,25
122,25
122,25
122,25
122,25
122,25
122,25
122,25
122,25
122,25
122,25
122,25
122,25
122,25
122,25
122,25
122,25
122,25
122,25
122,25
122,25
122,25
122,25
122,25
122,25
122,25
122,25
122,25
122,25
122,25
122,25
122,25
122,25
122,25
122,25
122,25
122,25
122,25
122,25
122,25
122,25
122,25
122,25
122,25
122,25
122,25
122,25
122,25
122,25
122,25
122,25
122,25
122,25
122,25
122,25
122,25
122,25
122,25
122,25
122,25
122,25
122,25
122,24
122,25
122,25
122,25
122,24
122,24
122,24
122,24
122,24
122,24
122,24
122,24
122,24
122,24
122,24
122,24
122,24
122,24
122,24
122,24
122,24
122,24
122,24
122,24
122,24
122,24
122,24
122,24
122,24
122,24
122,24
122,24
122,24
122,24
122,24
122,24
122,24
122,24
122,24
122,24
122,24
122,24
122,24
122,24
122,24
122,24
122,24
122,24
122,24
122,24
122,24
122,24
122,24
122,24
122,24
122,24
122,24
122,24
122,24
122,24
122,24
122,24
122,24
122,24
122,24
122,24
122,24
122,24
122,24
122,24
122,24
122,24
122,24
122,24
122,24
122,24
122,24
122,24
122,24
122,24
122,24
122,24
121,24
120,24
120,24
119,24
119,24
119,24
119,24
118,24
118,24
118,24
118,24
117,24
117,25
116,25
116,25
116,26
116,26
116,27
115,27
115,27
115,28
115,28
114,28
114,28
114,28
114,28
114,28
113,28
113,28
113,28
113,28
112,29
112,29
111,29
110,29
110,29
109,29
109,29
109,30
108,30
108,30
108,30
107,30
107,30
107,30
107,30
107,30
107,30
106,30
106,30
106,31
106,31
106,31
105,31
105,31
105,31
105,31
105,31
104,31
104,31
104,31
104,31
104,31
104,31
104,31
104,31
104,31
103,31
103,31
103,31
103,31
103,31
103,31
103,31
103,31
103,31
103,31
103,31
103,31
103,31
103,31
103,31
103,31
103,31
103,31
103,31
103,31
103,31
103,31
102,31
102,31
102,31
102,31
102,31
102,31
102,31
102,31
102,31
102,31
102,31
102,31
102,31
102,31
102,31
102,31
102,31
102,31
102,31
102,31
102,31
102,31
102,31
102,31
102,31
102,31
102,31
102,31
102,31
102,31
102,31
102,31
102,31
102,31
102,31
102,31
102,32
101,32
101,31
101,31
101,31
101,32
100,32
100,32
100,32
100,32
100,32
99,33
99,33
99,33
99,33
99,33
99,33
98,33
98,33
98,33
98,33
97,33
97,34
97,34
97,34
97,34
97,34
96,34
96,34
96,34
96,34
95,35
95,35
95,35
95,35
95,35
94,35
94,35
94,36
94,36
93,36
93,36
93,36
93,36
92,36
92,36
92,36
92,36
91,36
91,36
91,37
91,37
90,37
90,37
90,37
90,38
89,38
89,38
89,38
89,38
89,38
88,38
88,38
88,38
88,38
88,38
88,39
88,39
87,39
87,39
86,39
86,39
86,39
86,39
85,39
85,40
85,40
85,40
85,40
85,40
84,40
84,40
84,40
84,40
84,40
84,40
83,40
83,40
83,40
83,41
82,41
82,41
82,41
82,41
81,41
81,41
81,41
80,41
80,41
80,41
80,42
79,42
79,42
79,42
79,42
78,42
78,42
78,42
78,43
77,43
77,43
77,43
77,43
76,44
76,44
76,44
76,45
76,45
75,45
75,45
75,45
74,46
74,46
74,46
74,46
73,46
73,46
73,46
72,47
72,47
72,47
71,47
71,47
71,48
70,48
70,48
69,48
68,48
68,48
67,49
67,49
66,49
66,49
65,49
65,49
64,50
64,50
64,50
63,50
63,50
62,50
62,50
61,50
61,50
61,51
60,51
60,51
59,51
59,51
58,51
58,51
58,52
57,52
57,52
57,52
56,52
56,52
55,53
55,53
55,53
54,53
54,53
54,53
53,54
53,54
53,54
52,54
52,54
52,54
51,54
51,55
50,55
49,55
49,55
49,55
48,55
48,55
48,55
48,55
48,55
48,55
47,55
47,56
47,56
47,56
47,56
47,56
47,56
47,56
47,56
47,56
47,56
47,56
47,56
47,56
47,56
47,56
47,56
47,56
47,56
47,56
47,56
47,56
47,56
47,56
47,56
47,56
47,56
47,56
47,56
47,56
47,56
47,56
47,56
47,56
47,56
47,56
47,56
47,56
47,56
47,56
47,56
47,56
47,56
47,56
47,56
47,56
47,56
47,56
47,56
47,56
47,56
47,56
47,56
47,56
47,56
47,56
47,56
47,56
47,56
47,56
47,56
47,56
47,56
47,56
47,56
47,56
47,56
47,56
47,56
47,56
47,56
47,56
47,56
47,56
47,56
47,56
47,56
47,56
47,56
47,56
47,56
47,56
47,56
47,56
47,56
47,56
47,56
47,56
47,56
47,56
47,56
47,56
47,56
47,56
47,56
47,56
47,56
47,56
47,56
47,56
47,56
47,56
47,56
47,56
47,56
47,56
47,56
47,56
47,56
47,56
47,56
47,56
47,56
47,56
47,56
47,56
47,56
47,56
47,56
47,56
47,56
47,56
47,56
47,56
47,56
47,56
47,56
47,56
47,56
47,56
47,56
47,56
47,56
47,56
47,56
47,56
47,56
47,56
47,56
47,56
47,56
47,56
47,56
47,56
47,56
47,56
47,56
47,56
47,56
47,56
47,56
47,56
47,56
47,56
47,56
47,56
47,56
47,56
47,56
47,56
47,56
47,56
47,56
47,56
47,56
47,56
47,56
47,56
47,56
47,56
47,56
47,56
47,56
47,56
47,56
47,56
47,56
47,56
47,56
47,56
47,56
47,56
47,56
47,56
47,56
47,56
47,56
47,56
47,56
47,56
47,56
47,56
47,56
47,57
47,57
47,57
47,58
47,58
47,59
47,59
46,60
46,60
46,61
46,61
46,61
46,61
46,62
46,62
46,62
46,62
46,63
45,63
45,63
45,63
45,64
45,64
45,64
45,64
45,65
45,65
45,65
45,66
45,67
45,67
45,67
44,67
44,67
44,67
44,68
44,68
44,68
44,68
44,68
44,68
44,68
44,69
44,69
44,69
44,69
44,69
44,69
44,69
44,69
44,69
43,69
43,69
43,69
43,70
43,70
43,70
43,70
43,70
43,70
43,70
43,71
43,71
43,71
43,72
43,72
43,73
43,73
42,73
42,73
42,73
42,74
42,74
42,74
42,74
42,74
42,74
42,75
42,75
42,75
42,75
42,75
42,75
42,75
42,76
42,76
42,76
42,76
42,76
42,76
42,76
41,76
41,77
41,77
41,77
41,77
41,77
41,78
41,78
41,78
41,78
41,78
41,79
41,79
41,79
41,80
40,80
40,81
40,81
40,81
40,82
40,82
40,83
40,83
40,83
40,84
40,84
39,85
39,85
39,86
39,87
39,87
39,88
38,88
38,89
38,89
38,89
38,90
37,91
37,92
37,93
36,93
36,94
35,95
35,95
35,96
35,97
35,97
35,98
34,98
34,99
34,100
34,101
34,102
34,102
34,102
33,103
33,103
33,104
33,104
33,105
33,106
33,107
33,109
32,110
32,111
32,111
32,111
32,112
32,112
31,113
30,113
30,115
29,116
29,117
29,118
29,118
29,119
28,120
28,121
28,121
28,122
27,122
27,124
27,124
26,125
26,126
25,126
25,127
25,127
25,128
24,128
24,129
24,130
24,131
24,131
24,131
24,131
24,132
24,132
24,132
24,132
24,131
24,131
24,131
24,131
24,131
24,131
24,131
24,131
24,131
24,131
24,131
24,131
24,131
24,131
24,131
24,131
24,131
24,131
24,131
24,131
24,131
24,131
24,131
24,131
24,131
24,131
24,131
24,131
24,131
24,132
24,132
24,132
24,132
24,132
24,132
24,132
24,132
24,132
24,132
24,131
24,131
24,131
24,131
24,132
24,132
24,132
24,132
24,132
24,132
24,132
24,132
24,132
24,132
24,132
24,132
24,132
24,132
24,131
24,131
24,131
24,132
24,132
24,132
24,132
24,132
24,132
24,132
24,132
24,132
24,132
24,132
24,132
24,132
24,132
24,131
24,131
24,131
24,131
24,131
24,132
24,132
24,132
24,131
24,132
24,132
24,132
24,132
24,132
24,132
24,132
24,132
24,132
24,131
24,131
24,132
24,132
24,132
24,132
24,132
24,132
24,132
24,132
24,132
24,132
24,132
24,132
24,132
24,132
24,132
24,131
24,131
24,131
24,131
24,132
24,132
24,132
24,132
24,132
24,132
24,132
24,132
24,132
24,132
24,132
24,132
24,132
24,132
24,131
24,131
24,132
24,132
24,132
24,132
24,132
24,132
24,132
24,132
24,132
24,132
24,132
24,132
24,132
24,132
24,132
24,131
24,131
24,131
24,132
24,131
24,131
24,132
24,132
24,132
24,132
24,132
24,132
24,132
24,132
24,132
24,132
24,132
24,132
24,131
24,131
24,132
24,132
24,132
24,132
24,132
24,132
24,132
24,132
24,132
24,132
24,132
24,132
24,132
24,132
24,132
24,131
24,131
24,131
24,131
24,132
24,132
24,131
24,132
24,132
24,132
24,132
24,131
24,132
24,132
24,132
24,132
24,132
24,132
24,131
24,131
24,132
24,132
24,132
24,132
24,132
24,132
24,132
24,132
24,132
24,132
24,132
24,132
24,132
24,132
24,132
24,131
24,131
24,131
24,131
24,132
24,132
24,132
24,132
24,132
24,132
24,132
24,132
24,132
24,132
24,132
24,132
24,132
24,132
24,131
24,131
24,131
24,132
24,132
24,132
24,132
24,132
24,132
24,132
24,132
24,132
24,132
24,132
24,132
24,132
24,132
24,131
24,131
24,131
24,131
24,131
24,132
24,132
24,132
24,132
24,132
24,132
24,132
24,132
24,132
24,132
24,132
24,132
24,132
24,131
24,131
24,132
24,132
24,132
24,132
24,132
24,132
24,132
24,132
24,132
24,132
24,132
24,132
24,132
24,132
24,132
24,131
24,131
24,131
24,131
24,131
24,132
24,132
24,132
24,132
24,132
24,132
24,132
24,132
24,132
24,132
24,132
24,132
24,132
24,131
24,131
24,132
24,132
24,132
24,132
24,132
24,132
24,132
24,132
24,132
24,132
24,132
24,132
24,132
24,132
24,132
24,131
24,131
24,131
24,131
24,131
24,132
24,132
24,132
24,132
24,132
24,132
24,132
24,132
24,132
24,132
24,132
24,132
24,132
24,131
24,131
24,131
24,132
24,132
24,132
24,132
24,132
24,132
24,132
24,132
24,132
24,132
24,132
24,132
24,132
24,132
24,131
24,131
24,131
24,131
24,132
24,132
24,132
24,132
24,132
24,132
24,132
24,132
24,132
24,132
24,132
24,132
24,132
24,132
24,131
24,131
24,132
24,132
24,132
24,132
24,132
24,132
24,132
24,132
24,132
24,132
24,132
24,132
24,132
24,132
24,132
24,131
24,131
24,131
24,132
24,132
24,132
24,132
24,132
24,132
24,132
24,132
24,132
24,132
24,132
24,132
24,132
24,132
24,132
24,132
24,132
24,132
24,132
24,132
24,132
24,132
24,132
24,132
24,132
24,132
24,132
24,132
24,132
24,132
24,132
24,132
24,132
24,132
24,132
24,132
24,132
24,132
24,133
24,133
24,133
24,133
24,133
24,133
24,133
24,133
25,133
25,133
25,133
25,133
25,133
25,133
25,133
25,133
25,133
25,133
25,133
25,133
25,133
25,133
25,133
26,133
25,133
26,133
26,133
26,133
26,133
26,133
26,133
26,133
26,133
26,133
26,133
26,133
26,133
26,133
26,133
26,133
26,133
26,133
26,133
26,133
26,133
26,133
26,133
26,133
26,133
26,133
26,133
26,133
26,133
26,133
26,134
26,134
26,134
27,134
27,134
27,134
27,134
27,135
27,135
28,135
28,135
28,135
28,135
28,136
28,136
28,136
28,136
28,136
28,136
28,137
28,137
28,137
29,137
29,137
29,138
29,138
29,139
29,139
29,139
29,140
29,140
29,140
30,141
30,141
30,141
30,142
30,142
30,143
30,143
31,144
31,144
32,145
32,145
32,146
32,146
33,147
33,148
33,149
33,151
33,152
33,153
33,154
34,155
34,156
34,157
34,158
35,159
35,159
35,160
36,161
37,162
37,162
37,163
38,164
38,164
39,165
39,166
39,167
40,169
40,170
41,171
41,174
41,176
42,178
42,179
42,180
42,181
43,181
43,182
43,183
43,184
44,185
44,186
44,186
44,187
44,187
44,187
44,188
45,188
45,188
45,189
45,189
45,190
45,190
45,190
45,191
45,191
45,191
45,191
45,191
45,191
45,192
45,192
45,192
45,192
45,192
45,192
45,192
45,192
45,192
45,192
45,192
45,192
45,192
45,192
45,191
45,192
45,192
45,192
45,192
45,192
45,192
45,192
45,192
45,192
45,192
45,192
45,192
45,192
45,192
45,192
45,192
45,192
45,192
45,192
45,192
45,192
45,192
45,192
45,192
45,192
45,192
45,192
45,192
45,192
45,192
45,192
45,192
45,192
45,192
45,191
45,192
45,192
45,192
45,192
45,192
45,192
45,192
45,192
45,192
45,192
45,192
45,192
45,192
45,192
45,192
45,192
45,192
45,192
45,192
45,192
45,192
45,192
45,192
45,192
45,192
45,192
45,192
45,192
45,192
45,192
45,192
45,192
45,192
45,192
45,191
45,192
45,192
45,192
45,192
45,192
45,192
45,192
45,192
45,192
45,192
45,192
45,192
45,192
46,192
46,192
46,193
46,194
46,194
46,195
46,196
46,197
46,197
47,197
47,198
47,198
47,198
47,198
47,198
48,198
48,198
48,198
48,199
48,199
48,199
48,199
48,199
48,199
48,199
48,199
48,200
48,200
49,200
49,201
49,201
49,201
49,201
49,202
49,202
50,202
50,202
50,202
50,202
50,202
50,202
50,203
51,203
51,203
51,203
51,203
51,203
51,204
51,204
51,204
51,204
51,204
51,204
51,204
51,204
51,204
51,203
51,204
51,204
51,204
51,204
51,204
51,204
51,204
51,204
51,204
51,204
51,204
51,204
51,204
51,204
51,204
51,204
51,204
51,204
51,204
51,204
51,204
51,204
51,204
51,204
51,204
51,204
51,204
51,204
51,204
51,204
51,204
51,204
51,204
52,204
52,204
52,204
52,205
52,205
52,206
52,206
52,206
52,206
52,207
52,206
52,206
52,206
52,206
52,206
52,206
52,206
52,207
52,206
52,206
52,206
52,206
52,206
52,206
52,206
52,206
52,206
52,206
52,206
52,206
52,206
52,206
52,206
52,206
52,206
52,207
52,206
52,206
52,206
52,206
52,206
52,206
52,206
52,206
52,206
52,206
52,206
52,206
52,206
52,206
52,206
52,206
52,206
52,206
52,206
52,206
52,206
52,206
52,206
52,206
52,206
52,206
52,206
52,206
52,206
52,206
52,206
52,206
52,207
52,207
52,206
52,206
52,206
52,206
52,206
52,206
52,206
52,206
52,206
52,206
52,206
52,206
52,206
52,206
52,206
52,206
52,206
52,206
52,206
52,206
52,206
52,206
52,206
52,206
52,206
52,206
52,206
52,207
52,206
52,206
52,206
52,206
52,206
52,206
52,206
52,206
52,206
52,206
52,206
52,206
52,206
52,206
52,206
52,206
52,206
52,206
52,206
52,206
52,206
52,206
52,206
52,206
52,206
52,206
52,206
52,206
52,206
52,206
52,206
52,206
52,206
52,206
52,206
52,206
52,206
52,206
52,206
52,207
52,207
52,206
52,206
52,206
52,206
52,206
52,206
52,206
52,206
52,206
52,206
52,206
52,206
52,206
52,206
52,206
52,206
52,206
52,206
52,206
52,206
52,206
52,206
52,206
52,206
52,206
52,206
52,206
52,206
52,206
52,206
52,206
52,206
52,206
52,206
52,206
52,206
52,207
52,206
52,206
52,206
52,206
52,206
52,206
52,206
52,206
52,206
52,206
52,206
52,206
52,206
52,206
52,206
52,206
52,206
52,206
52,206
52,206
52,206
52,206
52,206
52,206
52,206
52,206
52,206
52,206
52,206
52,206
52,206
52,206
52,206
52,206
52,206
52,206
52,206
52,206
52,206
52,206
52,206
52,206
52,206
52,206
52,206
52,206
52,206
52,206
52,206
52,206
52,206
52,206
52,206
52,206
52,206
52,206
52,206
52,206
52,206
52,206
52,206
52,206
52,206
52,206
52,206
52,206
52,206
52,206
52,206
52,206
52,206
52,206
52,206
52,206
52,206
52,206
52,206
52,206
52,206
52,206
52,206
52,206
52,206
52,206
52,206
52,206
52,206
52,206
52,206
52,206
52,206
52,206
52,206
52,206
52,206
52,206
52,206
52,206
52,206
52,206
52,206
52,206
52,206
52,206
52,206
52,206
52,206
52,206
52,206
52,206
52,206
52,206
52,206
52,206
52,206
52,206
52,206
52,206
52,206
52,206
52,206
52,206
52,206
52,206
52,206
52,206
52,206
52,206
52,206
52,206
52,206
52,206
52,206
52,206
52,206
52,206
52,206
52,206
52,206
52,206
52,206
52,206
52,206
52,206
52,206
52,206
52,206
52,206
52,206
52,206
52,206
52,206
52,206
52,206
52,206
52,206
52,206
52,206
52,206
52,206
52,206
52,206
52,206
52,206
52,206
52,206
52,206
52,206
52,206
52,206
52,206
52,206
52,206
52,206
52,206
52,206
52,206
52,206
52,206
52,206
52,206
52,206
52,206
52,206
52,206
52,206
52,206
52,206
52,206
52,206
52,206
52,206
52,206
52,206
52,206
52,206
52,206
52,206
52,206
52,206
52,206
52,206
52,206
52,206
52,206
52,206
52,206
52,206
52,206
52,206
52,206
52,206
52,206
52,206
52,206
52,206
52,206
52,206
52,206
52,206
52,206
52,206
52,206
52,206
52,206
52,206
52,206
52,206
52,206
52,206
52,206
52,206
52,206
52,206
52,206
52,206
52,206
52,206
52,206
52,206
52,206
52,206
52,206
52,206
52,206
52,206
52,206
52,206
52,206
52,206
52,206
52,206
52,206
52,206
52,206
52,206
52,206
52,206
52,206
52,206
52,206
52,206
52,206
52,206
52,206
52,206
52,206
52,206
52,206
52,206
52,206
52,206
52,206
52,206
52,206
52,206
52,206
52,206
52,206
52,206
52,206
52,206
52,206
52,206
52,206
52,206
52,206
52,206
52,206
52,206
52,206
52,206
52,206
52,206
52,206
52,206
52,206
52,206
52,206
52,206
52,206
52,206
52,206
52,206
52,206
52,206
52,206
52,206
52,206
52,206
52,206
52,206
52,206
52,206
52,206
51,206
52,206
52,206
52,206
52,206
52,206
52,206
52,206
52,206
52,206
52,206
52,206
52,206
52,206
52,206
52,206
52,206
52,206
52,206
52,206
52,206
52,206
52,206
52,206
52,206
52,206
52,206
52,206
52,206
52,206
52,206
52,206
52,206
52,206
52,206
52,206
52,206
52,206
52,206
52,206
52,206
52,206
52,206
52,206
52,206
52,206
52,206
52,206
52,206
52,206
52,206
52,206
52,206
52,206
52,206
52,206
52,206
52,206
52,206
52,206
52,206
52,206
52,206
52,206
52,206
52,206
52,206
52,206
52,206
52,206
52,206
52,206
52,206
52,206
52,206
52,206
52,206
52,206
52,206
52,206
52,206
52,206
52,206
52,206
52,206
52,206
52,206
52,206
52,206
52,206
52,206
52,206
52,206
52,206
52,206
52,206
52,206
52,206
52,206
52,206
52,206
52,206
52,206
52,206
52,206
52,206
52,206
52,206
52,206
52,206
52,206
52,206
52,206
52,206
52,206
52,206
52,206
52,206
52,206
52,206
52,206
52,206
52,206
52,206
52,206
52,206
52,206
52,206
52,206
52,206
52,206
52,206
52,206
52,206
52,206
52,206
52,206
52,206
52,206
52,206
52,206
52,206
52,206
52,206
52,206
52,206
52,206
52,206
52,206
52,206
52,206
52,206
52,206
52,206
52,206
52,206
52,206
52,206
52,206
52,206
52,206
52,206
52,206
52,206
52,206
52,206
52,206
52,206
52,206
52,206
52,206
52,206
52,206
52,206
52,206
52,206
52,206
52,206
52,206
52,206
52,206
52,206
52,206
52,206
52,206
52,206
52,206
52,206
52,206
52,206
52,206
52,206
52,206
52,206
52,206
52,206
52,206
52,206
52,206
52,206
52,206
52,206
52,206
52,206
52,206
52,206
52,206
52,206
52,206
52,206
52,206
52,206
52,206
52,206
52,206
52,206
52,206
52,206
52,206
52,206
52,206
52,206
52,206
52,206
52,206
52,206
52,206
52,206
52,206
52,206
52,206
52,206
52,206
52,206
52,206
52,206
52,206
52,206
52,206
52,206
52,206
52,206
52,206
52,206
52,206
52,206
52,206
52,206
52,206
53,206
53,206
53,206
53,206
53,206
53,206
53,206
53,206
53,206
53,206
53,206
53,206
53,206
53,206
53,206
53,206
53,206
53,206
53,206
53,206
53,206
53,206
53,206
53,206
53,206
53,206
53,206
53,206
53,206
53,206
53,206
53,206
53,206
53,206
53,206
53,206
53,206
53,206
53,206
53,206
53,206
53,206
53,206
53,206
53,206
53,206
53,206
54,206
54,206
54,206
54,206
54,206
54,206
54,207
54,207
54,207
54,207
54,207
54,207
54,207
54,207
54,207
54,207
54,207
54,207
55,207
55,207
55,207
55,207
55,207
55,207
55,207
55,207
55,207
55,207
56,207
56,207
56,207
56,207
56,207
56,207
56,207
56,208
57,208
57,208
57,208
57,208
57,208
58,208
58,208
58,208
58,208
58,208
59,208
59,208
59,209
60,209
60,209
60,209
61,210
61,210
61,209
62,210
62,210
62,210
63,210
63,210
64,211
64,211
64,211
64,211
65,211
65,211
66,212
66,212
67,212
67,212
67,212
68,212
68,212
69,212
69,212
70,213
70,213
70,213
71,214
71,214
71,214
72,214
72,214
72,214
73,215
73,215
73,215
74,215
74,215
75,215
75,216
75,216
76,216
76,216
76,216
77,217
77,217
77,217
78,217
78,217
78,218
79,218
79,218
79,218
80,218
80,219
80,219
81,219
81,219
81,219
82,220
82,220
82,220
83,220
83,220
84,220
84,221
84,221
85,221
85,221
85,221
86,221
86,221
87,222
87,221
87,221
88,222
88,222
89,222
89,222
89,222
89,222
90,222
90,222
90,222
91,223
91,223
91,223
91,223
91,223
92,223
92,223
92,223
92,224
92,224
93,224
93,224
93,224
93,224
93,224
93,224
94,224
94,224
94,224
94,224
94,225
94,225
94,225
95,225
95,224
95,225
95,225
95,225
95,225
96,225
96,225
96,226
96,226
96,226
96,226
97,226
97,226
97,226
97,226
97,227
98,227
98,227
98,227
98,227
99,227
99,227
99,227
100,228
100,229
100,227
100,227
101,227
101,228
101,228
102,229
102,229
102,229
103,229
103,229
104,229
104,229
104,229
105,229
105,229
106,229
106,230
106,230
107,230
107,230
108,230
108,231
109,231
109,231
109,231
110,231
110,232
110,232
111,232
111,232
112,232
112,232
113,233
113,233
114,233
114,233
114,233
115,234
115,234
116,234
116,234
116,234
117,234
117,234
118,234
119,234
120,234
120,234
121,235
121,235
121,235
122,235
122,235
123,236
123,236
123,236
123,236
124,236
124,236
124,237
125,237
125,237
125,237
125,237
125,237
125,237
125,237
125,237
125,237
125,237
125,237
125,237
126,237
126,237
126,237
126,237
126,237
126,237
126,237
126,237
126,237
126,237
125,237
125,237
125,237
125,237
125,237
125,237
125,237
125,237
126,237
126,237
126,237
126,237
126,237
126,237
126,237
126,237
126,237
126,237
126,237
126,237
126,237
126,237
126,237
126,237
126,237
126,237
126,237
126,237
126,237
126,237
126,237
126,237
126,237
126,237
126,237
126,237
126,237
126,237
126,237
126,237
126,237
126,237
126,237
126,237
126,237
126,237
126,237
126,237
126,237
126,237
126,237
126,237
126,237
126,237
126,237
126,237
126,237
126,237
126,237
126,237
126,237
126,237
126,237
126,237
126,237
126,237
126,237
126,237
126,237
126,237
126,237
126,237
126,237
126,237
126,237
126,237
126,237
126,237
126,237
126,237
126,237
126,237
126,237
126,237
126,237
126,237
126,237
126,237
126,237
126,237
126,237
126,237
126,237
126,237
126,237
126,237
126,237
126,237
126,237
126,237
126,237
126,237
126,237
126,237
126,237
126,237
126,237
126,237
126,237
126,237
126,237
126,237
126,237
126,237
126,237
126,237
126,237
126,237
126,237
126,237
126,237
126,237
126,237
126,237
126,237
126,237
126,237
126,237
126,237
126,237
126,237
126,237
126,237
127,237
127,237
127,237
127,237
127,237
127,237
127,237
126,237
126,237
127,237
127,237
127,237
127,237
127,237
127,237
127,237
127,237
127,237
127,237
127,237
127,237
127,237
127,237
127,237
127,237
127,237
127,237
127,237
127,237
127,237
127,237
127,237
127,237
127,237
127,237
127,237
127,237
127,237
127,237
127,237
127,237
127,237
127,237
127,237
127,237
127,237
127,237
127,237
127,237
127,237
127,237
127,237
127,237
127,237
127,237
127,237
127,237
127,237
127,237
127,237
127,237
127,237
127,237
127,237
127,237
127,237
127,237
127,237
127,237
127,237
127,237
127,237
127,237
127,237
127,237
127,237
127,237
127,237
127,237
127,237
127,237
127,237
127,237
127,237
127,237
127,237
127,237
127,237
127,237
127,237
127,237
127,237
127,237
127,237
127,237
127,237
127,237
127,237
127,237
127,237
127,237
127,237
127,237
127,237
127,237
127,237
127,237
127,237
127,237
126,237
126,237
126,237
126,237
126,237
126,237
126,237
126,237
126,237
126,237
126,237
125,237
125,237
125,237
125,237
125,237
125,237
125,237
125,237
125,237
124,237
124,237
124,237
124,237
124,237
124,237
124,237
124,237
124,237
124,237
124,237
124,237
124,237
124,237
124,237
124,237
124,237
124,237
123,237
124,237
124,237
124,237
124,237
124,237
124,237
124,237
124,237
124,237
124,237
124,237
124,237
124,237
124,237
124,237
124,237
124,237
124,237
124,237
124,237
124,238
124,238
124,238
124,238
124,238
124,238
124,238
124,238
124,238
124,238
124,238
124,238
124,238
124,238
124,237
124,238
124,238
124,238
124,238
124,238
124,238
124,238
124,238
124,238
124,238
124,238
124,238
124,238
124,238
124,238
124,238
124,238
124,238
124,238
124,238
124,238
124,238
124,238
124,238
124,238
124,238
124,238
124,238
124,238
124,238
124,238
124,238
124,238
124,238
124,237
124,238
124,238
124,238
124,238
124,238
124,238
124,238
124,238
124,238
124,238
124,238
124,238
124,238
124,238
124,238
124,238
124,238
124,238
124,238
124,238
124,238
124,238
124,238
124,238
124,238
124,238
124,238
124,238
124,238
124,238
124,238
124,238
124,238
124,238
124,237
124,238
124,238
124,238
124,238
124,238
124,238
124,238
124,238
124,238
124,238
124,238
124,238
124,238
124,238
124,238
124,238
124,238
124,238
124,238
124,238
124,238
124,238
124,238
124,238
124,238
124,238
124,238
124,238
124,238
124,238
124,238
124,238
124,238
124,238
124,237
124,238
124,238
124,238
124,238
124,238
124,238
124,238
124,238
124,238
124,238
124,238
124,238
124,238
124,238
124,238
124,238
124,238
124,238
124,238
124,238
124,238
124,238
124,238
124,238
124,238
124,238
124,238
124,238
124,238
124,238
124,238
124,238
124,238
124,238
124,237
124,238
124,238
124,238
124,238
124,238
124,238
124,238
124,238
124,238
124,238
124,238
124,238
124,238
124,238
124,238
124,238
124,238
124,238
124,238
124,238
124,238
124,238
124,238
124,238
124,238
124,238
124,238
124,238
124,238
124,238
124,238
124,238
124,238
124,238
124,237
124,238
124,238
124,238
124,238
124,238
124,238
124,238
124,238
124,238
124,238
124,238
124,238
124,238
124,238
124,238
124,238
124,238
124,238
124,238
124,238
124,238
124,238
124,238
124,238
124,238
124,238
124,238
124,238
124,238
124,238
124,238
124,238
124,238
124,238
124,237
124,238
124,238
124,238
124,238
124,238
124,238
124,238
124,238
124,238
124,238
125,238
125,238
125,238
125,238
125,238
125,238
125,238
125,238
125,238
125,238
125,238
125,238
125,238
125,238
125,238
125,238
125,238
125,238
125,238
125,238
125,238
125,238
125,238
125,238
125,237
125,238
125,238
125,238
125,238
125,238
125,238
125,238
125,238
125,238
125,238
125,238
125,238
125,238
125,238
125,238
125,238
125,238
125,238
125,238
125,238
126,238
126,238
126,238
126,238
126,238
126,238
126,238
126,238
126,238
126,238
126,238
127,238
127,238
127,238
127,237
127,237
126,238
127,238
127,238
127,238
127,238
127,238
127,238
127,238
127,238
127,238
127,237
127,237
127,237
127,237
127,237
128,237
127,237
127,237
127,237
128,237
128,237
128,237
128,237
128,237
128,237
128,237
128,237
128,237
128,237
128,237
128,237
128,237
128,236
128,236
128,236
128,236
128,236
128,236
128,236
128,236
129,236
129,236
129,236
129,236
129,236
129,236
129,236
129,236
129,236
129,236
129,236
129,236
129,236
129,235
129,235
129,235
129,235
130,235
130,235
130,235
130,235
130,235
130,235
130,235
130,235
131,235
131,235
131,234
130,234
131,234
131,234
131,234
131,234
131,234
131,234
131,234
131,234
131,234
131,234
132,234
132,234
132,234
132,234
132,234
132,234
132,234
132,234
132,234
132,234
132,234
132,234
132,234
132,234
132,234
132,234
132,234
132,234
132,234
132,234
132,234
132,233
132,233
132,233
132,233
132,233
132,233
132,233
132,233
132,233
132,233
132,233
132,233
132,233
132,233
132,233
132,233
132,233
132,233
132,233
132,233
132,233
132,233
132,233
132,233
132,233
132,233
132,233
132,233
132,233
132,233
132,233
132,233
132,233
132,233
132,233
132,233
132,233
132,233
132,233
132,233
132,233
132,233
132,233
132,233
132,233
132,233
131,233
131,233
131,233
131,233
131,233
131,233
131,233
130,233
130,233
130,233
130,233
129,233
129,233
129,233
129,234
129,233
129,234
129,234
129,234
129,234
128,234
128,234
128,234
128,234
128,234
128,234
127,234
127,234
127,235
126,236
126,236
126,236
125,236
125,237
125,237
125,237
124,237
124,237
124,237
124,237
124,237
124,237
124,237
124,237
124,237
124,237
124,237
124,237
124,237
124,237
124,237
124,237
124,238
124,238
124,237
124,238
124,238
124,238
124,238
124,238
124,238
124,238
123,237
123,237
123,237
123,237
124,238
124,238
124,238
124,238
124,238
124,238
124,237
124,237
124,238
124,238
124,238
124,238
124,238
124,237
123,237
123,237
124,237
124,238
124,238
124,238
123,238
124,238
124,238
124,238
124,238
124,238
124,238
123,238
123,238
123,238
123,238
123,237
123,237
123,237
123,237
123,237
123,237
123,237
123,238
123,238
123,238
123,238
123,238
123,238
123,238
123,238
123,238
123,238
123,238
123,237
123,237
123,238
123,238
123,238
123,238
123,238
123,238
123,238
123,238
123,238
123,238
123,238
123,238
123,238
123,238
123,238
123,237
123,237
123,237
123,237
123,237
123,237
123,237
123,237
123,237
123,237
123,237
123,237
123,237
122,237
122,237
122,237
122,237
122,237
122,237
122,237
122,237
122,237
122,237
122,237
122,237
122,237
122,237
122,237
122,237
122,237
122,237
122,237
122,237
122,237
122,237
121,237
121,237
121,236
121,236
121,236
121,236
121,236
121,236
121,236
121,236
121,236
121,236
121,235
121,235
121,235
121,235
121,235
121,235
120,235
120,235
120,234
120,234
120,234
120,234
120,234
120,234
120,234
119,234
119,234
119,234
119,234
119,234
118,234
118,233
118,233
117,233
117,233
116,233
116,233
116,233
116,233
116,233
115,233
115,233
115,232
114,232
114,232
114,232
113,232
113,232
112,232
112,232
112,232
111,232
111,232
111,232
110,232
110,232
110,232
109,231
109,231
109,231
108,231
108,231
108,231
107,231
107,230
107,230
106,230
106,230
105,229
105,229
105,229
105,229
104,229
104,229
103,229
103,228
102,228
102,228
101,228
100,228
100,228
99,227
98,227
98,228
97,227
97,227
96,226
96,226
95,226
95,226
94,225
94,225
93,225
93,225
92,225
92,224
91,224
90,223
90,222
89,222
89,221
88,221
87,220
86,220
85,220
84,220
84,220
83,219
82,219
81,219
80,219
79,218
79,218
78,218
77,217
77,217
76,217
76,216
75,216
74,216
74,215
73,215
73,215
72,215
72,214
71,214
70,214
70,214
69,214
69,214
68,213
68,213
67,213
67,212
66,212
66,212
66,212
65,211
65,211
64,211
64,211
64,211
64,210
63,210
63,210
63,210
62,210
62,210
62,210
62,210
62,210
61,209
61,210
61,210
61,209
61,209
61,209
61,209
60,209
60,209
60,209
60,209
60,209
60,209
60,209
60,209
60,209
60,209
59,209
59,209
59,209
59,209
59,209
59,209
59,209
59,209
59,209
59,209
59,209
58,209
58,209
58,209
58,209
58,209
58,209
58,209
58,209
58,209
57,209
57,209
57,208
57,208
57,208
57,208
57,208
57,208
57,208
57,208
56,208
56,208
56,208
56,208
56,208
56,208
56,208
56,208
56,208
56,207
55,207
55,207
55,207
55,207
55,207
55,207
55,207
55,207
55,207
55,207
55,207
54,207
54,207
54,207
54,207
54,207
54,207
54,207
54,207
54,207
54,207
54,207
53,207
53,207
53,207
53,207
53,207
53,207
53,207
53,207
53,207
53,207
53,207
53,207
53,206
52,206
52,206
52,206
52,206
52,206
52,206
52,206
52,206
52,206
52,206
51,206
51,206
51,206
51,206
51,206
51,206
51,206
50,206
50,206
50,206
50,206
50,206
50,206
50,206
50,206
50,206
49,206
50,206
50,206
50,206
50,206
50,206
50,206
50,206
49,206
49,206
49,206
49,206
49,206
49,206
49,206
49,206
49,206
49,206
49,206
49,206
49,206
49,206
49,206
49,206
49,206
49,206
49,206
49,206
49,206
49,206
49,206
49,206
49,206
49,206
49,206
49,206
49,206
49,206
49,206
49,206
49,206
49,206
49,206
49,205
49,206
49,206
49,206
49,206
49,206
49,206
49,206
49,206
49,206
49,206
49,206
49,206
49,206
49,206
49,206
49,206
49,206
49,206
49,206
49,206
49,206
49,206
49,206
49,206
49,206
49,206
49,206
49,206
49,206
49,206
49,206
49,206
49,206
49,206
49,205
49,206
49,206
49,206
49,206
49,206
49,206
49,206
49,206
49,206
49,206
49,206
49,206
49,206
49,206
49,206
49,206
49,206
49,206
49,206
49,206
49,206
49,206
49,206
49,206
49,206
49,206
49,206
49,206
49,206
49,206
49,206
49,206
49,206
49,206
49,205
49,206
49,206
49,206
49,206
49,206
49,206
49,206
49,206
49,206
49,206
49,206
49,206
49,206
49,206
49,206
49,206
49,206
49,206
49,206
49,206
49,206
49,206
49,206
49,206
49,206
49,206
49,206
49,206
49,206
49,206
49,206
49,206
49,206
49,206
49,205
49,206
49,206
49,206
49,206
49,206
49,206
49,206
49,206
49,206
49,206
49,206
49,206
49,206
49,206
49,206
49,206
49,206
49,206
49,206
49,206
49,206
49,206
49,206
49,206
49,206
49,206
49,206
49,206
49,206
49,206
49,206
49,206
49,206
49,206
49,205
49,206
49,206
49,206
49,206
49,206
49,206
49,206
49,206
49,206
49,206
49,206
49,206
49,206
49,206
49,206
49,206
49,206
49,206
49,206
49,206
49,206
49,206
49,206
49,206
49,206
49,206
49,206
49,206
49,206
49,206
49,206
49,206
49,206
49,206
49,205
49,206
49,206
49,206
49,206
49,206
49,206
49,206
49,206
49,206
49,206
49,206
49,206
49,206
49,206
49,206
49,206
49,206
49,206
49,206
49,206
49,206
49,206
49,206
49,206
49,206
49,206
49,206
49,206
49,206
49,206
49,206
49,206
49,206
49,206
49,205
49,206
49,206
49,206
49,206
49,206
49,206
49,206
49,206
49,206
49,206
49,206
49,206
49,206
49,206
49,206
49,206
49,206
49,206
49,205
49,205
48,205
48,205
49,205
49,205
48,205
48,205
48,204
48,204
48,203
48,203
48,203
48,203
48,202
47,202
47,201
47,201
47,201
47,201
47,201
47,200
47,200
47,200
47,200
47,200
47,199
47,199
46,199
46,199
46,199
46,198
46,198
46,198
46,198
46,198
46,197
46,197
46,197
46,197
46,197
46,197
46,196
46,196
46,196
46,196
45,195
45,195
45,195
45,195
45,194
45,194
45,194
45,193
45,193
45,193
45,193
45,192
45,192
45,192
45,192
45,192
45,192
45,192
45,191
45,191
45,191
45,191
45,191
45,190
45,190
45,190
45,190
45,190
45,190
45,190
45,190
45,190
45,190
44,190
44,189
44,189
44,189
44,189
44,189
44,189
44,189
44,189
44,189
44,189
44,189
44,189
44,189
44,189
44,189
44,189
44,189
44,189
44,189
44,189
44,189
44,189
44,189
44,189
44,189
44,189
44,189
44,188
44,189
44,189
44,189
44,189
44,189
44,189
44,189
44,189
44,189
44,189
44,189
44,189
44,188
44,188
44,188
44,188
44,188
44,188
44,188
44,188
44,188
44,188
44,188
44,188
44,188
44,188
44,188
44,188
44,188
44,188
44,188
44,188
44,188
44,188
44,188
44,188
44,188
44,188
44,188
44,188
44,188
43,188
44,188
44,187
44,187
44,187
44,187
44,186
43,186
43,186
43,186
43,185
43,185
43,185
42,185
42,185
42,184
42,184
42,184
42,184
42,184
42,184
42,184
42,183
42,183
42,183
42,183
42,183
42,183
42,183
42,183
42,183
42,182
42,182
42,182
42,182
41,182
42,182
41,181
41,181
41,181
41,181
41,181
41,180
41,180
41,180
41,180
41,179
41,179
41,178
41,178
41,178
40,177
40,177
40,177
40,177
40,176
40,176
40,176
40,175
40,175
40,175
40,174
40,174
40,174
40,173
39,172
39,172
39,171
39,170
39,170
39,170
39,169
39,169
39,168
39,168
39,167
39,167
39,167
39,166
38,166
38,166
38,166
38,166
38,166
38,166
38,165
38,165
37,165
37,165
37,165
37,165
37,165
37,165
37,164
37,164
37,164
37,164
37,164
37,164
37,164
36,164
36,164
36,163
36,163
36,163
36,163
36,163
35,163
35,163
35,163
35,162
35,162
35,162
35,162
35,162
35,161
35,161
35,161
35,161
34,161
34,160
34,160
34,160
34,160
34,159
34,159
34,159
34,159
34,159
34,159
34,159
34,158
34,158
34,158
34,158
34,157
34,157
34,157
34,157
34,157
34,157
34,157
34,157
34,157
34,156
33,156
33,156
33,156
33,156
33,156
33,156
33,156
33,156
33,155
33,155
33,155
33,155
33,155
33,154
33,154
33,154
33,154
33,154
33,154
33,154
33,153
33,153
33,153
33,152
33,152
33,150
33,150
33,149
33,149
33,148
32,148
32,148
32,148
32,147
32,147
32,147
32,147
32,146
32,146
32,145
32,145
32,145
32,145
32,145
32,145
31,144
31,144
31,144
31,144
31,143
30,143
30,143
30,143
29,143
29,142
29,142
29,142
29,142
29,142
29,141
29,141
28,141
28,140
28,140
28,140
28,139
28,139
28,139
28,138
28,138
28,137
28,137
28,136
27,136
27,135
27,135
26,135
26,134
26,134
26,133
26,133
25,133
25,133
25,132
25,132
25,131
25,131
25,131
25,130
24,129
24,129
24,129
24,129
24,129
24,129
24,129
24,129
24,129
24,129
24,129
24,129
24,129
24,129
24,129
24,129
24,129
24,129
24,128
24,128
24,129
24,129
24,129
24,129
24,129
24,129
24,129
24,129
24,129
24,129
24,129
24,129
24,129
24,129
24,129
24,129
24,129
24,129
24,129
24,129
24,129
24,129
24,129
24,129
24,129
24,129
24,129
24,129
24,129
24,129
24,129
24,129
24,129
24,129
24,129
24,129
24,129
24,129
24,129
24,129
24,129
24,129
24,129
24,129
24,129
24,129
24,129
24,129
24,129
24,129
24,129
24,129
24,129
24,129
24,129
24,129
24,129
24,129
24,129
24,129
24,129
24,129
24,129
24,129
24,129
24,129
24,129
24,129
24,129
24,129
24,129
24,129
24,129
24,129
24,129
24,129
24,129
24,129
24,129
24,129
24,129
24,129
24,129
24,129
24,129
24,129
24,129
24,129
24,129
24,129
24,129
24,129
24,129
24,129
24,129
24,129
24,129
24,129
24,129
24,129
24,129
24,129
24,129
24,129
24,129
24,129
24,129
24,129
24,129
24,129
24,129
24,129
24,129
24,129
24,129
24,129
24,129
24,129
24,129
24,129
24,129
24,129
24,129
24,129
24,129
24,129
24,129
24,129
24,129
24,129
24,129
24,129
24,129
24,129
24,129
24,129
24,129
24,129
24,129
24,129
24,129
24,129
24,129
24,129
24,129
24,129
24,129
24,129
24,129
24,129
24,129
24,129
24,129
24,129
24,129
24,129
24,129
24,129
24,129
24,129
24,129
24,129
24,129
24,129
24,129
24,129
24,129
24,129
24,129
24,129
24,129
24,129
24,129
24,129
24,129
24,129
24,129
24,129
24,129
24,128
24,128
24,128
24,128
24,128
24,128
24,128
24,128
24,127
24,127
24,128
24,127
24,128
24,127
24,128
24,127
25,127
25,127
25,127
25,127
25,127
25,127
25,127
25,127
25,127
25,127
25,127
25,127
25,127
26,127
26,127
26,127
26,127
26,127
26,127
26,127
26,127
26,127
26,127
26,127
26,127
26,127
26,127
26,127
26,127
26,127
26,127
26,127
26,127
26,126
26,127
26,127
26,127
26,127
26,127
26,127
27,126
27,127
27,127
27,127
27,127
27,126
27,126
27,126
27,126
27,126
27,126
27,126
27,126
27,126
27,126
27,126
27,126
27,126
27,126
27,126
27,126
28,126
28,126
28,126
28,125
28,125
28,125
28,125
28,125
28,125
28,125
28,125
28,125
28,124
28,124
28,124
28,124
28,124
28,124
28,124
28,124
28,123
28,123
28,123
28,123
28,123
28,123
28,123
28,123
28,123
28,122
28,122
29,122
29,122
29,122
29,122
29,121
29,121
29,121
29,121
29,121
29,121
29,120
29,120
29,120
29,120
29,120
29,120
29,120
29,119
29,119
29,119
29,119
29,119
29,119
29,119
30,118
30,118
30,118
30,118
30,118
30,118
30,118
30,117
30,117
30,117
30,117
30,117
30,117
30,116
30,116
30,116
30,116
31,116
31,116
31,116
31,116
31,116
31,116
31,115
31,115
31,115
31,115
31,115
31,115
31,114
31,114
31,114
31,114
32,114
32,113
32,113
32,113
32,112
32,112
32,113
32,112
32,112
32,112
32,112
32,112
32,112
32,112
32,111
32,111
32,111
32,111
32,111
32,111
32,110
32,110
32,110
32,110
33,110
33,109
33,109
32,109
33,109
33,109
33,109
33,108
33,108
33,108
33,107
33,106
33,106
33,105
34,105
34,105
34,104
34,104
34,104
34,104
34,103
34,103
34,103
34,103
34,102
35,102
35,102
35,101
35,101
35,100
35,100
36,99
36,99
37,98
37,97
37,97
37,96
37,95
37,95
37,94
38,94
38,93
38,93
38,92
38,92
39,91
39,91
39,90
39,89
39,88
39,88
39,87
39,87
40,86
40,86
40,85
40,85
40,84
40,84
40,83
41,82
41,82
41,81
41,80
41,80
41,79
41,78
42,77
42,77
42,76
42,76
42,76
42,75
43,75
43,75
43,74
43,74
43,73
44,73
44,73
44,72
44,72
44,72
44,71
45,70
45,70
45,69
45,69
45,69
45,69
45,68
45,68
45,67
45,67
45,66
45,65
45,65
45,65
45,64
45,64
45,64
45,63
45,63
46,63
46,63
46,63
46,62
46,62
46,62
46,62
46,61
46,61
46,61
46,61
46,61
46,60
46,60
46,60
46,60
46,60
47,59
47,59
47,59
47,59
47,59
47,58
47,58
47,58
47,58
47,58
47,58
47,58
47,57
47,57
47,57
47,57
47,57
47,57
47,57
47,56
47,56
47,56
47,56
47,56
47,56
47,56
47,56
47,56
47,55
47,55
47,55
47,55
47,55
47,55
47,55
47,55
47,55
47,55
47,55
47,55
47,55
47,54
47,54
47,55
47,54
47,54
47,54
48,54
48,54
47,54
47,54
48,54
48,54
48,54
48,54
48,54
48,54
48,54
48,54
48,54
48,54
48,54
48,54
48,54
48,54
48,54
48,54
48,54
48,54
48,54
48,54
48,54
48,54
48,54
48,54
48,54
48,54
48,54
48,54
48,54
48,54
48,54
48,54
48,54
48,54
48,54
48,54
48,54
48,54
48,54
48,54
48,54
48,54
48,54
48,54
48,54
48,54
48,54
48,54
48,54
48,54
48,54
48,54
48,54
48,54
48,54
48,54
48,54
48,54
48,54
48,54
48,54
48,54
48,54
48,54
48,54
48,54
48,54
48,54
48,54
48,54
48,54
48,54
48,54
48,54
48,54
48,54
48,54
48,54
48,54
48,54
48,54
48,54
48,54
48,54
48,54
48,54
48,54
48,54
48,54
48,54
48,54
48,54
48,54
48,54
48,54
48,54
48,54
48,54
48,54
48,54
48,54
48,54
48,54
48,54
48,54
48,54
48,54
48,54
48,54
48,54
48,54
48,54
48,54
48,54
48,54
48,54
48,54
48,54
48,54
48,54
48,54
48,54
48,54
48,54
48,54
48,54
48,54
48,54
48,54
48,54
48,54
48,54
48,54
48,54
48,54
48,54
48,54
48,54
48,54
48,54
48,54
48,54
48,54
48,54
48,54
48,54
48,54
48,54
48,54
48,54
48,54
48,54
48,54
48,54
48,54
48,54
48,54
48,54
48,54
48,54
48,54
48,54
48,54
48,54
48,54
48,54
48,54
48,54
48,54
48,54
48,54
48,54
48,54
48,54
48,54
48,54
48,54
48,54
48,54
48,54
48,54
48,54
48,54
48,54
48,54
48,54
48,54
48,54
48,54
48,54
48,54
48,54
48,54
48,54
48,54
48,54
48,54
48,54
48,54
48,54
48,54
48,54
48,54
48,54
48,54
48,54
48,54
48,54
48,54
48,54
48,54
48,54
48,54
48,54
48,54
48,54
48,54
48,54
48,54
48,54
48,54
48,54
48,54
48,54
48,54
48,54
48,54
48,54
48,54
48,54
48,54
48,54
48,54
48,54
48,54
48,54
48,54
48,54
48,54
48,54
48,54
48,54
48,54
48,54
48,54
48,54
48,54
48,54
48,54
48,54
48,54
48,54
48,54
48,54
48,54
48,54
48,54
48,54
48,54
48,54
48,54
48,54
48,54
48,54
48,54
48,54
48,54
48,54
48,54
48,54
48,54
48,54
48,54
48,54
48,54
48,54
48,54
48,54
48,54
48,54
48,54
48,54
48,54
48,54
48,54
48,54
48,54
48,54
48,54
48,54
48,54
48,54
48,54
48,54
48,54
48,54
48,54
48,54
48,54
48,54
48,54
48,54
48,54
48,54
48,54
48,54
48,54
48,54
48,54
48,54
48,54
48,54
48,54
48,54
48,54
48,54
48,54
48,54
48,54
48,54
48,54
48,54
48,54
48,54
48,54
48,54
48,54
48,54
48,54
48,54
48,54
48,54
48,54
48,54
48,54
47,54
47,54
47,54
47,54
47,54
47,54
48,54
48,54
48,54
48,54
48,54
48,54
48,54
48,54
48,54
48,54
48,54
48,54
48,54
49,54
49,53
49,54
50,53
50,53
50,53
51,53
51,53
52,53
52,53
52,53
52,53
52,53
53,53
53,53
53,53
53,53
53,53
53,53
53,53
53,53
54,52
54,52
54,52
54,52
54,52
54,52
54,52
54,52
54,52
54,52
54,52
54,52
55,52
55,52
55,52
55,52
55,52
56,52
56,52
56,52
56,51
56,51
56,51
57,51
57,51
57,51
57,51
58,51
58,51
58,50
58,50
58,50
59,50
59,50
59,50
60,50
60,50
61,50
61,50
61,50
62,49
62,49
62,49
63,49
63,49
64,49
64,49
65,48
65,48
65,48
66,48
66,48
67,47
67,47
68,47
68,47
69,47
69,47
69,47
70,46
70,46
71,46
72,46
72,45
72,45
73,45
73,45
74,45
74,45
74,44
75,44
75,44
75,43
76,43
76,43
76,42
77,42
77,41
77,41
78,41
78,41
78,41
78,41
79,41
79,41
79,41
80,40
80,40
80,40
81,40
81,40
81,40
81,40
81,40
82,40
82,40
82,40
82,40
82,40
82,40
82,40
83,40
83,39
83,39
83,39
83,39
83,39
83,39
84,39
84,39
84,39
84,39
84,39
84,39
85,39
85,39
85,38
85,38
85,38
86,38
86,38
86,38
86,38
86,38
86,38
87,37
87,37
87,37
88,37
88,37
88,37
88,37
89,37
89,37
89,37
89,37
90,37
90,37
90,36
90,36
90,36
91,36
91,36
91,36
91,36
91,36
92,36
92,36
92,36
92,36
92,35
93,36
93,35
93,35
93,35
93,35
93,35
94,35
94,35
94,34
94,34
95,34
95,34
95,34
95,34
95,34
96,34
96,34
96,34
96,33
96,33
97,33
97,33
97,33
97,33
97,33
98,33
98,33
98,33
98,33
98,33
99,33
99,33
99,32
99,32
99,32
99,32
100,32
100,32
100,32
101,32
101,32
101,32
102,32
102,32
102,31
102,31
102,31
103,31
103,31
103,31
103,31
103,31
103,31
103,30
104,30
104,30
104,30
104,30
105,30
105,30
105,30
105,30
105,30
105,30
106,30
106,30
106,30
106,30
106,30
107,30
107,30
107,30
107,30
108,30
108,30
108,29
108,29
109,30
109,29
109,29
109,29
110,29
110,29
110,29
111,29
112,29
112,29
112,29
112,28
113,28
113,28
113,28
114,28
114,28
115,28
115,28
115,27
115,27
116,27
116,27
116,27
117,26
117,26
117,26
118,26
118,26
119,26
119,26
120,26
120,25
120,25
121,25
121,25
121,25
121,24
122,24
122,24
122,24
122,25
122,24
122,25
122,24
122,24
121,24
122,24
122,24
122,24
122,25
122,24
122,24
122,24
122,24
122,24
122,24
122,24
122,24
122,25
122,25
122,25
122,25
122,25
122,25
122,25
122,25
122,25
122,25
122,25
122,25
122,25
122,25
122,25
122,25
122,25
122,25
122,25
122,25
122,25
122,25
122,25
122,25
122,25
122,25
122,25
122,25
122,25
122,25
122,25
122,25
122,24
122,24
122,24
122,24
122,25
122,25
122,25
122,25
122,25
122,25
122,25
122,25
122,25
122,25
122,25
122,25
122,25
122,25
122,25
122,25
122,25
122,25
122,25
122,25
122,25
122,25
122,25
122,25
122,25
122,25
122,25
122,25
122,25
122,25
122,25
122,25
122,25
122,25
122,25
122,25
122,25
122,25
122,25
122,25
122,25
122,25
122,25
122,25
122,25
122,25
122,25
122,25
122,25
122,25
122,25
122,25
122,25
122,25
122,25
122,25
122,25
122,25
122,25
122,25
122,24
122,25
122,25
122,25
122,25
122,25
122,25
122,25
122,25
122,25
122,25
122,25
122,25
122,25
122,24
122,24
122,25
122,24
122,24
122,24
122,24
122,25
122,25
122,24
122,25
122,25
122,25
122,25
122,25
122,25
122,25
122,24
122,25
122,25
122,25
122,25
122,25
122,25
122,25
122,25
122,25
122,25
122,25
122,25
122,25
122,25
122,25
122,25
122,25
122,25
122,25
122,25
122,25
122,25
122,25
122,25
122,25
122,25
122,25
122,25
122,25
122,25
122,25
122,25
122,25
122,25
122,25
122,25
122,25
122,25
122,25
122,25
122,25
122,25
122,25
122,25
122,25
122,25
122,25
122,25
122,25
122,25
122,25
122,25
122,25
122,25
122,25
122,25
122,25
122,25
122,25
122,25
122,25
122,25
122,25
122,25
122,25
122,25
122,25
122,25
122,25
122,25
122,25
122,25
122,25
123,25
123,25
123,25
123,25
123,25
123,25
123,25
123,24
123,25
123,25
123,25
123,25
123,25
123,25
123,25
123,25
123,25
123,25
123,25
123,25
123,25
123,25
123,25
123,25
123,25
123,24
123,25
123,25
123,25
123,25
123,25
123,24
123,24
123,24
123,25
123,25
123,24
123,25
123,25
123,25
123,25
123,25
123,25
123,25
123,25
123,25
123,25
123,25
124,25
123,25
123,25
123,25
123,25
123,25
124,25
124,25
124,25
124,25
124,25
124,25
124,25
124,25
124,25
124,25
124,25
124,25
123,25
124,25
124,25
124,25
124,25
124,25
124,25
124,25
124,25
124,25
124,25
124,25
124,25
124,25
124,25
124,25
124,25
124,25
124,25
124,25
124,25
124,25
124,25
124,25
124,25
124,25
124,25
124,25
124,25
124,25
124,25
124,25
124,25
124,25
124,25
124,25
124,25
124,25
124,25
124,25
124,25
124,25
124,25
124,25
124,25
124,25
124,25
124,25
124,25
124,25
124,25
124,25
124,25
124,25
124,25
124,25
124,25
124,25
124,25
124,25
124,25
124,25
124,25
124,25
124,25
124,25
124,25
124,25
124,25
124,25
124,25
124,25
124,25
124,25
124,25
124,25
124,25
124,25
124,25
124,25
124,25
124,25
124,25
124,25
124,25
124,25
124,25
124,25
124,25
124,25
124,25
125,25
125,25
125,25
125,25
124,25
124,25
125,25
125,25
125,25
125,25
125,25
125,25
125,25
125,25
125,25
125,25
125,25
125,26
125,26
125,26
125,25
125,26
125,26
125,26
125,26
125,26
125,26
125,26
125,26
125,26
125,26
126,26
126,26
126,26
127,27
128,27
128,27
129,28
130,28
130,28
131,28
131,28
131,28
132,28
132,28
133,28
133,28
133,29
134,29
134,29
134,29
135,29
135,29
135,29
136,29
136,29
136,29
137,29
137,30
137,30
138,30
138,30
138,30
138,30
139,30
139,30
139,30
139,30
140,30
140,30
140,31
140,31
140,31
141,31
141,31
141,31
141,31
142,31
142,31
142,31
142,31
142,31
142,31
142,31
142,31
142,31
142,31
142,31
143,31
143,31
143,31
143,31
143,31
143,31
143,31
143,31
143,31
143,31
143,31
143,31
144,31
144,31
143,31
144,31
144,31
144,31
144,31
144,31
144,31
144,31
144,31
144,31
144,31
144,31
144,31
145,31
145,31
145,31
145,31
145,31
145,31
145,31
145,31
146,31
146,31
146,31
146,31
146,31
146,32
146,32
147,32
147,32
147,32
147,32
147,32
148,32
148,32
148,32
148,32
148,32
149,32
149,33
149,33
150,33
150,33
150,33
150,33
150,33
150,33
150,33
151,33
151,33
151,33
151,33
151,33
151,33
151,33
151,33
152,33
152,33
152,33
152,33
152,33
152,33
152,33
152,33
153,33
153,33
153,33
153,33
153,33
153,33
153,33
153,34
153,34
153,34
153,34
154,34
154,34
154,34
154,34
154,34
154,34
154,34
154,34
154,34
154,34
154,34
154,34
154,34
154,34
154,34
155,34
155,34
155,34
155,34
155,34
155,34
155,34
155,34
155,34
155,34
155,34
155,34
155,34
156,34
156,34
156,34
156,34
156,34
156,34
156,34
156,34
157,34
157,35
157,34
158,34
158,35
159,35
159,35
159,35
160,35
160,35
160,35
160,35
161,35
161,36
161,36
162,36
162,36
162,36
162,36
163,36
163,36
163,36
164,36
164,36
164,36
164,37
165,37
165,37
165,38
165,38
166,38
166,38
166,38
167,38
167,38
168,39
168,39
168,39
169,39
169,39
170,39
170,39
171,39
171,40
171,40
172,40
172,40
173,40
173,40
174,40
174,40
174,40
175,40
175,41
176,41
176,41
176,41
177,41
177,41
178,41
178,41
179,42
179,42
180,42
181,42
181,42
181,42
182,42
182,43
183,43
183,43
183,43
184,44
184,44
184,44
184,44
185,44
185,44
185,44
186,44
186,45
187,45
187,45
187,45
188,45
188,45
189,45
189,45
189,45
190,46
190,46
190,46
190,46
191,46
191,46
191,46
192,47
192,47
192,47
193,47
193,47
193,47
194,47
194,47
195,47
195,48
195,48
196,48
196,48
196,48
197,48
197,48
197,48
198,48
198,48
199,49
199,49
199,49
200,49
200,49
200,49
201,49
201,50
201,50
202,50
202,50
202,50
202,50
202,50
202,50
202,50
202,50
202,50
202,50
202,50
202,50
202,50
202,50
202,50
202,50
202,50
202,50
202,50
202,50
202,50
202,50
202,50
202,50
202,50
202,50
202,50
202,50
202,50
202,50
202,50
202,50
202,50
202,50
202,50
202,50
202,50
202,50
202,50
202,50
202,50
202,50
202,50
202,50
202,50
202,50
202,50
202,50
202,50
202,50
202,50
202,50
202,50
202,50
202,50
202,50
202,50
202,50
202,50
202,50
202,50
202,50
202,50
202,50
202,50
202,50
202,50
202,50
202,50
202,50
202,50
202,50
202,50
202,50
202,50
202,50
202,50
202,50
202,50
202,50
202,50
202,50
202,50
202,50
202,50
202,50
202,51
202,51
202,50
202,51
202,51
202,50
202,50
202,50
202,50
202,50
202,50
202,50
202,51
202,51
202,51
202,51
202,51
202,51
202,51
202,51
202,51
202,51
202,51
202,51
202,51
202,51
202,51
202,51
202,51
202,51
202,51
202,51
202,51
202,51
202,51
202,51
202,51
202,51
202,51
202,51
202,51
202,51
202,51
202,51
202,51
202,51
202,51
202,51
202,51
202,51
202,51
202,51
202,51
202,51
202,51
202,51
202,51
202,51
202,51
202,51
202,52
202,52
202,52
202,52
202,52
202,52
202,53
203,53
202,53
203,53
203,53
203,53
203,53
203,54
203,54
203,54
203,54
203,54
203,55
203,55
203,55
203,55
203,55
203,55
203,55
203,55
203,55
203,55
203,55
203,55
203,56
203,56
203,56
203,56
203,56
203,56
203,56
203,56
203,56
203,56
203,56
203,56
203,56
203,57
203,57
203,57
203,57
203,57
203,57
203,57
203,57
203,57
203,57
203,57
203,58
203,58
203,58
203,58
203,58
203,58
203,58
203,58
204,58
204,58
204,58
204,58
204,59
204,59
204,59
204,59
204,59
204,59
204,59
204,59
204,59
204,59
204,59
204,59
204,59
204,60
204,60
204,60
204,60
204,60
204,60
204,60
204,60
204,60
204,60
204,60
204,60
204,60
204,61
204,60
204,61
204,61
204,61
204,61
204,61
204,61
204,61
204,61
204,61
204,61
204,61
204,61
204,61
204,61
204,61
204,61
204,62
204,62
205,62
205,62
205,62
205,62
205,62
205,62
205,62
205,62
205,62
205,62
205,62
205,63
205,63
205,63
204,63
205,63
205,63
205,63
205,63
205,63
205,63
205,63
205,63
205,63
205,64
205,64
205,64
205,64
205,64
205,64
205,64
205,64
205,64
205,64
205,64
205,65
205,65
205,65
206,65
206,66
206,66
206,66
206,66
206,67
206,67
206,67
206,67
206,67
206,67
206,67
206,67
206,67
206,67
206,68
206,68
206,68
206,68
206,68
206,68
206,68
206,69
206,69
206,69
206,69
206,69
206,69
207,70
207,70
207,70
207,70
207,70
207,71
207,71
207,72
207,72
207,72
207,72
207,72
207,72
207,73
207,73
207,73
208,73
208,74
207,74
208,74
208,74
208,74
208,74
208,75
208,75
208,75
208,75
208,76
208,76
208,76
209,76
209,76
209,77
209,77
209,77
209,77
209,77
209,77
209,77
209,78
209,78
210,78
210,79
210,79
210,79
210,79
210,80
210,80
210,81
210,81
211,81
211,82
211,82
211,83
211,83
211,83
211,84
211,84
212,84
212,84
212,85
212,85
212,86
212,86
212,86
212,87
212,87
212,87
212,87
213,88
213,88
213,88
213,88
213,89
213,89
213,89
213,89
214,89
214,89
214,89
214,89
214,90
214,90
214,90
214,90
214,90
214,90
214,90
214,90
214,90
214,90
214,90
214,91
214,91
214,91
214,91
214,91
214,91
214,91
214,91
214,92
214,92
214,92
214,92
214,92
215,92
214,92
215,92
215,92
215,92
215,92
215,92
215,92
215,93
215,93
215,93
215,93
215,93
215,93
215,93
215,93
215,93
215,93
215,93
215,93
215,93
215,93
215,93
215,93
215,93
215,93
215,93
215,93
215,93
215,93
215,93
215,93
215,93
215,93
215,93
215,93
215,93
215,93
215,93
215,93
215,93
215,93
215,93
215,93
215,93
215,93
215,93
215,93
215,93
215,94
215,94
215,94
215,94
215,94
215,94
215,94
215,94
215,94
215,94
215,94
215,94
215,94
215,94
215,94
215,94
215,95
215,95
215,95
215,95
216,96
216,96
215,96
216,96
216,96
216,97
216,97
216,97
216,97
216,98
216,98
216,98
216,98
216,98
216,99
216,99
216,99
217,99
217,100
217,100
216,100
217,100
217,100
217,100
217,100
217,100
218,100
218,101
218,101
218,101
218,101
218,101
218,101
218,101
218,101
218,101
218,102
218,102
218,102
218,102
218,102
218,102
218,103
218,103
219,103
219,103
219,104
219,104
219,104
219,104
219,104
219,104
219,105
219,105
219,105
219,105
219,105
219,105
219,105
219,105
219,105
219,105
219,106
219,106
219,106
219,106
220,106
220,107
220,107
220,107
220,108
220,108
220,108
220,108
220,109
220,109
220,109
221,109
221,109
221,110
221,110
221,110
221,111
221,111
221,111
221,111
221,111
221,111
221,111
221,111
221,112
221,112
221,112
221,112
222,113
222,113
222,113
222,113
222,113
222,114
222,114
222,114
223,114
223,115
223,115
223,115
223,115
223,115
223,116
223,116
223,117
223,117
223,117
223,117
223,118
223,118
223,118
224,118
224,119
224,119
224,119
224,120
224,120
224,120
224,120
224,120
224,121
225,121
225,121
225,122
225,122
225,122
225,123
225,123
225,123
226,124
226,125
226,125
226,125
226,126
226,126
227,126
227,126
227,127
227,127
227,127
227,128
227,128
227,129
227,129
227,129
227,129
227,129
227,129
227,129
227,129
227,129
227,129
227,129
227,129
227,129
227,129
227,129
227,130
227,130
227,129
227,130
227,130
227,130
227,130
227,130
227,130
227,130
227,130
227,130
227,130
227,130
227,130
227,130
227,130
227,130
227,130
227,130
227,130
227,130
227,130
227,130
227,130
227,130
227,130
227,130
227,130
227,130
227,130
227,130
227,130
227,130
227,130
227,130
227,130
227,130
227,130
227,130
227,130
227,130
227,130
227,130
227,130
227,130
227,130
227,130
227,130
227,130
227,130
227,130
227,130
227,130
227,130
227,130
227,130
227,130
227,130
227,130
227,130
227,130
227,130
227,130
227,130
227,130
227,130
227,130
227,130
227,130
227,130
227,130
227,130
227,130
227,130
227,130
227,130
227,130
227,130
227,130
227,130
227,130
227,130
227,130
227,130
227,130
227,130
227,130
227,130
227,130
227,130
227,130
227,130
227,130
227,130
227,130
227,130
227,130
227,130
227,130
227,130
227,130
227,130
227,130
227,130
227,130
227,130
227,130
227,130
227,130
227,130
227,130
227,130
227,130
227,130
227,130
227,130
227,130
227,130
227,130
227,130
227,130
227,130
227,130
227,130
227,130
227,130
227,130
227,130
227,130
227,130
227,130
227,130
227,130
227,130
227,130
227,130
227,130
227,130
227,130
227,130
227,130
227,130
227,130
227,130
227,130
227,130
227,130
227,130
227,130
227,130
227,130
227,130
227,130
227,130
227,130
227,130
227,130
227,130
227,130
227,130
227,130
227,130
227,130
227,130
227,130
227,130
227,130
227,130
227,130
227,130
227,130
227,130
227,130
227,130
227,130
227,130
227,130
227,130
227,130
227,130
227,130
227,130
227,130
227,130
227,130
227,130
227,130
227,130
227,130
227,130
227,130
227,130
227,130
227,130
227,130
227,130
227,130
227,130
227,130
227,130
227,130
227,130
227,130
227,130
227,130
227,130
227,130
227,130
227,130
227,130
227,130
227,130
227,131
227,131
227,131
227,131
227,131
227,131
227,131
227,131
227,131
227,131
227,131
227,131
227,131
227,131
227,131
227,131
227,131
227,131
227,131
227,131
227,131
226,131
226,131
226,131
226,131
226,131
226,131
226,131
226,131
226,131
226,131
226,131
225,132
225,132
225,132
225,132
225,132
225,132
225,132
225,132
225,132
225,132
225,132
225,132
225,132
225,132
225,132
225,132
225,132
225,132
225,133
224,133
224,133
224,133
224,133
224,133
224,134
224,134
224,134
224,134
224,134
224,134
224,135
223,134
223,135
223,135
223,135
223,135
223,135
223,136
223,136
223,136
223,136
223,136
223,136
223,136
223,137
223,137
222,137
222,137
222,137
222,137
222,137
222,138
222,138
222,138
222,138
222,139
222,139
222,139
222,139
222,139
222,139
222,139
222,139
222,140
222,140
222,140
221,140
221,140
221,140
221,140
221,141
221,141
221,141
221,141
221,141
221,142
221,142
221,142
221,142
221,142
220,143
220,143
220,143
220,143
220,143
220,143
220,144
220,144
220,144
220,144
220,144
220,145
220,145
219,145
219,146
219,146
219,146
219,147
219,147
219,147
219,148
218,148
218,148
218,149
218,149
218,150
218,151
218,151
217,152
217,152
217,152
217,153
217,153
217,153
217,153
217,154
217,154
217,155
217,155
217,156
216,156
216,156
216,157
216,157
216,158
216,158
216,158
216,159
216,160
216,160
216,160
216,161
216,161
216,161
216,161
216,161
215,161
215,161
215,162
215,162
215,162
215,163
215,163
215,163
215,164
215,164
215,164
215,164
215,164
214,164
214,165
214,165
214,165
214,165
214,166
214,166
214,166
213,166
213,167
213,167
213,167
213,167
213,167
213,168
212,168
212,169
212,169
212,170
212,170
212,171
212,172
211,172
211,173
211,173
211,174
211,174
211,174
211,175
211,175
211,176
211,176
211,177
211,177
211,178
211,178
211,179
211,179
211,179
210,179
210,180
210,180
210,180
210,180
210,180
210,181
210,181
210,181
210,182
210,182
209,183
209,183
209,183
209,183
209,184
209,184
209,185
208,185
208,185
208,185
208,186
208,186
208,187
208,187
208,187
208,188
207,189
207,189
207,189
207,190
207,190
207,190
207,191
207,191
207,192
206,192
206,192
206,193
206,193
206,194
206,195
206,196
205,196
205,196
205,197
205,197
205,198
205,198
205,198
205,199
205,199
205,199
205,199
205,199
205,199
205,200
205,200
205,200
205,200
204,200
204,201
204,201
204,201
204,201
204,201
204,201
204,201
204,201
204,201
204,201
204,201
204,202
204,202
204,202
204,202
204,202
204,202
204,202
204,202
204,202
204,202
204,202
204,203
204,203
204,203
204,203
204,203
204,202
204,203
204,203
204,203
204,203
204,203
204,203
204,203
204,203
204,203
204,204
204,204
204,204
204,204
204,204
204,204
204,204
204,204
203,204
203,205
203,205
203,205
203,205
203,205
203,205
203,205
203,205
203,205
203,205
203,206
203,206
203,206
203,206
203,206
203,206
203,206
203,206
203,206
203,206
203,206
203,206
203,206
203,206
203,206
203,206
203,206
203,206
203,207
203,207
203,207
202,207
202,207
202,207
202,207
202,207
202,207
202,207
202,207
202,207
202,207
202,208
202,208
202,208
202,208
202,208
202,208
202,208
202,208
202,208
202,208
201,207
202,207
202,208
202,208
202,208
202,208
202,208
202,208
202,208
202,208
202,208
202,208
202,208
202,208
202,208
202,208
202,208
202,208
202,208
202,208
202,208
202,208
202,208
202,208
202,208
202,208
202,208
202,208
202,208
202,208
202,208
202,208
202,208
202,208
202,208
201,208
201,208
201,208
201,208
201,208
201,208
201,208
202,208
202,208
202,208
202,208
202,208
202,208
202,208
202,208
202,208
202,208
202,208
201,208
201,208
201,208
201,208
202,208
202,208
202,208
202,208
201,208
202,208
202,208
202,208
202,208
202,208
202,208
202,208
202,208
201,208
201,208
201,208
201,208
201,208
201,208
201,208
201,208
201,208
202,208
201,208
201,208
201,208
201,208
201,208
202,208
202,208
201,208
201,208
201,208
201,208
201,208
201,208
201,208
202,208
202,208
202,208
202,208
202,208
202,208
202,208
202,208
202,208
202,208
202,208
201,208
201,208
201,208
201,208
201,208
201,208
201,208
201,208
201,208
201,208
201,208
201,208
201,208
201,208
201,208
201,208
201,208
201,208
201,208
201,208
201,208
201,208
201,208
201,208
202,208
202,208
202,208
202,208
202,208
202,208
202,208
202,208
202,208
202,208
202,208
201,208
201,208
201,208
201,208
201,208
201,208
201,208
202,208
202,208
202,208
201,208
201,208
201,208
201,208
201,208
201,208
201,208
201,208
201,208
201,208
201,208
201,208
201,208
201,209
201,209
201,209
201,209
201,209
201,209
201,209
201,209
201,209
201,209
201,209
201,209
201,208
201,208
201,208
201,209
201,209
201,209
201,209
201,209
201,209
201,209
201,209
201,209
201,209
201,209
201,209
201,209
201,209
201,209
201,209
201,209
201,209
201,209
201,209
201,209
201,209
201,209
201,209
201,209
201,209
201,209
201,209
201,209
201,209
201,209
201,209
201,209
201,209
201,209
201,209
201,209
201,209
201,209
201,209
201,209
201,209
201,209
201,209
201,209
201,209
201,209
201,209
201,209
201,209
201,209
201,209
201,209
201,209
201,209
201,209
201,209
201,209
201,209
201,209
201,209
201,209
201,209
201,209
201,209
201,209
201,209
200,209
200,209
200,209
200,209
200,209
200,209
200,209
200,209
200,209
200,209
200,209
200,209
200,209
199,209
199,209
199,209
199,209
199,209
199,209
199,209
199,209
199,210
199,210
199,209
199,210
199,210
199,210
199,210
199,210
199,210
198,210
198,210
198,210
198,210
198,210
198,210
198,210
198,210
198,210
198,210
197,210
197,210
197,210
197,210
197,210
197,210
196,210
196,211
196,211
196,211
195,211
195,211
195,211
194,211
194,211
193,212
193,212
192,212
192,212
192,212
191,213
191,213
191,213
190,213
190,213
190,214
189,214
189,214
188,214
188,214
187,214
187,214
186,215
186,215
185,215
185,215
184,215
184,215
183,216
182,216
182,216
181,217
180,217
180,217
179,217
178,217
178,218
177,218
176,218
176,219
175,219
174,219
174,219
173,219
172,220
171,220
170,220
169,220
168,221
168,221
167,221
166,222
166,222
165,222
164,223
163,223
163,224
162,224
161,225
160,225
159,226
158,226
157,226
156,227
156,227
155,227
154,228
153,228
152,229
150,229
149,229
147,230
146,230
145,230
144,230
143,231
142,231
142,232
141,232
140,233
139,233
138,233
138,234
137,234
136,234
135,234
134,235
133,235
132,235
131,236
130,236
129,236
128,236
127,237
126,237
125,238
125,238
125,238
125,238
124,238
124,238
124,238
124,238
124,238
124,238
124,238
124,238
124,238
124,238
124,238
124,238
124,238
124,238
124,238
124,238
124,238
124,238
124,238
124,238
124,238
124,238
124,238
124,238
124,238
124,238
124,237
124,237
124,238
124,238
124,238
124,238
124,238
124,238
124,238
124,238
124,238
124,238
124,238
124,238
124,238
124,238
124,238
124,238
124,238
124,238
124,238
124,238
124,238
124,238
124,238
124,238
124,238
124,238
124,238
124,238
124,238
124,238
124,238
124,238
124,238
124,237
124,237
124,238
124,238
124,238
124,238
124,238
124,238
124,238
124,238
124,238
124,238
124,238
124,238
124,238
124,238
124,238
124,238
124,238
124,238
124,238
124,238
124,238
124,238
124,238
124,238
124,238
124,238
124,238
124,238
124,238
124,238
124,238
124,238
124,238
124,237
124,237
124,238
124,238
124,238
124,238
124,238
124,238
124,238
124,238
124,238
124,238
124,238
124,238
124,238
124,238
124,238
124,238
124,238
124,238
124,238
124,238
124,238
124,238
124,238
124,238
124,238
124,238
124,238
124,238
124,238
124,238
124,238
124,238
124,238
124,237
124,237
124,237
124,238
124,238
124,238
124,238
124,238
124,238
124,238
124,238
124,238
124,238
124,238
124,238
124,238
124,238
124,238
124,238
124,238
124,238
124,238
124,238
124,238
124,238
124,238
124,238
124,238
124,238
124,238
124,238
124,238
124,238
124,238
124,238
124,237
124,237
124,237
124,238
124,238
124,238
124,238
124,238
124,238
124,238
124,238
124,238
124,238
124,238
124,238
124,238
124,238
124,238
124,238
124,238
124,238
124,238
124,238
124,238
124,238
124,238
124,238
124,238
124,238
124,238
124,238
124,238
124,238
124,238
124,238
124,237
124,237
124,237
124,238
124,238
124,238
124,238
124,238
124,238
124,238
124,238
124,238
124,238
124,238
124,238
124,238
124,238
124,238
124,238
124,238
124,238
124,238
124,238
124,238
124,238
124,238
124,238
124,238
124,238
124,238
124,238
124,238
124,238
124,238
124,238
124,237
124,237
124,237
124,238
124,238
124,238
124,238
124,238
124,238
124,238
124,238
124,238
124,238
124,238
124,238
124,238
124,238
124,238
124,238
124,238
124,238
124,238
124,238
124,238
124,238
124,238
124,238
124,238
124,238
124,238
124,238
124,238
124,238
124,238
124,238
124,237
124,237
124,237
124,237
124,238
124,238
124,238
124,238
124,238
124,238
124,238
124,238
124,238
124,238
124,238
124,238
124,238
124,238
124,238
124,238
124,238
124,238
124,238
124,238
124,238
124,238
124,238
124,238
124,238
124,238
124,238
124,238
124,238
124,238
124,238
124,237
124,237
124,238
124,238
124,238
124,238
124,238
124,238
124,238
124,238
124,238
124,238
124,238
124,238
124,238
124,238
124,238
124,238
124,238
124,238
124,238
124,238
124,238
124,238
124,238
124,238
124,238
124,238
124,238
124,238
124,238
124,238
124,238
124,238
124,238
123,237
123,238
124,238
124,238
124,238
124,238
124,238
124,238
124,238
124,238
124,238
124,238
123,238
123,238
123,238
123,238
123,238
123,238
123,238
123,238
123,238
123,238
123,238
123,238
123,238
123,238
123,238
123,238
123,238
123,238
123,238
123,238
123,238
123,238
123,238
123,237
123,237
123,238
123,238
123,238
123,238
123,238
123,238
123,238
123,238
123,238
123,238
123,238
123,238
123,238
123,238
123,238
123,238
123,238
123,238
123,238
123,238
123,238
123,238
123,238
123,238
123,238
123,238
123,238
123,238
123,238
123,238
123,238
123,238
123,238
123,237
123,238
123,238
123,238
123,238
123,238
123,238
123,238
123,238
123,238
123,238
123,238
123,238
123,238
123,238
123,238
123,238
123,238
123,238
123,238
123,238
123,238
123,238
123,238
123,238
123,238
123,238
123,238
123,238
123,238
123,238
123,238
123,238
123,238
123,238
123,237
123,237
123,238
123,238
123,238
123,238
123,238
123,238
123,238
123,238
123,238
123,238
123,238
123,238
123,238
123,238
123,238
123,238
123,238
123,238
123,238
123,238
123,238
123,238
123,238
123,238
123,238
123,238
123,238
123,238
123,238
123,238
123,238
123,238
123,238
123,237
123,238
123,238
123,238
123,238
123,238
123,238
123,238
123,238
123,238
123,238
123,238
123,238
123,238
123,238
123,238
123,238
123,238
123,238
123,238
123,238
123,238
123,238
123,238
123,238
123,238
123,238
122,238
122,238
122,238
122,238
122,238
122,238
122,237
122,237
122,237
122,237
122,237
122,237
122,237
122,237
122,237
122,237
122,237
122,237
122,237
122,237
122,237
122,237
122,236
121,236
121,236
121,236
121,236
121,235
121,235
121,235
121,235
121,235
121,235
121,235
120,235
120,235
120,235
120,235
120,235
120,235
120,234
119,234
119,234
119,234
118,234
118,234
118,234
118,234
117,234
117,234
117,234
117,234
117,234
117,234
117,234
117,234
117,234
117,234
117,234
116,234
116,234
116,234
116,234
116,233
116,233
116,233
115,233
115,233
115,233
115,233
115,233
115,233
114,233
114,233
114,233
114,233
114,233
114,233
113,233
113,233
113,233
113,233
113,233
112,233
112,232
112,232
112,232
112,232
111,232
111,232
111,232
111,232
110,232
110,232
110,232
109,232
109,232
109,232
108,232
108,232
108,232
108,232
108,232
107,231
107,231
107,231
107,231
107,231
106,231
106,231
106,230
106,230
106,230
105,230
105,230
105,230
105,230
105,230
104,230
104,230
104,230
103,229
103,229
103,229
103,229
102,229
102,229
102,229
102,229
101,229
101,229
101,228
101,228
100,228
100,228
100,228
100,228
100,228
99,228
99,228
99,228
99,228
99,228
98,227
98,227
98,227
98,227
98,227
98,227
98,227
98,227
98,227
97,227
97,227
97,226
97,226
97,226
97,226
97,226
97,226
97,226
97,226
97,226
97,226
97,226
96,226
96,226
96,226
96,226
96,226
96,226
96,226
96,226
96,226
96,226
95,226
95,226
95,226
95,226
95,226
94,226
94,225
94,225
94,225
93,225
93,225
93,225
93,225
92,225
92,225
92,225
91,225
91,224
91,224
90,224
90,224
90,224
90,223
89,223
89,222
89,222
88,222
88,222
87,221
87,221
87,221
86,221
86,221
85,221
85,221
85,221
84,221
84,220
84,220
83,220
83,220
82,220
82,219
82,219
81,219
81,219
81,219
80,219
79,219
79,219
78,218
78,218
78,218
78,218
77,218
77,218
77,218
77,217
76,217
76,217
76,217
75,217
75,216
74,216
74,216
74,216
73,216
73,215
73,215
72,215
72,215
71,215
71,215
71,214
70,214
70,214
69,214
69,213
68,213
68,213
68,213
67,213
67,213
67,213
67,213
66,212
66,212
66,212
65,212
65,212
65,211
64,211
64,211
64,211
64,211
64,211
63,211
63,211
63,211
63,211
63,211
62,211
62,210
62,210
62,210
62,210
62,210
61,210
61,210
61,210
61,210
61,209
60,209
60,209
60,209
60,209
60,209
59,209
59,209
59,209
59,209
59,209
58,209
58,209
58,209
58,209
58,209
58,209
57,208
57,208
57,208
57,208
57,208
57,208
57,208
57,208
56,208
56,208
56,208
56,208
56,208
56,207
56,207
55,207
55,207
55,207
55,207
55,207
55,207
55,207
54,207
54,207
54,207
54,207
54,207
54,207
54,207
54,207
53,207
53,207
53,207
53,207
53,206
53,206
53,206
53,206
52,206
52,206
52,206
52,206
52,206
52,206
51,206
51,206
51,206
50,206
50,206
50,206
50,206
49,206
49,206
49,206
49,206
49,206
49,206
49,206
49,206
49,206
49,206
49,206
49,206
49,206
49,206
49,206
49,206
49,206
49,206
49,206
49,206
49,206
49,206
49,206
49,206
49,206
49,206
49,206
49,206
49,206
49,206
49,206
49,206
49,206
49,206
49,206
49,206
49,206
49,205
49,206
49,206
49,206
49,206
49,206
49,206
49,206
49,206
49,206
49,206
49,206
49,206
49,206
49,206
49,206
49,206
49,206
49,206
49,206
49,206
49,206
49,206
49,206
49,206
49,206
49,206
49,206
49,206
49,206
49,206
49,206
49,206
49,206
49,206
49,205
49,205
49,206
49,206
49,206
49,206
49,206
49,206
49,206
49,206
49,206
49,206
49,206
49,206
49,206
49,206
49,206
49,206
49,206
49,206
49,206
49,206
49,206
49,206
49,206
49,206
49,206
49,206
49,206
49,206
49,206
49,206
49,206
49,206
49,206
49,205
49,205
49,206
49,206
49,206
49,206
49,206
49,206
49,206
49,206
49,206
49,206
49,206
49,206
49,206
49,206
49,206
49,206
49,206
49,206
49,206
49,206
49,206
49,206
49,206
49,206
49,206
49,206
49,206
49,206
49,206
49,206
49,206
49,206
49,206
49,205
49,205
49,206
49,206
49,206
49,206
49,206
49,206
49,206
49,206
49,206
49,206
49,206
49,206
49,206
49,206
49,206
49,206
49,206
49,206
49,206
49,206
49,206
49,206
49,206
49,206
49,206
49,206
49,206
49,206
49,206
49,206
49,206
49,206
49,206
49,205
49,205
49,206
49,206
49,206
49,206
49,206
49,206
49,206
49,206
49,206
49,206
49,206
49,206
49,206
49,206
49,206
49,206
49,206
49,206
49,206
49,206
49,206
49,206
49,206
49,206
49,206
49,206
49,206
49,206
49,206
49,206
49,206
49,206
49,206
49,205
49,205
49,206
49,206
49,206
49,206
49,206
49,206
49,206
49,206
49,206
49,206
49,206
49,206
49,206
49,206
49,206
49,206
49,206
49,205
49,206
49,206
49,206
49,206
49,206
49,206
49,206
49,206
49,206
49,206
49,206
49,206
49,206
49,206
49,206
49,205
48,205
48,206
49,206
49,206
49,206
49,206
49,206
49,206
49,206
49,206
49,206
49,206
49,206
49,206
49,206
49,206
49,206
49,206
49,206
49,206
49,206
49,206
49,206
49,206
49,206
49,206
49,206
49,206
49,206
49,206
49,206
49,206
49,206
49,206
48,205
49,205
49,205
49,205
49,206
49,206
49,206
48,206
48,206
49,206
49,206
48,206
49,206
48,206
48,206
48,206
48,205
49,206
48,205
48,205
48,205
48,205
48,205
48,205
48,205
48,206
49,205
49,206
49,205
48,206
48,205
48,205
48,206
48,205
48,205
48,205
48,205
48,205
48,205
48,205
48,205
48,205
48,205
48,205
48,205
48,205
48,205
48,205
48,205
48,205
48,205
48,205
48,205
48,205
48,205
48,205
48,205
48,205
48,205
48,205
48,205
48,205
48,205
48,205
48,205
48,205
48,205
48,205
48,205
48,205
48,205
48,205
48,205
48,205
48,205
48,205
48,205
48,205
48,205
48,205
48,205
48,205
48,205
48,205
48,205
48,205
48,205
48,205
48,205
48,205
48,205
48,205
48,205
48,205
48,205
48,205
48,205
48,205
48,205
48,205
48,205
48,205
48,205
48,205
48,205
48,205
48,205
48,205
48,205
48,205
48,205
48,205
48,205
48,205
48,205
48,205
48,205
48,205
48,205
48,205
48,205
48,205
48,205
48,205
48,205
48,205
48,205
48,205
48,205
48,205
48,205
48,205
48,205
48,205
48,205
48,205
48,205
48,205
48,205
48,205
48,205
48,205
48,205
48,205
48,205
48,205
48,205
48,205
48,205
48,205
48,205
48,205
48,205
48,205
48,205
48,205
48,205
48,205
48,205
48,205
48,205
48,205
48,205
48,205
48,205
48,205
48,205
48,205
48,205
48,205
48,205
48,205
48,205
48,205
48,205
48,205
48,205
48,205
48,205
48,205
48,205
48,205
48,205
48,205
48,205
48,205
48,205
48,205
48,205
48,205
48,205
48,205
48,205
48,205
48,205
48,205
48,205
48,205
48,205
48,205
48,205
48,205
48,205
48,205
48,205
48,205
48,205
48,205
48,205
48,205
48,205
48,205
48,205
48,205
48,205
48,205
48,205
48,205
48,205
48,205
48,205
48,205
48,205
48,205
48,205
48,205
48,205
48,205
48,205
48,205
48,205
48,205
48,205
48,205
48,205
48,205
48,205
48,205
48,205
48,205
48,205
48,205
48,205
48,205
48,205
48,205
48,205
48,205
48,205
48,205
48,205
48,205
48,205
48,205
48,205
48,205
48,205
48,205
48,205
48,205
48,205
48,205
48,205
48,205
48,205
48,205
48,205
48,205
48,205
48,205
48,205
48,205
48,205
48,205
48,205
48,205
48,205
48,205
48,205
48,205
48,205
48,205
48,205
48,205
48,205
48,205
48,205
48,205
48,205
48,205
48,205
48,205
48,205
48,205
48,205
48,205
48,205
48,205
48,205
48,205
48,205
48,205
48,205
48,205
48,205
48,205
48,205
48,205
48,205
48,205
48,205
48,205
48,205
48,205
48,205
48,204
48,204
48,204
48,204
48,204
48,204
48,203
48,203
47,203
47,203
47,203
47,203
47,203
47,202
47,202
47,202
47,202
47,202
47,202
47,202
47,202
47,202
47,202
47,202
47,202
47,202
47,202
47,202
47,202
47,202
47,202
47,202
47,202
47,202
47,202
47,201
47,201
47,202
47,201
47,201
47,201
47,201
47,201
47,201
46,201
47,201
47,201
46,201
47,201
47,201
47,201
47,201
47,201
47,201
47,201
47,201
47,201
47,201
47,201
47,201
47,201
47,201
47,201
47,201
47,201
47,201
47,201
47,201
47,201
47,201
46,201
46,201
46,201
46,201
47,201
47,201
47,201
46,201
46,201
46,201
46,201
47,201
47,201
47,201
47,201
46,201
47,201
47,201
46,201
47,201
46,201
46,201
46,201
47,201
46,201
46,201
46,201
47,201
46,201
46,201
46,201
46,201
46,201
46,201
46,201
46,201
46,201
46,201
46,201
46,201
46,201
46,201
46,201
46,201
46,201
46,201
46,201
46,201
46,201
46,201
46,201
46,201
46,201
46,201
46,201
46,201
46,201
46,201
46,201
46,201
46,201
46,201
46,201
46,201
46,201
46,201
46,201
46,201
46,201
46,201
46,201
46,201
46,201
46,201
46,201
46,201
46,201
46,201
46,201
46,201
46,201
46,201
46,201
46,201
46,201
46,201
46,201
46,201
46,201
46,201
46,201
46,201
46,201
46,201
46,201
46,201
46,201
46,201
46,201
46,201
46,201
46,201
46,201
46,201
46,201
46,200
46,200
46,200
46,200
46,200
46,200
46,200
46,199
46,199
46,199
46,199
46,199
46,199
46,198
46,198
46,198
46,198
46,198
46,198
46,198
46,198
45,198
46,198
46,197
46,197
46,197
46,197
46,197
46,197
45,197
46,197
46,197
45,197
45,197
45,197
45,196
46,196
45,196
45,196
45,196
45,196
45,196
45,196
45,196
45,196
45,196
45,196
45,196
45,195
45,195
45,195
45,195
45,195
45,195
45,195
45,195
45,195
45,195
45,195
45,195
45,195
45,195
45,195
45,195
45,195
45,195
45,195
45,195
45,195
45,195
45,195
45,195
45,195
45,195
45,195
45,195
45,195
45,195
45,195
45,195
45,195
45,195
45,195
45,195
45,195
45,195
45,195
45,195
45,195
45,195
45,195
45,195
45,195
45,195
45,195
45,195
45,195
45,195
45,195
45,195
45,195
45,195
45,195
45,195
45,195
45,195
45,195
45,195
45,195
45,195
45,195
45,195
45,195
45,195
45,195
45,195
45,195
45,195
45,195
45,194
45,194
45,194
45,193
45,193
45,193
45,192
45,192
45,192
45,191
45,191
44,191
44,191
44,190
44,190
44,190
44,190
44,190
44,190
44,189
44,189
44,189
44,189
44,189
44,189
44,188
44,188
44,188
44,188
44,188
44,188
44,187
44,187
44,187
44,187
44,187
44,187
44,187
44,186
44,186
44,186
44,186
44,186
43,186
43,186
43,186
43,186
43,185
43,185
43,185
43,185
43,185
43,185
43,185
43,185
43,185
43,185
43,185
43,185
43,185
43,185
43,185
43,185
43,185
43,185
43,185
43,184
43,185
43,184
43,185
43,185
43,184
43,184
43,184
43,184
43,184
43,184
43,184
43,184
43,184
43,184
43,184
43,184
43,184
43,184
43,184
43,184
42,184
43,184
43,184
42,184
42,184
42,184
42,184
42,184
42,184
42,184
42,184
42,184
42,184
42,184
42,183
42,183
42,183
42,183
42,183
42,183
42,183
42,183
42,183
42,183
42,183
42,183
42,183
42,183
42,183
42,183
42,183
42,183
42,183
42,183
42,183
42,183
42,183
42,183
42,183
42,182
42,182
41,182
41,182
42,182
42,182
42,182
42,182
42,182
41,182
42,182
41,181
41,181
41,181
41,181
41,181
41,181
41,181
41,180
41,180
41,180
41,180
41,180
41,180
41,180
41,180
41,180
41,180
41,179
41,179
41,179
41,179
41,178
40,178
40,178
40,178
40,178
40,178
40,177
40,177
40,177
40,177
40,177
40,177
40,177
40,176
40,176
40,176
40,176
40,176
40,176
40,176
40,175
40,175
40,175
40,175
40,175
40,175
40,174
40,174
39,174
39,174
39,173
39,173
39,173
39,173
39,172
39,171
39,171
39,170
39,170
39,169
39,169
39,169
39,168
39,168
39,167
38,167
38,167
38,167
38,166
38,166
37,166
37,166
37,166
37,166
37,166
37,166
37,165
36,165
36,165
36,165
36,165
36,164
36,164
36,164
35,164
35,164
35,164
35,164
35,163
35,163
35,163
35,163
35,162
35,162
35,162
35,162
34,162
34,161
34,161
34,161
34,161
34,161
34,161
34,160
34,160
34,160
34,160
34,160
34,159
34,159
34,159
34,159
34,159
34,159
34,159
33,159
33,158
34,158
33,158
33,158
33,158
34,158
33,157
33,157
33,157
33,157
33,157
33,157
33,157
33,157
33,157
33,157
33,156
33,156
33,156
33,156
33,156
33,156
33,156
33,156
33,156
33,156
33,155
33,155
33,155
33,155
33,155
33,155
33,155
33,155
33,155
33,154
33,154
33,154
33,154
33,154
33,154
33,154
33,153
33,153
33,153
33,153
33,153
33,152
32,152
33,151
32,151
32,151
32,150
32,149
32,149
32,148
32,148
32,148
32,148
32,148
32,148
32,147
32,147
31,147
31,146
31,146
31,146
31,145
31,145
31,145
30,145
30,144
30,144
30,144
30,144
30,144
29,143
29,143
29,143
29,143
29,142
29,142
29,142
29,142
29,141
29,141
29,141
29,141
29,141
29,140
28,140
28,140
28,139
28,139
28,139
28,138
28,138
28,138
28,137
28,137
28,136
27,136
27,136
27,135
26,135
26,134
26,134
26,134
26,133
26,133
25,133
25,132
25,132
25,132
25,131
25,131
24,130
24,130
24,130
24,130
24,130
24,130
24,130
24,130
24,130
24,130
24,130
24,130
24,130
24,130
24,130
24,130
24,130
24,130
24,130
24,130
24,130
24,130
24,130
24,130
24,130
24,130
24,130
24,130
24,130
24,130
24,130
24,130
24,130
24,130
24,130
24,130
24,130
24,130
24,130
24,130
24,130
24,130
24,130
24,130
24,130
24,130
24,130
24,130
24,130
24,130
24,130
24,130
24,130
24,130
24,130
24,130
24,130
24,130
24,130
24,130
24,130
24,130
24,130
24,130
24,130
24,130
24,130
24,130
24,130
24,130
24,130
24,130
24,130
24,130
24,130
24,130
24,130
24,130
24,130
24,130
24,130
24,130
24,130
24,130
24,130
24,130
24,130
24,130
24,130
24,130
24,130
24,130
24,130
24,130
24,130
24,130
24,130
24,130
24,130
24,130
24,130
24,130
24,130
24,130
24,130
24,130
24,130
24,130
24,130
24,130
24,130
24,130
24,130
24,130
24,130
24,130
24,130
24,130
24,130
24,130
24,130
24,130
24,130
24,130
24,130
24,130
24,130
24,130
24,130
24,130
24,130
24,130
24,130
24,130
24,130
24,130
24,130
24,130
24,130
24,130
24,130
24,130
24,130
24,130
24,130
24,130
24,130
24,130
24,130
24,130
24,130
24,130
24,130
24,130
24,130
24,130
24,130
24,130
24,130
24,130
24,130
24,130
24,130
24,130
24,130
24,130
24,130
24,130
24,130
24,130
24,130
24,130
24,130
24,130
24,130
24,130
24,130
24,130
24,130
24,130
24,130
24,130
24,130
24,130
24,130
24,130
24,130
24,130
24,130
24,130
24,130
24,130
24,130
24,130
24,130
24,130
24,130
24,130
24,130
24,130
24,130
24,130
24,130
24,130
24,130
24,130
24,130
24,130
24,130
24,130
24,130
24,130
24,130
24,130
24,130
24,130
24,129
24,129
24,129
24,129
24,129
24,129
24,129
24,129
24,129
24,129
24,128
24,128
24,128
24,128
24,128
25,128
25,128
25,128
25,128
25,128
25,128
25,128
26,128
26,128
26,127
26,127
26,127
26,127
26,127
26,127
26,127
26,127
26,127
27,127
27,127
27,127
27,127
28,126
28,126
28,126
28,126
28,126
28,126
28,125
28,125
28,125
28,125
28,125
28,124
28,124
28,123
29,123
29,123
29,123
29,123
29,122
29,122
29,122
29,121
29,121
29,121
29,121
29,121
29,120
29,120
29,120
30,119
29,119
30,119
30,119
30,118
30,118
30,118
30,118
30,118
30,118
30,117
30,117
30,117
30,117
30,117
30,117
30,117
30,116
30,116
30,116
30,116
30,116
31,116
30,116
30,116
30,116
30,116
30,116
30,116
30,116
30,116
30,116
30,116
31,116
31,116
31,116
30,116
30,116
30,116
30,116
30,116
30,116
30,116
30,116
31,116
31,116
31,116
30,116
30,116
30,116
30,116
31,116
31,116
31,116
31,116
30,115
30,116
30,115
30,115
30,115
30,115
31,115
31,115
31,115
31,115
31,115
31,115
31,115
31,115
31,115
31,115
31,115
31,115
31,115
31,115
31,115
31,115
31,115
31,115
31,115
31,115
31,115
31,115
31,115
31,115
31,115
31,115
31,115
31,115
31,115
31,115
31,115
31,115
31,115
31,115
31,115
31,115
31,114
31,115
31,114
31,114
31,114
31,114
31,114
32,114
32,113
32,113
32,113
32,113
32,113
32,112
32,112
32,112
32,112
32,111
32,111
33,111
33,110
33,110
33,110
33,109
33,109
33,109
33,109
33,108
33,108
33,108
33,107
33,106
33,106
33,105
34,105
34,105
34,104
34,104
34,103
34,103
34,103
34,103
34,102
35,102
35,101
35,101
35,100
35,99
36,99
36,98
36,97
37,96
37,95
37,95
38,94
38,93
38,93
39,92
39,91
39,90
40,89
40,88
40,88
40,87
40,86
40,86
40,85
41,84
41,84
41,83
41,82
41,81
41,80
41,79
42,78
42,78
42,77
42,76
42,76
43,75
43,75
43,74
43,74
43,73
44,73
44,72
44,72
44,71
44,71
44,70
44,70
45,69
45,69
45,69
45,68
45,68
45,68
45,67
45,67
45,66
45,65
45,65
45,65
45,65
45,64
46,64
46,64
46,64
46,63
46,63
46,63
46,63
46,62
46,62
46,62
46,62
46,62
46,62
46,62
46,62
46,61
46,61
46,61
47,61
47,61
47,61
47,61
47,61
47,60
47,60
47,60
47,60
47,60
47,60
47,60
47,60
47,60
47,60
47,59
47,59
47,59
47,59
47,59
47,59
47,59
47,59
47,58
47,58
47,58
47,58
47,58
47,58
47,58
47,58
47,57
47,57
47,57
47,57
48,57
48,57
48,57
47,57
47,57
48,56
48,56
48,56
48,56
48,56
48,55
48,55
48,55
48,55
48,55
48,55
48,55
49,55
48,55
48,55
49,55
49,55
48,55
49,55
48,55
49,55
49,55
49,55
49,55
49,55
49,55
49,55
49,55
49,55
49,55
49,55
49,55
49,55
49,54
49,54
49,54
49,54
49,54
49,54
49,54
49,54
49,54
49,54
49,54
49,54
49,54
49,54
49,54
49,54
49,54
49,54
49,54
49,54
49,54
49,54
49,54
49,54
49,54
49,54
49,54
49,54
49,54
49,54
49,54
49,54
49,54
49,54
49,54
49,54
49,54
49,55
49,54
49,54
49,54
49,54
49,54
49,54
49,54
49,54
49,55
49,55
49,54
49,55
49,55
49,55
50,54
50,54
50,54
49,54
49,54
49,54
49,54
49,54
49,54
49,54
50,55
50,55
50,55
50,54
50,55
50,54
50,54
50,54
50,54
50,54
50,54
50,54
50,54
50,54
50,54
50,54
50,54
50,54
50,55
50,54
50,55
50,54
50,54
50,54
50,54
50,54
50,54
50,54
50,54
50,54
50,54
50,54
50,54
50,54
50,54
50,54
50,54
50,54
50,54
50,54
50,54
50,54
50,54
50,54
50,54
51,54
51,54
51,54
51,54
51,54
51,54
51,54
51,54
51,54
51,54
51,54
51,54
51,54
51,54
51,54
51,54
51,54
51,54
51,54
51,54
51,54
51,54
51,54
51,54
51,54
51,54
51,54
51,54
51,54
51,54
51,54
51,54
51,54
51,54
50,54
50,54
50,54
50,54
50,54
50,54
50,54
50,54
50,54
50,54
50,54
50,54
51,54
51,54
50,54
50,54
50,54
50,54
51,54
50,54
51,54
51,54
51,54
50,54
50,54
50,54
51,54
50,54
50,54
51,54
51,54
51,54
51,54
51,54
52,54
52,54
51,54
51,54
51,54
51,54
52,54
52,54
52,54
52,54
52,54
52,54
52,54
52,54
52,54
52,54
52,54
52,54
52,54
52,54
52,54
52,54
52,54
52,54
52,54
52,54
52,54
52,54
52,54
52,54
53,54
53,54
53,54
53,54
53,54
53,54
53,54
53,54
54,54
54,53
54,53
54,53
54,53
54,53
54,53
55,53
55,53
55,53
55,53
56,53
56,53
56,52
56,52
56,52
57,52
57,52
57,52
57,51
58,51
58,51
58,51
58,51
59,51
59,51
60,51
60,50
61,50
62,50
62,50
63,50
63,49
64,49
64,49
65,48
66,48
66,48
67,48
68,48
68,47
69,47
70,47
70,47
71,46
72,46
72,45
73,45
74,45
74,45
75,44
75,44
76,44
76,43
77,43
78,42
78,41
79,41
80,41
80,41
81,40
82,40
82,40
83,40
83,40
84,40
84,39
85,39
85,39
86,39
86,39
87,38
87,38
88,38
88,38
89,37
89,37
90,37
90,37
90,37
91,37
91,36
91,36
92,36
92,36
92,36
92,36
93,36
93,35
93,35
93,35
94,35
94,35
95,35
95,34
95,34
96,34
96,34
96,34
96,34
97,33
97,33
97,33
98,33
98,33
98,33
98,33
99,33
99,33
99,32
100,32
101,32
101,32
102,32
102,32
102,31
103,31
103,31
103,31
104,31
104,31
105,30
105,30
105,30
105,30
106,30
106,30
107,30
107,30
108,29
108,29
109,29
109,29
110,29
111,29
112,29
112,28
113,28
113,28
114,28
114,28
115,28
115,27
115,27
116,27
116,27
117,27
117,27
117,26
118,26
118,26
119,26
120,26
120,26
120,26
121,25
121,25
121,25
121,25
121,25
121,25
122,25
122,25
122,25
122,24
122,25
122,25
122,25
122,25
122,25
122,25
122,25
122,25
122,25
122,25
122,25
122,25
122,25
122,25
122,25
122,25
122,25
122,25
122,25
122,25
122,25
122,25
122,25
122,25
122,25
122,25
122,25
122,25
122,25
122,25
122,25
122,25
122,25
122,25
122,25
122,25
122,25
122,25
122,25
122,25
122,25
122,25
122,25
122,25
122,25
122,25
122,25
122,25
122,25
122,25
122,25
122,25
122,25
122,25
122,25
122,25
122,25
122,25
122,25
122,25
122,25
122,25
122,25
122,25
122,25
122,25
122,25
122,25
122,25
122,25
122,25
122,25
122,25
122,25
122,25
122,25
122,25
122,25
122,25
122,25
122,25
122,25
122,25
122,25
122,25
122,25
122,25
122,25
122,25
122,25
122,25
122,25
122,25
122,25
122,25
122,25
122,25
122,25
122,25
122,25
122,25
122,25
122,25
122,25
122,25
122,25
122,25
122,25
122,25
122,25
122,25
122,25
122,25
122,25
122,25
122,25
122,25
122,25
122,25
122,25
122,25
122,25
122,25
122,25
122,25
122,25
122,25
122,25
122,25
122,25
122,25
122,25
122,25
122,25
122,25
122,25
122,25
122,25
122,25
122,25
122,25
122,25
122,25
122,25
122,25
122,25
122,25
122,25
122,25
122,25
122,25
122,25
122,25
122,25
122,25
122,25
122,25
122,25
122,25
122,25
122,25
122,25
122,25
122,25
122,25
122,25
122,25
122,25
122,25
122,25
122,25
122,25
122,25
122,25
122,25
122,25
122,25
123,25
123,25
123,25
123,25
123,25
123,25
123,25
123,25
123,25
123,25
123,25
123,25
123,25
123,25
123,25
123,25
123,25
123,25
123,25
123,25
123,25
123,25
123,25
123,25
123,25
123,25
123,25
123,25
123,25
123,25
123,25
123,25
123,25
123,25
123,25
123,25
123,25
123,26
123,26
123,26
123,25
123,26
123,26
123,26
123,26
123,26
123,26
123,26
123,26
123,26
124,26
124,26
124,26
124,26
124,26
124,26
124,26
124,26
124,26
124,26
124,26
123,26
123,26
124,26
124,26
124,26
124,26
124,26
124,26
124,26
124,26
124,26
124,26
124,26
124,26
124,26
124,26
124,26
124,26
124,26
124,26
124,26
124,26
124,26
124,26
124,26
125,27
125,27
126,27
126,27
127,28
127,28
128,28
128,28
128,28
129,28
129,28
129,28
130,28
130,28
130,29
131,29
131,29
131,29
131,29
132,29
132,29
132,29
133,29
133,29
133,29
134,29
134,30
135,30
135,30
135,30
136,30
136,30
137,30
137,30
138,30
138,30
139,31
139,31
139,31
140,31
140,31
140,31
141,31
141,31
142,31
142,31
142,31
142,31
143,31
143,31
143,31
144,31
144,32
145,32
145,32
146,32
146,33
147,33
148,33
148,33
149,33
150,33
150,33
150,33
151,33
151,34
152,34
152,34
153,34
153,34
154,34
154,34
154,34
155,34
155,34
155,34
156,35
156,35
157,35
157,35
158,35
159,36
160,36
160,36
161,36
161,36
161,36
162,36
162,37
162,37
163,37
163,37
163,38
164,38
164,38
164,38
164,38
165,38
165,39
165,39
165,39
166,39
166,39
166,39
166,39
167,39
167,39
167,39
168,39
168,40
168,40
169,40
169,40
170,40
170,40
170,40
171,40
171,40
172,40
172,41
172,41
173,41
173,41
174,41
174,41
174,41
175,41
175,41
176,41
176,42
176,42
177,42
177,42
178,42
178,42
178,42
179,42
180,43
181,43
181,43
181,43
181,44
182,44
182,44
182,44
183,44
183,44
183,44
183,44
183,44
183,45
184,45
184,45
184,45
184,45
184,45
185,45
185,45
185,45
185,45
186,45
186,46
186,46
187,46
187,46
187,46
188,46
188,46
188,46
189,46
189,46
189,46
189,46
190,47
190,47
190,47
190,47
190,47
191,47
191,47
191,47
191,47
191,47
192,48
192,48
192,48
192,48
192,48
192,48
192,48
192,48
193,48
193,48
193,48
193,48
193,48
193,48
194,48
194,48
194,48
194,48
194,48
195,49
195,49
195,49
195,49
196,49
196,49
196,49
196,49
197,49
197,49
197,49
197,49
198,50
198,50
198,50
198,50
199,50
199,50
199,50
199,50
199,50
199,50
200,50
200,50
200,50
200,50
200,50
200,51
200,51
200,51
200,51
200,51
201,51
201,51
201,51
201,51
201,51
201,51
201,51
201,51
201,51
201,51
201,51
201,51
201,51
201,51
201,51
201,51
201,51
201,51
201,51
201,51
201,51
201,51
201,51
201,51
201,51
201,51
201,51
201,51
201,51
201,51
201,51
201,51
201,51
201,51
201,51
201,51
201,51
201,51
201,51
201,51
201,51
201,51
201,51
201,51
201,51
201,51
201,51
201,51
201,51
201,51
201,51
201,51
201,51
201,51
201,51
201,51
201,51
201,51
201,51
201,51
201,51
201,51
201,51
201,51
201,51
201,51
201,51
201,51
201,52
201,51
201,51
201,51
201,51
201,51
201,51
201,51
201,51
201,51
201,51
201,52
201,52
201,52
201,52
201,51
201,51
201,51
201,51
201,51
201,51
201,51
201,51
201,51
201,51
201,51
201,51
201,51
201,51
201,51
201,52
201,52
201,52
201,52
201,52
201,52
201,52
201,52
201,52
201,52
201,52
201,52
201,52
201,52
201,52
201,52
201,52
201,52
201,52
201,52
201,52
201,52
201,52
201,52
201,52
201,52
201,52
201,52
201,52
201,52
201,52
201,52
201,52
201,52
201,52
201,52
201,52
201,52
201,52
201,52
201,52
201,52
201,52
201,52
201,52
201,52
201,52
201,52
201,52
201,52
201,52
201,52
201,52
201,52
201,52
201,52
201,52
201,52
201,52
201,52
201,52
201,52
201,52
201,52
201,52
201,52
201,52
201,52
201,52
201,52
201,52
201,52
201,52
201,52
201,52
201,52
201,52
201,52
201,52
201,52
201,52
201,52
201,52
201,52
201,52
201,52
201,52
201,52
201,52
201,52
201,52
201,52
201,52
201,52
201,52
201,52
201,52
201,52
201,52
201,52
201,52
201,52
201,52
201,52
201,52
201,52
201,52
201,52
201,52
201,52
201,52
201,52
201,52
201,52
201,52
201,52
201,52
201,52
201,52
201,52
201,52
201,52
201,52
201,52
201,52
201,52
201,52
201,52
201,52
201,52
201,52
201,52
201,52
201,52
201,52
201,52
201,52
201,52
201,52
201,52
201,52
201,52
201,52
201,52
201,52
201,52
201,52
201,52
201,52
201,52
201,52
201,52
201,52
201,52
201,52
201,52
201,52
202,52
201,52
202,52
202,52
202,52
202,52
202,52
202,52
202,52
202,52
202,52
201,52
201,52
202,52
202,52
202,52
202,52
202,52
202,52
202,52
202,52
202,52
202,52
201,52
201,52
201,52
201,52
201,52
201,52
201,52
201,52
201,52
201,52
201,52
201,52
201,52
201,52
201,52
201,52
201,52
202,52
201,52
202,52
202,52
202,52
202,52
201,52
201,52
202,52
202,52
202,52
202,52
202,52
202,52
202,52
202,52
202,52
202,52
202,52
202,52
202,52
202,52
202,52
202,52
202,52
202,52
202,52
202,52
202,52
202,52
202,52
202,52
202,52
202,52
202,52
202,52
202,52
202,52
202,52
202,52
202,52
202,52
202,52
202,52
202,52
202,52
202,52
202,52
202,52
202,52
202,52
202,52
202,52
202,52
202,52
202,52
202,52
202,52
202,52
202,52
202,52
202,52
202,52
202,52
202,52
202,52
202,52
202,52
202,52
202,52
202,52
202,52
202,52
202,52
202,52
202,52
202,52
202,52
202,52
202,52
202,52
202,52
202,52
202,52
202,52
202,52
202,52
202,52
202,52
202,52
202,52
202,52
202,52
202,52
202,52
202,52
202,52
202,52
202,52
202,52
202,52
202,53
202,53
202,52
202,52
202,53
202,53
202,53
202,53
202,53
202,53
202,53
202,53
202,53
202,53
202,53
202,53
202,53
202,53
202,53
202,53
202,53
202,53
202,53
202,53
202,53
202,53
202,53
202,53
202,53
202,53
202,53
202,53
202,53
202,53
202,54
202,54
202,54
202,54
202,54
202,54
202,54
202,55
202,55
202,55
202,55
202,55
202,55
202,55
202,55
202,55
202,55
202,55
202,55
202,56
202,56
202,56
202,56
202,56
202,56
202,56
202,56
202,56
202,56
202,56
202,56
202,56
202,56
202,56
202,56
202,56
202,56
202,56
202,57
202,56
202,57
202,57
202,57
202,57
202,57
202,57
202,57
202,57
202,57
202,57
202,57
202,57
202,57
202,57
202,57
203,57
202,57
202,57
202,57
202,57
203,57
203,57
203,57
203,57
203,57
203,57
203,57
203,57
203,57
203,57
203,57
203,57
203,57
203,57
203,57
203,57
203,57
203,58
203,58
203,58
203,58
203,58
203,58
203,58
203,58
203,58
203,58
203,58
203,58
203,58
203,58
203,58
203,58
203,58
203,58
203,58
203,59
203,59
203,59
203,59
203,59
203,59
203,59
203,59
203,59
203,59
203,59
203,59
203,60
203,60
203,60
203,60
203,60
203,60
203,60
203,60
203,60
203,60
203,61
203,61
203,61
203,61
203,61
204,61
204,61
204,61
204,61
204,61
204,62
204,62
204,62
204,62
204,62
204,62
204,62
204,62
204,62
204,62
204,62
204,62
204,62
204,62
204,63
204,63
204,63
204,63
204,63
204,63
204,63
204,63
204,63
204,63
204,63
204,63
204,63
204,63
204,63
204,64
204,64
204,64
204,64
205,64
204,64
205,64
205,64
205,64
205,64
205,64
205,64
205,65
205,65
205,65
205,65
205,65
205,65
205,66
205,66
205,66
205,67
205,67
205,67
205,67
205,67
205,67
205,67
206,68
205,68
205,68
206,68
206,68
206,68
206,68
206,69
206,69
206,69
206,69
206,69
206,69
206,70
206,70
206,70
206,70
206,70
206,70
206,71
206,71
207,71
207,71
207,72
207,72
207,72
207,72
207,72
207,72
207,72
207,73
207,73
207,73
207,73
207,74
207,74
207,74
207,74
207,74
208,74
208,74
208,74
208,75
208,75
208,75
208,75
208,75
208,75
208,76
208,76
208,76
208,76
208,76
208,77
208,77
208,77
209,77
209,77
209,77
209,78
209,78
209,78
209,79
210,79
210,79
210,80
210,80
210,81
210,81
210,82
210,82
210,82
211,83
211,83
211,83
211,84
211,84
211,84
211,85
212,86
212,86
212,86
212,86
212,87
212,87
212,87
212,88
213,88
213,88
213,88
213,89
213,89
213,89
213,89
214,90
214,90
214,90
214,90
214,91
214,91
214,92
214,92
214,93
214,93
215,94
215,94
214,94
215,94
215,95
215,95
215,95
215,96
215,96
215,96
215,97
216,98
216,98
216,99
216,99
216,100
217,100
216,100
216,100
217,101
217,101
217,102
217,102
218,103
218,103
218,104
218,104
218,105
218,105
219,105
219,106
219,106
219,107
219,108
219,108
220,109
220,109
220,110
220,111
220,111
221,112
221,112
221,113
221,113
221,114
221,114
222,115
222,116
223,117
223,118
223,118
223,119
223,120
224,121
224,121
224,122
224,122
225,123
225,124
225,125
225,125
226,126
226,127
226,128
227,128
227,129
227,129
227,129
227,129
227,130
227,130
227,130
226,129
227,129
227,129
227,129
227,130
227,130
227,130
227,130
227,129
227,130
227,130
227,130
227,130
227,129
227,129
227,129
227,130
227,130
227,129
227,129
227,130
227,130
227,130
227,130
227,130
227,130
227,130
227,130
227,130
227,130
227,130
227,130
227,130
227,130
227,130
227,129
227,129
227,129
227,130
227,130
227,130
227,130
227,130
227,130
227,130
227,130
227,130
227,130
227,130
227,130
227,130
227,130
227,130
227,130
227,130
227,130
227,130
227,130
227,130
227,130
227,130
227,130
227,130
227,130
227,130
227,130
227,130
227,130
227,130
227,130
227,129
227,129
227,130
227,130
227,130
227,130
227,130
227,130
227,130
227,130
227,130
227,130
227,130
227,130
227,130
227,130
227,130
227,130
227,130
227,130
227,130
227,130
227,130
227,130
227,130
227,130
227,130
227,130
227,130
227,130
227,130
227,130
227,130
227,130
227,130
227,130
227,130
227,130
227,130
227,130
227,130
227,130
227,130
227,130
227,130
227,130
227,130
227,130
227,130
227,130
227,130
227,130
227,130
227,130
227,130
227,130
227,130
227,130
227,130
227,130
227,130
227,130
227,130
227,130
227,130
227,130
227,130
227,130
227,130
227,130
227,130
227,130
227,130
227,130
227,130
227,130
227,130
227,130
227,130
227,130
227,130
227,130
227,130
227,130
227,130
227,130
227,130
227,130
227,130
227,130
227,130
227,130
227,130
227,130
227,130
227,130
227,130
227,130
227,130
227,130
227,130
227,130
227,130
227,130
227,130
227,130
227,130
227,130
227,130
227,130
227,130
227,130
227,130
227,130
227,130
227,130
227,130
227,130
227,130
227,130
227,130
227,130
227,130
227,130
227,130
227,130
227,130
227,130
227,130
227,130
227,130
227,130
227,130
227,130
227,130
227,130
227,130
227,130
227,130
227,130
227,130
227,130
227,130
227,130
227,130
227,130
227,130
227,130
227,130
227,130
227,130
227,130
227,130
227,130
227,130
227,130
227,130
227,130
227,130
227,130
227,130
227,130
227,130
227,130
227,131
227,131
227,131
227,131
227,131
227,131
227,131
227,131
227,131
227,131
227,131
227,130
227,130
227,130
227,130
227,131
227,131
227,131
227,131
227,131
227,131
227,131
227,131
227,131
227,131
227,131
227,131
227,131
227,131
227,131
227,130
227,131
227,131
227,131
227,131
227,131
227,131
227,131
227,131
227,131
227,131
227,131
227,131
227,131
227,131
227,131
227,130
227,131
227,131
227,131
227,131
227,131
227,131
227,131
227,131
227,131
227,131
227,131
227,131
227,131
227,131
227,131
227,131
227,131
227,131
227,131
227,131
227,131
227,131
227,131
227,131
227,131
227,131
227,131
227,131
227,131
227,131
227,131
227,132
227,132
227,132
226,131
226,131
226,131
227,131
227,131
227,131
227,131
227,131
227,132
227,131
227,131
226,132
226,131
226,132
226,132
226,132
226,132
226,132
226,132
226,132
226,132
226,132
226,132
226,132
226,132
226,132
226,132
226,132
226,132
226,132
226,132
226,132
226,132
226,132
226,132
226,132
226,132
226,132
226,132
226,132
226,132
226,132
226,132
226,132
226,132
226,132
226,132
225,132
225,133
225,133
225,133
225,133
225,133
225,133
225,133
225,133
224,133
224,133
224,133
224,133
224,133
224,133
224,134
224,134
224,134
223,134
223,134
223,135
223,135
223,135
223,135
223,135
223,135
223,135
223,136
223,136
223,136
223,136
223,136
223,137
223,137
223,137
223,137
222,137
222,137
222,137
222,138
222,138
222,138
222,138
222,138
222,138
222,139
222,139
222,139
222,139
222,139
222,139
222,139
222,140
222,140
222,140
222,140
222,140
222,140
221,140
221,140
221,140
221,140
221,140
221,140
221,141
221,141
221,141
221,141
221,141
221,141
221,141
221,142
221,142
221,142
221,142
221,142
221,142
221,142
221,142
220,142
220,143
220,143
220,143
220,143
220,143
220,143
220,143
220,143
220,144
220,144
220,144
220,144
220,144
220,144
220,144
220,144
220,144
220,144
220,144
220,144
220,144
220,144
220,144
220,144
219,145
219,145
219,145
219,145
219,145
219,145
219,145
219,145
219,145
219,145
219,145
219,146
219,146
219,146
219,146
219,146
219,146
219,146
219,146
219,147
219,147
219,147
219,147
219,147
218,147
218,147
218,147
218,147
218,148
218,148
218,148
218,148
218,148
218,148
218,149
218,149
218,149
218,149
218,150
218,151
218,151
218,152
217,152
217,152
217,152
217,152
217,152
217,153
217,153
217,153
217,153
217,154
217,154
217,154
217,155
217,155
217,156
217,156
217,156
216,156
216,157
216,157
216,158
216,158
216,158
216,158
216,158
216,159
216,159
216,160
216,160
216,160
216,161
216,161
216,161
215,161
215,161
215,161
215,162
215,162
215,162
215,162
215,163
215,163
215,164
215,164
215,164
215,164
214,164
214,164
214,164
214,165
214,165
214,165
213,165
213,165
213,166
213,166
213,166
213,167
213,167
213,167
213,167
212,168
212,168
212,168
212,169
212,169
212,170
212,170
212,171
212,171
212,172
211,173
211,173
211,174
211,174
211,174
211,175
211,176
211,176
211,177
211,177
211,178
211,178
211,179
211,179
211,179
210,179
210,179
210,179
210,180
210,180
210,180
210,180
210,181
210,181
209,181
209,182
209,182
209,183
209,183
209,183
209,184
209,184
209,184
209,185
208,185
208,185
208,186
208,186
208,186
208,187
208,187
208,187
208,188
207,188
207,189
207,189
207,190
207,190
207,190
207,191
207,191
206,191
206,191
206,192
206,192
206,193
206,194
206,195
206,196
205,196
205,196
205,197
205,197
205,198
205,199
205,199
205,199
205,199
205,200
204,200
204,200
204,200
204,200
204,200
204,201
204,201
204,201
204,201
204,201
204,201
204,202
204,202
204,202
204,202
204,202
204,202
204,202
204,202
204,202
204,202
204,203
204,203
204,203
204,203
204,203
204,203
204,203
204,203
204,203
204,203
204,203
204,203
204,203
204,204
204,204
204,204
204,204
204,204
204,204
204,204
204,204
204,205
204,205
204,205
203,205
203,205
203,205
203,205
203,205
203,205
203,205
203,205
203,205
203,205
203,206
203,206
203,206
203,206
203,206
203,206
203,206
203,206
203,206
203,206
203,206
203,206
203,207
203,207
203,207
203,207
202,207
202,207
202,207
202,207
202,207
202,207
202,207
202,207
202,208
202,208
202,208
202,208
202,208
202,208
202,208
202,208
202,207
202,207
202,207
202,207
202,207
202,208
202,207
202,208
202,208
202,208
202,208
202,208
202,207
202,207
202,207
202,207
202,207
202,207
202,207
202,207
202,207
202,207
202,207
202,207
202,207
202,207
202,207
202,208
202,208
202,208
202,207
202,207
202,207
202,208
202,207
201,207
201,207
202,207
202,207
202,207
202,207
202,207
202,207
202,207
202,207
202,207
202,207
202,207
202,207
202,207
202,207
202,207
202,207
202,207
202,207
202,207
202,207
202,207
202,208
202,208
202,208
202,207
202,208
202,208
202,208
202,208
202,208
202,208
202,208
202,207
201,207
201,207
202,207
202,207
202,207
202,207
202,207
202,207
202,207
202,207
202,207
202,207
202,207
202,207
202,207
202,207
202,208
202,208
202,207
202,207
202,207
202,208
202,208
202,208
202,208
202,208
202,208
202,208
202,208
202,208
202,208
202,208
202,208
202,208
202,208
201,207
201,207
201,207
201,207
202,207
202,208
202,208
202,208
202,208
202,208
202,208
202,208
202,208
202,208
202,208
202,208
202,208
202,208
201,207
201,207
202,208
202,208
202,208
202,208
202,208
202,208
202,208
202,208
202,208
202,208
202,208
202,208
202,208
202,208
202,208
201,207
201,207
201,207
201,207
201,208
202,208
201,208
202,208
202,208
202,208
202,208
202,208
202,208
202,208
201,208
202,208
202,208
202,208
201,208
201,207
202,208
202,208
202,208
202,208
202,208
202,208
202,208
202,208
202,208
202,208
202,208
202,208
202,208
202,208
202,208
201,207
201,207
201,207
201,208
201,208
201,208
201,208
201,208
201,208
201,208
201,208
201,208
201,208
201,208
201,208
201,208
201,208
201,208
201,208
201,208
201,208
201,208
201,208
201,208
201,208
201,208
201,208
202,208
202,208
202,208
202,208
202,208
202,208
202,208
202,208
201,207
201,207
201,208
202,208
202,208
202,208
202,208
202,208
202,208
202,208
202,208
202,208
202,208
202,208
202,208
202,208
202,208
202,208
201,208
202,208
201,208
202,208
202,208
202,208
202,208
202,208
202,208
202,208
202,208
202,208
202,208
202,208
202,208
202,208
202,208
201,208
201,208
201,208
201,208
202,208
202,208
201,208
202,208
202,209
202,209
202,209
202,209
202,209
202,209
201,209
201,209
201,209
201,209
201,209
201,209
201,209
201,209
201,209
201,209
201,209
201,209
201,209
201,209
201,209
201,209
201,209
201,209
201,209
201,209
201,209
201,208
201,208
201,208
201,208
201,209
201,208
201,209
201,209
201,209
201,209
201,209
201,209
201,209
201,209
201,209
201,209
201,209
201,209
201,209
201,209
201,209
200,209
200,209
200,209
200,209
200,209
200,209
200,209
200,209
200,209
200,209
199,209
199,209
199,209
199,209
199,209
199,209
199,209
198,209
198,209
198,209
198,209
198,209
198,209
198,210
197,210
197,210
197,210
197,210
197,210
196,210
196,210
196,210
196,211
195,211
195,211
195,211
195,211
194,211
194,211
194,212
194,212
194,212
193,212
193,212
193,212
193,212
193,212
192,212
192,212
192,212
192,212
192,212
191,213
191,213
191,213
191,213
191,213
191,213
191,213
190,213
190,213
190,213
190,213
190,213
190,213
190,214
189,214
189,214
189,214
189,214
189,214
189,214
189,214
189,214
188,214
188,214
188,215
188,214
187,215
187,215
187,215
187,215
186,215
186,215
186,215
186,215
185,215
185,215
185,215
185,215
185,215
184,215
184,215
184,216
184,216
183,216
183,216
183,216
182,216
182,216
181,216
181,216
181,216
180,217
180,217
180,217
179,217
179,217
179,217
179,217
178,218
178,218
178,218
178,218
177,218
177,218
177,218
176,218
176,218
175,218
175,218
174,219
174,219
174,219
173,219
173,219
172,219
172,220
171,220
170,220
170,220
169,220
169,220
168,221
168,221
167,221
167,221
166,221
166,222
165,222
165,222
165,223
164,223
164,223
163,224
163,224
163,225
162,225
161,225
161,226
160,226
159,226
158,226
158,226
157,226
156,226
156,226
155,227
155,227
155,227
154,228
153,228
152,228
151,228
150,229
150,229
149,229
147,229
147,230
146,230
145,230
145,230
144,230
144,231
143,231
143,231
142,232
142,232
142,232
141,232
141,233
140,233
140,233
139,233
138,233
138,233
137,234
137,234
136,234
135,234
135,234
134,234
134,234
133,234
133,235
132,235
132,235
131,235
131,236
130,236
130,236
129,236
129,236
128,236
128,236
127,237
127,237
126,237
126,237
126,237
125,238
125,238
125,238
125,238
124,238
124,238
124,238
124,238
124,238
124,238
124,238
124,238
124,238
124,238
124,238
124,238
124,238
124,238
124,238
124,238
124,238
124,238
124,238
124,238
124,238
124,238
124,238
124,238
124,238
124,238
124,238
124,238
124,237
124,237
124,238
124,238
124,238
124,238
124,238
124,238
124,238
124,238
124,238
124,238
124,238
124,238
124,238
124,238
124,238
124,237
124,237
124,238
124,237
124,238
124,238
124,238
124,238
124,238
124,238
124,238
124,238
124,238
124,238
124,238
124,238
124,238
124,238
123,238
123,238
124,238
123,238
124,238
124,238
124,238
124,238
124,238
124,238
124,238
124,238
124,238
124,238
124,238
124,238
124,238
123,237
123,237
123,238
123,238
124,238
124,238
124,238
124,238
124,238
124,238
124,238
124,238
124,238
124,238
124,238
124,238
124,238
124,238
123,238
123,238
123,238
124,238
124,238
124,238
124,238
124,238
124,238
124,238
124,238
124,238
124,238
124,238
124,238
124,238
124,238
123,237
123,237
123,237
124,238
124,238
124,238
124,238
124,238
124,238
124,238
124,238
124,238
124,238
124,238
124,238
124,238
124,238
124,238
124,237
123,238
124,238
124,238
124,238
124,238
124,238
124,238
124,238
124,238
124,238
124,238
124,238
124,238
124,238
124,238
124,238
123,237
123,237
123,238
124,238
124,238
124,238
124,238
124,238
124,238
124,238
124,238
124,238
124,238
124,238
124,238
124,238
124,238
124,238
124,238
124,238
124,238
124,238
124,238
124,238
124,238
124,238
124,238
124,238
124,238
124,238
124,238
124,238
124,238
124,238
124,238
124,237
124,237
124,238
124,238
124,238
124,238
124,238
124,238
124,238
124,238
124,238
124,238
124,238
124,238
124,238
124,238
124,238
124,238
124,238
124,238
124,238
124,238
124,238
124,238
124,238
124,238
124,238
124,238
124,238
124,238
124,238
124,238
124,238
124,238
124,238
124,237
124,238
124,238
124,238
124,238
124,238
124,238
124,238
124,238
124,238
124,238
124,238
124,238
124,238
124,238
124,238
124,238
124,238
124,238
124,238
124,238
124,238
124,238
124,238
124,238
124,238
124,238
124,238
124,238
124,238
124,238
124,238
124,238
124,238
124,238
124,237
124,238
124,238
124,238
124,238
124,238
124,238
124,238
124,238
124,238
124,238
124,238
124,238
124,238
124,238
124,238
124,238
124,238
124,238
124,238
124,238
124,238
124,238
124,238
124,238
124,238
124,238
124,238
124,238
124,238
124,238
124,238
124,238
124,238
124,238
124,238
124,238
124,238
124,238
124,238
124,238
124,238
124,238
124,238
124,238
124,238
124,238
124,238
124,238
124,238
124,238
124,238
124,238
124,238
124,238
124,238
125,238
125,238
125,238
125,238
125,238
125,238
125,238
125,238
125,238
125,238
125,238
125,238
125,238
125,238
125,238
125,238
125,238
125,238
125,238
125,238
125,238
125,238
125,238
125,238
125,238
125,238
125,238
125,238
125,238
125,238
125,238
125,238
125,238
125,238
125,238
125,238
125,238
125,238
125,238
125,238
125,238
125,238
125,238
125,238
125,238
125,238
125,238
125,238
125,238
125,238
125,238
125,238
125,238
125,238
125,238
125,238
125,238
125,238
125,238
125,238
125,238
125,238
125,238
125,238
125,238
125,238
125,238
125,238
125,238
125,238
125,238
125,238
125,238
125,238
125,238
125,238
125,238
125,238
125,238
125,238
125,238
125,238
125,238
125,238
125,238
125,238
125,238
125,238
125,238
125,238
125,238
125,238
125,238
125,238
125,238
125,238
125,238
125,238
125,238
125,238
125,238
125,238
125,238
125,238
125,238
125,238
125,238
125,238
125,238
125,238
125,238
125,238
125,238
125,238
125,238
125,238
125,238
125,238
125,238
125,238
125,238
125,238
125,238
125,238
125,238
125,238
125,238
125,238
125,238
125,238
125,238
125,238
125,238
125,238
125,238
125,238
125,238
125,238
125,238
125,238
125,238
125,238
125,238
125,238
126,238
126,238
126,238
126,238
126,238
126,238
126,238
126,238
126,238
126,238
125,238
125,238
126,238
126,238
126,238
126,238
126,238
126,238
126,238
126,238
126,238
126,238
126,238
126,238
126,238
126,238
126,238
126,238
126,238
126,238
126,238
126,238
126,238
126,238
127,238
127,238
127,238
127,238
127,238
127,238
127,238
127,238
127,238
127,238
127,238
127,237
127,237
127,238
127,238
127,238
127,238
127,238
127,238
127,238
127,237
127,237
127,237
127,237
127,237
127,237
127,237
127,237
127,237
127,237
127,237
127,237
127,237
127,237
127,237
127,237
127,237
127,237
127,237
127,237
127,237
127,237
127,237
127,237
127,237
127,237
127,237
127,237
127,237
127,237
127,237
127,237
127,237
127,237
127,237
127,237
127,237
127,237
127,237
127,237
127,237
127,237
127,237
127,237
127,237
127,237
127,237
127,237
127,237
127,237
127,237
127,237
127,237
127,237
127,237
127,237
127,237
127,237
127,237
127,237
127,237
127,237
127,237
127,237
127,237
127,237
127,237
127,237
127,237
127,237
127,237
127,237
127,237
127,237
127,237
127,237
127,237
127,237
127,237
127,237
127,237
127,237
127,237
127,237
128,237
128,237
128,237
128,237
128,237
128,237
127,237
128,237
127,237
127,237
128,237
128,237
127,237
127,237
127,237
127,237
127,237
128,237
128,237
128,237
127,237
128,237
128,237
128,237
128,237
128,237
128,237
128,237
128,237
128,236
128,236
128,236
128,236
128,236
128,236
128,236
128,236
128,236
128,236
128,236
128,236
128,236
128,236
128,236
128,236
128,236
128,236
128,236
128,236
128,236
128,236
128,236
128,236
128,236
128,236
128,236
128,236
128,236
128,236
128,236
128,236
128,236
128,236
128,236
128,236
128,236
128,236
128,236
128,236
128,236
128,236
128,236
128,236
128,236
128,236
128,236
128,236
128,236
128,236
128,236
128,236
128,236
128,236
128,236
128,236
128,236
128,236
128,236
128,236
128,236
128,236
128,236
128,236
128,236
128,236
128,236
128,236
128,236
128,236
128,236
128,236
128,236
128,236
128,236
128,236
128,236
128,236
128,236
128,236
128,236
128,236
128,236
128,236
128,236
128,236
128,236
128,236
128,236
128,236
128,236
128,236
128,236
128,236
128,236
128,236
128,236
128,236
128,236
128,236
128,236
128,236
128,236
128,236
128,236
128,236
128,236
128,236
128,236
128,236
128,236
128,236
128,236
128,236
128,236
128,236
128,236
128,236
128,236
128,236
128,236
128,236
128,236
128,236
128,236
128,236
128,236
128,236
128,236
128,236
128,236
128,236
128,236
128,236
129,236
129,236
129,236
129,236
129,236
129,236
129,236
129,236
129,236
129,236
129,236
129,236
129,236
129,236
129,236
129,236
129,236
129,236
129,236
129,236
129,236
129,236
129,236
129,236
129,236
129,236
129,236
129,236
129,236
129,236
129,236
129,236
129,236
129,236
129,236
130,236
130,236
130,236
129,236
130,236
130,236
130,236
130,236
130,236
130,236
130,236
130,236
130,236
130,236
130,236
130,236
130,236
130,236
130,236
130,236
130,236
130,236
130,236
130,236
130,235
130,236
130,236
130,236
130,236
130,236
130,236
130,236
130,236
130,236
130,236
130,236
130,236
130,236
130,236
130,236
130,236
130,236
130,236
130,236
130,236
130,236
130,236
130,236
130,236
130,236
130,236
130,236
130,236
130,236
130,236
130,236
130,236
130,236
130,236
130,235
130,235
130,235
130,235
130,236
130,236
130,236
130,235
130,236
130,236
130,236
130,236
130,236
130,236
130,236
130,236
130,236
130,236
130,236
130,235
130,236
130,236
130,236
130,236
130,236
130,236
130,236
130,236
130,236
130,236
130,236
130,236
130,236
130,235
130,236
130,235
130,235
130,235
130,235
130,235
130,235
130,235
130,235
130,236
130,235
130,236
130,235
130,235
130,236
130,235
130,235
130,235
130,235
130,235
130,235
130,235
130,235
130,235
130,235
130,236
130,236
130,235
130,236
130,235
130,235
130,235
130,235
130,235
130,235
130,236
130,235
130,235
130,235
130,235
130,235
130,235
130,235
130,235
130,235
130,235
130,235
130,235
130,235
130,235
130,235
130,235
130,235
130,235
130,235
130,235
130,235
130,235
130,235
130,235
130,235
130,235
130,235
130,235
130,235
130,235
130,235
130,235
130,236
130,236
130,235
130,235
130,235
130,235
130,235
130,235
130,235
130,235
130,235
130,235
130,235
130,235
130,235
130,235
130,235
130,235
130,235
130,235
130,235
130,235
130,235
130,235
130,235
130,235
130,235
130,235
130,235
130,236
130,235
130,236
130,236
129,236
129,236
129,235
129,236
129,235
129,235
129,235
129,235
129,235
128,235
128,235
128,235
128,235
128,235
128,235
128,235
128,235
128,235
128,235
128,235
128,235
128,235
128,236
127,235
127,235
127,235
127,236
127,235
127,236
127,235
127,236
127,236
127,236
127,236
127,236
127,236
127,236
126,236
126,236
126,236
126,235
126,235
126,236
126,236
126,236
126,236
126,236
126,236
126,236
126,236
126,236
126,236
126,236
126,236
126,236
126,236
126,236
126,236
126,236
126,236
126,236
126,236
126,236
126,236
126,236
126,236
126,236
126,236
126,236
126,236
126,236
126,236
126,236
126,236
126,236
125,236
125,236
126,236
126,236
126,236
126,236
126,236
126,236
126,236
126,236
126,236
126,236
126,236
126,236
125,236
125,236
126,236
125,236
125,236
125,236
125,236
125,236
125,237
125,237
125,237
125,237
125,237
125,237
125,237
125,237
125,237
125,237
125,237
125,237
125,237
125,236
125,236
125,237
125,237
125,237
125,237
125,237
125,237
125,237
125,237
125,237
125,237
125,237
125,237
125,237
125,237
125,237
125,237
125,237
125,237
125,237
125,237
125,237
125,237
125,237
125,237
125,237
125,237
125,237
125,237
125,237
125,237
125,237
125,237
125,237
125,236
125,237
125,237
125,237
125,237
125,237
125,237
125,237
125,237
125,237
125,237
125,237
125,237
125,237
125,237
125,237
125,237
125,237
125,237
125,237
125,237
125,237
125,237
125,237
125,237
125,237
125,237
125,237
125,237
125,237
125,237
125,237
125,237
125,237
125,237
125,237
125,237
125,237
125,237
125,237
125,237
125,237
125,237
125,237
125,237
125,237
125,237
125,237
125,237
125,237
125,237
125,237
125,237
125,237
125,237
125,237
125,237
125,237
125,237
125,237
125,237
125,237
125,237
125,237
125,237
125,237
125,237
125,237
125,237
125,237
125,237
125,237
125,237
125,237
125,237
125,237
125,237
125,237
125,237
125,237
125,237
125,237
125,237
125,237
125,237
125,237
125,237
125,237
125,237
125,237
125,237
125,237
125,237
125,237
125,237
125,237
125,237
125,237
125,237
125,237
125,237
125,237
125,237
125,237
125,237
125,236
125,237
125,237
125,237
125,237
125,237
125,237
125,237
125,237
125,237
125,237
125,237
125,237
125,237
125,237
125,237
125,237
125,237
125,237
125,237
125,237
125,237
125,237
125,237
125,237
125,237
125,237
125,237
125,237
125,237
125,237
125,237
125,237
125,237
125,237
125,237
125,237
125,237
125,237
125,237
125,237
125,237
125,237
125,237
125,237
125,237
125,237
125,237
125,237
125,237
125,237
125,237
125,237
125,237
125,237
125,237
125,237
125,237
125,237
125,237
125,237
125,237
125,237
125,237
125,237
125,237
125,237
125,237
125,237
125,237
125,237
125,237
125,237
125,237
125,237
125,237
125,237
125,237
125,237
125,237
125,237
125,237
125,237
125,237
125,237
125,237
125,237
125,237
125,237
125,237
125,237
125,237
125,237
125,237
125,237
125,237
125,237
125,237
125,237
125,237
125,237
125,237
125,237
125,237
125,237
125,237
125,237
125,237
125,237
125,237
125,237
125,237
125,237
125,237
125,237
125,237
125,237
125,237
125,237
125,237
125,237
125,237
125,237
125,237
125,237
125,237
125,237
125,237
125,237
125,237
125,237
125,237
125,237
125,237
125,237
125,237
125,237
125,237
125,237
125,237
125,237
125,237
125,237
125,237
125,237
125,237
125,237
125,237
125,237
125,237
125,237
125,237
125,237
125,237
125,237
125,237
125,237
125,237
125,237
125,237
125,237
125,237
125,237
125,237
125,237
125,237
125,237
125,237
125,237
125,237
125,237
125,237
125,237
125,237
125,237
125,237
125,237
125,237
125,237
125,237
125,237
125,237
125,237
125,237
125,237
125,237
125,237
125,237
125,237
125,237
125,237
125,237
125,237
125,237
125,237
125,237
125,237
125,237
125,237
125,237
125,237
125,237
125,237
125,237
125,237
125,237
125,237
125,237
125,237
125,237
125,237
125,237
125,237
125,237
125,237
125,237
125,237
125,237
125,237
125,237
125,237
125,237
125,237
125,237
125,237
125,237
125,237
125,237
125,237
125,237
125,237
125,237
125,237
125,237
125,237
125,237
125,237
125,237
125,237
125,237
125,237
125,237
125,237
125,237
125,237
125,237
125,237
125,237
125,237
125,237
125,237
125,237
125,237
125,237
125,237
125,237
125,237
125,237
125,237
125,237
125,237
125,237
125,237
125,237
125,237
125,237
125,237
125,237
125,237
125,237
125,237
125,237
125,237
125,237
125,237
125,237
125,237
125,237
125,237
125,237
125,237
125,237
125,237
125,237
125,237
125,237
125,237
125,237
125,237
125,237
125,237
125,237
125,237
125,237
125,237
125,237
125,237
125,237
125,237
125,237
125,237
125,237
125,237
125,237
125,237
125,237
125,237
125,237
125,237
125,237
125,237
125,237
125,237
125,237
125,237
125,237
125,237
125,237
125,237
125,237
125,237
125,237
125,237
125,237
125,237
125,237
125,237
125,237
125,237
125,237
125,237
125,237
125,237
125,237
125,237
125,237
125,237
125,237
125,237
125,237
125,237
125,237
125,237
125,237
125,237
125,237
125,237
125,237
125,237
125,237
125,237
125,237
125,237
125,237
125,237
125,237
125,237
125,237
125,237
125,237
125,237
125,237
125,237
125,237
125,237
125,237
125,237
125,237
125,237
125,237
125,237
125,237
125,237
125,237
125,237
125,237
125,237
125,237
125,237
125,237
125,237
125,237
125,237
125,237
125,237
125,237
125,237
125,237
125,237
125,237
125,237
125,237
125,237
125,237
125,237
125,237
125,237
125,237
125,237
125,237
125,237
125,237
125,237
125,237
125,237
125,237
125,237
125,237
125,237
125,237
125,237
125,237
125,237
125,237
125,237
125,237
125,237
125,237
125,237
125,237
125,237
125,237
125,237
125,237
125,237
125,237
125,237
125,237
125,237
125,237
125,237
125,237
125,237
125,237
125,237
125,237
125,237
125,237
125,237
125,237
125,237
125,237
125,237
125,237
125,237
125,237
125,237
125,237
125,237
125,237
125,237
125,237
125,237
125,237
125,237
125,237
125,237
125,237
125,237
125,237
125,237
125,237
125,237
125,237
125,237
125,237
125,237
125,237
125,237
125,237
125,237
125,237
125,237
125,237
125,237
125,237
125,237
125,237
125,237
125,237
125,237
125,237
125,237
125,237
125,237
125,237
125,237
125,237
125,237
125,237
125,237
125,237
125,237
125,237
125,237
125,237
125,237
125,237
125,237
125,237
125,237
125,237
125,237
125,237
125,237
125,237
125,237
125,237
125,237
125,237
125,237
125,237
125,237
125,237
125,237
125,237
125,237
125,237
125,237
125,237
125,237
125,237
125,237
125,237
125,237
125,237
125,237
125,237
125,237
125,237
125,237
125,237
125,237
125,237
125,237
125,237
125,237
125,237
125,237
125,237
125,237
125,237
125,237
125,237
125,237
125,237
125,237
125,237
125,237
125,237
125,237
125,237
125,237
125,237
125,237
125,237
125,237
125,237
125,237
125,237
125,237
125,237
125,237
125,237
125,237
125,237
125,237
125,237
125,237
125,237
125,237
125,237
125,237
125,237
125,237
125,237
125,237
125,237
125,237
125,237
125,237
125,237
125,237
125,237
125,237
125,237
125,237
125,237
125,237
125,237
125,237
125,237
125,237
125,237
125,237
125,237
125,237
125,237
125,237
125,237
125,237
125,237
125,237
125,237
125,237
125,237
125,237
125,237
125,237
125,237
125,237
125,237
125,237
125,237
125,237
125,237
125,237
125,237
125,237
125,237
125,237
125,237
125,237
125,237
125,237
125,237
125,237
125,237
125,237
125,237
125,237
125,237
125,237
125,237
125,237
125,237
125,237
125,237
125,237
125,237
125,237
125,237
125,237
125,237
125,237
125,237
125,237
125,237
125,237
125,237
125,237
125,237
125,237
125,237
125,237
125,237
125,237
125,237
125,237
125,237
125,237
125,237
125,237
125,237
125,237
125,237
125,237
125,237
125,237
125,237
125,237
125,237
125,237
125,237
125,237
125,237
125,237
125,237
125,237
125,237
125,237
125,237
125,237
125,237
125,237
125,237
125,237
125,237
125,237
125,237
125,237
125,237
125,237
125,237
125,237
125,237
125,237
125,237
125,237
125,237
125,237
125,237
125,237
125,237
125,237
125,237
125,237
125,237
125,237
125,237
125,237
125,237
125,237
125,237
125,237
125,237
125,237
125,237
125,237
125,237
125,237
125,237
125,237
125,237
125,237
125,237
125,237
125,237
125,237
125,237
125,237
125,237
125,237
125,237
125,237
125,237
125,237
125,237
125,237
125,237
125,237
125,237
125,237
125,237
125,237
125,237
125,237
125,237
125,237
125,237
125,237
125,237
125,237
125,237
125,237
125,237
125,237
125,237
125,237
125,237
125,237
125,237
125,237
125,237
125,237
125,237
125,237
125,237
125,237
125,237
125,237
125,237
125,237
125,237
125,237
125,237
125,237
125,237
125,237
125,237
125,237
125,237
125,237
125,237
125,237
125,237
125,237
125,237
125,237
125,237
125,237
125,237
125,237
125,237
125,237
125,237
125,237
125,237
125,237
125,237
125,237
125,237
125,237
125,237
125,237
125,237
125,237
125,237
125,237
125,237
125,237
125,237
125,237
125,237
125,237
125,237
125,237
125,237
125,237
125,237
125,237
125,237
125,237
125,237
125,237
125,237
125,237
125,237
125,237
125,237
125,237
125,237
125,237
125,237
125,237
125,237
125,237
125,237
125,237
125,237
125,237
125,237
125,237
125,237
125,237
125,237
125,237
125,237
125,237
125,237
125,237
125,237
125,237
125,237
125,237
125,237
125,237
125,237
125,237
125,237
125,237
125,237
125,237
125,237
125,237
125,237
125,237
125,237
125,237
125,237
125,237
125,237
125,237
125,237
125,237
125,237
125,237
125,237
125,237
125,237
125,237
125,237
125,237
125,237
125,237
125,237
125,237
125,237
125,237
125,237
125,237
125,237
125,237
125,237
125,237
125,237
125,237
125,237
125,237
125,237
125,237
125,237
125,237
125,237
125,237
125,237
125,237
125,237
125,237
125,237
125,237
125,237
125,237
125,237
125,237
125,237
125,237
125,237
125,237
125,237
125,237
125,237
125,237
125,237
125,237
125,237
125,237
125,237
125,237
125,237
125,237
125,237
125,237
125,237
125,237
125,237
125,237
125,237
125,237
125,237
125,237
125,237
125,237
125,237
125,237
125,237
125,237
125,237
125,237
125,237
125,237
125,237
125,237
125,237
125,237
125,237
125,237
125,237
125,237
125,237
125,237
125,237
125,237
125,237
125,237
125,237
125,237
125,237
125,237
125,237
125,237
125,237
125,237
125,237
125,237
125,237
125,237
125,237
125,237
125,237
125,237
125,237
125,237
125,237
125,237
125,237
125,237
125,237
125,237
125,237
125,237
125,237
125,237
125,237
125,237
125,237
125,237
125,237
125,237
125,237
125,237
125,237
125,237
125,237
125,237
125,237
125,237
125,237
125,237
125,237
125,237
125,237
125,237
125,237
125,237
125,237
125,237
125,237
125,237
125,237
125,237
125,237
125,237
125,237
125,237
125,237
125,237
125,237
125,237
125,237
125,237
125,237
125,237
125,237
125,237
125,237
125,237
125,237
125,237
125,237
125,237
125,237
125,237
125,237
125,237
125,237
125,237
125,237
125,237
125,237
124,237
125,237
125,237
125,237
125,237
125,237
125,237
125,237
125,237
125,237
125,237
125,237
125,237
125,237
125,237
125,237
125,237
125,237
125,237
125,237
125,237
125,237
125,237
125,237
125,237
125,237
125,237
125,237
125,237
125,237
125,237
125,237
125,237
125,237
125,237
125,237
125,237
125,237
125,237
125,237
125,237
125,237
125,237
125,237
125,237
125,237
125,237
125,237
125,237
125,237
125,237
125,237
125,237
125,237
125,237
125,237
125,237
125,237
125,237
125,237
125,237
125,237
125,237
125,237
125,237
125,237
125,237
125,237
125,237
125,237
125,237
125,237
125,237
125,237
125,237
125,237
125,237
125,237
125,237
125,237
125,237
125,237
125,237
125,237
125,237
125,237
125,237
125,237
125,237
125,237
125,237
125,237
125,237
125,237
125,237
125,237
125,237
125,237
125,237
125,237
125,237
125,237
125,237
125,237
125,237
125,237
125,237
125,237
125,237
125,237
125,237
125,237
125,237
125,237
125,237
125,237
125,237
125,237
125,237
125,237
125,237
125,237
125,237
125,237
125,237
125,237
125,237
125,237
125,237
125,237
125,237
125,237
125,237
125,237
125,237
125,237
125,237
125,237
125,237
125,237
125,237
125,237
125,237
125,237
125,237
125,237
125,237
125,237
125,237
125,237
125,237
125,237
125,237
125,237
125,237
125,237
125,237
125,237
125,237
125,237
125,237
125,237
125,237
125,237
125,237
125,237
125,237
125,237
125,237
125,237
125,237
125,237
125,237
125,237
125,237
125,237
125,237
125,237
125,237
125,237
125,237
125,237
125,237
125,237
125,237
125,237
125,237
125,237
125,237
125,237
125,237
125,237
125,237
125,237
125,237
125,237
125,237
125,237
125,237
125,237
125,237
125,237
125,237
125,237
125,237
125,237
125,237
125,237
125,237
125,237
125,237
125,237
125,237
125,237
125,237
125,237
125,237
125,237
125,237
125,237
125,237
125,237
125,237
125,237
125,237
125,237
125,237
125,237
125,237
125,237
125,237
125,237
125,237
125,237
125,237
125,237
125,237
125,237
125,237
125,237
125,237
125,237
125,237
125,237
125,237
125,237
125,237
125,237
125,237
125,237
125,237
125,237
125,237
125,237
125,237
125,237
125,237
125,237
125,237
125,237
125,237
125,237
125,237
125,237
125,237
125,237
125,237
125,237
125,237
125,237
125,237
125,237
125,237
125,237
125,237
125,237
125,237
125,237
125,237
125,237
125,237
125,237
125,237
125,237
125,237
125,237
125,237
125,237
125,237
125,237
125,237
125,237
125,237
125,237
125,237
125,237
125,237
125,237
125,237
125,237
125,237
125,237
125,237
125,237
125,237
125,237
125,237
125,237
125,237
125,237
125,237
125,237
125,237
125,237
125,237
125,237
125,237
125,237
125,237
125,237
125,237
125,237
125,237
125,237
125,237
125,237
125,237
125,237
125,237
125,237
125,237
125,237
125,237
125,237
125,237
125,237
125,237
125,237
125,237
125,237
125,237
125,237
125,237
125,237
125,237
125,237
125,237
125,237
125,237
125,237
125,237
125,237
125,237
125,237
125,237
125,237
125,237
125,237
125,237
125,237
125,237
125,237
125,237
125,237
125,237
125,237
125,237
125,237
125,237
125,237
125,237
125,237
125,237
125,237
125,237
125,237
125,237
125,237
125,237
125,237
125,237
125,237
125,237
125,237
125,237
125,237
125,237
125,237
125,237
125,237
125,237
125,237
125,237
125,237
125,237
125,237
125,237
125,237
125,237
125,237
125,237
125,237
125,237
125,237
125,237
125,237
125,237
125,237
125,237
125,237
125,237
125,237
125,237
125,237
125,237
125,237
125,237
125,237
125,237
125,237
125,237
125,237
125,237
125,237
125,237
125,237
125,237
125,237
125,237
125,237
125,237
125,237
125,237
125,237
125,237
125,237
125,237
125,237
125,237
125,237
125,237
125,237
125,237
125,237
125,237
125,237
125,237
125,237
125,237
125,237
125,237
125,237
125,237
125,237
125,237
125,237
125,237
125,237
125,237
125,237
125,237
125,237
125,237
125,237
125,237
125,237
125,237
125,237
125,237
125,237
125,237
125,237
125,237
125,237
125,237
125,237
125,237
125,237
125,237
125,237
125,237
125,237
125,237
125,237
125,237
125,237
125,237
125,237
125,237
125,237
125,237
125,237
125,237
125,237
125,237
125,237
125,237
125,237
125,237
125,237
125,237
125,237
125,237
125,237
125,237
125,237
125,237
125,237
125,237
125,237
125,237
125,237
125,237
125,237
125,237
125,237
125,237
125,237
125,237
125,237
125,237
125,237
125,237
125,237
125,237
124,237
125,237
125,237
125,237
125,237
125,237
125,237
125,237
125,237
125,237
125,237
125,237
125,237
125,237
125,237
125,237
125,237
125,237
125,237
125,237
125,237
125,237
125,237
125,237
125,237
125,237
125,237
125,237
125,237
125,237
125,237
125,237
125,237
125,237
125,237
124,237
125,237
125,237
125,237
125,237
125,237
125,237
125,237
125,237
125,237
125,237
125,237
125,237
125,237
125,237
125,237
125,237
125,237
125,237
125,237
125,237
125,237
125,237
125,237
125,237
125,237
125,237
125,237
125,237
125,237
125,237
125,237
125,237
125,237
125,237
125,237
125,237
125,237
125,237
125,237
125,237
125,237
125,237
125,237
125,237
125,237
125,237
125,237
125,237
125,237
125,237
125,237
125,237
125,237
125,237
125,237
125,237
125,237
125,237
125,237
125,237
125,237
125,237
125,237
125,237
125,237
125,237
125,237
125,237
125,237
125,237
125,237
125,237
125,237
125,237
125,237
125,237
125,237
125,237
125,237
125,237
125,237
125,237
125,237
125,237
125,237
125,237
125,237
125,237
125,237
125,237
125,237
125,237
125,237
125,237
125,237
125,237
125,237
125,237
125,237
125,237
125,237
125,237
125,237
125,237
125,237
125,237
125,237
125,237
125,237
125,237
125,237
125,237
125,237
125,237
125,237
125,237
125,237
125,237
125,237
125,237
125,237
125,237
125,237
125,237
125,237
125,237
125,237
125,237
125,237
125,237
125,237
125,237
125,237
125,237
125,237
125,237
125,237
125,237
125,237
124,237
125,237
125,237
125,237
125,237
125,237
125,237
125,237
125,237
125,237
125,237
125,237
125,237
125,237
125,237
125,237
125,237
125,237
125,237
125,237
125,237
125,237
125,237
125,237
125,237
125,237
125,237
125,237
125,237
125,237
125,237
125,237
125,237
125,237
125,237
125,237
125,237
125,237
125,237
125,237
125,237
125,237
125,237
125,237
125,237
125,237
125,237
125,237
125,237
125,237
125,237
125,237
125,237
125,237
125,237
125,237
125,237
125,237
125,237
125,237
125,237
125,237
125,237
125,237
125,237
125,237
125,237
125,237
125,237
125,237
125,237
125,237
125,237
125,237
125,237
125,237
125,237
125,237
125,237
125,237
125,237
125,237
125,237
125,237
125,237
125,237
125,237
125,237
125,237
125,237
125,237
125,237
125,237
125,237
125,237
125,237
125,237
125,237
125,237
125,237
125,237
125,237
125,237
125,237
125,237
125,237
125,237
125,237
125,237
125,237
125,237
125,237
125,237
125,237
125,237
125,237
125,237
125,237
125,237
125,237
125,237
125,237
125,237
125,237
125,237
125,237
125,237
125,237
125,237
125,237
125,237
125,237
125,237
125,237
125,237
125,237
125,237
125,237
125,237
125,237
125,237
125,237
125,237
125,237
125,237
125,237
125,237
125,237
125,237
125,237
125,237
125,237
125,237
125,237
125,237
125,237
125,237
125,237
125,237
125,237
125,237
125,237
125,237
125,237
125,237
125,237
125,237
125,237
125,237
125,237
125,237
125,237
125,237
125,237
125,237
124,237
125,237
125,237
125,237
125,237
125,237
125,237
125,237
125,237
125,237
125,237
125,237
125,237
125,237
125,237
125,237
125,237
125,237
125,237
125,237
125,237
125,237
125,237
125,237
125,237
125,237
125,237
125,237
125,237
125,237
125,237
125,237
125,237
125,237
125,237
125,237
125,237
125,237
125,237
125,237
125,237
125,237
125,237
125,237
125,237
125,237
125,237
125,237
125,237
125,237
125,237
125,237
125,237
125,237
125,237
125,237
125,237
125,237
125,237
125,237
125,237
125,237
125,237
125,237
125,237
125,237
125,237
125,237
125,237
125,237
125,237
125,237
125,237
125,237
125,237
125,237
125,237
125,237
125,237
125,237
125,237
125,237
125,237
125,237
125,237
125,237
125,237
125,237
125,237
125,237
125,237
125,237
125,237
125,237
125,237
125,237
125,237
125,237
125,237
125,237
125,237
125,237
125,237
125,237
125,237
125,237
125,237
125,237
125,237
125,237
125,237
125,237
125,237
125,237
125,237
125,237
125,237
125,237
125,237
125,237
125,237
125,237
125,237
125,237
125,237
125,237
125,237
125,237
125,237
125,237
125,237
125,237
125,237
125,237
125,237
125,237
125,237
125,237
125,237
125,237
125,237
125,237
125,237
125,237
125,237
125,237
125,237
125,237
125,237
125,237
125,237
125,237
125,237
125,237
125,237
125,237
125,237
125,237
125,237
125,237
125,237
125,237
125,237
125,237
125,237
125,237
125,237
125,237
125,237
125,237
125,237
125,237
125,237
125,237
125,237
125,237
125,237
125,237
125,237
125,237
125,237
125,237
125,237
125,237
125,237
125,237
125,237
125,237
125,237
125,237
125,237
125,237
125,237
125,237
125,237
125,237
125,237
125,237
125,237
125,237
125,237
125,237
125,237
125,237
125,237
125,237
125,237
125,237
125,237
125,237
124,237
125,237
125,237
125,237
125,237
125,237
125,237
125,237
125,237
125,237
125,237
125,237
125,237
125,237
125,237
125,237
125,237
125,237
125,237
125,237
125,237
125,237
125,237
125,237
125,237
125,237
125,237
125,237
125,237
125,237
125,237
125,237
125,237
125,237
125,237
124,237
125,237
125,237
125,237
125,237
125,237
125,237
125,237
125,237
125,237
125,237
125,237
125,237
125,237
125,237
125,237
125,237
125,237
125,237
125,237
125,237
125,237
125,237
125,237
125,237
125,237
125,237
125,237
125,237
125,237
125,237
125,237
125,237
125,237
125,237
125,237
125,237
125,237
125,237
125,237
125,237
125,237
125,237
125,237
125,237
125,237
125,237
125,237
125,237
125,237
125,237
125,237
125,237
125,237
125,237
125,237
125,237
125,237
125,237
125,237
125,237
125,237
125,237
125,237
125,237
125,237
125,237
125,237
125,237
125,237
125,237
125,237
125,237
125,237
125,237
125,237
125,237
125,237
125,237
125,237
125,237
125,237
125,237
125,237
125,237
125,237
125,237
125,237
125,237
125,237
125,237
125,237
125,237
125,237
125,237
125,237
125,237
125,237
125,237
125,237
125,237
125,237
125,237
125,237
125,237
125,237
125,237
125,237
125,237
125,237
125,237
125,237
125,237
125,237
125,237
125,237
125,237
125,237
125,237
125,237
125,237
125,237
125,237
125,237
125,237
125,237
125,237
125,237
125,237
125,237
125,237
125,237
125,237
125,237
125,237
125,237
125,237
125,237
125,237
125,237
125,237
125,237
125,237
125,237
125,237
125,237
125,237
125,237
125,237
125,237
125,237
125,237
125,237
125,237
125,237
125,237
125,237
125,237
125,237
125,237
125,237
125,237
125,237
125,237
125,237
125,237
125,237
125,237
125,237
125,237
125,237
125,237
125,237
125,237
125,237
125,237
125,237
125,237
125,237
125,237
125,237
125,237
125,237
125,237
125,237
125,237
125,237
125,237
125,237
125,237
125,237
125,237
125,237
125,237
125,237
125,237
125,237
125,237
125,237
125,237
125,237
125,237
125,237
125,237
125,237
125,237
125,237
125,237
125,237
125,237
125,237
125,237
125,237
125,237
125,237
125,237
125,237
125,237
125,237
125,237
125,237
125,237
125,237
125,237
125,237
125,237
125,237
125,237
125,237
125,237
125,237
125,237
125,237
125,237
125,237
125,237
125,237
125,237
125,237
125,237
125,237
125,237
125,237
125,237
125,237
124,237
125,237
125,237
125,237
125,237
125,237
125,237
125,237
125,237
125,237
125,237
125,237
125,237
125,237
125,237
125,237
125,237
125,237
125,237
125,237
125,237
125,237
125,237
125,237
125,237
125,237
125,237
125,237
125,237
125,237
125,237
125,237
125,237
125,237
125,237
124,237
125,237
125,237
125,237
125,237
125,237
125,237
125,237
125,237
125,237
125,237
125,237
125,237
125,237
125,237
125,237
125,237
125,237
125,237
125,237
125,237
125,237
125,237
125,237
125,237
125,237
125,237
125,237
125,237
125,237
125,237
125,237
125,237
125,237
125,237
124,237
125,237
125,237
125,237
125,237
125,237
125,237
125,237
125,237
125,237
125,237
125,237
125,237
125,237
125,237
125,237
125,237
125,237
125,237
125,237
125,237
125,237
125,237
125,237
125,237
125,237
125,237
125,237
125,237
125,237
125,237
125,237
125,237
125,237
125,237
125,237
125,237
125,237
125,237
125,237
125,237
125,237
125,237
125,237
125,237
125,237
125,237
125,237
125,237
125,237
125,237
125,237
125,237
125,237
125,237
125,237
125,237
125,237
125,237
125,237
125,237
125,237
125,237
125,237
125,237
125,237
125,237
125,237
125,237
125,237
125,237
125,237
125,237
125,237
125,237
125,237
125,237
125,237
125,237
125,237
125,237
125,237
125,237
125,237
125,237
125,237
125,237
125,237
125,237
125,237
125,237
125,237
125,237
125,237
125,237
125,237
125,237
125,237
125,237
125,237
125,237
125,237
125,237
125,237
125,237
125,237
125,237
125,237
125,237
125,237
125,237
125,237
125,237
125,237
125,237
125,237
125,237
125,237
125,237
125,237
125,237
125,237
125,237
125,237
125,237
125,237
125,237
125,237
125,237
125,237
125,237
125,237
125,237
125,237
125,237
125,237
125,237
125,237
125,237
125,237
125,237
125,237
125,237
125,237
125,237
125,237
125,237
125,237
125,237
125,237
125,237
125,237
125,237
125,237
125,237
125,237
125,237
125,237
125,237
125,237
125,237
125,237
125,237
125,237
125,237
125,237
125,237
125,237
125,237
125,237
125,237
125,237
125,237
125,237
125,237
125,237
125,237
125,237
125,237
125,237
125,237
125,237
125,237
125,237
125,237
125,237
125,237
125,237
125,237
125,237
125,237
125,237
125,237
125,237
125,237
125,237
125,237
125,237
125,237
125,237
125,237
125,237
125,237
125,237
125,237
125,237
125,237
125,237
125,237
125,237
125,237
125,237
125,237
125,237
125,237
125,237
125,237
125,237
125,237
125,237
125,237
125,237
125,237
125,237
125,237
125,237
125,237
125,237
125,237
125,237
125,237
125,237
125,237
125,237
125,237
125,237
125,237
125,237
125,237
125,237
125,237
125,237
125,237
125,237
125,237
125,237
125,237
125,237
125,237
125,237
125,237
125,237
125,237
125,237
125,237
125,237
125,237
125,237
125,237
125,237
125,237
125,237
125,237
125,237
125,237
125,237
125,237
125,237
125,237
125,237
125,237
125,237
125,237
125,237
125,237
125,237
125,237
125,237
125,237
125,237
125,237
125,237
125,237
125,237
125,237
125,237
125,237
125,237
125,237
125,237
125,237
125,237
125,237
125,237
125,237
125,237
125,237
125,237
125,237
125,237
125,237
125,237
125,237
125,237
125,237
125,237
125,237
125,237
125,237
125,237
125,237
125,237
125,237
125,237
125,237
125,237
125,237
125,237
125,237
125,237
125,237
125,237
125,237
125,237
125,237
125,237
125,237
125,237
125,237
125,237
125,237
125,237
125,237
125,237
125,237
125,237
125,237
125,237
125,237
125,237
125,237
125,237
125,237
125,237
125,237
125,237
125,237
125,237
125,237
125,237
125,237
125,237
125,237
125,237
125,237
125,237
125,237
125,237
125,237
125,237
125,237
125,237
125,237
125,237
125,237
125,237
125,237
125,237
125,237
125,237
125,237
125,237
125,237
125,237
125,237
125,237
125,237
125,237
125,237
125,237
125,237
125,237
125,237
125,237
125,237
125,237
125,237
125,237
125,237
125,237
125,237
125,237
125,237
125,237
125,237
125,237
125,237
125,237
125,237
125,237
125,237
125,237
125,237
125,237
125,237
125,237
125,237
125,237
125,237
125,237
125,237
125,237
125,237
125,237
125,237
125,237
125,237
125,237
125,237
125,237
125,237
125,237
125,237
125,237
125,237
125,237
125,237
125,237
125,237
125,237
125,237
125,237
125,237
125,237
125,237
125,237
125,237
125,237
125,237
125,237
125,237
125,237
125,237
125,237
125,237
125,237
125,237
125,237
125,237
125,237
125,237
125,237
125,237
125,237
125,237
124,237
125,237
125,237
125,237
125,237
125,237
125,237
125,237
125,237
125,237
125,237
125,237
125,237
125,237
125,237
125,237
125,237
125,237
125,237
125,237
125,237
125,237
125,237
125,237
125,237
125,237
125,237
125,237
125,237
125,237
125,237
125,237
125,237
125,237
125,237
124,237
125,237
125,237
125,237
125,237
125,237
125,237
125,237
125,237
125,237
125,237
125,237
125,237
125,237
125,237
125,237
125,237
125,237
125,237
125,237
125,237
125,237
125,237
125,237
125,237
125,237
125,237
125,237
125,237
125,237
125,237
125,237
125,237
125,237
125,237
125,237
125,237
125,237
125,237
125,237
125,237
125,237
125,237
125,237
125,237
125,237
125,237
125,237
125,237
125,237
125,237
125,237
125,237
125,237
125,237
125,237
125,237
125,237
125,237
125,237
125,237
125,237
125,237
125,237
125,237
125,237
125,237
125,237
125,237
125,237
125,237
125,237
125,237
125,237
125,237
125,237
125,237
125,237
125,237
125,237
125,237
125,237
125,237
125,237
125,237
125,237
125,237
125,237
125,237
125,237
125,237
125,237
125,237
125,237
125,237
125,237
125,237
125,237
125,237
125,237
125,237
125,237
125,237
125,237
125,237
125,237
125,237
125,237
125,237
125,237
125,237
125,237
125,237
125,237
125,237
125,237
125,237
125,237
125,237
125,237
125,237
125,237
125,237
125,237
125,237
125,237
125,237
125,237
125,237
125,237
125,237
125,237
125,237
125,237
125,237
125,237
125,237
125,237
125,237
125,237
125,237
125,237
125,237
125,237
125,237
125,237
125,237
125,237
125,237
125,237
125,237
125,237
125,237
125,237
125,237
125,237
125,237
125,237
125,237
125,237
125,237
125,237
125,237
125,237
125,237
125,237
125,237
125,237
125,237
125,237
125,237
125,237
125,237
125,237
125,237
125,237
125,237
125,237
125,237
125,237
125,237
125,237
125,237
125,237
125,237
125,237
125,237
125,237
125,237
125,237
125,237
125,237
125,237
125,237
125,237
125,237
125,237
125,237
125,237
125,237
125,237
125,237
125,237
125,237
125,237
125,237
125,237
125,237
125,237
125,237
125,237
125,237
125,237
125,237
125,237
125,237
125,237
125,237
125,237
125,237
125,237
125,237
125,237
125,237
125,237
125,237
125,237
125,237
125,237
125,237
125,237
125,237
125,237
125,237
125,237
125,237
125,237
125,237
125,237
125,237
125,237
125,237
125,237
125,237
125,237
125,237
125,237
125,237
125,237
125,237
125,237
125,237
125,237
125,237
125,237
125,237
125,237
125,237
125,237
125,237
125,237
125,237
125,237
125,237
125,237
125,237
125,237
125,237
125,237
125,237
125,237
125,237
125,237
125,237
125,237
125,237
125,237
125,237
125,237
125,237
125,237
125,237
125,237
125,237
125,237
125,237
125,237
125,237
125,237
125,237
125,237
125,237
125,237
125,237
125,237
125,237
125,237
125,237
125,237
125,237
125,237
125,237
125,237
125,237
125,237
125,237
125,237
125,237
125,237
125,237
125,237
125,237
125,237
125,237
125,237
125,237
125,237
125,237
125,237
125,237
125,237
125,237
125,237
125,237
125,237
125,237
125,237
125,237
125,237
125,237
125,237
125,237
125,237
125,237
125,237
125,237
125,237
125,237
125,237
125,237
125,237
125,237
125,237
125,237
125,237
125,237
125,237
125,237
125,237
125,237
125,237
125,237
125,237
125,237
125,237
125,237
125,237
125,237
125,237
125,237
125,237
125,237
125,237
125,237
125,237
125,237
125,237
125,237
125,237
125,237
125,237
125,237
125,237
125,237
125,237
125,237
125,237
125,237
125,237
125,237
125,237
125,237
125,237
125,237
125,237
125,237
125,237
125,237
125,237
125,237
125,237
125,237
125,237
125,237
125,237
125,237
125,237
125,237
125,237
125,237
125,237
125,237
125,237
125,237
125,237
125,237
125,237
125,237
125,237
125,237
125,237
125,237
125,237
125,237
125,237
125,237
125,237
125,237
125,237
125,237
125,237
125,237
125,237
125,237
125,237
125,237
125,237
125,237
125,237
125,237
125,237
125,237
125,237
125,237
125,237
125,237
125,237
125,237
125,237
125,237
125,237
125,237
125,237
125,237
125,237
125,237
125,237
125,237
125,237
125,237
125,237
125,237
125,237
125,237
125,237
125,237
125,237
125,237
125,237
125,237
125,237
125,237
125,237
125,237
125,237
125,237
125,237
125,237
125,237
125,237
125,237
125,237
125,237
125,237
125,237
125,237
125,237
125,237
125,237
125,237
125,237
125,237
125,237
125,237
125,237
125,237
125,237
125,237
125,237
125,237
125,237
125,237
125,237
125,237
125,237
125,237
125,237
125,237
125,237
125,237
125,237
125,237
125,237
125,237
125,237
125,237
125,237
125,237
125,237
125,237
125,237
125,237
125,237
125,237
125,237
125,237
125,237
125,237
125,237
125,237
125,237
125,237
125,237
125,237
125,237
125,237
125,237
125,237
125,237
125,237
125,237
125,237
125,237
125,237
125,237
125,237
125,237
125,237
125,237
125,237
125,237
125,237
125,237
125,237
125,237
125,237
125,237
125,237
125,237
125,237
125,237
125,237
125,237
125,237
125,237
125,237
125,237
125,237
125,237
125,237
125,237
125,237
125,237
125,237
125,237
125,237
125,237
125,237
125,237
125,237
125,237
125,237
125,237
125,237
125,237
125,237
125,237
125,237
125,237
125,237
125,237
125,237
125,237
125,237
125,237
125,237
125,237
125,237
125,237
125,237
125,237
125,237
125,237
125,237
125,237
125,237
125,237
125,237
125,237
125,237
125,237
125,237
125,237
125,237
125,237
125,237
125,237
125,237
125,237
125,237
125,237
125,237
125,237
125,237
125,237
125,237
125,237
125,237
125,237
125,237
125,237
125,237
125,237
125,237
125,237
125,237
125,237
125,237
125,237
125,237
125,237
125,237
125,237
125,237
125,237
125,237
125,237
125,237
125,237
125,237
125,237
125,237
125,237
125,237
125,237
125,237
125,237
125,237
125,237
125,237
125,237
125,237
125,237
125,237
125,237
125,237
125,237
125,237
125,237
125,237
125,237
125,237
125,237
125,237
125,237
125,237
125,237
125,237
125,237
125,237
125,237
125,237
125,237
125,237
125,237
125,237
125,237
125,237
125,237
125,237
125,237
125,237
125,237
125,237
125,237
125,237
125,237
125,237
125,237
125,237
125,237
125,237
125,237
125,237
125,237
125,237
125,237
125,237
125,237
125,237
125,237
125,237
125,237
125,237
125,237
125,237
125,237
125,237
125,237
125,237
125,237
125,237
125,237
125,237
125,237
125,237
125,237
125,237
125,237
125,237
125,237
125,237
125,237
125,237
125,237
125,237
125,237
125,237
125,237
125,237
125,237
125,237
125,237
125,237
125,237
125,237
125,237
125,237
125,237
125,237
125,237
125,237
125,237
125,237
125,237
125,237
125,237
125,237
125,237
125,237
125,237
125,237
125,237
125,237
125,237
125,237
125,237
125,237
125,237
125,237
125,237
125,237
125,237
125,237
125,237
125,237
125,237
125,237
125,237
125,237
125,237
125,237
125,237
125,237
125,237
125,237
125,237
125,237
125,237
125,237
125,237
125,237
125,237
125,237
125,237
125,237
125,237
125,237
125,237
125,237
125,237
125,237
125,237
125,237
125,237
125,237
125,237
125,237
125,237
125,237
125,237
125,237
125,237
125,237
125,237
125,237
125,237
125,237
125,237
125,237
125,237
125,237
125,237
125,237
125,237
125,237
125,237
125,237
125,237
125,237
125,237
125,237
125,237
125,237
125,237
125,237
125,237
125,237
125,237
125,237
125,237
125,237
125,237
125,237
125,237
125,237
125,237
125,237
125,237
125,237
125,237
125,237
125,237
125,237
125,237
125,237
125,237
125,237
125,237
125,237
125,237
125,237
125,237
125,237
125,237
125,237
125,237
125,237
125,237
125,237
125,237
125,237
125,237
125,237
125,237
125,237
125,237
125,237
125,237
125,237
125,237
125,237
125,237
125,237
125,237
125,237
125,237
125,237
125,237
125,237
125,237
125,237
125,237
125,237
125,237
125,237
125,237
125,237
125,237
125,237
125,237
125,237
125,237
125,237
125,237
125,237
125,237
125,237
125,237
125,237
125,237
125,237
125,237
125,237
125,237
125,237
125,237
125,237
125,237
125,237
125,237
125,237
125,237
125,237
125,237
125,237
125,237
125,237
125,237
125,237
125,237
125,237
125,237
125,237
125,237
125,237
125,237
125,237
125,237
125,237
125,237
125,237
125,237
125,237
125,237
125,237
125,237
125,237
125,237
125,237
125,237
125,237
125,237
125,237
125,237
125,237
125,237
125,237
125,237
125,237
125,237
125,237
125,237
125,237
125,237
125,237
125,237
125,237
125,237
125,237
125,237
125,237
125,237
125,237
125,237
125,237
125,237
125,237
125,237
125,237
125,237
125,237
125,237
125,237
125,237
125,237
125,237
125,237
125,237
125,237
125,237
125,237
125,237
125,237
125,237
125,237
125,237
125,237
125,237
125,237
125,237
125,237
125,237
125,237
125,237
125,237
125,237
125,237
125,237
125,237
125,237
125,237
125,237
125,237
125,237
125,237
125,237
125,237
125,237
125,237
125,237
125,237
125,237
125,237
125,237
125,237
125,237
125,237
125,237
125,237
125,237
125,237
125,237
125,237
125,237
125,237
125,237
125,237
125,237
125,237
125,237
125,237
125,237
125,237
125,237
125,237
125,237
125,237
125,237
125,237
125,237
125,237
125,237
125,237
125,237
125,237
125,237
125,237
125,237
125,237
125,237
125,237
125,237
125,237
125,237
125,237
125,237
125,237
125,237
125,237
125,237
125,237
125,237
125,237
125,237
125,237
125,237
125,237
125,237
125,237
125,237
125,237
125,237
125,237
125,237
125,237
125,237
125,237
125,237
125,237
125,237
125,237
125,237
125,237
125,237
125,237
125,237
125,237
125,237
125,237
125,237
125,237
125,237
125,237
125,237
125,237
125,237
125,237
125,237
125,237
125,237
125,237
125,237
125,237
125,237
125,237
125,237
125,237
125,237
125,237
125,237
125,237
125,237
125,237
125,237
125,237
125,237
125,237
125,237
125,237
125,237
125,237
125,237
125,237
125,237
125,237
125,237
125,237
125,237
125,237
125,237
125,237
125,237
125,237
125,237
125,237
125,237
125,237
125,237
125,237
125,237
125,237
125,237
125,237
125,237
125,237
125,237
125,237
125,237
125,237
125,237
125,237
125,237
125,237
125,237
125,237
125,237
125,237
125,237
125,237
125,237
125,237
125,237
125,237
125,237
125,237
125,237
125,237
125,237
125,237
125,237
125,237
125,237
125,237
125,237
125,237
125,237
125,237
125,237
125,237
125,237
125,237
125,237
125,237
125,237
125,237
125,237
125,237
125,237
125,237
125,237
125,237
125,237
125,237
125,237
125,237
125,237
125,237
125,237
125,237
125,237
125,237
125,237
125,237
125,237
125,237
125,237
125,237
125,237
125,237
125,237
125,237
125,237
125,237
125,237
125,237
125,237
125,237
125,237
125,237
125,237
125,237
125,237
125,237
125,237
125,237
125,237
125,237
125,237
125,237
125,237
125,237
125,237
125,237
125,237
125,237
125,237
125,237
125,237
125,237
125,237
125,237
125,237
125,237
125,237
125,237
125,237
125,237
125,237
125,237
125,237
125,237
125,237
125,237
125,237
125,237
125,237
125,237
125,237
125,237
125,237
125,237
125,237
125,237
125,237
125,237
125,237
125,237
125,237
125,237
125,237
125,237
125,237
125,237
125,237
125,237
125,237
125,237
125,237
125,237
125,237
125,237
125,237
125,237
125,237
125,237
125,237
125,237
125,237
125,237
125,237
125,237
125,237
125,237
125,237
125,237
125,237
125,237
125,237
125,237
125,237
125,237
125,237
125,237
125,237
125,237
125,237
125,237
125,237
125,237
125,237
125,237
125,237
125,237
125,237
125,237
125,237
125,237
125,237
125,237
125,237
125,237
125,237
125,237
125,237
125,237
125,237
125,237
125,237
125,237
125,237
125,237
125,237
125,237
125,237
125,237
125,237
125,237
125,237
125,237
125,237
125,237
125,237
125,237
125,237
125,237
125,237
125,237
125,237
125,237
125,237
125,237
125,237
125,237
125,237
125,237
125,237
125,237
125,237
125,237
125,237
125,237
125,237
125,237
125,237
125,237
125,237
125,237
125,237
125,237
125,237
125,237
125,237
125,237
125,237
125,237
125,237
125,237
125,237
125,237
125,237
125,237
125,237
125,237
125,237
125,237
125,237
125,237
125,237
125,237
125,237
125,237
125,237
125,237
125,237
125,237
125,237
125,237
125,237
125,237
125,237
125,237
125,237
125,237
125,237
125,237
125,237
125,237
125,237
125,237
125,237
125,237
125,237
125,237
125,237
125,237
125,237
125,237
125,237
125,237
125,237
125,237
125,237
125,237
125,237
125,237
125,237
125,237
125,237
125,237
125,237
125,237
125,237
125,237
125,237
125,237
125,237
125,237
125,237
125,237
125,237
125,237
125,237
125,237
125,237
125,237
125,237
125,237
125,237
125,237
125,237
125,237
125,237
125,237
125,237
125,237
125,237
125,237
125,237
125,237
125,237
125,237
125,237
125,237
125,237
125,237
125,237
125,237
125,237
125,237
125,237
125,237
125,237
125,237
125,237
125,237
125,237
125,237
125,237
125,237
125,237
125,237
125,237
125,237
125,237
125,237
125,237
125,237
125,237
125,237
125,237
125,237
125,237
125,237
125,237
125,237
125,237
125,237
125,237
125,237
125,237
125,237
125,237
125,237
125,237
125,237
125,237
125,237
125,237
125,237
125,237
125,237
125,237
125,237
125,237
125,237
125,237
125,237
125,237
125,237
125,237
125,237
125,237
125,237
125,237
125,237
125,237
125,237
125,237
125,237
125,237
125,237
125,237
125,237
125,237
125,237
125,237
125,237
125,237
125,237
125,237
125,237
125,237
125,237
125,237
125,237
125,237
125,237
125,237
125,237
125,237
125,237
125,237
125,237
125,237
125,237
125,237
125,237
125,237
125,237
125,237
125,237
125,237
125,237
125,237
125,237
125,237
125,237
125,237
125,237
125,237
125,237
125,237
125,237
125,237
125,237
125,237
125,237
125,237
125,237
125,237
125,237
125,237
125,237
125,237
125,237
125,237
125,237
125,237
125,237
125,237
125,237
125,237
125,237
125,237
125,237
125,237
125,237
125,237
125,237
125,237
125,237
125,237
125,237
125,237
125,237
125,237
125,237
125,237
125,237
125,237
125,237
125,237
125,237
125,237
125,237
125,237
125,237
125,237
125,237
125,237
125,237
125,237
125,237
125,237
125,237
125,237
125,237
125,237
125,237
125,237
125,237
125,237
125,237
125,237
125,237
125,237
125,237
125,237
125,237
125,237
125,237
125,237
125,237
125,237
125,237
125,237
125,237
125,237
125,237
125,237
125,237
125,237
125,237
125,237
125,237
125,237
125,237
125,237
125,237
125,237
125,237
125,237
125,237
125,237
125,237
125,237
125,237
125,237
125,237
125,237
125,237
125,237
125,237
125,237
125,237
125,237
125,237
125,237
125,237
125,237
125,237
125,237
125,237
125,237
125,237
125,237
125,237
125,237
125,237
125,237
125,237
125,237
125,237
125,237
125,237
125,237
125,237
125,237
125,237
125,237
125,237
125,237
125,237
125,237
125,237
125,237
125,237
125,237
125,237
125,237
125,237
125,237
125,237
125,237
125,237
125,237
125,237
125,237
125,237
125,237
125,237
125,237
125,237
125,237
125,237
125,237
125,237
125,237
125,237
125,237
125,237
125,237
125,237
125,237
125,237
125,237
125,237
125,237
125,237
125,237
125,237
125,237
125,237
125,237
125,237
125,237
125,237
125,237
125,237
125,237
125,237
125,237
125,237
125,237
125,237
125,237
125,237
125,237
125,237
125,237
125,237
125,237
125,237
125,237
125,237
125,237
125,237
125,237
125,237
125,237
125,237
125,237
125,237
125,237
125,237
125,237
125,237
125,237
125,237
125,237
125,237
125,237
125,237
125,237
125,237
125,237
125,237
125,237
125,237
125,237
125,237
125,237
125,237
125,237
125,237
125,237
125,237
125,237
125,237
125,237
125,237
125,237
125,237
125,237
125,237
125,237
125,237
125,237
125,237
125,237
125,237
125,237
125,237
125,237
125,237
125,237
125,237
125,237
125,237
125,237
125,237
125,237
125,237
125,237
125,237
125,237
125,237
125,237
125,237
125,237
125,237
125,237
125,237
125,237
125,237
125,237
125,237
125,237
125,237
125,237
125,237
125,237
125,237
125,237
125,237
125,237
125,237
125,237
125,237
125,237
125,237
125,237
125,237
125,237
125,237
125,237
125,237
125,237
125,237
125,237
125,237
125,237
125,237
125,237
125,237
125,237
125,237
125,237
125,237
125,237
125,237
125,237
125,237
125,237
125,237
125,237
125,237
125,237
125,237
125,237
125,237
125,237
125,237
125,237
125,237
125,237
125,237
125,237
125,237
125,237
125,237
125,237
125,237
125,237
125,237
125,237
125,237
125,237
125,237
125,237
125,237
125,237
125,237
125,237
125,237
125,237
125,237
125,237
125,237
125,237
125,237
125,237
125,237
125,237
125,237
125,237
125,237
125,237
125,237
125,237
125,237
125,237
125,237
125,237
125,237
125,237
125,237
125,237
125,237
125,237
125,237
125,237
125,237
125,237
125,237
125,237
125,237
125,237
125,237
125,237
125,237
125,237
125,237
125,237
125,237
125,237
125,237
125,237
125,237
125,237
125,237
125,237
125,237
125,237
125,237
125,237
125,237
125,237
125,237
125,237
125,237
125,237
125,237
125,237
125,237
125,237
125,237
125,237
125,237
125,237
125,237
125,237
125,237
125,237
125,237
125,237
125,237
125,237
125,237
125,237
125,237
125,237
125,237
125,237
125,237
125,237
125,237
125,237
125,237
125,237
125,237
125,237
125,237
125,237
125,237
125,237
125,237
125,237
125,237
125,237
125,237
125,237
125,237
125,237
125,237
125,237
125,237
125,237
125,237
125,237
125,237
125,237
125,237
125,237
125,237
125,237
125,237
125,237
125,237
125,237
125,237
125,237
125,237
125,237
125,237
125,237
125,237
125,237
125,237
125,237
125,237
125,237
125,237
125,237
125,237
125,237
125,237
125,237
125,237
125,237
125,237
125,237
125,237
125,237
125,237
125,237
125,237
125,237
125,237
125,237
125,237
125,237
125,237
125,237
125,237
125,237
125,237
125,237
125,237
125,237
125,237
125,237
125,237
125,237
125,237
125,237
125,237
125,237
125,237
125,237
125,237
125,237
125,237
125,237
125,237
125,237
125,237
125,237
125,237
125,237
125,237
125,237
125,237
125,237
125,237
125,237
125,237
125,237
125,237
125,237
125,237
125,237
125,237
125,237
125,237
125,237
125,237
125,237
125,237
125,237
125,237
125,237
125,237
125,237
125,237
125,237
125,237
125,237
125,237
125,237
125,237
125,237
125,237
125,237
125,237
125,237
125,237
125,237
125,237
125,237
125,237
125,237
125,237
125,237
125,237
125,237
125,237
125,237
125,237
125,237
125,237
125,237
125,237
125,237
125,237
125,237
125,237
125,237
125,237
125,237
125,237
125,237
125,237
125,237
125,237
125,237
125,237
125,237
125,237
125,237
125,237
125,237
125,237
125,237
125,237
125,237
125,237
125,237
125,237
125,237
125,237
125,237
125,237
125,237
125,237
125,237
125,237
125,237
125,237
125,237
125,237
125,237
125,237
125,237
125,237
125,237
125,237
125,237
125,237
125,237
125,237
125,237
125,237
125,237
125,237
125,237
125,237
125,237
125,237
125,237
125,237
125,237
125,237
125,237
125,237
125,237
125,237
125,237
125,237
125,237
125,237
125,237
125,237
125,237
125,237
125,237
125,237
125,237
125,237
125,237
125,237
125,237
125,237
125,237
125,237
125,237
125,237
125,237
125,237
125,237
125,237
125,237
125,237
125,237
125,237
125,237
125,237
125,237
125,237
125,237
125,237
125,237
125,237
125,237
125,237
125,237
125,237
125,237
125,237
125,237
125,237
125,237
125,237
125,237
125,237
125,237
125,237
125,237
125,237
125,237
125,237
125,237
125,237
125,237
125,237
125,237
125,237
125,237
125,237
125,237
125,237
125,237
125,237
125,237
125,237
125,237
125,237
125,237
125,237
125,237
125,237
125,237
125,237
125,237
125,237
125,237
125,237
125,237
125,237
125,237
125,237
125,237
125,237
125,237
125,237
125,237
125,237
125,237
125,237
125,237
125,237
125,237
125,237
125,237
125,237
125,237
125,237
125,237
125,237
125,237
125,237
125,237
125,237
125,237
125,237
125,237
125,237
125,237
125,237
125,237
125,237
125,237
125,237
125,237
125,237
125,237
125,237
125,237
125,237
125,237
125,237
125,237
125,237
125,237
125,237
125,237
125,237
125,237
125,237
125,237
125,237
125,237
125,237
125,237
125,237
125,237
125,237
125,237
125,237
125,237
125,237
125,237
125,237
125,237
125,237
125,237
125,237
125,237
125,237
125,237
125,237
125,237
125,237
125,237
125,237
125,237
125,237
125,237
125,237
125,237
125,237
125,237
125,237
125,237
125,237
125,237
125,237
125,237
125,237
125,237
125,237
125,237
125,237
125,237
125,237
125,237
125,237
125,237
125,237
125,237
125,237
125,237
125,237
125,237
125,237
125,237
125,237
125,237
125,237
125,237
125,237
125,237
125,237
125,237
125,237
125,237
125,237
125,237
125,237
125,237
125,237
125,237
125,237
125,237
125,237
125,237
125,237
125,237
125,237
125,237
125,237
125,237
125,237
125,237
125,237
125,237
125,237
125,237
125,237
125,237
125,237
125,237
125,237
125,237
125,237
125,237
125,237
125,237
125,237
125,237
125,237
125,237
125,237
125,237
125,237
125,237
125,237
125,237
125,237
125,237
125,237
125,237
125,237
125,237
125,237
125,237
125,237
125,237
125,237
125,237
125,237
125,237
125,237
125,237
125,237
125,237
125,237
125,237
125,237
125,237
125,237
125,237
125,237
125,237
125,237
125,237
125,237
125,237
125,237
125,237
125,237
125,237
125,237
125,237
125,237
125,237
125,237
125,237
125,237
125,237
125,237
125,237
125,237
125,237
125,237
125,237
125,237
125,237
125,237
125,237
125,237
125,237
125,237
125,237
125,237
125,237
125,237
125,237
125,237
125,237
125,237
125,237
125,237
125,237
125,237
125,237
125,237
125,237
125,237
125,237
125,237
125,237
125,237
125,237
125,237
125,237
125,237
125,237
125,237
125,237
125,237
125,237
125,237
125,237
125,237
125,237
125,237
125,237
125,237
125,237
125,237
125,237
125,237
125,237
125,237
125,237
125,237
125,237
125,237
125,237
125,237
125,237
125,237
125,237
125,237
125,237
125,237
125,237
125,237
125,237
125,237
125,237
125,237
125,237
125,237
125,237
125,237
125,237
125,237
125,237
125,237
125,237
125,237
125,237
125,237
125,237
125,237
125,237
125,237
125,237
125,237
125,237
125,237
125,237
125,237
125,237
125,237
125,237
125,237
125,237
125,237
125,237
125,237
125,237
125,237
125,237
125,237
125,237
125,237
125,237
125,237
125,237
125,237
125,237
125,237
125,237
125,237
125,237
125,237
125,237
125,237
125,237
125,237
125,237
125,237
125,237
125,237
125,237
125,237
125,237
125,237
125,237
125,237
125,237
125,237
125,237
125,237
125,237
125,237
125,237
125,237
125,237
125,237
125,237
124,237
125,237
125,237
125,237
125,237
125,237
125,237
125,237
125,237
125,237
125,237
125,237
125,237
125,237
125,237
125,237
125,237
125,237
125,237
125,237
125,237
125,237
125,237
125,237
125,237
125,237
125,237
125,237
125,237
125,237
125,237
125,237
125,237
125,237
125,237
125,237
125,237
125,237
125,237
125,237
125,237
125,237
125,237
125,237
125,237
125,237
125,237
125,237
125,237
125,237
125,237
125,237
125,237
125,237
125,237
125,237
125,237
125,237
125,237
125,237
125,237
125,237
125,237
125,237
125,237
125,237
125,237
125,237
125,237
125,237
125,237
125,237
125,237
125,237
125,237
125,237
125,237
125,237
125,237
125,237
125,237
125,237
125,237
125,237
125,237
125,237
125,237
125,237
125,237
125,237
125,237
125,237
125,237
125,237
125,237
125,237
125,237
125,237
125,237
125,237
125,237
125,237
125,237
125,237
125,237
125,237
125,237
125,237
125,237
125,237
125,237
125,237
125,237
125,237
125,237
125,237
125,237
125,237
125,237
125,237
125,237
125,237
125,237
125,237
125,237
125,237
125,237
125,237
125,237
125,237
125,237
125,237
125,237
125,237
125,237
125,237
125,237
125,237
125,237
125,237
125,237
125,237
125,237
125,237
125,237
125,237
125,237
125,237
125,237
125,237
125,237
125,237
125,237
125,237
125,237
125,237
125,237
125,237
125,237
125,237
125,237
125,237
125,237
125,237
125,237
125,237
125,237
125,237
125,237
125,237
125,237
125,237
125,237
125,237
125,237
125,237
125,237
125,237
125,237
125,237
125,237
125,237
125,237
125,237
125,237
125,237
125,237
125,237
125,237
125,237
125,237
125,237
125,237
125,237
125,237
125,237
125,237
125,237
125,237
125,237
125,237
125,237
125,237
125,237
125,237
125,237
125,237
125,237
125,237
125,237
125,237
125,237
125,237
125,237
125,237
125,237
125,237
125,237
125,237
125,237
125,237
125,237
125,237
125,237
125,237
125,237
125,237
125,237
125,237
125,237
125,237
125,237
125,237
125,237
125,237
125,237
125,237
125,237
125,237
125,237
125,237
125,237
125,237
125,237
125,237
125,237
125,237
125,237
125,237
125,237
125,237
125,237
125,237
125,237
125,237
125,237
125,237
125,237
125,237
125,237
125,237
125,237
125,237
125,237
125,237
125,237
125,237
125,237
125,237
125,237
125,237
125,237
125,237
125,237
125,237
125,237
125,237
125,237
125,237
125,237
124,237
125,237
125,237
125,237
125,237
125,237
125,237
125,237
125,237
125,237
125,237
125,237
125,237
125,237
125,237
125,237
125,237
125,237
125,237
125,237
125,237
125,237
125,237
125,237
125,237
125,237
125,237
125,237
125,237
125,237
125,237
125,237
125,237
125,237
125,237
125,237
125,237
125,237
125,237
125,237
125,237
125,237
125,237
125,237
125,237
125,237
125,237
125,237
125,237
125,237
125,237
125,237
125,237
125,237
125,237
125,237
125,237
125,237
125,237
125,237
125,237
125,237
125,237
125,237
125,237
125,237
125,237
125,237
125,237
125,237
124,237
125,237
125,237
125,237
125,237
125,237
125,237
125,237
125,237
125,237
125,237
125,237
125,237
125,237
125,237
125,237
125,237
125,237
125,237
125,237
125,237
125,237
125,237
125,237
125,237
125,237
125,237
125,237
125,237
125,237
125,237
125,237
125,237
125,237
125,237
125,237
125,237
125,237
125,237
125,237
125,237
125,237
125,237
125,237
125,237
125,237
125,237
125,237
125,237
125,237
125,237
125,237
125,237
125,237
125,237
125,237
125,237
125,237
125,237
125,237
125,237
125,237
125,237
125,237
125,237
125,237
125,237
125,237
125,237
125,237
125,237
125,237
125,237
125,237
125,237
125,237
125,237
125,237
125,237
125,237
125,237
125,237
125,237
125,237
125,237
125,237
125,237
125,237
125,237
125,237
125,237
125,237
125,237
125,237
125,237
125,237
125,237
125,237
125,237
125,237
125,237
125,237
125,237
125,237
125,237
125,237
125,237
125,237
125,237
125,237
125,237
125,237
125,237
125,237
125,237
125,237
125,237
125,237
125,237
125,237
125,237
125,237
125,237
125,237
125,237
125,237
125,237
125,237
125,237
125,237
125,237
125,237
125,237
125,237
125,237
125,237
125,237
125,237
125,237
125,237
124,237
125,237
125,237
125,237
125,237
125,237
125,237
125,237
125,237
125,237
125,237
125,237
125,237
125,237
125,237
125,237
125,237
125,237
125,237
125,237
125,237
125,237
125,237
125,237
125,237
125,237
125,237
125,237
125,237
125,237
125,237
125,237
125,237
125,237
125,237
125,237
125,237
125,237
125,237
125,237
125,237
125,237
125,237
125,237
125,237
125,237
125,237
125,237
125,237
125,237
125,237
125,237
125,237
125,237
125,237
125,237
125,237
125,237
125,237
125,237
125,237
125,237
125,237
125,237
125,237
125,237
125,237
125,237
125,237
125,237
125,237
125,237
125,237
125,237
125,237
125,237
125,237
125,237
125,237
125,237
125,237
125,237
125,237
125,237
125,237
125,237
125,237
125,237
125,237
125,237
125,237
125,237
125,237
125,237
125,237
125,237
125,237
125,237
125,237
125,237
125,237
125,237
125,237
125,237
125,237
125,237
125,237
125,237
125,237
125,237
125,237
125,237
125,237
125,237
125,237
125,237
125,237
125,237
125,237
125,237
125,237
125,237
125,237
125,237
125,237
125,237
125,237
125,237
125,237
125,237
125,237
125,237
125,237
125,237
125,237
125,237
125,237
125,237
125,237
125,237
125,237
125,237
125,237
125,237
125,237
125,237
125,237
125,237
125,237
125,237
125,237
125,237
125,237
125,237
125,237
125,237
125,237
125,237
125,237
125,237
125,237
125,237
125,237
125,237
125,237
125,237
125,237
125,237
125,237
125,237
125,237
125,237
125,237
125,237
125,237
125,237
125,237
125,237
125,237
125,237
125,237
125,237
125,237
125,237
125,237
125,237
125,237
125,237
125,237
125,237
125,237
125,237
125,237
125,237
125,237
125,237
125,237
125,237
125,237
125,237
125,237
125,237
125,237
125,237
125,237
125,237
125,237
125,237
125,237
125,237
125,237
125,237
125,237
125,237
125,237
125,237
125,237
125,237
125,237
125,237
125,237
125,237
125,237
125,237
125,237
125,237
125,237
125,237
125,237
125,237
125,237
125,237
125,237
125,237
125,237
125,237
125,237
125,237
125,237
125,237
125,237
125,237
125,237
125,237
125,237
124,237
125,237
125,237
125,237
125,237
125,237
125,237
125,237
125,237
125,237
125,237
125,237
125,237
125,237
125,237
125,237
125,237
125,237
125,237
125,237
125,237
125,237
125,237
125,237
125,237
125,237
125,237
125,237
125,237
125,237
125,237
125,237
125,237
125,237
125,237
125,237
125,237
125,237
125,237
125,237
125,237
125,237
125,237
125,237
125,237
125,237
125,237
125,237
125,237
125,237
125,237
125,237
125,237
125,237
125,237
125,237
125,237
125,237
125,237
125,237
125,237
125,237
125,237
125,237
125,237
125,237
125,237
125,237
125,237
125,237
125,237
125,237
125,237
125,237
125,237
125,237
125,237
125,237
125,237
125,237
125,237
125,237
125,237
125,237
125,237
125,237
125,237
125,237
125,237
125,237
125,237
125,237
125,237
125,237
125,237
125,237
125,237
125,237
125,237
125,237
125,237
125,237
125,237
125,237
125,237
125,237
125,237
125,237
125,237
125,237
125,237
125,237
125,237
125,237
125,237
125,237
125,237
125,237
125,237
125,237
125,237
125,237
125,237
125,237
125,237
125,237
125,237
125,237
125,237
125,237
125,237
125,237
125,237
125,237
125,237
125,237
125,237
125,237
125,237
125,237
125,237
125,237
125,237
125,237
125,237
125,237
125,237
125,237
125,237
125,237
125,237
125,237
125,237
125,237
125,237
125,237
125,237
125,237
125,237
125,237
125,237
125,237
125,237
125,237
125,237
125,237
125,237
125,237
125,237
125,237
125,237
125,237
125,237
125,237
125,237
125,237
125,237
125,237
125,237
125,237
125,237
125,237
125,237
125,237
125,237
125,237
125,237
125,237
125,237
125,237
125,237
125,237
125,237
125,237
125,237
125,237
125,237
125,237
125,237
125,237
125,237
125,237
125,237
125,237
125,237
125,237
125,237
125,237
125,237
125,237
125,237
125,237
125,237
125,237
125,237
125,237
125,237
125,237
125,237
125,237
125,237
125,237
125,237
125,237
125,237
125,237
125,237
125,237
125,237
125,237
125,237
125,237
125,237
125,237
125,237
125,237
125,237
125,237
125,237
125,237
125,237
125,237
125,237
125,237
125,237
124,237
125,237
125,237
125,237
125,237
125,237
125,237
125,237
125,237
125,237
125,237
125,237
125,237
125,237
125,237
125,237
125,237
125,237
125,237
125,237
125,237
125,237
125,237
125,237
125,237
125,237
125,237
125,237
125,237
125,237
125,237
125,237
125,237
125,237
125,237
125,237
125,237
125,237
125,237
125,237
125,237
125,237
125,237
125,237
125,237
125,237
125,237
125,237
125,237
125,237
125,237
125,237
125,237
125,237
125,237
125,237
125,237
125,237
125,237
125,237
125,237
125,237
125,237
125,237
125,237
125,237
125,237
125,237
125,237
125,237
124,237
125,237
125,237
125,237
125,237
125,237
125,237
125,237
125,237
125,237
125,237
125,237
125,237
125,237
125,237
125,237
125,237
125,237
125,237
125,237
125,237
125,237
125,237
125,237
125,237
125,237
125,237
125,237
125,237
125,237
125,237
125,237
125,237
125,237
125,237
125,237
125,237
125,237
125,237
125,237
125,237
125,237
125,237
125,237
125,237
125,237
125,237
125,237
125,237
125,237
125,237
125,237
125,237
125,237
125,237
125,237
125,237
125,237
125,237
125,237
125,237
125,237
125,237
125,237
125,237
125,237
125,237
125,237
125,237
125,237
125,237
125,237
125,237
125,237
125,237
125,237
125,237
125,237
125,237
125,237
125,237
125,237
125,237
125,237
125,237
125,237
125,237
125,237
125,237
125,237
125,237
125,237
125,237
125,237
125,237
125,237
125,237
125,237
125,237
125,237
125,237
125,237
125,237
125,237
125,237
125,237
125,237
125,237
125,237
125,237
125,237
125,237
125,237
125,237
125,237
125,237
125,237
125,237
125,237
125,237
125,237
125,237
125,237
125,237
125,237
125,237
125,237
125,237
125,237
125,237
125,237
125,237
125,237
125,237
125,237
125,237
125,237
125,237
125,237
125,237
125,237
125,237
125,237
125,237
125,237
125,237
125,237
125,237
125,237
125,237
125,237
125,237
125,237
125,237
125,237
125,237
125,237
125,237
125,237
125,237
125,237
125,237
125,237
125,237
125,237
125,237
125,237
125,237
125,237
125,237
125,237
125,237
125,237
125,237
125,237
125,237
125,237
125,237
125,237
125,237
125,237
125,237
125,237
125,237
125,237
125,237
125,237
125,237
125,237
125,237
125,237
125,237
125,237
125,237
125,237
125,237
125,237
125,237
125,237
125,237
125,237
125,237
125,237
125,237
125,237
125,237
125,237
125,237
125,237
125,237
125,237
125,237
125,237
125,237
125,237
125,237
125,237
125,237
125,237
125,237
125,237
125,237
125,237
125,237
125,237
125,237
125,237
125,237
125,237
125,237
125,237
125,237
125,237
125,237
125,237
125,237
125,237
125,237
125,237
125,237
125,237
125,237
125,237
125,237
125,237
125,237
125,237
125,237
125,237
125,237
125,237
125,237
125,237
125,237
125,237
125,237
125,237
125,237
125,237
125,237
125,237
125,237
125,237
125,237
125,237
125,237
125,237
125,237
125,237
125,237
125,237
125,237
125,237
125,237
125,237
125,237
125,237
125,237
125,237
125,237
125,237
125,237
125,237
125,237
125,237
125,237
125,237
125,237
125,237
125,237
125,237
125,237
125,237
125,237
125,237
125,237
125,237
125,237
125,237
125,237
125,237
125,237
125,237
125,237
125,237
125,237
125,237
125,237
125,237
125,237
125,237
125,237
125,237
125,237
125,237
124,237
125,237
125,237
125,237
125,237
125,237
125,237
125,237
125,237
125,237
125,237
125,237
125,237
125,237
125,237
125,237
125,237
125,237
125,237
125,237
125,237
125,237
125,237
125,237
125,237
125,237
125,237
125,237
125,237
125,237
125,237
125,237
125,237
125,237
125,237
124,237
125,237
125,237
125,237
125,237
125,237
125,237
125,237
125,237
125,237
125,237
125,237
125,237
125,237
125,237
125,237
125,237
125,237
125,237
125,237
125,237
125,237
125,237
125,237
125,237
125,237
125,237
125,237
125,237
125,237
125,237
125,237
125,237
125,237
125,237
125,237
125,237
125,237
125,237
125,237
125,237
125,237
125,237
125,237
125,237
125,237
125,237
125,237
125,237
125,237
125,237
125,237
125,237
125,237
125,237
125,237
125,237
125,237
125,237
125,237
125,237
125,237
125,237
125,237
125,237
125,237
125,237
125,237
125,237
125,237
125,237
125,237
125,237
125,237
125,237
125,237
125,237
125,237
125,237
125,237
125,237
125,237
125,237
125,237
125,237
125,237
125,237
125,237
125,237
125,237
125,237
125,237
125,237
125,237
125,237
125,237
125,237
125,237
125,237
125,237
125,237
125,237
125,237
125,237
125,237
125,237
125,237
125,237
125,237
125,237
125,237
125,237
125,237
125,237
125,237
125,237
125,237
125,237
125,237
125,237
125,237
125,237
125,237
125,237
125,237
125,237
125,237
125,237
125,237
125,237
125,237
125,237
125,237
125,237
125,237
125,237
125,237
125,237
125,237
125,237
125,237
125,237
125,237
125,237
125,237
125,237
125,237
125,237
125,237
125,237
125,237
125,237
125,237
125,237
125,237
125,237
125,237
125,237
125,237
125,237
125,237
125,237
125,237
125,237
125,237
125,237
125,237
125,237
125,237
125,237
125,237
125,237
125,237
125,237
125,237
125,237
125,237
125,237
125,237
125,237
125,237
125,237
125,237
125,237
125,237
125,237
125,237
125,237
125,237
125,237
125,237
125,237
125,237
125,237
125,237
125,237
125,237
125,237
125,237
125,237
125,237
125,237
125,237
125,237
125,237
125,237
125,237
125,237
125,237
125,237
125,237
125,237
125,237
125,237
125,237
125,237
125,237
125,237
125,237
125,237
125,237
125,237
125,237
125,237
125,237
125,237
125,237
125,237
125,237
125,237
125,237
125,237
125,237
125,237
125,237
125,237
125,237
125,237
125,237
125,237
125,237
125,237
125,237
125,237
125,237
125,237
125,237
125,237
125,237
125,237
125,237
125,237
125,237
125,237
125,237
125,237
125,237
125,237
125,237
125,237
125,237
125,237
125,237
125,237
125,237
125,237
125,237
125,237
125,237
125,237
125,237
125,237
125,237
125,237
125,237
125,237
125,237
125,237
125,237
125,237
124,237
125,237
125,237
125,237
125,237
125,237
125,237
125,237
125,237
125,237
125,237
125,237
125,237
125,237
125,237
125,237
125,237
125,237
125,237
125,237
125,237
125,237
125,237
125,237
125,237
125,237
125,237
125,237
125,237
125,237
125,237
125,237
125,237
125,237
125,237
125,237
125,237
125,237
125,237
125,237
125,237
125,237
125,237
125,237
125,237
125,237
125,237
125,237
125,237
125,237
125,237
125,237
125,237
125,237
125,237
125,237
125,237
125,237
125,237
125,237
125,237
125,237
125,237
125,237
125,237
125,237
125,237
125,237
125,237
125,237
124,237
125,237
125,237
125,237
125,237
125,237
125,237
125,237
125,237
125,237
125,237
125,237
125,237
125,237
125,237
125,237
125,237
125,237
125,237
125,237
125,237
125,237
125,237
125,237
125,237
125,237
125,237
125,237
125,237
125,237
125,237
125,237
125,237
125,237
125,237
124,237
125,237
125,237
125,237
125,237
125,237
125,237
125,237
125,237
125,237
125,237
125,237
125,237
125,237
125,237
125,237
125,237
125,237
125,237
125,237
125,237
125,237
125,237
125,237
125,237
125,237
125,237
125,237
125,237
125,237
125,237
125,237
125,237
125,237
125,237
124,237
125,237
125,237
125,237
125,237
125,237
125,237
125,237
125,237
125,237
125,237
125,237
125,237
125,237
125,237
125,237
125,237
125,237
125,237
125,237
125,237
125,237
125,237
125,237
125,237
125,237
125,237
125,237
125,237
125,237
125,237
125,237
125,237
125,237
125,237
124,237
125,237
125,237
125,237
125,237
125,237
125,237
125,237
125,237
125,237
125,237
125,237
125,237
125,237
125,237
125,237
125,237
125,237
125,237
125,237
125,237
125,237
125,237
125,237
125,237
125,237
125,237
125,237
125,237
125,237
125,237
125,237
125,237
125,237
125,237
125,237
125,237
125,237
125,237
125,237
125,237
125,237
125,237
125,237
125,237
125,237
125,237
125,237
125,237
125,237
125,237
125,237
125,237
125,237
125,237
125,237
125,237
125,237
125,237
125,237
125,237
125,237
125,237
125,237
125,237
125,237
125,237
125,237
125,237
125,237
125,237
125,237
125,237
125,237
125,237
125,237
125,237
125,237
125,237
125,237
125,237
125,237
125,237
125,237
125,237
125,237
125,237
125,237
125,237
125,237
125,237
125,237
125,237
125,237
125,237
125,237
125,237
125,237
125,237
125,237
125,237
125,237
125,237
125,237
125,237
125,237
125,237
125,237
125,237
125,237
125,237
125,237
125,237
125,237
125,237
125,237
125,237
125,237
125,237
125,237
125,237
125,237
125,237
125,237
125,237
125,237
125,237
125,237
125,237
125,237
125,237
125,237
125,237
125,237
125,237
125,237
125,237
125,237
125,237
125,237
124,237
125,237
125,237
125,237
125,237
125,237
125,237
125,237
125,237
125,237
125,237
125,237
125,237
125,237
125,237
125,237
125,237
125,237
125,237
125,237
125,237
125,237
125,237
125,237
125,237
125,237
125,237
125,237
125,237
125,237
125,237
125,237
125,237
125,237
125,237
125,237
125,237
125,237
125,237
125,237
125,237
125,237
125,237
125,237
125,237
125,237
125,237
125,237
125,237
125,237
125,237
125,237
125,237
125,237
125,237
125,237
125,237
125,237
125,237
125,237
125,237
125,237
125,237
125,237
125,237
125,237
125,237
125,237
125,237
125,237
124,237
125,237
125,237
125,237
125,237
125,237
125,237
125,237
125,237
125,237
125,237
125,237
125,237
125,237
125,237
125,237
125,237
125,237
125,237
125,237
125,237
125,237
125,237
125,237
125,237
125,237
125,237
125,237
125,237
125,237
125,237
125,237
125,237
125,237
125,237
125,237
125,237
125,237
125,237
125,237
125,237
125,237
125,237
125,237
125,237
125,237
125,237
125,237
125,237
125,237
125,237
125,237
125,237
125,237
125,237
125,237
125,237
125,237
125,237
125,237
125,237
125,237
125,237
125,237
125,237
125,237
125,237
125,237
125,237
125,237
124,237
125,237
125,237
125,237
125,237
125,237
125,237
125,237
125,237
125,237
125,237
125,237
125,237
125,237
125,237
125,237
125,237
125,237
125,237
125,237
125,237
125,237
125,237
125,237
125,237
125,237
125,237
125,237
125,237
125,237
125,237
125,237
125,237
125,237
125,237
124,237
125,237
125,237
125,237
125,237
125,237
125,237
125,237
125,237
125,237
125,237
125,237
125,237
125,237
125,237
125,237
125,237
125,237
125,237
125,237
125,237
125,237
125,237
125,237
125,237
125,237
125,237
125,237
125,237
125,237
125,237
125,237
125,237
125,237
125,237
124,237
125,237
125,237
125,237
125,237
125,237
125,237
125,237
125,237
125,237
125,237
125,237
125,237
125,237
125,237
125,237
125,237
125,237
125,237
125,237
125,237
125,237
125,237
125,237
125,237
125,237
125,237
125,237
125,237
125,237
125,237
125,237
125,237
125,237
125,237
124,237
125,237
125,237
125,237
125,237
125,237
125,237
125,237
125,237
125,237
125,237
125,237
125,237
125,237
125,237
125,237
125,237
125,237
125,237
125,237
125,237
125,237
125,237
125,237
125,237
125,237
125,237
125,237
125,237
125,237
125,237
125,237
125,237
125,237
125,237
124,237
125,237
125,237
125,237
125,237
125,237
125,237
125,237
125,237
125,237
125,237
125,237
125,237
125,237
125,237
125,237
125,237
125,237
125,237
125,237
125,237
125,237
125,237
125,237
125,237
125,237
125,237
125,237
125,237
125,237
125,237
125,237
125,237
125,237
125,237
124,237
125,237
125,237
125,237
125,237
125,237
125,237
125,237
125,237
125,237
125,237
125,237
125,237
125,237
125,237
125,237
125,237
125,237
125,237
125,237
125,237
125,237
125,237
125,237
125,237
125,237
125,237
125,237
125,237
125,237
125,237
125,237
125,237
125,237
125,237
124,237
125,237
125,237
125,237
125,237
125,237
125,237
125,237
125,237
125,237
125,237
125,237
125,237
125,237
125,237
125,237
125,237
125,237
125,237
125,237
125,237
125,237
125,237
125,237
125,237
125,237
125,237
125,237
125,237
125,237
125,237
125,237
125,237
125,237
125,237
124,237
125,237
125,237
125,237
125,237
125,237
125,237
125,237
125,237
125,237
125,237
125,237
125,237
125,237
125,237
125,237
125,237
125,237
125,237
125,237
125,237
125,237
125,237
125,237
125,237
125,237
125,237
125,237
125,237
125,237
125,237
125,237
125,237
125,237
125,237
125,237
125,237
125,237
125,237
125,237
125,237
125,237
125,237
125,237
125,237
125,237
125,237
125,237
125,237
125,237
125,237
125,237
125,237
125,237
125,237
125,237
125,237
125,237
125,237
125,237
125,237
125,237
125,237
125,237
125,237
125,237
125,237
125,237
125,237
125,237
125,237
125,237
125,237
125,237
125,237
125,237
125,237
125,237
125,237
125,237
125,237
125,237
125,237
125,237
125,237
125,237
125,237
125,237
125,237
125,237
125,237
125,237
125,237
125,237
125,237
125,237
125,237
125,237
125,237
125,237
125,237
125,237
125,237
125,237
125,237
125,237
125,237
125,237
125,237
125,237
125,237
125,237
125,237
125,237
125,237
125,237
125,237
125,237
125,237
125,237
125,237
125,237
125,237
125,237
125,237
125,237
125,237
125,237
125,237
125,237
125,237
125,237
125,237
125,237
125,237
125,237
125,237
125,237
125,237
125,237
124,237
125,237
125,237
125,237
125,237
125,237
125,237
125,237
125,237
125,237
125,237
125,237
125,237
125,237
125,237
125,237
125,237
125,237
125,237
125,237
125,237
125,237
125,237
125,237
125,237
125,237
125,237
125,237
125,237
125,237
125,237
125,237
125,237
125,237
125,237
125,237
125,237
125,237
125,237
125,237
125,237
125,237
125,237
125,237
125,237
125,237
125,237
125,237
125,237
125,237
125,237
125,237
125,237
125,237
125,237
125,237
125,237
125,237
125,237
125,237
125,237
125,237
125,237
125,237
125,237
125,237
125,237
125,237
125,237
125,237
124,237
125,237
125,237
125,237
125,237
125,237
125,237
125,237
125,237
125,237
125,237
125,237
125,237
125,237
125,237
125,237
125,237
125,237
125,237
125,237
125,237
125,237
125,237
125,237
125,237
125,237
125,237
125,237
125,237
125,237
125,237
125,237
125,237
125,237
125,237
125,237
125,237
125,237
125,237
125,237
125,237
125,237
125,237
125,237
125,237
125,237
125,237
125,237
125,237
125,237
125,237
125,237
125,237
125,237
125,237
125,237
125,237
125,237
125,237
125,237
125,237
125,237
125,237
125,237
125,237
125,237
125,237
125,237
125,237
125,237
125,237
125,237
125,237
125,237
125,237
125,237
125,237
125,237
125,237
125,237
125,237
125,237
125,237
125,237
125,237
125,237
125,237
125,237
125,237
125,237
125,237
125,237
125,237
125,237
125,237
125,237
125,237
125,237
125,237
125,237
125,237
125,237
125,237
125,237
125,237
124,237
125,237
125,237
125,237
125,237
125,237
125,237
125,237
125,237
125,237
125,237
125,237
125,237
125,237
125,237
125,237
125,237
125,237
125,237
125,237
125,237
125,237
125,237
125,237
125,237
125,237
125,237
125,237
125,237
125,237
125,237
125,237
125,237
125,237
125,237
125,237
125,237
125,237
125,237
125,237
125,237
125,237
125,237
125,237
125,237
125,237
125,237
125,237
125,237
125,237
125,237
125,237
125,237
125,237
125,237
125,237
125,237
125,237
125,237
125,237
125,237
125,237
125,237
125,237
125,237
125,237
125,237
125,237
125,237
125,237
125,237
125,237
125,237
125,237
125,237
125,237
125,237
125,237
125,237
125,237
125,237
125,237
125,237
125,237
125,237
125,237
125,237
125,237
125,237
125,237
125,237
125,237
125,237
125,237
125,237
125,237
125,237
125,237
125,237
125,237
125,237
125,237
125,237
125,237
125,237
125,237
125,237
125,237
125,237
125,237
125,237
125,237
125,237
125,237
125,237
125,237
125,237
125,237
125,237
125,237
125,237
125,237
125,237
125,237
125,237
125,237
125,237
125,237
125,237
125,237
125,237
125,237
125,237
125,237
125,237
125,237
125,237
125,237
125,237
125,237
125,237
125,237
125,237
125,237
125,237
125,237
125,237
125,237
125,237
125,237
125,237
125,237
125,237
125,237
125,237
125,237
125,237
125,237
125,237
125,237
125,237
125,237
125,237
125,237
125,237
125,237
125,237
125,237
125,237
125,237
125,237
125,237
125,237
125,237
125,237
124,237
125,237
125,237
125,237
125,237
125,237
125,237
125,237
125,237
125,237
125,237
125,237
125,237
125,237
125,237
125,237
125,237
125,237
125,237
125,237
125,237
125,237
125,237
125,237
125,237
125,237
125,237
125,237
125,237
125,237
125,237
125,237
125,237
125,237
125,237
124,237
125,237
125,237
125,237
125,237
125,237
125,237
125,237
125,237
125,237
125,237
125,237
125,237
125,237
125,237
125,237
125,237
125,237
125,237
125,237
125,237
125,237
125,237
125,237
125,237
125,237
125,237
125,237
125,237
125,237
125,237
125,237
125,237
125,237
125,237
124,237
125,237
125,237
125,237
125,237
125,237
125,237
125,237
125,237
125,237
125,237
125,237
125,237
125,237
125,237
125,237
125,237
125,237
125,237
125,237
125,237
125,237
125,237
125,237
125,237
125,237
125,237
125,237
125,237
125,237
125,237
125,237
125,237
125,237
125,237
124,237
125,237
125,237
125,237
125,237
125,237
125,237
125,237
125,237
125,237
125,237
125,237
125,237
125,237
125,237
125,237
125,237
125,237
125,237
125,237
125,237
125,237
125,237
125,237
125,237
125,237
125,237
125,237
125,237
125,237
125,237
125,237
125,237
125,237
125,237
125,237
125,237
125,237
125,237
125,237
125,237
125,237
125,237
125,237
125,237
125,237
125,237
125,237
125,237
125,237
125,237
125,237
125,237
125,237
125,237
125,237
125,237
125,237
125,237
125,237
125,237
125,237
125,237
125,237
125,237
125,237
125,237
125,237
125,237
125,237
124,237
125,237
125,237
125,237
125,237
125,237
125,237
125,237
125,237
125,237
125,237
125,237
125,237
125,237
125,237
125,237
125,237
125,237
125,237
125,237
125,237
125,237
125,237
125,237
125,237
125,237
125,237
125,237
125,237
125,237
125,237
125,237
125,237
125,237
125,237
124,237
125,237
125,237
125,237
125,237
125,237
125,237
125,237
125,237
125,237
125,237
125,237
125,237
125,237
125,237
125,237
125,237
125,237
125,237
125,237
125,237
125,237
125,237
125,237
125,237
125,237
125,237
125,237
125,237
125,237
125,237
125,237
125,237
125,237
125,237
124,237
125,237
125,237
125,237
125,237
125,237
125,237
125,237
125,237
125,237
125,237
125,237
125,237
125,237
125,237
125,237
125,237
125,237
125,237
125,237
125,237
125,237
125,237
125,237
125,237
125,237
125,237
125,237
125,237
125,237
125,237
125,237
125,237
125,237
125,237
124,237
125,237
125,237
125,237
125,237
125,237
125,237
125,237
125,237
125,237
125,237
125,237
125,237
125,237
125,237
125,237
125,237
125,237
125,237
125,237
125,237
125,237
125,237
125,237
125,237
125,237
125,237
125,237
125,237
125,237
125,237
125,237
125,237
125,237
125,237
124,237
125,237
125,237
125,237
125,237
125,237
125,237
125,237
125,237
125,237
125,237
125,237
125,237
125,237
125,237
125,237
125,237
125,237
125,237
125,237
125,237
125,237
125,237
125,237
125,237
125,237
125,237
125,237
125,237
125,237
125,237
125,237
125,237
125,237
125,237
124,237
125,237
125,237
125,237
125,237
125,237
125,237
125,237
125,237
125,237
125,237
125,237
125,237
125,237
125,237
125,237
125,237
125,237
125,237
125,237
125,237
125,237
125,237
125,237
125,237
125,237
125,237
125,237
125,237
125,237
125,237
125,237
125,237
125,237
125,237
124,237
125,237
125,237
125,237
125,237
125,237
125,237
125,237
125,237
125,237
125,237
125,237
125,237
125,237
125,237
125,237
125,237
125,237
125,237
125,237
125,237
125,237
125,237
125,237
125,237
125,237
125,237
125,237
125,237
125,237
125,237
125,237
125,237
125,237
125,237
125,237
125,237
125,237
125,237
125,237
125,237
125,237
125,237
125,237
125,237
125,237
125,237
125,237
125,237
125,237
125,237
125,237
125,237
125,237
125,237
125,237
125,237
125,237
125,237
125,237
125,237
125,237
125,237
125,237
125,237
125,237
125,237
125,237
125,237
125,237
125,237
125,237
125,237
125,237
125,237
125,237
125,237
125,237
125,237
125,237
125,237
125,237
125,237
125,237
125,237
125,237
125,237
125,237
125,237
125,237
125,237
125,237
125,237
125,237
125,237
125,237
125,237
125,237
125,237
125,237
125,237
125,237
125,237
125,237
125,237
125,237
125,237
125,237
125,237
125,237
125,237
125,237
125,237
125,237
125,237
125,237
125,237
125,237
125,237
125,237
125,237
125,237
125,237
125,237
125,237
125,237
125,237
125,237
125,237
125,237
125,237
125,237
125,237
125,237
125,237
125,237
125,237
125,237
125,237
125,237
124,237
125,237
125,237
125,237
125,237
125,237
125,237
125,237
125,237
125,237
125,237
125,237
125,237
125,237
125,237
125,237
125,237
125,237
125,237
125,237
125,237
125,237
125,237
125,237
125,237
125,237
125,237
125,237
125,237
125,237
125,237
125,237
125,237
125,237
125,237
125,237
125,237
125,237
125,237
125,237
125,237
125,237
125,237
125,237
125,237
125,237
125,237
125,237
125,237
125,237
125,237
125,237
125,237
125,237
125,237
125,237
125,237
125,237
125,237
125,237
125,237
125,237
125,237
125,237
125,237
125,237
125,237
125,237
125,237
125,237
124,237
125,237
125,237
125,237
125,237
125,237
125,237
125,237
125,237
125,237
125,237
125,237
125,237
125,237
125,237
125,237
125,237
125,237
125,237
125,237
125,237
125,237
125,237
125,237
125,237
125,237
125,237
125,237
125,237
125,237
125,237
125,237
125,237
125,237
125,237
125,237
125,237
125,237
125,237
125,237
125,237
125,237
125,237
125,237
125,237
125,237
125,237
125,237
125,237
125,237
125,237
125,237
125,237
125,237
125,237
125,237
125,237
125,237
125,237
125,237
125,237
125,237
125,237
125,237
125,237
125,237
125,237
125,237
125,237
125,237
124,237
125,237
125,237
125,237
125,237
125,237
125,237
125,237
125,237
125,237
125,237
125,237
125,237
125,237
125,237
125,237
125,237
125,237
125,237
125,237
125,237
125,237
125,237
125,237
125,237
125,237
125,237
125,237
125,237
125,237
125,237
125,237
125,237
125,237
125,237
125,237
125,237
125,237
125,237
125,237
125,237
125,237
125,237
125,237
125,237
125,237
125,237
125,237
125,237
125,237
125,237
125,237
125,237
125,237
125,237
125,237
125,237
125,237
125,237
125,237
125,237
125,237
125,237
125,237
125,237
125,237
125,237
125,237
125,237
125,237
125,237
125,237
125,237
125,237
125,237
125,237
125,237
125,237
125,237
125,237
125,237
125,237
125,237
125,237
125,237
125,237
125,237
125,237
125,237
125,237
125,237
125,237
125,237
125,237
125,237
125,237
125,237
125,237
125,237
125,237
125,237
125,237
125,237
125,237
125,237
124,237
125,237
125,237
125,237
125,237
125,237
125,237
125,237
125,237
125,237
125,237
125,237
125,237
125,237
125,237
125,237
125,237
125,237
125,237
125,237
125,237
125,237
125,237
125,237
125,237
125,237
125,237
125,237
125,237
125,237
125,237
125,237
125,237
125,237
125,237
125,237
125,237
125,237
125,237
125,237
125,237
125,237
125,237
125,237
125,237
125,237
125,237
125,237
125,237
125,237
125,237
125,237
125,237
125,237
125,237
125,237
125,237
125,237
125,237
125,237
125,237
125,237
125,237
125,237
125,237
125,237
125,237
125,237
125,237
125,237
124,237
125,237
125,237
125,237
125,237
125,237
125,237
125,237
125,237
125,237
125,237
125,237
125,237
125,237
125,237
125,237
125,237
125,237
125,237
125,237
125,237
125,237
125,237
125,237
125,237
125,237
125,237
125,237
125,237
125,237
125,237
125,237
125,237
125,237
125,237
125,237
125,237
125,237
125,237
125,237
125,237
125,237
125,237
125,237
125,237
125,237
125,237
125,237
125,237
125,237
125,237
125,237
125,237
125,237
125,237
125,237
125,237
125,237
125,237
125,237
125,237
125,237
125,237
125,237
125,237
125,237
125,237
125,237
125,237
125,237
124,237
125,237
125,237
125,237
125,237
125,237
125,237
125,237
125,237
125,237
125,237
125,237
125,237
125,237
125,237
125,237
125,237
125,237
125,237
125,237
125,237
125,237
125,237
125,237
125,237
125,237
125,237
125,237
125,237
125,237
125,237
125,237
125,237
125,237
125,237
124,237
125,237
125,237
125,237
125,237
125,237
125,237
125,237
125,237
125,237
125,237
125,237
125,237
125,237
125,237
125,237
125,237
125,237
125,237
125,237
125,237
125,237
125,237
125,237
125,237
125,237
125,237
125,237
125,237
125,237
125,237
125,237
125,237
125,237
125,237
124,237
125,237
125,237
125,237
125,237
125,237
125,237
125,237
125,237
125,237
125,237
125,237
125,237
125,237
125,237
125,237
125,237
125,237
125,237
125,237
125,237
125,237
125,237
125,237
125,237
125,237
125,237
125,237
125,237
125,237
125,237
125,237
125,237
125,237
125,237
124,237
125,237
125,237
125,237
125,237
125,237
125,237
125,237
125,237
125,237
125,237
125,237
125,237
125,237
125,237
125,237
125,237
125,237
125,237
125,237
125,237
125,237
125,237
125,237
125,237
125,237
125,237
125,237
125,237
125,237
125,237
125,237
125,237
125,237
125,237
125,237
125,237
125,237
125,237
125,237
125,237
125,237
125,237
125,237
125,237
125,237
125,237
125,237
125,237
125,237
125,237
125,237
125,237
125,237
125,237
125,237
125,237
125,237
125,237
125,237
125,237
125,237
125,237
125,237
125,237
125,237
125,237
125,237
125,237
125,237
124,237
125,237
125,237
125,237
125,237
125,237
125,237
125,237
125,237
125,237
125,237
125,237
125,237
125,237
125,237
125,237
125,237
125,237
125,237
125,237
125,237
125,237
125,237
125,237
125,237
125,237
125,237
125,237
125,237
125,237
125,237
125,237
125,237
125,237
125,237
125,237
125,237
125,237
125,237
125,237
125,237
125,237
125,237
125,237
125,237
125,237
125,237
125,237
125,237
125,237
125,237
125,237
125,237
125,237
125,237
125,237
125,237
125,237
125,237
125,237
125,237
125,237
125,237
125,237
125,237
125,237
125,237
125,237
125,237
125,237
125,237
125,237
125,237
125,237
125,237
125,237
125,237
125,237
125,237
125,237
125,237
125,237
125,237
125,237
125,237
125,237
125,237
125,237
125,237
125,237
125,237
125,237
125,237
125,237
125,237
125,237
125,237
125,237
125,237
125,237
125,237
125,237
125,237
125,237
125,237
125,237
125,237
125,237
125,237
125,237
125,237
125,237
125,237
125,237
125,237
125,237
125,237
125,237
125,237
125,237
125,237
125,237
125,237
125,237
125,237
125,237
125,237
125,237
125,237
125,237
125,237
125,237
125,237
125,237
125,237
125,237
125,237
125,237
125,237
125,237
124,237
125,237
125,237
125,237
125,237
125,237
125,237
125,237
125,237
125,237
125,237
125,237
125,237
125,237
125,237
125,237
125,237
125,237
125,237
125,237
125,237
125,237
125,237
125,237
125,237
125,237
125,237
125,237
125,237
125,237
125,237
125,237
125,237
125,237
125,237
125,237
125,237
125,237
125,237
125,237
125,237
125,237
125,237
125,237
125,237
125,237
125,237
125,237
125,237
125,237
125,237
125,237
125,237
125,237
125,237
125,237
125,237
125,237
125,237
125,237
125,237
125,237
125,237
125,237
125,237
125,237
125,237
125,237
125,237
125,237
125,237
125,237
125,237
125,237
125,237
125,237
125,237
125,237
125,237
125,237
125,237
125,237
125,237
125,237
125,237
125,237
125,237
125,237
125,237
125,237
125,237
125,237
125,237
125,237
125,237
125,237
125,237
125,237
125,237
125,237
125,237
125,237
125,237
125,237
125,237
124,237
125,237
125,237
125,237
125,237
125,237
125,237
125,237
125,237
125,237
125,237
125,237
125,237
125,237
125,237
125,237
125,237
125,237
125,237
125,237
125,237
125,237
125,237
125,237
125,237
125,237
125,237
125,237
125,237
125,237
125,237
125,237
125,237
125,237
125,237
125,237
125,237
125,237
125,237
125,237
125,237
125,237
125,237
125,237
125,237
125,237
125,237
125,237
125,237
125,237
125,237
125,237
125,237
125,237
125,237
125,237
125,237
125,237
125,237
125,237
125,237
125,237
125,237
125,237
125,237
125,237
125,237
125,237
125,237
125,237
125,237
125,237
125,237
125,237
125,237
125,237
125,237
125,237
125,237
125,237
125,237
125,237
125,237
125,237
125,237
125,237
125,237
125,237
125,237
125,237
125,237
125,237
125,237
125,237
125,237
125,237
125,237
125,237
125,237
125,237
125,237
125,237
125,237
125,237
125,237
124,237
125,237
125,237
125,237
125,237
125,237
125,237
125,237
125,237
125,237
125,237
125,237
125,237
125,237
125,237
125,237
125,237
125,237
125,237
125,237
125,237
125,237
125,237
125,237
125,237
125,237
125,237
125,237
125,237
125,237
125,237
125,237
125,237
125,237
125,237
125,237
125,237
125,237
125,237
125,237
125,237
125,237
125,237
125,237
125,237
125,237
125,237
125,237
125,237
125,237
125,237
125,237
125,237
125,237
125,237
125,237
125,237
125,237
125,237
125,237
125,237
125,237
125,237
125,237
125,237
125,237
125,237
125,237
125,237
125,237
125,237
125,237
125,237
125,237
125,237
125,237
125,237
125,237
125,237
125,237
125,237
125,237
125,237
125,237
125,237
125,237
125,237
125,237
125,237
125,237
125,237
125,237
125,237
125,237
125,237
125,237
125,237
125,237
125,237
125,237
125,237
125,237
125,237
125,237
125,237
125,237
125,237
125,237
125,237
125,237
125,237
125,237
125,237
125,237
125,237
125,237
125,237
125,237
125,237
125,237
125,237
125,237
125,237
125,237
125,237
125,237
125,237
125,237
125,237
125,237
125,237
125,237
125,237
125,237
125,237
125,237
125,237
125,237
125,237
125,237
125,237
125,237
125,237
125,237
125,237
125,237
125,237
125,237
125,237
125,237
125,237
125,237
125,237
125,237
125,237
125,237
125,237
125,237
125,237
125,237
125,237
125,237
125,237
125,237
125,237
125,237
125,237
125,237
125,237
125,237
125,237
125,237
125,237
125,237
125,237
125,237
125,237
125,237
125,237
125,237
125,237
125,237
125,237
125,237
125,237
125,237
125,237
125,237
125,237
125,237
125,237
125,237
125,237
125,237
125,237
125,237
125,237
125,237
125,237
125,237
125,237
125,237
125,237
125,237
125,237
125,237
125,237
125,237
125,237
125,237
125,237
125,237
125,237
125,237
125,237
125,237
125,237
125,237
125,237
125,237
125,237
125,237
125,237
125,237
125,237
125,237
125,237
125,237
125,237
125,237
125,237
125,237
125,237
125,237
125,237
125,237
125,237
125,237
125,237
125,237
125,237
125,237
125,237
125,237
125,237
125,237
125,237
125,237
125,237
125,237
125,237
125,237
125,237
125,237
125,237
125,237
125,237
125,237
125,237
125,237
125,237
125,237
125,237
125,237
125,237
125,237
125,237
125,237
125,237
125,237
125,237
125,237
125,237
125,237
125,237
125,237
125,237
125,237
125,237
125,237
125,237
125,237
125,237
125,237
125,237
125,237
125,237
125,237
125,237
125,237
125,237
125,237
125,237
125,237
125,237
125,237
125,237
125,237
125,237
125,237
125,237
125,237
125,237
125,237
125,237
125,237
125,237
125,237
125,237
125,237
125,237
125,237
125,237
125,237
125,237
124,237
125,237
125,237
125,237
125,237
125,237
125,237
125,237
125,237
125,237
125,237
125,237
125,237
125,237
125,237
125,237
125,237
125,237
125,237
125,237
125,237
125,237
125,237
125,237
125,237
125,237
125,237
125,237
125,237
125,237
125,237
125,237
125,237
125,237
125,237
124,237
125,237
125,237
125,237
125,237
125,237
125,237
125,237
125,237
125,237
125,237
125,237
125,237
125,237
125,237
125,237
125,237
125,237
125,237
125,237
125,237
125,237
125,237
125,237
125,237
125,237
125,237
125,237
125,237
125,237
125,237
125,237
125,237
125,237
125,237
125,237
125,237
125,237
125,237
125,237
125,237
125,237
125,237
125,237
125,237
125,237
125,237
125,237
125,237
125,237
125,237
125,237
125,237
125,237
125,237
125,237
125,237
125,237
125,237
125,237
125,237
125,237
125,237
125,237
125,237
125,237
125,237
125,237
125,237
125,237
125,237
125,237
125,237
125,237
125,237
125,237
125,237
125,237
125,237
125,237
125,237
125,237
125,237
125,237
125,237
125,237
125,237
125,237
125,237
125,237
125,237
125,237
125,237
125,237
125,237
125,237
125,237
125,237
125,237
125,237
125,237
125,237
125,237
125,237
125,237
125,237
125,237
125,237
125,237
125,237
